{
	"2023-05-22": {
		"00:00:00": {
			"DAM_lmp($/MWh)": 24.37472,
			"RTM_lmp($/MWh)": 24.04615
		},
		"01:00:00": {
			"DAM_lmp($/MWh)": 20.69066,
			"RTM_lmp($/MWh)": 20.77658
		},
		"02:00:00": {
			"DAM_lmp($/MWh)": 18.80545,
			"RTM_lmp($/MWh)": 17.35222
		},
		"03:00:00": {
			"DAM_lmp($/MWh)": 16.81012,
			"RTM_lmp($/MWh)": 6.04412
		},
		"04:00:00": {
			"DAM_lmp($/MWh)": 20.55281,
			"RTM_lmp($/MWh)": 1.12628
		},
		"05:00:00": {
			"DAM_lmp($/MWh)": 29.79379,
			"RTM_lmp($/MWh)": 30.81135
		},
		"06:00:00": {
			"DAM_lmp($/MWh)": 30.52746,
			"RTM_lmp($/MWh)": 72.0
		},
		"07:00:00": {
			"DAM_lmp($/MWh)": 24.72654,
			"RTM_lmp($/MWh)": 18.0208
		},
		"08:00:00": {
			"DAM_lmp($/MWh)": 14.88481,
			"RTM_lmp($/MWh)": 12.8688
		},
		"09:00:00": {
			"DAM_lmp($/MWh)": 12.48688,
			"RTM_lmp($/MWh)": 12.94
		},
		"10:00:00": {
			"DAM_lmp($/MWh)": 7.1886,
			"RTM_lmp($/MWh)": 15.4
		},
		"11:00:00": {
			"DAM_lmp($/MWh)": 5.3655,
			"RTM_lmp($/MWh)": 14.7764
		},
		"12:00:00": {
			"DAM_lmp($/MWh)": 3.73167,
			"RTM_lmp($/MWh)": 13.9797
		},
		"13:00:00": {
			"DAM_lmp($/MWh)": 3.51426,
			"RTM_lmp($/MWh)": 14.24239
		},
		"14:00:00": {
			"DAM_lmp($/MWh)": 4.57775,
			"RTM_lmp($/MWh)": 9.9976
		},
		"15:00:00": {
			"DAM_lmp($/MWh)": 8.96727,
			"RTM_lmp($/MWh)": 4.9988
		},
		"16:00:00": {
			"DAM_lmp($/MWh)": 12.77531,
			"RTM_lmp($/MWh)": 4.95
		},
		"17:00:00": {
			"DAM_lmp($/MWh)": 23.58893,
			"RTM_lmp($/MWh)": 0.0
		},
		"18:00:00": {
			"DAM_lmp($/MWh)": 41.3765,
			"RTM_lmp($/MWh)": 12.28098
		},
		"19:00:00": {
			"DAM_lmp($/MWh)": 60.63988,
			"RTM_lmp($/MWh)": 23.48669
		},
		"20:00:00": {
			"DAM_lmp($/MWh)": 60.75617,
			"RTM_lmp($/MWh)": 40.0
		},
		"21:00:00": {
			"DAM_lmp($/MWh)": 46.72524,
			"RTM_lmp($/MWh)": 35.32689
		},
		"22:00:00": {
			"DAM_lmp($/MWh)": 36.29458,
			"RTM_lmp($/MWh)": 27.14115
		},
		"23:00:00": {
			"DAM_lmp($/MWh)": 26.86304,
			"RTM_lmp($/MWh)": 28.33869
		}
	},
	"2023-05-23": {
		"00:00:00": {
			"DAM_lmp($/MWh)": 24.37472,
			"RTM_lmp($/MWh)": 24.04615
		},
		"01:00:00": {
			"DAM_lmp($/MWh)": 20.69066,
			"RTM_lmp($/MWh)": 20.77658
		},
		"02:00:00": {
			"DAM_lmp($/MWh)": 18.80545,
			"RTM_lmp($/MWh)": 17.35222
		},
		"03:00:00": {
			"DAM_lmp($/MWh)": 16.81012,
			"RTM_lmp($/MWh)": 6.04412
		},
		"04:00:00": {
			"DAM_lmp($/MWh)": 20.55281,
			"RTM_lmp($/MWh)": 1.12628
		},
		"05:00:00": {
			"DAM_lmp($/MWh)": 29.79379,
			"RTM_lmp($/MWh)": 30.81135
		},
		"06:00:00": {
			"DAM_lmp($/MWh)": 30.52746,
			"RTM_lmp($/MWh)": 72.0
		},
		"07:00:00": {
			"DAM_lmp($/MWh)": 24.72654,
			"RTM_lmp($/MWh)": 18.0208
		},
		"08:00:00": {
			"DAM_lmp($/MWh)": 14.88481,
			"RTM_lmp($/MWh)": 12.8688
		},
		"09:00:00": {
			"DAM_lmp($/MWh)": 12.48688,
			"RTM_lmp($/MWh)": 12.94
		},
		"10:00:00": {
			"DAM_lmp($/MWh)": 7.1886,
			"RTM_lmp($/MWh)": 15.4
		},
		"11:00:00": {
			"DAM_lmp($/MWh)": 5.3655,
			"RTM_lmp($/MWh)": 14.7764
		},
		"12:00:00": {
			"DAM_lmp($/MWh)": 3.73167,
			"RTM_lmp($/MWh)": 13.9797
		},
		"13:00:00": {
			"DAM_lmp($/MWh)": 3.51426,
			"RTM_lmp($/MWh)": 14.24239
		},
		"14:00:00": {
			"DAM_lmp($/MWh)": 4.57775,
			"RTM_lmp($/MWh)": 9.9976
		},
		"15:00:00": {
			"DAM_lmp($/MWh)": 8.96727,
			"RTM_lmp($/MWh)": 4.9988
		},
		"16:00:00": {
			"DAM_lmp($/MWh)": 12.77531,
			"RTM_lmp($/MWh)": 4.95
		},
		"17:00:00": {
			"DAM_lmp($/MWh)": 23.58893,
			"RTM_lmp($/MWh)": 0.0
		},
		"18:00:00": {
			"DAM_lmp($/MWh)": 41.3765,
			"RTM_lmp($/MWh)": 12.28098
		},
		"19:00:00": {
			"DAM_lmp($/MWh)": 60.63988,
			"RTM_lmp($/MWh)": 23.48669
		},
		"20:00:00": {
			"DAM_lmp($/MWh)": 60.75617,
			"RTM_lmp($/MWh)": 40.0
		},
		"21:00:00": {
			"DAM_lmp($/MWh)": 46.72524,
			"RTM_lmp($/MWh)": 35.32689
		},
		"22:00:00": {
			"DAM_lmp($/MWh)": 36.29458,
			"RTM_lmp($/MWh)": 27.14115
		},
		"23:00:00": {
			"DAM_lmp($/MWh)": 26.86304,
			"RTM_lmp($/MWh)": 28.33869
		}
	}
}