{
	"2023-05-22": {
		"00:00:00": {
			"DAM_lmp($/MWh)": 32.11454,
			"RTM_lmp($/MWh)": 28.94359
		},
		"01:00:00": {
			"DAM_lmp($/MWh)": 29.02686,
			"RTM_lmp($/MWh)": 24.88343
		},
		"02:00:00": {
			"DAM_lmp($/MWh)": 28.43487,
			"RTM_lmp($/MWh)": 20.66502
		},
		"03:00:00": {
			"DAM_lmp($/MWh)": 27.04993,
			"RTM_lmp($/MWh)": 6.67314
		},
		"04:00:00": {
			"DAM_lmp($/MWh)": 29.90188,
			"RTM_lmp($/MWh)": 1.86234
		},
		"05:00:00": {
			"DAM_lmp($/MWh)": 35.69304,
			"RTM_lmp($/MWh)": 30.81135
		},
		"06:00:00": {
			"DAM_lmp($/MWh)": 38.09004,
			"RTM_lmp($/MWh)": 72.0
		},
		"07:00:00": {
			"DAM_lmp($/MWh)": 24.25551,
			"RTM_lmp($/MWh)": 18.0208
		},
		"08:00:00": {
			"DAM_lmp($/MWh)": -0.99,
			"RTM_lmp($/MWh)": 12.8688
		},
		"09:00:00": {
			"DAM_lmp($/MWh)": -47.71,
			"RTM_lmp($/MWh)": -6.71
		},
		"10:00:00": {
			"DAM_lmp($/MWh)": -100.0,
			"RTM_lmp($/MWh)": -6.71
		},
		"11:00:00": {
			"DAM_lmp($/MWh)": -138.54,
			"RTM_lmp($/MWh)": -150.0
		},
		"12:00:00": {
			"DAM_lmp($/MWh)": -111.39368,
			"RTM_lmp($/MWh)": -150.0
		},
		"13:00:00": {
			"DAM_lmp($/MWh)": -110.0,
			"RTM_lmp($/MWh)": -150.0
		},
		"14:00:00": {
			"DAM_lmp($/MWh)": -76.90904,
			"RTM_lmp($/MWh)": -6.71
		},
		"15:00:00": {
			"DAM_lmp($/MWh)": -6.71077,
			"RTM_lmp($/MWh)": -6.71
		},
		"16:00:00": {
			"DAM_lmp($/MWh)": -4.34,
			"RTM_lmp($/MWh)": -6.71
		},
		"17:00:00": {
			"DAM_lmp($/MWh)": 22.41384,
			"RTM_lmp($/MWh)": 0.0
		},
		"18:00:00": {
			"DAM_lmp($/MWh)": 41.34582,
			"RTM_lmp($/MWh)": 13.0821
		},
		"19:00:00": {
			"DAM_lmp($/MWh)": 62.06183,
			"RTM_lmp($/MWh)": 26.91659
		},
		"20:00:00": {
			"DAM_lmp($/MWh)": 62.56863,
			"RTM_lmp($/MWh)": 40.0
		},
		"21:00:00": {
			"DAM_lmp($/MWh)": 48.30771,
			"RTM_lmp($/MWh)": 42.37212
		},
		"22:00:00": {
			"DAM_lmp($/MWh)": 40.40901,
			"RTM_lmp($/MWh)": 32.3109
		},
		"23:00:00": {
			"DAM_lmp($/MWh)": 34.6757,
			"RTM_lmp($/MWh)": 33.30485
		}
	},
	"2023-05-23": {
		"00:00:00": {
			"DAM_lmp($/MWh)": 32.11454,
			"RTM_lmp($/MWh)": 28.94359
		},
		"01:00:00": {
			"DAM_lmp($/MWh)": 29.02686,
			"RTM_lmp($/MWh)": 24.88343
		},
		"02:00:00": {
			"DAM_lmp($/MWh)": 28.43487,
			"RTM_lmp($/MWh)": 20.66502
		},
		"03:00:00": {
			"DAM_lmp($/MWh)": 27.04993,
			"RTM_lmp($/MWh)": 6.67314
		},
		"04:00:00": {
			"DAM_lmp($/MWh)": 29.90188,
			"RTM_lmp($/MWh)": 1.86234
		},
		"05:00:00": {
			"DAM_lmp($/MWh)": 35.69304,
			"RTM_lmp($/MWh)": 30.81135
		},
		"06:00:00": {
			"DAM_lmp($/MWh)": 38.09004,
			"RTM_lmp($/MWh)": 72.0
		},
		"07:00:00": {
			"DAM_lmp($/MWh)": 24.25551,
			"RTM_lmp($/MWh)": 18.0208
		},
		"08:00:00": {
			"DAM_lmp($/MWh)": -0.99,
			"RTM_lmp($/MWh)": 12.8688
		},
		"09:00:00": {
			"DAM_lmp($/MWh)": -47.71,
			"RTM_lmp($/MWh)": -6.71
		},
		"10:00:00": {
			"DAM_lmp($/MWh)": -100.0,
			"RTM_lmp($/MWh)": -6.71
		},
		"11:00:00": {
			"DAM_lmp($/MWh)": -138.54,
			"RTM_lmp($/MWh)": -150.0
		},
		"12:00:00": {
			"DAM_lmp($/MWh)": -111.39368,
			"RTM_lmp($/MWh)": -150.0
		},
		"13:00:00": {
			"DAM_lmp($/MWh)": -110.0,
			"RTM_lmp($/MWh)": -150.0
		},
		"14:00:00": {
			"DAM_lmp($/MWh)": -76.90904,
			"RTM_lmp($/MWh)": -6.71
		},
		"15:00:00": {
			"DAM_lmp($/MWh)": -6.71077,
			"RTM_lmp($/MWh)": -6.71
		},
		"16:00:00": {
			"DAM_lmp($/MWh)": -4.34,
			"RTM_lmp($/MWh)": -6.71
		},
		"17:00:00": {
			"DAM_lmp($/MWh)": 22.41384,
			"RTM_lmp($/MWh)": 0.0
		},
		"18:00:00": {
			"DAM_lmp($/MWh)": 41.34582,
			"RTM_lmp($/MWh)": 13.0821
		},
		"19:00:00": {
			"DAM_lmp($/MWh)": 62.06183,
			"RTM_lmp($/MWh)": 26.91659
		},
		"20:00:00": {
			"DAM_lmp($/MWh)": 62.56863,
			"RTM_lmp($/MWh)": 40.0
		},
		"21:00:00": {
			"DAM_lmp($/MWh)": 48.30771,
			"RTM_lmp($/MWh)": 42.37212
		},
		"22:00:00": {
			"DAM_lmp($/MWh)": 40.40901,
			"RTM_lmp($/MWh)": 32.3109
		},
		"23:00:00": {
			"DAM_lmp($/MWh)": 34.6757,
			"RTM_lmp($/MWh)": 33.30485
		}
	}
}