{
	"2023-05-22": {
		"00:00:00": {
			"DAM_lmp($/MWh)": 40.93098,
			"RTM_lmp($/MWh)": 28.09842
		},
		"01:00:00": {
			"DAM_lmp($/MWh)": 38.48022,
			"RTM_lmp($/MWh)": 24.14415
		},
		"02:00:00": {
			"DAM_lmp($/MWh)": 39.88507,
			"RTM_lmp($/MWh)": 20.07594
		},
		"03:00:00": {
			"DAM_lmp($/MWh)": 39.41029,
			"RTM_lmp($/MWh)": 6.39419
		},
		"04:00:00": {
			"DAM_lmp($/MWh)": 40.79134,
			"RTM_lmp($/MWh)": 1.6195
		},
		"05:00:00": {
			"DAM_lmp($/MWh)": 40.55583,
			"RTM_lmp($/MWh)": 30.81135
		},
		"06:00:00": {
			"DAM_lmp($/MWh)": 47.5181,
			"RTM_lmp($/MWh)": 72.0
		},
		"07:00:00": {
			"DAM_lmp($/MWh)": 24.75501,
			"RTM_lmp($/MWh)": 18.0208
		},
		"08:00:00": {
			"DAM_lmp($/MWh)": 4.7799,
			"RTM_lmp($/MWh)": 12.8688
		},
		"09:00:00": {
			"DAM_lmp($/MWh)": 1.36571,
			"RTM_lmp($/MWh)": 12.94
		},
		"10:00:00": {
			"DAM_lmp($/MWh)": 1.73031,
			"RTM_lmp($/MWh)": 15.4
		},
		"11:00:00": {
			"DAM_lmp($/MWh)": 0.75152,
			"RTM_lmp($/MWh)": 3.67262
		},
		"12:00:00": {
			"DAM_lmp($/MWh)": -1.38461,
			"RTM_lmp($/MWh)": 14.05823
		},
		"13:00:00": {
			"DAM_lmp($/MWh)": -2.12358,
			"RTM_lmp($/MWh)": 14.28948
		},
		"14:00:00": {
			"DAM_lmp($/MWh)": -1.06883,
			"RTM_lmp($/MWh)": 9.9976
		},
		"15:00:00": {
			"DAM_lmp($/MWh)": 1.88501,
			"RTM_lmp($/MWh)": 4.9988
		},
		"16:00:00": {
			"DAM_lmp($/MWh)": 6.83958,
			"RTM_lmp($/MWh)": 4.95
		},
		"17:00:00": {
			"DAM_lmp($/MWh)": 23.36984,
			"RTM_lmp($/MWh)": 0.0
		},
		"18:00:00": {
			"DAM_lmp($/MWh)": 42.57734,
			"RTM_lmp($/MWh)": 13.1535
		},
		"19:00:00": {
			"DAM_lmp($/MWh)": 61.9972,
			"RTM_lmp($/MWh)": 26.65254
		},
		"20:00:00": {
			"DAM_lmp($/MWh)": 62.34207,
			"RTM_lmp($/MWh)": 40.0
		},
		"21:00:00": {
			"DAM_lmp($/MWh)": 48.77196,
			"RTM_lmp($/MWh)": 41.98608
		},
		"22:00:00": {
			"DAM_lmp($/MWh)": 44.53577,
			"RTM_lmp($/MWh)": 31.65831
		},
		"23:00:00": {
			"DAM_lmp($/MWh)": 41.41441,
			"RTM_lmp($/MWh)": 32.26844
		}
	},
	"2023-05-23": {
		"00:00:00": {
			"DAM_lmp($/MWh)": 40.93098,
			"RTM_lmp($/MWh)": 28.09842
		},
		"01:00:00": {
			"DAM_lmp($/MWh)": 38.48022,
			"RTM_lmp($/MWh)": 24.14415
		},
		"02:00:00": {
			"DAM_lmp($/MWh)": 39.88507,
			"RTM_lmp($/MWh)": 20.07594
		},
		"03:00:00": {
			"DAM_lmp($/MWh)": 39.41029,
			"RTM_lmp($/MWh)": 6.39419
		},
		"04:00:00": {
			"DAM_lmp($/MWh)": 40.79134,
			"RTM_lmp($/MWh)": 1.6195
		},
		"05:00:00": {
			"DAM_lmp($/MWh)": 40.55583,
			"RTM_lmp($/MWh)": 30.81135
		},
		"06:00:00": {
			"DAM_lmp($/MWh)": 47.5181,
			"RTM_lmp($/MWh)": 72.0
		},
		"07:00:00": {
			"DAM_lmp($/MWh)": 24.75501,
			"RTM_lmp($/MWh)": 18.0208
		},
		"08:00:00": {
			"DAM_lmp($/MWh)": 4.7799,
			"RTM_lmp($/MWh)": 12.8688
		},
		"09:00:00": {
			"DAM_lmp($/MWh)": 1.36571,
			"RTM_lmp($/MWh)": 12.94
		},
		"10:00:00": {
			"DAM_lmp($/MWh)": 1.73031,
			"RTM_lmp($/MWh)": 15.4
		},
		"11:00:00": {
			"DAM_lmp($/MWh)": 0.75152,
			"RTM_lmp($/MWh)": 3.67262
		},
		"12:00:00": {
			"DAM_lmp($/MWh)": -1.38461,
			"RTM_lmp($/MWh)": 14.05823
		},
		"13:00:00": {
			"DAM_lmp($/MWh)": -2.12358,
			"RTM_lmp($/MWh)": 14.28948
		},
		"14:00:00": {
			"DAM_lmp($/MWh)": -1.06883,
			"RTM_lmp($/MWh)": 9.9976
		},
		"15:00:00": {
			"DAM_lmp($/MWh)": 1.88501,
			"RTM_lmp($/MWh)": 4.9988
		},
		"16:00:00": {
			"DAM_lmp($/MWh)": 6.83958,
			"RTM_lmp($/MWh)": 4.95
		},
		"17:00:00": {
			"DAM_lmp($/MWh)": 23.36984,
			"RTM_lmp($/MWh)": 0.0
		},
		"18:00:00": {
			"DAM_lmp($/MWh)": 42.57734,
			"RTM_lmp($/MWh)": 13.1535
		},
		"19:00:00": {
			"DAM_lmp($/MWh)": 61.9972,
			"RTM_lmp($/MWh)": 26.65254
		},
		"20:00:00": {
			"DAM_lmp($/MWh)": 62.34207,
			"RTM_lmp($/MWh)": 40.0
		},
		"21:00:00": {
			"DAM_lmp($/MWh)": 48.77196,
			"RTM_lmp($/MWh)": 41.98608
		},
		"22:00:00": {
			"DAM_lmp($/MWh)": 44.53577,
			"RTM_lmp($/MWh)": 31.65831
		},
		"23:00:00": {
			"DAM_lmp($/MWh)": 41.41441,
			"RTM_lmp($/MWh)": 32.26844
		}
	}
}