{
	"2023-05-22": {
		"00:00:00": {
			"DAM_lmp($/MWh)": 47.55009,
			"RTM_lmp($/MWh)": 28.94359
		},
		"01:00:00": {
			"DAM_lmp($/MWh)": 45.27928,
			"RTM_lmp($/MWh)": 24.68316
		},
		"02:00:00": {
			"DAM_lmp($/MWh)": 48.3589,
			"RTM_lmp($/MWh)": 20.59729
		},
		"03:00:00": {
			"DAM_lmp($/MWh)": 48.22752,
			"RTM_lmp($/MWh)": 6.72335
		},
		"04:00:00": {
			"DAM_lmp($/MWh)": 48.80156,
			"RTM_lmp($/MWh)": 1.8436
		},
		"05:00:00": {
			"DAM_lmp($/MWh)": 44.97713,
			"RTM_lmp($/MWh)": 30.81135
		},
		"06:00:00": {
			"DAM_lmp($/MWh)": 54.48959,
			"RTM_lmp($/MWh)": 72.0
		},
		"07:00:00": {
			"DAM_lmp($/MWh)": 25.74625,
			"RTM_lmp($/MWh)": 18.0208
		},
		"08:00:00": {
			"DAM_lmp($/MWh)": 6.02507,
			"RTM_lmp($/MWh)": 12.8688
		},
		"09:00:00": {
			"DAM_lmp($/MWh)": 2.44477,
			"RTM_lmp($/MWh)": 12.94
		},
		"10:00:00": {
			"DAM_lmp($/MWh)": 2.40086,
			"RTM_lmp($/MWh)": 15.4
		},
		"11:00:00": {
			"DAM_lmp($/MWh)": 1.38406,
			"RTM_lmp($/MWh)": 3.80971
		},
		"12:00:00": {
			"DAM_lmp($/MWh)": -0.82273,
			"RTM_lmp($/MWh)": 14.63103
		},
		"13:00:00": {
			"DAM_lmp($/MWh)": -1.54015,
			"RTM_lmp($/MWh)": 14.88278
		},
		"14:00:00": {
			"DAM_lmp($/MWh)": -0.46828,
			"RTM_lmp($/MWh)": 9.9976
		},
		"15:00:00": {
			"DAM_lmp($/MWh)": 2.55123,
			"RTM_lmp($/MWh)": 4.9988
		},
		"16:00:00": {
			"DAM_lmp($/MWh)": 7.76975,
			"RTM_lmp($/MWh)": 4.95
		},
		"17:00:00": {
			"DAM_lmp($/MWh)": 24.73663,
			"RTM_lmp($/MWh)": 0.0
		},
		"18:00:00": {
			"DAM_lmp($/MWh)": 45.31649,
			"RTM_lmp($/MWh)": 13.86037
		},
		"19:00:00": {
			"DAM_lmp($/MWh)": 64.98977,
			"RTM_lmp($/MWh)": 28.08006
		},
		"20:00:00": {
			"DAM_lmp($/MWh)": 65.01545,
			"RTM_lmp($/MWh)": 40.0
		},
		"21:00:00": {
			"DAM_lmp($/MWh)": 51.13818,
			"RTM_lmp($/MWh)": 44.23519
		},
		"22:00:00": {
			"DAM_lmp($/MWh)": 47.83458,
			"RTM_lmp($/MWh)": 32.76293
		},
		"23:00:00": {
			"DAM_lmp($/MWh)": 46.71477,
			"RTM_lmp($/MWh)": 33.80313
		}
	},
	"2023-05-23": {
		"00:00:00": {
			"DAM_lmp($/MWh)": 47.55009,
			"RTM_lmp($/MWh)": 28.94359
		},
		"01:00:00": {
			"DAM_lmp($/MWh)": 45.27928,
			"RTM_lmp($/MWh)": 24.68316
		},
		"02:00:00": {
			"DAM_lmp($/MWh)": 48.3589,
			"RTM_lmp($/MWh)": 20.59729
		},
		"03:00:00": {
			"DAM_lmp($/MWh)": 48.22752,
			"RTM_lmp($/MWh)": 6.72335
		},
		"04:00:00": {
			"DAM_lmp($/MWh)": 48.80156,
			"RTM_lmp($/MWh)": 1.8436
		},
		"05:00:00": {
			"DAM_lmp($/MWh)": 44.97713,
			"RTM_lmp($/MWh)": 30.81135
		},
		"06:00:00": {
			"DAM_lmp($/MWh)": 54.48959,
			"RTM_lmp($/MWh)": 72.0
		},
		"07:00:00": {
			"DAM_lmp($/MWh)": 25.74625,
			"RTM_lmp($/MWh)": 18.0208
		},
		"08:00:00": {
			"DAM_lmp($/MWh)": 6.02507,
			"RTM_lmp($/MWh)": 12.8688
		},
		"09:00:00": {
			"DAM_lmp($/MWh)": 2.44477,
			"RTM_lmp($/MWh)": 12.94
		},
		"10:00:00": {
			"DAM_lmp($/MWh)": 2.40086,
			"RTM_lmp($/MWh)": 15.4
		},
		"11:00:00": {
			"DAM_lmp($/MWh)": 1.38406,
			"RTM_lmp($/MWh)": 3.80971
		},
		"12:00:00": {
			"DAM_lmp($/MWh)": -0.82273,
			"RTM_lmp($/MWh)": 14.63103
		},
		"13:00:00": {
			"DAM_lmp($/MWh)": -1.54015,
			"RTM_lmp($/MWh)": 14.88278
		},
		"14:00:00": {
			"DAM_lmp($/MWh)": -0.46828,
			"RTM_lmp($/MWh)": 9.9976
		},
		"15:00:00": {
			"DAM_lmp($/MWh)": 2.55123,
			"RTM_lmp($/MWh)": 4.9988
		},
		"16:00:00": {
			"DAM_lmp($/MWh)": 7.76975,
			"RTM_lmp($/MWh)": 4.95
		},
		"17:00:00": {
			"DAM_lmp($/MWh)": 24.73663,
			"RTM_lmp($/MWh)": 0.0
		},
		"18:00:00": {
			"DAM_lmp($/MWh)": 45.31649,
			"RTM_lmp($/MWh)": 13.86037
		},
		"19:00:00": {
			"DAM_lmp($/MWh)": 64.98977,
			"RTM_lmp($/MWh)": 28.08006
		},
		"20:00:00": {
			"DAM_lmp($/MWh)": 65.01545,
			"RTM_lmp($/MWh)": 40.0
		},
		"21:00:00": {
			"DAM_lmp($/MWh)": 51.13818,
			"RTM_lmp($/MWh)": 44.23519
		},
		"22:00:00": {
			"DAM_lmp($/MWh)": 47.83458,
			"RTM_lmp($/MWh)": 32.76293
		},
		"23:00:00": {
			"DAM_lmp($/MWh)": 46.71477,
			"RTM_lmp($/MWh)": 33.80313
		}
	}
}