{
	"2023-05-22": {
		"00:00:00": {
			"DAM_lmp($/MWh)": 29.40169,
			"RTM_lmp($/MWh)": 28.92083
		},
		"01:00:00": {
			"DAM_lmp($/MWh)": 25.8631,
			"RTM_lmp($/MWh)": 25.32107
		},
		"02:00:00": {
			"DAM_lmp($/MWh)": 24.62284,
			"RTM_lmp($/MWh)": 21.03654
		},
		"03:00:00": {
			"DAM_lmp($/MWh)": 22.8066,
			"RTM_lmp($/MWh)": 6.23088
		},
		"04:00:00": {
			"DAM_lmp($/MWh)": 26.27208,
			"RTM_lmp($/MWh)": 1.78447
		},
		"05:00:00": {
			"DAM_lmp($/MWh)": 34.28787,
			"RTM_lmp($/MWh)": 30.81135
		},
		"06:00:00": {
			"DAM_lmp($/MWh)": 35.76298,
			"RTM_lmp($/MWh)": 72.0
		},
		"07:00:00": {
			"DAM_lmp($/MWh)": 25.25451,
			"RTM_lmp($/MWh)": 18.0208
		},
		"08:00:00": {
			"DAM_lmp($/MWh)": 9.83132,
			"RTM_lmp($/MWh)": 12.8688
		},
		"09:00:00": {
			"DAM_lmp($/MWh)": 6.80665,
			"RTM_lmp($/MWh)": 12.94
		},
		"10:00:00": {
			"DAM_lmp($/MWh)": 5.07715,
			"RTM_lmp($/MWh)": 15.4
		},
		"11:00:00": {
			"DAM_lmp($/MWh)": 3.79137,
			"RTM_lmp($/MWh)": 11.34931
		},
		"12:00:00": {
			"DAM_lmp($/MWh)": 1.65349,
			"RTM_lmp($/MWh)": 14.7111
		},
		"13:00:00": {
			"DAM_lmp($/MWh)": 1.16058,
			"RTM_lmp($/MWh)": 14.98323
		},
		"14:00:00": {
			"DAM_lmp($/MWh)": 2.24654,
			"RTM_lmp($/MWh)": 9.9976
		},
		"15:00:00": {
			"DAM_lmp($/MWh)": 5.24699,
			"RTM_lmp($/MWh)": 4.9988
		},
		"16:00:00": {
			"DAM_lmp($/MWh)": 9.57992,
			"RTM_lmp($/MWh)": 4.95
		},
		"17:00:00": {
			"DAM_lmp($/MWh)": 24.20137,
			"RTM_lmp($/MWh)": 0.0
		},
		"18:00:00": {
			"DAM_lmp($/MWh)": 43.0682,
			"RTM_lmp($/MWh)": 13.92035
		},
		"19:00:00": {
			"DAM_lmp($/MWh)": 64.50501,
			"RTM_lmp($/MWh)": 27.60697
		},
		"20:00:00": {
			"DAM_lmp($/MWh)": 64.54939,
			"RTM_lmp($/MWh)": 40.0
		},
		"21:00:00": {
			"DAM_lmp($/MWh)": 49.44089,
			"RTM_lmp($/MWh)": 42.40569
		},
		"22:00:00": {
			"DAM_lmp($/MWh)": 40.20167,
			"RTM_lmp($/MWh)": 32.28543
		},
		"23:00:00": {
			"DAM_lmp($/MWh)": 32.16185,
			"RTM_lmp($/MWh)": 33.63039
		}
	},
	"2023-05-23": {
		"00:00:00": {
			"DAM_lmp($/MWh)": 29.40169,
			"RTM_lmp($/MWh)": 28.92083
		},
		"01:00:00": {
			"DAM_lmp($/MWh)": 25.8631,
			"RTM_lmp($/MWh)": 25.32107
		},
		"02:00:00": {
			"DAM_lmp($/MWh)": 24.62284,
			"RTM_lmp($/MWh)": 21.03654
		},
		"03:00:00": {
			"DAM_lmp($/MWh)": 22.8066,
			"RTM_lmp($/MWh)": 6.23088
		},
		"04:00:00": {
			"DAM_lmp($/MWh)": 26.27208,
			"RTM_lmp($/MWh)": 1.78447
		},
		"05:00:00": {
			"DAM_lmp($/MWh)": 34.28787,
			"RTM_lmp($/MWh)": 30.81135
		},
		"06:00:00": {
			"DAM_lmp($/MWh)": 35.76298,
			"RTM_lmp($/MWh)": 72.0
		},
		"07:00:00": {
			"DAM_lmp($/MWh)": 25.25451,
			"RTM_lmp($/MWh)": 18.0208
		},
		"08:00:00": {
			"DAM_lmp($/MWh)": 9.83132,
			"RTM_lmp($/MWh)": 12.8688
		},
		"09:00:00": {
			"DAM_lmp($/MWh)": 6.80665,
			"RTM_lmp($/MWh)": 12.94
		},
		"10:00:00": {
			"DAM_lmp($/MWh)": 5.07715,
			"RTM_lmp($/MWh)": 15.4
		},
		"11:00:00": {
			"DAM_lmp($/MWh)": 3.79137,
			"RTM_lmp($/MWh)": 11.34931
		},
		"12:00:00": {
			"DAM_lmp($/MWh)": 1.65349,
			"RTM_lmp($/MWh)": 14.7111
		},
		"13:00:00": {
			"DAM_lmp($/MWh)": 1.16058,
			"RTM_lmp($/MWh)": 14.98323
		},
		"14:00:00": {
			"DAM_lmp($/MWh)": 2.24654,
			"RTM_lmp($/MWh)": 9.9976
		},
		"15:00:00": {
			"DAM_lmp($/MWh)": 5.24699,
			"RTM_lmp($/MWh)": 4.9988
		},
		"16:00:00": {
			"DAM_lmp($/MWh)": 9.57992,
			"RTM_lmp($/MWh)": 4.95
		},
		"17:00:00": {
			"DAM_lmp($/MWh)": 24.20137,
			"RTM_lmp($/MWh)": 0.0
		},
		"18:00:00": {
			"DAM_lmp($/MWh)": 43.0682,
			"RTM_lmp($/MWh)": 13.92035
		},
		"19:00:00": {
			"DAM_lmp($/MWh)": 64.50501,
			"RTM_lmp($/MWh)": 27.60697
		},
		"20:00:00": {
			"DAM_lmp($/MWh)": 64.54939,
			"RTM_lmp($/MWh)": 40.0
		},
		"21:00:00": {
			"DAM_lmp($/MWh)": 49.44089,
			"RTM_lmp($/MWh)": 42.40569
		},
		"22:00:00": {
			"DAM_lmp($/MWh)": 40.20167,
			"RTM_lmp($/MWh)": 32.28543
		},
		"23:00:00": {
			"DAM_lmp($/MWh)": 32.16185,
			"RTM_lmp($/MWh)": 33.63039
		}
	}
}