{
	"2023-05-22": {
		"00:00:00": {
			"DAM_lmp($/MWh)": 20.09833,
			"RTM_lmp($/MWh)": 25.98407
		},
		"01:00:00": {
			"DAM_lmp($/MWh)": 16.81596,
			"RTM_lmp($/MWh)": 22.36641
		},
		"02:00:00": {
			"DAM_lmp($/MWh)": 14.24026,
			"RTM_lmp($/MWh)": 18.80747
		},
		"03:00:00": {
			"DAM_lmp($/MWh)": 12.49613,
			"RTM_lmp($/MWh)": 6.6204
		},
		"04:00:00": {
			"DAM_lmp($/MWh)": 18.24639,
			"RTM_lmp($/MWh)": 1.65896
		},
		"05:00:00": {
			"DAM_lmp($/MWh)": 30.78714,
			"RTM_lmp($/MWh)": 17.61375
		},
		"06:00:00": {
			"DAM_lmp($/MWh)": 31.74619,
			"RTM_lmp($/MWh)": 72.0
		},
		"07:00:00": {
			"DAM_lmp($/MWh)": 25.31145,
			"RTM_lmp($/MWh)": 18.0208
		},
		"08:00:00": {
			"DAM_lmp($/MWh)": 15.94905,
			"RTM_lmp($/MWh)": 12.8688
		},
		"09:00:00": {
			"DAM_lmp($/MWh)": 13.46028,
			"RTM_lmp($/MWh)": 12.94
		},
		"10:00:00": {
			"DAM_lmp($/MWh)": 9.23229,
			"RTM_lmp($/MWh)": 15.4
		},
		"11:00:00": {
			"DAM_lmp($/MWh)": 7.18565,
			"RTM_lmp($/MWh)": 14.7764
		},
		"12:00:00": {
			"DAM_lmp($/MWh)": 5.66765,
			"RTM_lmp($/MWh)": 14.47089
		},
		"13:00:00": {
			"DAM_lmp($/MWh)": 5.46807,
			"RTM_lmp($/MWh)": 14.73681
		},
		"14:00:00": {
			"DAM_lmp($/MWh)": 6.524,
			"RTM_lmp($/MWh)": 9.9976
		},
		"15:00:00": {
			"DAM_lmp($/MWh)": 9.45085,
			"RTM_lmp($/MWh)": 4.9988
		},
		"16:00:00": {
			"DAM_lmp($/MWh)": 13.43793,
			"RTM_lmp($/MWh)": 4.95
		},
		"17:00:00": {
			"DAM_lmp($/MWh)": 24.21382,
			"RTM_lmp($/MWh)": 0.0
		},
		"18:00:00": {
			"DAM_lmp($/MWh)": 42.49324,
			"RTM_lmp($/MWh)": 13.18063
		},
		"19:00:00": {
			"DAM_lmp($/MWh)": 63.21879,
			"RTM_lmp($/MWh)": 25.96491
		},
		"20:00:00": {
			"DAM_lmp($/MWh)": 60.17728,
			"RTM_lmp($/MWh)": 40.0
		},
		"21:00:00": {
			"DAM_lmp($/MWh)": 45.87423,
			"RTM_lmp($/MWh)": 39.79153
		},
		"22:00:00": {
			"DAM_lmp($/MWh)": 35.05713,
			"RTM_lmp($/MWh)": 30.00616
		},
		"23:00:00": {
			"DAM_lmp($/MWh)": 25.16323,
			"RTM_lmp($/MWh)": 31.51105
		}
	},
	"2023-05-23": {
		"00:00:00": {
			"DAM_lmp($/MWh)": 20.09833,
			"RTM_lmp($/MWh)": 25.98407
		},
		"01:00:00": {
			"DAM_lmp($/MWh)": 16.81596,
			"RTM_lmp($/MWh)": 22.36641
		},
		"02:00:00": {
			"DAM_lmp($/MWh)": 14.24026,
			"RTM_lmp($/MWh)": 18.80747
		},
		"03:00:00": {
			"DAM_lmp($/MWh)": 12.49613,
			"RTM_lmp($/MWh)": 6.6204
		},
		"04:00:00": {
			"DAM_lmp($/MWh)": 18.24639,
			"RTM_lmp($/MWh)": 1.65896
		},
		"05:00:00": {
			"DAM_lmp($/MWh)": 30.78714,
			"RTM_lmp($/MWh)": 17.61375
		},
		"06:00:00": {
			"DAM_lmp($/MWh)": 31.74619,
			"RTM_lmp($/MWh)": 72.0
		},
		"07:00:00": {
			"DAM_lmp($/MWh)": 25.31145,
			"RTM_lmp($/MWh)": 18.0208
		},
		"08:00:00": {
			"DAM_lmp($/MWh)": 15.94905,
			"RTM_lmp($/MWh)": 12.8688
		},
		"09:00:00": {
			"DAM_lmp($/MWh)": 13.46028,
			"RTM_lmp($/MWh)": 12.94
		},
		"10:00:00": {
			"DAM_lmp($/MWh)": 9.23229,
			"RTM_lmp($/MWh)": 15.4
		},
		"11:00:00": {
			"DAM_lmp($/MWh)": 7.18565,
			"RTM_lmp($/MWh)": 14.7764
		},
		"12:00:00": {
			"DAM_lmp($/MWh)": 5.66765,
			"RTM_lmp($/MWh)": 14.47089
		},
		"13:00:00": {
			"DAM_lmp($/MWh)": 5.46807,
			"RTM_lmp($/MWh)": 14.73681
		},
		"14:00:00": {
			"DAM_lmp($/MWh)": 6.524,
			"RTM_lmp($/MWh)": 9.9976
		},
		"15:00:00": {
			"DAM_lmp($/MWh)": 9.45085,
			"RTM_lmp($/MWh)": 4.9988
		},
		"16:00:00": {
			"DAM_lmp($/MWh)": 13.43793,
			"RTM_lmp($/MWh)": 4.95
		},
		"17:00:00": {
			"DAM_lmp($/MWh)": 24.21382,
			"RTM_lmp($/MWh)": 0.0
		},
		"18:00:00": {
			"DAM_lmp($/MWh)": 42.49324,
			"RTM_lmp($/MWh)": 13.18063
		},
		"19:00:00": {
			"DAM_lmp($/MWh)": 63.21879,
			"RTM_lmp($/MWh)": 25.96491
		},
		"20:00:00": {
			"DAM_lmp($/MWh)": 60.17728,
			"RTM_lmp($/MWh)": 40.0
		},
		"21:00:00": {
			"DAM_lmp($/MWh)": 45.87423,
			"RTM_lmp($/MWh)": 39.79153
		},
		"22:00:00": {
			"DAM_lmp($/MWh)": 35.05713,
			"RTM_lmp($/MWh)": 30.00616
		},
		"23:00:00": {
			"DAM_lmp($/MWh)": 25.16323,
			"RTM_lmp($/MWh)": 31.51105
		}
	}
}