{
	"2023-05-22": {
		"00:00:00": {
			"DAM_lmp($/MWh)": 19.61,
			"RTM_lmp($/MWh)": 25.4633
		},
		"01:00:00": {
			"DAM_lmp($/MWh)": 16.72,
			"RTM_lmp($/MWh)": 21.2785
		},
		"02:00:00": {
			"DAM_lmp($/MWh)": 15.01,
			"RTM_lmp($/MWh)": 18.01519
		},
		"03:00:00": {
			"DAM_lmp($/MWh)": 14.64,
			"RTM_lmp($/MWh)": 6.39966
		},
		"04:00:00": {
			"DAM_lmp($/MWh)": 16.8,
			"RTM_lmp($/MWh)": 1.33735
		},
		"05:00:00": {
			"DAM_lmp($/MWh)": 26.76907,
			"RTM_lmp($/MWh)": 30.81135
		},
		"06:00:00": {
			"DAM_lmp($/MWh)": 26.64664,
			"RTM_lmp($/MWh)": 72.0
		},
		"07:00:00": {
			"DAM_lmp($/MWh)": 22.87089,
			"RTM_lmp($/MWh)": 18.0208
		},
		"08:00:00": {
			"DAM_lmp($/MWh)": 14.90114,
			"RTM_lmp($/MWh)": 12.8688
		},
		"09:00:00": {
			"DAM_lmp($/MWh)": 12.90594,
			"RTM_lmp($/MWh)": 12.94
		},
		"10:00:00": {
			"DAM_lmp($/MWh)": 8.545,
			"RTM_lmp($/MWh)": 15.4
		},
		"11:00:00": {
			"DAM_lmp($/MWh)": 6.67124,
			"RTM_lmp($/MWh)": 14.7764
		},
		"12:00:00": {
			"DAM_lmp($/MWh)": 5.2165,
			"RTM_lmp($/MWh)": 13.47927
		},
		"13:00:00": {
			"DAM_lmp($/MWh)": 5.10638,
			"RTM_lmp($/MWh)": 13.74326
		},
		"14:00:00": {
			"DAM_lmp($/MWh)": 6.18795,
			"RTM_lmp($/MWh)": 9.9976
		},
		"15:00:00": {
			"DAM_lmp($/MWh)": 9.42622,
			"RTM_lmp($/MWh)": 4.9988
		},
		"16:00:00": {
			"DAM_lmp($/MWh)": 13.57803,
			"RTM_lmp($/MWh)": 4.95
		},
		"17:00:00": {
			"DAM_lmp($/MWh)": 23.91506,
			"RTM_lmp($/MWh)": 0.0
		},
		"18:00:00": {
			"DAM_lmp($/MWh)": 39.42448,
			"RTM_lmp($/MWh)": 12.24528
		},
		"19:00:00": {
			"DAM_lmp($/MWh)": 57.79597,
			"RTM_lmp($/MWh)": 23.10437
		},
		"20:00:00": {
			"DAM_lmp($/MWh)": 52.99408,
			"RTM_lmp($/MWh)": 40.0
		},
		"21:00:00": {
			"DAM_lmp($/MWh)": 43.01705,
			"RTM_lmp($/MWh)": 34.14778
		},
		"22:00:00": {
			"DAM_lmp($/MWh)": 33.02951,
			"RTM_lmp($/MWh)": 26.06518
		},
		"23:00:00": {
			"DAM_lmp($/MWh)": 23.50881,
			"RTM_lmp($/MWh)": 27.33881
		}
	},
	"2023-05-23": {
		"00:00:00": {
			"DAM_lmp($/MWh)": 19.61,
			"RTM_lmp($/MWh)": 25.4633
		},
		"01:00:00": {
			"DAM_lmp($/MWh)": 16.72,
			"RTM_lmp($/MWh)": 21.2785
		},
		"02:00:00": {
			"DAM_lmp($/MWh)": 15.01,
			"RTM_lmp($/MWh)": 18.01519
		},
		"03:00:00": {
			"DAM_lmp($/MWh)": 14.64,
			"RTM_lmp($/MWh)": 6.39966
		},
		"04:00:00": {
			"DAM_lmp($/MWh)": 16.8,
			"RTM_lmp($/MWh)": 1.33735
		},
		"05:00:00": {
			"DAM_lmp($/MWh)": 26.76907,
			"RTM_lmp($/MWh)": 30.81135
		},
		"06:00:00": {
			"DAM_lmp($/MWh)": 26.64664,
			"RTM_lmp($/MWh)": 72.0
		},
		"07:00:00": {
			"DAM_lmp($/MWh)": 22.87089,
			"RTM_lmp($/MWh)": 18.0208
		},
		"08:00:00": {
			"DAM_lmp($/MWh)": 14.90114,
			"RTM_lmp($/MWh)": 12.8688
		},
		"09:00:00": {
			"DAM_lmp($/MWh)": 12.90594,
			"RTM_lmp($/MWh)": 12.94
		},
		"10:00:00": {
			"DAM_lmp($/MWh)": 8.545,
			"RTM_lmp($/MWh)": 15.4
		},
		"11:00:00": {
			"DAM_lmp($/MWh)": 6.67124,
			"RTM_lmp($/MWh)": 14.7764
		},
		"12:00:00": {
			"DAM_lmp($/MWh)": 5.2165,
			"RTM_lmp($/MWh)": 13.47927
		},
		"13:00:00": {
			"DAM_lmp($/MWh)": 5.10638,
			"RTM_lmp($/MWh)": 13.74326
		},
		"14:00:00": {
			"DAM_lmp($/MWh)": 6.18795,
			"RTM_lmp($/MWh)": 9.9976
		},
		"15:00:00": {
			"DAM_lmp($/MWh)": 9.42622,
			"RTM_lmp($/MWh)": 4.9988
		},
		"16:00:00": {
			"DAM_lmp($/MWh)": 13.57803,
			"RTM_lmp($/MWh)": 4.95
		},
		"17:00:00": {
			"DAM_lmp($/MWh)": 23.91506,
			"RTM_lmp($/MWh)": 0.0
		},
		"18:00:00": {
			"DAM_lmp($/MWh)": 39.42448,
			"RTM_lmp($/MWh)": 12.24528
		},
		"19:00:00": {
			"DAM_lmp($/MWh)": 57.79597,
			"RTM_lmp($/MWh)": 23.10437
		},
		"20:00:00": {
			"DAM_lmp($/MWh)": 52.99408,
			"RTM_lmp($/MWh)": 40.0
		},
		"21:00:00": {
			"DAM_lmp($/MWh)": 43.01705,
			"RTM_lmp($/MWh)": 34.14778
		},
		"22:00:00": {
			"DAM_lmp($/MWh)": 33.02951,
			"RTM_lmp($/MWh)": 26.06518
		},
		"23:00:00": {
			"DAM_lmp($/MWh)": 23.50881,
			"RTM_lmp($/MWh)": 27.33881
		}
	}
}