{
	"2023-05-22": {
		"00:00:00": {
			"DAM_lmp($/MWh)": 23.65864,
			"RTM_lmp($/MWh)": 24.7718
		},
		"01:00:00": {
			"DAM_lmp($/MWh)": 19.81503,
			"RTM_lmp($/MWh)": 21.3502
		},
		"02:00:00": {
			"DAM_lmp($/MWh)": 17.62018,
			"RTM_lmp($/MWh)": 17.63957
		},
		"03:00:00": {
			"DAM_lmp($/MWh)": 15.5049,
			"RTM_lmp($/MWh)": 5.99168
		},
		"04:00:00": {
			"DAM_lmp($/MWh)": 19.57557,
			"RTM_lmp($/MWh)": 1.36089
		},
		"05:00:00": {
			"DAM_lmp($/MWh)": 29.53166,
			"RTM_lmp($/MWh)": 30.81135
		},
		"06:00:00": {
			"DAM_lmp($/MWh)": 29.57604,
			"RTM_lmp($/MWh)": 72.0
		},
		"07:00:00": {
			"DAM_lmp($/MWh)": 24.84042,
			"RTM_lmp($/MWh)": 18.0208
		},
		"08:00:00": {
			"DAM_lmp($/MWh)": 14.96644,
			"RTM_lmp($/MWh)": 12.8688
		},
		"09:00:00": {
			"DAM_lmp($/MWh)": 10.12691,
			"RTM_lmp($/MWh)": 12.94
		},
		"10:00:00": {
			"DAM_lmp($/MWh)": 7.30544,
			"RTM_lmp($/MWh)": 15.4
		},
		"11:00:00": {
			"DAM_lmp($/MWh)": 5.48861,
			"RTM_lmp($/MWh)": 14.7764
		},
		"12:00:00": {
			"DAM_lmp($/MWh)": 3.9236,
			"RTM_lmp($/MWh)": 14.13676
		},
		"13:00:00": {
			"DAM_lmp($/MWh)": 3.56639,
			"RTM_lmp($/MWh)": 14.46527
		},
		"14:00:00": {
			"DAM_lmp($/MWh)": 4.64533,
			"RTM_lmp($/MWh)": 9.9976
		},
		"15:00:00": {
			"DAM_lmp($/MWh)": 9.07003,
			"RTM_lmp($/MWh)": 4.9988
		},
		"16:00:00": {
			"DAM_lmp($/MWh)": 13.01407,
			"RTM_lmp($/MWh)": 4.95
		},
		"17:00:00": {
			"DAM_lmp($/MWh)": 24.07938,
			"RTM_lmp($/MWh)": 0.0
		},
		"18:00:00": {
			"DAM_lmp($/MWh)": 42.25303,
			"RTM_lmp($/MWh)": 12.8122
		},
		"19:00:00": {
			"DAM_lmp($/MWh)": 61.62878,
			"RTM_lmp($/MWh)": 24.46312
		},
		"20:00:00": {
			"DAM_lmp($/MWh)": 61.53941,
			"RTM_lmp($/MWh)": 40.0
		},
		"21:00:00": {
			"DAM_lmp($/MWh)": 47.33926,
			"RTM_lmp($/MWh)": 36.93399
		},
		"22:00:00": {
			"DAM_lmp($/MWh)": 36.47332,
			"RTM_lmp($/MWh)": 28.07069
		},
		"23:00:00": {
			"DAM_lmp($/MWh)": 26.13692,
			"RTM_lmp($/MWh)": 29.27545
		}
	},
	"2023-05-23": {
		"00:00:00": {
			"DAM_lmp($/MWh)": 23.65864,
			"RTM_lmp($/MWh)": 24.7718
		},
		"01:00:00": {
			"DAM_lmp($/MWh)": 19.81503,
			"RTM_lmp($/MWh)": 21.3502
		},
		"02:00:00": {
			"DAM_lmp($/MWh)": 17.62018,
			"RTM_lmp($/MWh)": 17.63957
		},
		"03:00:00": {
			"DAM_lmp($/MWh)": 15.5049,
			"RTM_lmp($/MWh)": 5.99168
		},
		"04:00:00": {
			"DAM_lmp($/MWh)": 19.57557,
			"RTM_lmp($/MWh)": 1.36089
		},
		"05:00:00": {
			"DAM_lmp($/MWh)": 29.53166,
			"RTM_lmp($/MWh)": 30.81135
		},
		"06:00:00": {
			"DAM_lmp($/MWh)": 29.57604,
			"RTM_lmp($/MWh)": 72.0
		},
		"07:00:00": {
			"DAM_lmp($/MWh)": 24.84042,
			"RTM_lmp($/MWh)": 18.0208
		},
		"08:00:00": {
			"DAM_lmp($/MWh)": 14.96644,
			"RTM_lmp($/MWh)": 12.8688
		},
		"09:00:00": {
			"DAM_lmp($/MWh)": 10.12691,
			"RTM_lmp($/MWh)": 12.94
		},
		"10:00:00": {
			"DAM_lmp($/MWh)": 7.30544,
			"RTM_lmp($/MWh)": 15.4
		},
		"11:00:00": {
			"DAM_lmp($/MWh)": 5.48861,
			"RTM_lmp($/MWh)": 14.7764
		},
		"12:00:00": {
			"DAM_lmp($/MWh)": 3.9236,
			"RTM_lmp($/MWh)": 14.13676
		},
		"13:00:00": {
			"DAM_lmp($/MWh)": 3.56639,
			"RTM_lmp($/MWh)": 14.46527
		},
		"14:00:00": {
			"DAM_lmp($/MWh)": 4.64533,
			"RTM_lmp($/MWh)": 9.9976
		},
		"15:00:00": {
			"DAM_lmp($/MWh)": 9.07003,
			"RTM_lmp($/MWh)": 4.9988
		},
		"16:00:00": {
			"DAM_lmp($/MWh)": 13.01407,
			"RTM_lmp($/MWh)": 4.95
		},
		"17:00:00": {
			"DAM_lmp($/MWh)": 24.07938,
			"RTM_lmp($/MWh)": 0.0
		},
		"18:00:00": {
			"DAM_lmp($/MWh)": 42.25303,
			"RTM_lmp($/MWh)": 12.8122
		},
		"19:00:00": {
			"DAM_lmp($/MWh)": 61.62878,
			"RTM_lmp($/MWh)": 24.46312
		},
		"20:00:00": {
			"DAM_lmp($/MWh)": 61.53941,
			"RTM_lmp($/MWh)": 40.0
		},
		"21:00:00": {
			"DAM_lmp($/MWh)": 47.33926,
			"RTM_lmp($/MWh)": 36.93399
		},
		"22:00:00": {
			"DAM_lmp($/MWh)": 36.47332,
			"RTM_lmp($/MWh)": 28.07069
		},
		"23:00:00": {
			"DAM_lmp($/MWh)": 26.13692,
			"RTM_lmp($/MWh)": 29.27545
		}
	}
}