{
	"2023-05-22": {
		"00:00:00": {
			"DAM_lmp($/MWh)": 30.62787,
			"RTM_lmp($/MWh)": 30.04488
		},
		"01:00:00": {
			"DAM_lmp($/MWh)": 27.02165,
			"RTM_lmp($/MWh)": 25.87491
		},
		"02:00:00": {
			"DAM_lmp($/MWh)": 25.5642,
			"RTM_lmp($/MWh)": 21.6913
		},
		"03:00:00": {
			"DAM_lmp($/MWh)": 23.49999,
			"RTM_lmp($/MWh)": 23.66609
		},
		"04:00:00": {
			"DAM_lmp($/MWh)": 27.57041,
			"RTM_lmp($/MWh)": 20.66638
		},
		"05:00:00": {
			"DAM_lmp($/MWh)": 35.73511,
			"RTM_lmp($/MWh)": 30.81135
		},
		"06:00:00": {
			"DAM_lmp($/MWh)": 37.00053,
			"RTM_lmp($/MWh)": 72.0
		},
		"07:00:00": {
			"DAM_lmp($/MWh)": 26.03352,
			"RTM_lmp($/MWh)": 18.0208
		},
		"08:00:00": {
			"DAM_lmp($/MWh)": 12.89321,
			"RTM_lmp($/MWh)": 12.8688
		},
		"09:00:00": {
			"DAM_lmp($/MWh)": 10.31968,
			"RTM_lmp($/MWh)": 12.94
		},
		"10:00:00": {
			"DAM_lmp($/MWh)": 7.38556,
			"RTM_lmp($/MWh)": 15.4
		},
		"11:00:00": {
			"DAM_lmp($/MWh)": 5.50152,
			"RTM_lmp($/MWh)": 14.7764
		},
		"12:00:00": {
			"DAM_lmp($/MWh)": 3.83137,
			"RTM_lmp($/MWh)": 14.83582
		},
		"13:00:00": {
			"DAM_lmp($/MWh)": 3.51311,
			"RTM_lmp($/MWh)": 15.13862
		},
		"14:00:00": {
			"DAM_lmp($/MWh)": 4.68198,
			"RTM_lmp($/MWh)": 9.9976
		},
		"15:00:00": {
			"DAM_lmp($/MWh)": 7.54837,
			"RTM_lmp($/MWh)": 4.9988
		},
		"16:00:00": {
			"DAM_lmp($/MWh)": 11.87437,
			"RTM_lmp($/MWh)": 4.95
		},
		"17:00:00": {
			"DAM_lmp($/MWh)": 25.08766,
			"RTM_lmp($/MWh)": 0.0
		},
		"18:00:00": {
			"DAM_lmp($/MWh)": 44.65033,
			"RTM_lmp($/MWh)": 14.16882
		},
		"19:00:00": {
			"DAM_lmp($/MWh)": 66.55392,
			"RTM_lmp($/MWh)": 27.57671
		},
		"20:00:00": {
			"DAM_lmp($/MWh)": 67.31339,
			"RTM_lmp($/MWh)": 40.0
		},
		"21:00:00": {
			"DAM_lmp($/MWh)": 51.45268,
			"RTM_lmp($/MWh)": 43.32463
		},
		"22:00:00": {
			"DAM_lmp($/MWh)": 41.58919,
			"RTM_lmp($/MWh)": 32.61331
		},
		"23:00:00": {
			"DAM_lmp($/MWh)": 32.75119,
			"RTM_lmp($/MWh)": 34.10542
		}
	},
	"2023-05-23": {
		"00:00:00": {
			"DAM_lmp($/MWh)": 30.62787,
			"RTM_lmp($/MWh)": 30.04488
		},
		"01:00:00": {
			"DAM_lmp($/MWh)": 27.02165,
			"RTM_lmp($/MWh)": 25.87491
		},
		"02:00:00": {
			"DAM_lmp($/MWh)": 25.5642,
			"RTM_lmp($/MWh)": 21.6913
		},
		"03:00:00": {
			"DAM_lmp($/MWh)": 23.49999,
			"RTM_lmp($/MWh)": 23.66609
		},
		"04:00:00": {
			"DAM_lmp($/MWh)": 27.57041,
			"RTM_lmp($/MWh)": 20.66638
		},
		"05:00:00": {
			"DAM_lmp($/MWh)": 35.73511,
			"RTM_lmp($/MWh)": 30.81135
		},
		"06:00:00": {
			"DAM_lmp($/MWh)": 37.00053,
			"RTM_lmp($/MWh)": 72.0
		},
		"07:00:00": {
			"DAM_lmp($/MWh)": 26.03352,
			"RTM_lmp($/MWh)": 18.0208
		},
		"08:00:00": {
			"DAM_lmp($/MWh)": 12.89321,
			"RTM_lmp($/MWh)": 12.8688
		},
		"09:00:00": {
			"DAM_lmp($/MWh)": 10.31968,
			"RTM_lmp($/MWh)": 12.94
		},
		"10:00:00": {
			"DAM_lmp($/MWh)": 7.38556,
			"RTM_lmp($/MWh)": 15.4
		},
		"11:00:00": {
			"DAM_lmp($/MWh)": 5.50152,
			"RTM_lmp($/MWh)": 14.7764
		},
		"12:00:00": {
			"DAM_lmp($/MWh)": 3.83137,
			"RTM_lmp($/MWh)": 14.83582
		},
		"13:00:00": {
			"DAM_lmp($/MWh)": 3.51311,
			"RTM_lmp($/MWh)": 15.13862
		},
		"14:00:00": {
			"DAM_lmp($/MWh)": 4.68198,
			"RTM_lmp($/MWh)": 9.9976
		},
		"15:00:00": {
			"DAM_lmp($/MWh)": 7.54837,
			"RTM_lmp($/MWh)": 4.9988
		},
		"16:00:00": {
			"DAM_lmp($/MWh)": 11.87437,
			"RTM_lmp($/MWh)": 4.95
		},
		"17:00:00": {
			"DAM_lmp($/MWh)": 25.08766,
			"RTM_lmp($/MWh)": 0.0
		},
		"18:00:00": {
			"DAM_lmp($/MWh)": 44.65033,
			"RTM_lmp($/MWh)": 14.16882
		},
		"19:00:00": {
			"DAM_lmp($/MWh)": 66.55392,
			"RTM_lmp($/MWh)": 27.57671
		},
		"20:00:00": {
			"DAM_lmp($/MWh)": 67.31339,
			"RTM_lmp($/MWh)": 40.0
		},
		"21:00:00": {
			"DAM_lmp($/MWh)": 51.45268,
			"RTM_lmp($/MWh)": 43.32463
		},
		"22:00:00": {
			"DAM_lmp($/MWh)": 41.58919,
			"RTM_lmp($/MWh)": 32.61331
		},
		"23:00:00": {
			"DAM_lmp($/MWh)": 32.75119,
			"RTM_lmp($/MWh)": 34.10542
		}
	}
}