{
	"2023-05-22": {
		"00:00:00": {
			"DAM_lmp($/MWh)": 25.64163,
			"RTM_lmp($/MWh)": 26.76379
		},
		"01:00:00": {
			"DAM_lmp($/MWh)": 21.8549,
			"RTM_lmp($/MWh)": 23.14278
		},
		"02:00:00": {
			"DAM_lmp($/MWh)": 19.94855,
			"RTM_lmp($/MWh)": 19.20772
		},
		"03:00:00": {
			"DAM_lmp($/MWh)": 17.87947,
			"RTM_lmp($/MWh)": 6.61793
		},
		"04:00:00": {
			"DAM_lmp($/MWh)": 21.67125,
			"RTM_lmp($/MWh)": 1.68922
		},
		"05:00:00": {
			"DAM_lmp($/MWh)": 31.09177,
			"RTM_lmp($/MWh)": 76.71604
		},
		"06:00:00": {
			"DAM_lmp($/MWh)": 31.84111,
			"RTM_lmp($/MWh)": 72.0
		},
		"07:00:00": {
			"DAM_lmp($/MWh)": 25.35027,
			"RTM_lmp($/MWh)": 18.0208
		},
		"08:00:00": {
			"DAM_lmp($/MWh)": 16.88571,
			"RTM_lmp($/MWh)": 12.8688
		},
		"09:00:00": {
			"DAM_lmp($/MWh)": 14.06034,
			"RTM_lmp($/MWh)": 12.94
		},
		"10:00:00": {
			"DAM_lmp($/MWh)": 9.77282,
			"RTM_lmp($/MWh)": 15.4
		},
		"11:00:00": {
			"DAM_lmp($/MWh)": 7.8915,
			"RTM_lmp($/MWh)": 14.7764
		},
		"12:00:00": {
			"DAM_lmp($/MWh)": 6.02185,
			"RTM_lmp($/MWh)": 14.73265
		},
		"13:00:00": {
			"DAM_lmp($/MWh)": 5.86169,
			"RTM_lmp($/MWh)": 14.95969
		},
		"14:00:00": {
			"DAM_lmp($/MWh)": 6.96512,
			"RTM_lmp($/MWh)": 9.9976
		},
		"15:00:00": {
			"DAM_lmp($/MWh)": 9.9005,
			"RTM_lmp($/MWh)": 4.9988
		},
		"16:00:00": {
			"DAM_lmp($/MWh)": 13.81014,
			"RTM_lmp($/MWh)": 4.95
		},
		"17:00:00": {
			"DAM_lmp($/MWh)": 24.36817,
			"RTM_lmp($/MWh)": 0.0
		},
		"18:00:00": {
			"DAM_lmp($/MWh)": 42.8666,
			"RTM_lmp($/MWh)": 13.56763
		},
		"19:00:00": {
			"DAM_lmp($/MWh)": 63.13476,
			"RTM_lmp($/MWh)": 26.46275
		},
		"20:00:00": {
			"DAM_lmp($/MWh)": 63.21594,
			"RTM_lmp($/MWh)": 40.0
		},
		"21:00:00": {
			"DAM_lmp($/MWh)": 48.57728,
			"RTM_lmp($/MWh)": 40.18176
		},
		"22:00:00": {
			"DAM_lmp($/MWh)": 37.91848,
			"RTM_lmp($/MWh)": 30.50913
		},
		"23:00:00": {
			"DAM_lmp($/MWh)": 28.17112,
			"RTM_lmp($/MWh)": 31.62732
		}
	},
	"2023-05-23": {
		"00:00:00": {
			"DAM_lmp($/MWh)": 25.64163,
			"RTM_lmp($/MWh)": 26.76379
		},
		"01:00:00": {
			"DAM_lmp($/MWh)": 21.8549,
			"RTM_lmp($/MWh)": 23.14278
		},
		"02:00:00": {
			"DAM_lmp($/MWh)": 19.94855,
			"RTM_lmp($/MWh)": 19.20772
		},
		"03:00:00": {
			"DAM_lmp($/MWh)": 17.87947,
			"RTM_lmp($/MWh)": 6.61793
		},
		"04:00:00": {
			"DAM_lmp($/MWh)": 21.67125,
			"RTM_lmp($/MWh)": 1.68922
		},
		"05:00:00": {
			"DAM_lmp($/MWh)": 31.09177,
			"RTM_lmp($/MWh)": 76.71604
		},
		"06:00:00": {
			"DAM_lmp($/MWh)": 31.84111,
			"RTM_lmp($/MWh)": 72.0
		},
		"07:00:00": {
			"DAM_lmp($/MWh)": 25.35027,
			"RTM_lmp($/MWh)": 18.0208
		},
		"08:00:00": {
			"DAM_lmp($/MWh)": 16.88571,
			"RTM_lmp($/MWh)": 12.8688
		},
		"09:00:00": {
			"DAM_lmp($/MWh)": 14.06034,
			"RTM_lmp($/MWh)": 12.94
		},
		"10:00:00": {
			"DAM_lmp($/MWh)": 9.77282,
			"RTM_lmp($/MWh)": 15.4
		},
		"11:00:00": {
			"DAM_lmp($/MWh)": 7.8915,
			"RTM_lmp($/MWh)": 14.7764
		},
		"12:00:00": {
			"DAM_lmp($/MWh)": 6.02185,
			"RTM_lmp($/MWh)": 14.73265
		},
		"13:00:00": {
			"DAM_lmp($/MWh)": 5.86169,
			"RTM_lmp($/MWh)": 14.95969
		},
		"14:00:00": {
			"DAM_lmp($/MWh)": 6.96512,
			"RTM_lmp($/MWh)": 9.9976
		},
		"15:00:00": {
			"DAM_lmp($/MWh)": 9.9005,
			"RTM_lmp($/MWh)": 4.9988
		},
		"16:00:00": {
			"DAM_lmp($/MWh)": 13.81014,
			"RTM_lmp($/MWh)": 4.95
		},
		"17:00:00": {
			"DAM_lmp($/MWh)": 24.36817,
			"RTM_lmp($/MWh)": 0.0
		},
		"18:00:00": {
			"DAM_lmp($/MWh)": 42.8666,
			"RTM_lmp($/MWh)": 13.56763
		},
		"19:00:00": {
			"DAM_lmp($/MWh)": 63.13476,
			"RTM_lmp($/MWh)": 26.46275
		},
		"20:00:00": {
			"DAM_lmp($/MWh)": 63.21594,
			"RTM_lmp($/MWh)": 40.0
		},
		"21:00:00": {
			"DAM_lmp($/MWh)": 48.57728,
			"RTM_lmp($/MWh)": 40.18176
		},
		"22:00:00": {
			"DAM_lmp($/MWh)": 37.91848,
			"RTM_lmp($/MWh)": 30.50913
		},
		"23:00:00": {
			"DAM_lmp($/MWh)": 28.17112,
			"RTM_lmp($/MWh)": 31.62732
		}
	}
}