{
	"2023-05-22": {
		"00:00:00": {
			"DAM_lmp($/MWh)": 30.90856,
			"RTM_lmp($/MWh)": 29.2993
		},
		"01:00:00": {
			"DAM_lmp($/MWh)": 27.12768,
			"RTM_lmp($/MWh)": 25.83535
		},
		"02:00:00": {
			"DAM_lmp($/MWh)": 25.80015,
			"RTM_lmp($/MWh)": 21.50041
		},
		"03:00:00": {
			"DAM_lmp($/MWh)": 23.9001,
			"RTM_lmp($/MWh)": 23.47444
		},
		"04:00:00": {
			"DAM_lmp($/MWh)": 27.70208,
			"RTM_lmp($/MWh)": 20.70197
		},
		"05:00:00": {
			"DAM_lmp($/MWh)": 35.886,
			"RTM_lmp($/MWh)": 30.81135
		},
		"06:00:00": {
			"DAM_lmp($/MWh)": 37.58333,
			"RTM_lmp($/MWh)": 72.0
		},
		"07:00:00": {
			"DAM_lmp($/MWh)": 26.69866,
			"RTM_lmp($/MWh)": 18.0208
		},
		"08:00:00": {
			"DAM_lmp($/MWh)": 19.21301,
			"RTM_lmp($/MWh)": 12.8688
		},
		"09:00:00": {
			"DAM_lmp($/MWh)": 14.53829,
			"RTM_lmp($/MWh)": 12.94
		},
		"10:00:00": {
			"DAM_lmp($/MWh)": 9.70692,
			"RTM_lmp($/MWh)": 15.4
		},
		"11:00:00": {
			"DAM_lmp($/MWh)": 9.92193,
			"RTM_lmp($/MWh)": 14.7764
		},
		"12:00:00": {
			"DAM_lmp($/MWh)": 5.16285,
			"RTM_lmp($/MWh)": 15.88749
		},
		"13:00:00": {
			"DAM_lmp($/MWh)": 4.55567,
			"RTM_lmp($/MWh)": 22.87985
		},
		"14:00:00": {
			"DAM_lmp($/MWh)": 4.80333,
			"RTM_lmp($/MWh)": 9.9976
		},
		"15:00:00": {
			"DAM_lmp($/MWh)": 7.8222,
			"RTM_lmp($/MWh)": 4.9988
		},
		"16:00:00": {
			"DAM_lmp($/MWh)": 12.17792,
			"RTM_lmp($/MWh)": 4.95
		},
		"17:00:00": {
			"DAM_lmp($/MWh)": 25.35903,
			"RTM_lmp($/MWh)": 0.0
		},
		"18:00:00": {
			"DAM_lmp($/MWh)": 44.14195,
			"RTM_lmp($/MWh)": 14.79287
		},
		"19:00:00": {
			"DAM_lmp($/MWh)": 64.44684,
			"RTM_lmp($/MWh)": 27.62897
		},
		"20:00:00": {
			"DAM_lmp($/MWh)": 64.20632,
			"RTM_lmp($/MWh)": 40.0
		},
		"21:00:00": {
			"DAM_lmp($/MWh)": 50.25459,
			"RTM_lmp($/MWh)": 41.8602
		},
		"22:00:00": {
			"DAM_lmp($/MWh)": 40.9761,
			"RTM_lmp($/MWh)": 32.04668
		},
		"23:00:00": {
			"DAM_lmp($/MWh)": 32.83043,
			"RTM_lmp($/MWh)": 33.91939
		}
	},
	"2023-05-23": {
		"00:00:00": {
			"DAM_lmp($/MWh)": 30.90856,
			"RTM_lmp($/MWh)": 29.2993
		},
		"01:00:00": {
			"DAM_lmp($/MWh)": 27.12768,
			"RTM_lmp($/MWh)": 25.83535
		},
		"02:00:00": {
			"DAM_lmp($/MWh)": 25.80015,
			"RTM_lmp($/MWh)": 21.50041
		},
		"03:00:00": {
			"DAM_lmp($/MWh)": 23.9001,
			"RTM_lmp($/MWh)": 23.47444
		},
		"04:00:00": {
			"DAM_lmp($/MWh)": 27.70208,
			"RTM_lmp($/MWh)": 20.70197
		},
		"05:00:00": {
			"DAM_lmp($/MWh)": 35.886,
			"RTM_lmp($/MWh)": 30.81135
		},
		"06:00:00": {
			"DAM_lmp($/MWh)": 37.58333,
			"RTM_lmp($/MWh)": 72.0
		},
		"07:00:00": {
			"DAM_lmp($/MWh)": 26.69866,
			"RTM_lmp($/MWh)": 18.0208
		},
		"08:00:00": {
			"DAM_lmp($/MWh)": 19.21301,
			"RTM_lmp($/MWh)": 12.8688
		},
		"09:00:00": {
			"DAM_lmp($/MWh)": 14.53829,
			"RTM_lmp($/MWh)": 12.94
		},
		"10:00:00": {
			"DAM_lmp($/MWh)": 9.70692,
			"RTM_lmp($/MWh)": 15.4
		},
		"11:00:00": {
			"DAM_lmp($/MWh)": 9.92193,
			"RTM_lmp($/MWh)": 14.7764
		},
		"12:00:00": {
			"DAM_lmp($/MWh)": 5.16285,
			"RTM_lmp($/MWh)": 15.88749
		},
		"13:00:00": {
			"DAM_lmp($/MWh)": 4.55567,
			"RTM_lmp($/MWh)": 22.87985
		},
		"14:00:00": {
			"DAM_lmp($/MWh)": 4.80333,
			"RTM_lmp($/MWh)": 9.9976
		},
		"15:00:00": {
			"DAM_lmp($/MWh)": 7.8222,
			"RTM_lmp($/MWh)": 4.9988
		},
		"16:00:00": {
			"DAM_lmp($/MWh)": 12.17792,
			"RTM_lmp($/MWh)": 4.95
		},
		"17:00:00": {
			"DAM_lmp($/MWh)": 25.35903,
			"RTM_lmp($/MWh)": 0.0
		},
		"18:00:00": {
			"DAM_lmp($/MWh)": 44.14195,
			"RTM_lmp($/MWh)": 14.79287
		},
		"19:00:00": {
			"DAM_lmp($/MWh)": 64.44684,
			"RTM_lmp($/MWh)": 27.62897
		},
		"20:00:00": {
			"DAM_lmp($/MWh)": 64.20632,
			"RTM_lmp($/MWh)": 40.0
		},
		"21:00:00": {
			"DAM_lmp($/MWh)": 50.25459,
			"RTM_lmp($/MWh)": 41.8602
		},
		"22:00:00": {
			"DAM_lmp($/MWh)": 40.9761,
			"RTM_lmp($/MWh)": 32.04668
		},
		"23:00:00": {
			"DAM_lmp($/MWh)": 32.83043,
			"RTM_lmp($/MWh)": 33.91939
		}
	}
}