{
	"2023-05-22": {
		"00:00:00": {
			"DAM_lmp($/MWh)": 29.61738,
			"RTM_lmp($/MWh)": 28.52812
		},
		"01:00:00": {
			"DAM_lmp($/MWh)": 25.89672,
			"RTM_lmp($/MWh)": 24.98233
		},
		"02:00:00": {
			"DAM_lmp($/MWh)": 24.60563,
			"RTM_lmp($/MWh)": 20.69171
		},
		"03:00:00": {
			"DAM_lmp($/MWh)": 22.7816,
			"RTM_lmp($/MWh)": 22.78629
		},
		"04:00:00": {
			"DAM_lmp($/MWh)": 26.50646,
			"RTM_lmp($/MWh)": 20.19503
		},
		"05:00:00": {
			"DAM_lmp($/MWh)": 34.43534,
			"RTM_lmp($/MWh)": 30.81135
		},
		"06:00:00": {
			"DAM_lmp($/MWh)": 35.48957,
			"RTM_lmp($/MWh)": 72.0
		},
		"07:00:00": {
			"DAM_lmp($/MWh)": 24.63337,
			"RTM_lmp($/MWh)": 18.0208
		},
		"08:00:00": {
			"DAM_lmp($/MWh)": 10.97082,
			"RTM_lmp($/MWh)": 12.8688
		},
		"09:00:00": {
			"DAM_lmp($/MWh)": 9.08842,
			"RTM_lmp($/MWh)": 12.94
		},
		"10:00:00": {
			"DAM_lmp($/MWh)": 6.68614,
			"RTM_lmp($/MWh)": 15.4
		},
		"11:00:00": {
			"DAM_lmp($/MWh)": 4.52555,
			"RTM_lmp($/MWh)": 14.7764
		},
		"12:00:00": {
			"DAM_lmp($/MWh)": 3.46695,
			"RTM_lmp($/MWh)": 14.66028
		},
		"13:00:00": {
			"DAM_lmp($/MWh)": 3.2057,
			"RTM_lmp($/MWh)": 15.01463
		},
		"14:00:00": {
			"DAM_lmp($/MWh)": 4.48828,
			"RTM_lmp($/MWh)": 9.9976
		},
		"15:00:00": {
			"DAM_lmp($/MWh)": 7.27069,
			"RTM_lmp($/MWh)": 4.9988
		},
		"16:00:00": {
			"DAM_lmp($/MWh)": 11.21448,
			"RTM_lmp($/MWh)": 4.95
		},
		"17:00:00": {
			"DAM_lmp($/MWh)": 23.65864,
			"RTM_lmp($/MWh)": 0.0
		},
		"18:00:00": {
			"DAM_lmp($/MWh)": 42.31439,
			"RTM_lmp($/MWh)": 13.9075
		},
		"19:00:00": {
			"DAM_lmp($/MWh)": 62.90208,
			"RTM_lmp($/MWh)": 26.60853
		},
		"20:00:00": {
			"DAM_lmp($/MWh)": 62.76282,
			"RTM_lmp($/MWh)": 40.0
		},
		"21:00:00": {
			"DAM_lmp($/MWh)": 48.45747,
			"RTM_lmp($/MWh)": 40.37059
		},
		"22:00:00": {
			"DAM_lmp($/MWh)": 39.83866,
			"RTM_lmp($/MWh)": 31.18399
		},
		"23:00:00": {
			"DAM_lmp($/MWh)": 31.61965,
			"RTM_lmp($/MWh)": 33.04907
		}
	},
	"2023-05-23": {
		"00:00:00": {
			"DAM_lmp($/MWh)": 29.61738,
			"RTM_lmp($/MWh)": 28.52812
		},
		"01:00:00": {
			"DAM_lmp($/MWh)": 25.89672,
			"RTM_lmp($/MWh)": 24.98233
		},
		"02:00:00": {
			"DAM_lmp($/MWh)": 24.60563,
			"RTM_lmp($/MWh)": 20.69171
		},
		"03:00:00": {
			"DAM_lmp($/MWh)": 22.7816,
			"RTM_lmp($/MWh)": 22.78629
		},
		"04:00:00": {
			"DAM_lmp($/MWh)": 26.50646,
			"RTM_lmp($/MWh)": 20.19503
		},
		"05:00:00": {
			"DAM_lmp($/MWh)": 34.43534,
			"RTM_lmp($/MWh)": 30.81135
		},
		"06:00:00": {
			"DAM_lmp($/MWh)": 35.48957,
			"RTM_lmp($/MWh)": 72.0
		},
		"07:00:00": {
			"DAM_lmp($/MWh)": 24.63337,
			"RTM_lmp($/MWh)": 18.0208
		},
		"08:00:00": {
			"DAM_lmp($/MWh)": 10.97082,
			"RTM_lmp($/MWh)": 12.8688
		},
		"09:00:00": {
			"DAM_lmp($/MWh)": 9.08842,
			"RTM_lmp($/MWh)": 12.94
		},
		"10:00:00": {
			"DAM_lmp($/MWh)": 6.68614,
			"RTM_lmp($/MWh)": 15.4
		},
		"11:00:00": {
			"DAM_lmp($/MWh)": 4.52555,
			"RTM_lmp($/MWh)": 14.7764
		},
		"12:00:00": {
			"DAM_lmp($/MWh)": 3.46695,
			"RTM_lmp($/MWh)": 14.66028
		},
		"13:00:00": {
			"DAM_lmp($/MWh)": 3.2057,
			"RTM_lmp($/MWh)": 15.01463
		},
		"14:00:00": {
			"DAM_lmp($/MWh)": 4.48828,
			"RTM_lmp($/MWh)": 9.9976
		},
		"15:00:00": {
			"DAM_lmp($/MWh)": 7.27069,
			"RTM_lmp($/MWh)": 4.9988
		},
		"16:00:00": {
			"DAM_lmp($/MWh)": 11.21448,
			"RTM_lmp($/MWh)": 4.95
		},
		"17:00:00": {
			"DAM_lmp($/MWh)": 23.65864,
			"RTM_lmp($/MWh)": 0.0
		},
		"18:00:00": {
			"DAM_lmp($/MWh)": 42.31439,
			"RTM_lmp($/MWh)": 13.9075
		},
		"19:00:00": {
			"DAM_lmp($/MWh)": 62.90208,
			"RTM_lmp($/MWh)": 26.60853
		},
		"20:00:00": {
			"DAM_lmp($/MWh)": 62.76282,
			"RTM_lmp($/MWh)": 40.0
		},
		"21:00:00": {
			"DAM_lmp($/MWh)": 48.45747,
			"RTM_lmp($/MWh)": 40.37059
		},
		"22:00:00": {
			"DAM_lmp($/MWh)": 39.83866,
			"RTM_lmp($/MWh)": 31.18399
		},
		"23:00:00": {
			"DAM_lmp($/MWh)": 31.61965,
			"RTM_lmp($/MWh)": 33.04907
		}
	}
}