{
	"2023-05-22": {
		"00:00:00": {
			"DAM_lmp($/MWh)": 35.07636,
			"RTM_lmp($/MWh)": 27.69148
		},
		"01:00:00": {
			"DAM_lmp($/MWh)": 32.1439,
			"RTM_lmp($/MWh)": 23.95129
		},
		"02:00:00": {
			"DAM_lmp($/MWh)": 32.43862,
			"RTM_lmp($/MWh)": 19.89737
		},
		"03:00:00": {
			"DAM_lmp($/MWh)": 31.3751,
			"RTM_lmp($/MWh)": 5.88051
		},
		"04:00:00": {
			"DAM_lmp($/MWh)": 33.65545,
			"RTM_lmp($/MWh)": 1.30617
		},
		"05:00:00": {
			"DAM_lmp($/MWh)": 36.97534,
			"RTM_lmp($/MWh)": 30.81135
		},
		"06:00:00": {
			"DAM_lmp($/MWh)": 41.11724,
			"RTM_lmp($/MWh)": 72.0
		},
		"07:00:00": {
			"DAM_lmp($/MWh)": 24.28398,
			"RTM_lmp($/MWh)": 18.0208
		},
		"08:00:00": {
			"DAM_lmp($/MWh)": 6.49361,
			"RTM_lmp($/MWh)": 12.8688
		},
		"09:00:00": {
			"DAM_lmp($/MWh)": 3.40247,
			"RTM_lmp($/MWh)": 12.94
		},
		"10:00:00": {
			"DAM_lmp($/MWh)": 3.01243,
			"RTM_lmp($/MWh)": 15.4
		},
		"11:00:00": {
			"DAM_lmp($/MWh)": 1.94484,
			"RTM_lmp($/MWh)": 9.15597
		},
		"12:00:00": {
			"DAM_lmp($/MWh)": -0.12154,
			"RTM_lmp($/MWh)": 13.86576
		},
		"13:00:00": {
			"DAM_lmp($/MWh)": -0.74255,
			"RTM_lmp($/MWh)": 14.02265
		},
		"14:00:00": {
			"DAM_lmp($/MWh)": 0.21938,
			"RTM_lmp($/MWh)": 9.9976
		},
		"15:00:00": {
			"DAM_lmp($/MWh)": 3.13361,
			"RTM_lmp($/MWh)": 4.9988
		},
		"16:00:00": {
			"DAM_lmp($/MWh)": 7.68533,
			"RTM_lmp($/MWh)": 4.95
		},
		"17:00:00": {
			"DAM_lmp($/MWh)": 22.76985,
			"RTM_lmp($/MWh)": 0.0
		},
		"18:00:00": {
			"DAM_lmp($/MWh)": 41.31076,
			"RTM_lmp($/MWh)": 12.97643
		},
		"19:00:00": {
			"DAM_lmp($/MWh)": 61.34439,
			"RTM_lmp($/MWh)": 26.01717
		},
		"20:00:00": {
			"DAM_lmp($/MWh)": 61.93427,
			"RTM_lmp($/MWh)": 40.0
		},
		"21:00:00": {
			"DAM_lmp($/MWh)": 48.34265,
			"RTM_lmp($/MWh)": 40.86992
		},
		"22:00:00": {
			"DAM_lmp($/MWh)": 41.87425,
			"RTM_lmp($/MWh)": 31.13943
		},
		"23:00:00": {
			"DAM_lmp($/MWh)": 37.05016,
			"RTM_lmp($/MWh)": 32.28504
		}
	},
	"2023-05-23": {
		"00:00:00": {
			"DAM_lmp($/MWh)": 35.07636,
			"RTM_lmp($/MWh)": 27.69148
		},
		"01:00:00": {
			"DAM_lmp($/MWh)": 32.1439,
			"RTM_lmp($/MWh)": 23.95129
		},
		"02:00:00": {
			"DAM_lmp($/MWh)": 32.43862,
			"RTM_lmp($/MWh)": 19.89737
		},
		"03:00:00": {
			"DAM_lmp($/MWh)": 31.3751,
			"RTM_lmp($/MWh)": 5.88051
		},
		"04:00:00": {
			"DAM_lmp($/MWh)": 33.65545,
			"RTM_lmp($/MWh)": 1.30617
		},
		"05:00:00": {
			"DAM_lmp($/MWh)": 36.97534,
			"RTM_lmp($/MWh)": 30.81135
		},
		"06:00:00": {
			"DAM_lmp($/MWh)": 41.11724,
			"RTM_lmp($/MWh)": 72.0
		},
		"07:00:00": {
			"DAM_lmp($/MWh)": 24.28398,
			"RTM_lmp($/MWh)": 18.0208
		},
		"08:00:00": {
			"DAM_lmp($/MWh)": 6.49361,
			"RTM_lmp($/MWh)": 12.8688
		},
		"09:00:00": {
			"DAM_lmp($/MWh)": 3.40247,
			"RTM_lmp($/MWh)": 12.94
		},
		"10:00:00": {
			"DAM_lmp($/MWh)": 3.01243,
			"RTM_lmp($/MWh)": 15.4
		},
		"11:00:00": {
			"DAM_lmp($/MWh)": 1.94484,
			"RTM_lmp($/MWh)": 9.15597
		},
		"12:00:00": {
			"DAM_lmp($/MWh)": -0.12154,
			"RTM_lmp($/MWh)": 13.86576
		},
		"13:00:00": {
			"DAM_lmp($/MWh)": -0.74255,
			"RTM_lmp($/MWh)": 14.02265
		},
		"14:00:00": {
			"DAM_lmp($/MWh)": 0.21938,
			"RTM_lmp($/MWh)": 9.9976
		},
		"15:00:00": {
			"DAM_lmp($/MWh)": 3.13361,
			"RTM_lmp($/MWh)": 4.9988
		},
		"16:00:00": {
			"DAM_lmp($/MWh)": 7.68533,
			"RTM_lmp($/MWh)": 4.95
		},
		"17:00:00": {
			"DAM_lmp($/MWh)": 22.76985,
			"RTM_lmp($/MWh)": 0.0
		},
		"18:00:00": {
			"DAM_lmp($/MWh)": 41.31076,
			"RTM_lmp($/MWh)": 12.97643
		},
		"19:00:00": {
			"DAM_lmp($/MWh)": 61.34439,
			"RTM_lmp($/MWh)": 26.01717
		},
		"20:00:00": {
			"DAM_lmp($/MWh)": 61.93427,
			"RTM_lmp($/MWh)": 40.0
		},
		"21:00:00": {
			"DAM_lmp($/MWh)": 48.34265,
			"RTM_lmp($/MWh)": 40.86992
		},
		"22:00:00": {
			"DAM_lmp($/MWh)": 41.87425,
			"RTM_lmp($/MWh)": 31.13943
		},
		"23:00:00": {
			"DAM_lmp($/MWh)": 37.05016,
			"RTM_lmp($/MWh)": 32.28504
		}
	}
}