{
	"2023-05-22": {
		"00:00:00": {
			"DAM_lmp($/MWh)": 30.22604,
			"RTM_lmp($/MWh)": 29.50704
		},
		"01:00:00": {
			"DAM_lmp($/MWh)": 26.44496,
			"RTM_lmp($/MWh)": 25.75128
		},
		"02:00:00": {
			"DAM_lmp($/MWh)": 25.11195,
			"RTM_lmp($/MWh)": 21.34647
		},
		"03:00:00": {
			"DAM_lmp($/MWh)": 23.27265,
			"RTM_lmp($/MWh)": 23.82497
		},
		"04:00:00": {
			"DAM_lmp($/MWh)": 27.0279,
			"RTM_lmp($/MWh)": 20.89164
		},
		"05:00:00": {
			"DAM_lmp($/MWh)": 35.12809,
			"RTM_lmp($/MWh)": 30.81135
		},
		"06:00:00": {
			"DAM_lmp($/MWh)": 36.49687,
			"RTM_lmp($/MWh)": 72.0
		},
		"07:00:00": {
			"DAM_lmp($/MWh)": 25.88083,
			"RTM_lmp($/MWh)": 18.0208
		},
		"08:00:00": {
			"DAM_lmp($/MWh)": 13.58508,
			"RTM_lmp($/MWh)": 12.8688
		},
		"09:00:00": {
			"DAM_lmp($/MWh)": 10.8836,
			"RTM_lmp($/MWh)": 12.94
		},
		"10:00:00": {
			"DAM_lmp($/MWh)": 6.28005,
			"RTM_lmp($/MWh)": 15.4
		},
		"11:00:00": {
			"DAM_lmp($/MWh)": 6.08572,
			"RTM_lmp($/MWh)": 14.7764
		},
		"12:00:00": {
			"DAM_lmp($/MWh)": 4.02421,
			"RTM_lmp($/MWh)": 15.75045
		},
		"13:00:00": {
			"DAM_lmp($/MWh)": 3.66037,
			"RTM_lmp($/MWh)": 16.10706
		},
		"14:00:00": {
			"DAM_lmp($/MWh)": 4.74908,
			"RTM_lmp($/MWh)": 9.9976
		},
		"15:00:00": {
			"DAM_lmp($/MWh)": 7.68182,
			"RTM_lmp($/MWh)": 4.9988
		},
		"16:00:00": {
			"DAM_lmp($/MWh)": 11.94156,
			"RTM_lmp($/MWh)": 4.95
		},
		"17:00:00": {
			"DAM_lmp($/MWh)": 24.89596,
			"RTM_lmp($/MWh)": 0.0
		},
		"18:00:00": {
			"DAM_lmp($/MWh)": 43.76942,
			"RTM_lmp($/MWh)": 14.65292
		},
		"19:00:00": {
			"DAM_lmp($/MWh)": 64.64074,
			"RTM_lmp($/MWh)": 27.72799
		},
		"20:00:00": {
			"DAM_lmp($/MWh)": 64.60117,
			"RTM_lmp($/MWh)": 40.0
		},
		"21:00:00": {
			"DAM_lmp($/MWh)": 50.03994,
			"RTM_lmp($/MWh)": 42.25883
		},
		"22:00:00": {
			"DAM_lmp($/MWh)": 40.74619,
			"RTM_lmp($/MWh)": 32.32681
		},
		"23:00:00": {
			"DAM_lmp($/MWh)": 32.30745,
			"RTM_lmp($/MWh)": 34.0423
		}
	},
	"2023-05-23": {
		"00:00:00": {
			"DAM_lmp($/MWh)": 30.22604,
			"RTM_lmp($/MWh)": 29.50704
		},
		"01:00:00": {
			"DAM_lmp($/MWh)": 26.44496,
			"RTM_lmp($/MWh)": 25.75128
		},
		"02:00:00": {
			"DAM_lmp($/MWh)": 25.11195,
			"RTM_lmp($/MWh)": 21.34647
		},
		"03:00:00": {
			"DAM_lmp($/MWh)": 23.27265,
			"RTM_lmp($/MWh)": 23.82497
		},
		"04:00:00": {
			"DAM_lmp($/MWh)": 27.0279,
			"RTM_lmp($/MWh)": 20.89164
		},
		"05:00:00": {
			"DAM_lmp($/MWh)": 35.12809,
			"RTM_lmp($/MWh)": 30.81135
		},
		"06:00:00": {
			"DAM_lmp($/MWh)": 36.49687,
			"RTM_lmp($/MWh)": 72.0
		},
		"07:00:00": {
			"DAM_lmp($/MWh)": 25.88083,
			"RTM_lmp($/MWh)": 18.0208
		},
		"08:00:00": {
			"DAM_lmp($/MWh)": 13.58508,
			"RTM_lmp($/MWh)": 12.8688
		},
		"09:00:00": {
			"DAM_lmp($/MWh)": 10.8836,
			"RTM_lmp($/MWh)": 12.94
		},
		"10:00:00": {
			"DAM_lmp($/MWh)": 6.28005,
			"RTM_lmp($/MWh)": 15.4
		},
		"11:00:00": {
			"DAM_lmp($/MWh)": 6.08572,
			"RTM_lmp($/MWh)": 14.7764
		},
		"12:00:00": {
			"DAM_lmp($/MWh)": 4.02421,
			"RTM_lmp($/MWh)": 15.75045
		},
		"13:00:00": {
			"DAM_lmp($/MWh)": 3.66037,
			"RTM_lmp($/MWh)": 16.10706
		},
		"14:00:00": {
			"DAM_lmp($/MWh)": 4.74908,
			"RTM_lmp($/MWh)": 9.9976
		},
		"15:00:00": {
			"DAM_lmp($/MWh)": 7.68182,
			"RTM_lmp($/MWh)": 4.9988
		},
		"16:00:00": {
			"DAM_lmp($/MWh)": 11.94156,
			"RTM_lmp($/MWh)": 4.95
		},
		"17:00:00": {
			"DAM_lmp($/MWh)": 24.89596,
			"RTM_lmp($/MWh)": 0.0
		},
		"18:00:00": {
			"DAM_lmp($/MWh)": 43.76942,
			"RTM_lmp($/MWh)": 14.65292
		},
		"19:00:00": {
			"DAM_lmp($/MWh)": 64.64074,
			"RTM_lmp($/MWh)": 27.72799
		},
		"20:00:00": {
			"DAM_lmp($/MWh)": 64.60117,
			"RTM_lmp($/MWh)": 40.0
		},
		"21:00:00": {
			"DAM_lmp($/MWh)": 50.03994,
			"RTM_lmp($/MWh)": 42.25883
		},
		"22:00:00": {
			"DAM_lmp($/MWh)": 40.74619,
			"RTM_lmp($/MWh)": 32.32681
		},
		"23:00:00": {
			"DAM_lmp($/MWh)": 32.30745,
			"RTM_lmp($/MWh)": 34.0423
		}
	}
}