{
	"2023-05-22": {
		"00:00:00": {
			"DAM_lmp($/MWh)": 29.57306,
			"RTM_lmp($/MWh)": 28.54235
		},
		"01:00:00": {
			"DAM_lmp($/MWh)": 25.85793,
			"RTM_lmp($/MWh)": 24.93782
		},
		"02:00:00": {
			"DAM_lmp($/MWh)": 24.57122,
			"RTM_lmp($/MWh)": 20.63218
		},
		"03:00:00": {
			"DAM_lmp($/MWh)": 22.74977,
			"RTM_lmp($/MWh)": 22.91177
		},
		"04:00:00": {
			"DAM_lmp($/MWh)": 26.50119,
			"RTM_lmp($/MWh)": 20.2598
		},
		"05:00:00": {
			"DAM_lmp($/MWh)": 34.45934,
			"RTM_lmp($/MWh)": 30.81135
		},
		"06:00:00": {
			"DAM_lmp($/MWh)": 35.75578,
			"RTM_lmp($/MWh)": 72.0
		},
		"07:00:00": {
			"DAM_lmp($/MWh)": 25.13287,
			"RTM_lmp($/MWh)": 18.0208
		},
		"08:00:00": {
			"DAM_lmp($/MWh)": 11.78593,
			"RTM_lmp($/MWh)": 12.8688
		},
		"09:00:00": {
			"DAM_lmp($/MWh)": 9.68494,
			"RTM_lmp($/MWh)": 12.94
		},
		"10:00:00": {
			"DAM_lmp($/MWh)": 7.06389,
			"RTM_lmp($/MWh)": 15.4
		},
		"11:00:00": {
			"DAM_lmp($/MWh)": 4.94943,
			"RTM_lmp($/MWh)": 14.7764
		},
		"12:00:00": {
			"DAM_lmp($/MWh)": 3.65168,
			"RTM_lmp($/MWh)": 15.10528
		},
		"13:00:00": {
			"DAM_lmp($/MWh)": 3.44173,
			"RTM_lmp($/MWh)": 15.4133
		},
		"14:00:00": {
			"DAM_lmp($/MWh)": 4.60012,
			"RTM_lmp($/MWh)": 9.9976
		},
		"15:00:00": {
			"DAM_lmp($/MWh)": 7.40722,
			"RTM_lmp($/MWh)": 4.9988
		},
		"16:00:00": {
			"DAM_lmp($/MWh)": 11.49044,
			"RTM_lmp($/MWh)": 4.95
		},
		"17:00:00": {
			"DAM_lmp($/MWh)": 24.12917,
			"RTM_lmp($/MWh)": 0.0
		},
		"18:00:00": {
			"DAM_lmp($/MWh)": 42.7393,
			"RTM_lmp($/MWh)": 14.07315
		},
		"19:00:00": {
			"DAM_lmp($/MWh)": 63.09699,
			"RTM_lmp($/MWh)": 26.7158
		},
		"20:00:00": {
			"DAM_lmp($/MWh)": 63.70695,
			"RTM_lmp($/MWh)": 40.0
		},
		"21:00:00": {
			"DAM_lmp($/MWh)": 49.08935,
			"RTM_lmp($/MWh)": 40.55941
		},
		"22:00:00": {
			"DAM_lmp($/MWh)": 40.24699,
			"RTM_lmp($/MWh)": 31.24766
		},
		"23:00:00": {
			"DAM_lmp($/MWh)": 31.63867,
			"RTM_lmp($/MWh)": 33.00589
		}
	},
	"2023-05-23": {
		"00:00:00": {
			"DAM_lmp($/MWh)": 29.57306,
			"RTM_lmp($/MWh)": 28.54235
		},
		"01:00:00": {
			"DAM_lmp($/MWh)": 25.85793,
			"RTM_lmp($/MWh)": 24.93782
		},
		"02:00:00": {
			"DAM_lmp($/MWh)": 24.57122,
			"RTM_lmp($/MWh)": 20.63218
		},
		"03:00:00": {
			"DAM_lmp($/MWh)": 22.74977,
			"RTM_lmp($/MWh)": 22.91177
		},
		"04:00:00": {
			"DAM_lmp($/MWh)": 26.50119,
			"RTM_lmp($/MWh)": 20.2598
		},
		"05:00:00": {
			"DAM_lmp($/MWh)": 34.45934,
			"RTM_lmp($/MWh)": 30.81135
		},
		"06:00:00": {
			"DAM_lmp($/MWh)": 35.75578,
			"RTM_lmp($/MWh)": 72.0
		},
		"07:00:00": {
			"DAM_lmp($/MWh)": 25.13287,
			"RTM_lmp($/MWh)": 18.0208
		},
		"08:00:00": {
			"DAM_lmp($/MWh)": 11.78593,
			"RTM_lmp($/MWh)": 12.8688
		},
		"09:00:00": {
			"DAM_lmp($/MWh)": 9.68494,
			"RTM_lmp($/MWh)": 12.94
		},
		"10:00:00": {
			"DAM_lmp($/MWh)": 7.06389,
			"RTM_lmp($/MWh)": 15.4
		},
		"11:00:00": {
			"DAM_lmp($/MWh)": 4.94943,
			"RTM_lmp($/MWh)": 14.7764
		},
		"12:00:00": {
			"DAM_lmp($/MWh)": 3.65168,
			"RTM_lmp($/MWh)": 15.10528
		},
		"13:00:00": {
			"DAM_lmp($/MWh)": 3.44173,
			"RTM_lmp($/MWh)": 15.4133
		},
		"14:00:00": {
			"DAM_lmp($/MWh)": 4.60012,
			"RTM_lmp($/MWh)": 9.9976
		},
		"15:00:00": {
			"DAM_lmp($/MWh)": 7.40722,
			"RTM_lmp($/MWh)": 4.9988
		},
		"16:00:00": {
			"DAM_lmp($/MWh)": 11.49044,
			"RTM_lmp($/MWh)": 4.95
		},
		"17:00:00": {
			"DAM_lmp($/MWh)": 24.12917,
			"RTM_lmp($/MWh)": 0.0
		},
		"18:00:00": {
			"DAM_lmp($/MWh)": 42.7393,
			"RTM_lmp($/MWh)": 14.07315
		},
		"19:00:00": {
			"DAM_lmp($/MWh)": 63.09699,
			"RTM_lmp($/MWh)": 26.7158
		},
		"20:00:00": {
			"DAM_lmp($/MWh)": 63.70695,
			"RTM_lmp($/MWh)": 40.0
		},
		"21:00:00": {
			"DAM_lmp($/MWh)": 49.08935,
			"RTM_lmp($/MWh)": 40.55941
		},
		"22:00:00": {
			"DAM_lmp($/MWh)": 40.24699,
			"RTM_lmp($/MWh)": 31.24766
		},
		"23:00:00": {
			"DAM_lmp($/MWh)": 31.63867,
			"RTM_lmp($/MWh)": 33.00589
		}
	}
}