{
	"2023-05-22": {
		"00:00:00": {
			"DAM_lmp($/MWh)": 26.79985,
			"RTM_lmp($/MWh)": 27.71994
		},
		"01:00:00": {
			"DAM_lmp($/MWh)": 22.8014,
			"RTM_lmp($/MWh)": 23.94634
		},
		"02:00:00": {
			"DAM_lmp($/MWh)": 20.84567,
			"RTM_lmp($/MWh)": 19.86043
		},
		"03:00:00": {
			"DAM_lmp($/MWh)": 18.70471,
			"RTM_lmp($/MWh)": 7.14695
		},
		"04:00:00": {
			"DAM_lmp($/MWh)": 22.61405,
			"RTM_lmp($/MWh)": 2.07816
		},
		"05:00:00": {
			"DAM_lmp($/MWh)": 32.31952,
			"RTM_lmp($/MWh)": 30.81135
		},
		"06:00:00": {
			"DAM_lmp($/MWh)": 33.32688,
			"RTM_lmp($/MWh)": 72.0
		},
		"07:00:00": {
			"DAM_lmp($/MWh)": 26.54596,
			"RTM_lmp($/MWh)": 18.0208
		},
		"08:00:00": {
			"DAM_lmp($/MWh)": 17.37523,
			"RTM_lmp($/MWh)": 12.8688
		},
		"09:00:00": {
			"DAM_lmp($/MWh)": 14.99185,
			"RTM_lmp($/MWh)": 12.94
		},
		"10:00:00": {
			"DAM_lmp($/MWh)": 10.4002,
			"RTM_lmp($/MWh)": 15.4
		},
		"11:00:00": {
			"DAM_lmp($/MWh)": 8.40131,
			"RTM_lmp($/MWh)": 14.7764
		},
		"12:00:00": {
			"DAM_lmp($/MWh)": 6.43761,
			"RTM_lmp($/MWh)": 15.29776
		},
		"13:00:00": {
			"DAM_lmp($/MWh)": 6.28428,
			"RTM_lmp($/MWh)": 15.50434
		},
		"14:00:00": {
			"DAM_lmp($/MWh)": 7.54579,
			"RTM_lmp($/MWh)": 9.9976
		},
		"15:00:00": {
			"DAM_lmp($/MWh)": 10.60655,
			"RTM_lmp($/MWh)": 4.9988
		},
		"16:00:00": {
			"DAM_lmp($/MWh)": 14.77974,
			"RTM_lmp($/MWh)": 4.95
		},
		"17:00:00": {
			"DAM_lmp($/MWh)": 25.93413,
			"RTM_lmp($/MWh)": 0.0
		},
		"18:00:00": {
			"DAM_lmp($/MWh)": 45.38223,
			"RTM_lmp($/MWh)": 14.34876
		},
		"19:00:00": {
			"DAM_lmp($/MWh)": 67.23904,
			"RTM_lmp($/MWh)": 28.04155
		},
		"20:00:00": {
			"DAM_lmp($/MWh)": 67.0221,
			"RTM_lmp($/MWh)": 40.0
		},
		"21:00:00": {
			"DAM_lmp($/MWh)": 51.46765,
			"RTM_lmp($/MWh)": 42.498
		},
		"22:00:00": {
			"DAM_lmp($/MWh)": 39.97959,
			"RTM_lmp($/MWh)": 31.94163
		},
		"23:00:00": {
			"DAM_lmp($/MWh)": 29.50234,
			"RTM_lmp($/MWh)": 32.87966
		}
	},
	"2023-05-23": {
		"00:00:00": {
			"DAM_lmp($/MWh)": 26.79985,
			"RTM_lmp($/MWh)": 27.71994
		},
		"01:00:00": {
			"DAM_lmp($/MWh)": 22.8014,
			"RTM_lmp($/MWh)": 23.94634
		},
		"02:00:00": {
			"DAM_lmp($/MWh)": 20.84567,
			"RTM_lmp($/MWh)": 19.86043
		},
		"03:00:00": {
			"DAM_lmp($/MWh)": 18.70471,
			"RTM_lmp($/MWh)": 7.14695
		},
		"04:00:00": {
			"DAM_lmp($/MWh)": 22.61405,
			"RTM_lmp($/MWh)": 2.07816
		},
		"05:00:00": {
			"DAM_lmp($/MWh)": 32.31952,
			"RTM_lmp($/MWh)": 30.81135
		},
		"06:00:00": {
			"DAM_lmp($/MWh)": 33.32688,
			"RTM_lmp($/MWh)": 72.0
		},
		"07:00:00": {
			"DAM_lmp($/MWh)": 26.54596,
			"RTM_lmp($/MWh)": 18.0208
		},
		"08:00:00": {
			"DAM_lmp($/MWh)": 17.37523,
			"RTM_lmp($/MWh)": 12.8688
		},
		"09:00:00": {
			"DAM_lmp($/MWh)": 14.99185,
			"RTM_lmp($/MWh)": 12.94
		},
		"10:00:00": {
			"DAM_lmp($/MWh)": 10.4002,
			"RTM_lmp($/MWh)": 15.4
		},
		"11:00:00": {
			"DAM_lmp($/MWh)": 8.40131,
			"RTM_lmp($/MWh)": 14.7764
		},
		"12:00:00": {
			"DAM_lmp($/MWh)": 6.43761,
			"RTM_lmp($/MWh)": 15.29776
		},
		"13:00:00": {
			"DAM_lmp($/MWh)": 6.28428,
			"RTM_lmp($/MWh)": 15.50434
		},
		"14:00:00": {
			"DAM_lmp($/MWh)": 7.54579,
			"RTM_lmp($/MWh)": 9.9976
		},
		"15:00:00": {
			"DAM_lmp($/MWh)": 10.60655,
			"RTM_lmp($/MWh)": 4.9988
		},
		"16:00:00": {
			"DAM_lmp($/MWh)": 14.77974,
			"RTM_lmp($/MWh)": 4.95
		},
		"17:00:00": {
			"DAM_lmp($/MWh)": 25.93413,
			"RTM_lmp($/MWh)": 0.0
		},
		"18:00:00": {
			"DAM_lmp($/MWh)": 45.38223,
			"RTM_lmp($/MWh)": 14.34876
		},
		"19:00:00": {
			"DAM_lmp($/MWh)": 67.23904,
			"RTM_lmp($/MWh)": 28.04155
		},
		"20:00:00": {
			"DAM_lmp($/MWh)": 67.0221,
			"RTM_lmp($/MWh)": 40.0
		},
		"21:00:00": {
			"DAM_lmp($/MWh)": 51.46765,
			"RTM_lmp($/MWh)": 42.498
		},
		"22:00:00": {
			"DAM_lmp($/MWh)": 39.97959,
			"RTM_lmp($/MWh)": 31.94163
		},
		"23:00:00": {
			"DAM_lmp($/MWh)": 29.50234,
			"RTM_lmp($/MWh)": 32.87966
		}
	}
}