{
	"2023-05-22": {
		"00:00:00": {
			"DAM_lmp($/MWh)": 29.20964,
			"RTM_lmp($/MWh)": 28.59926
		},
		"01:00:00": {
			"DAM_lmp($/MWh)": 25.67949,
			"RTM_lmp($/MWh)": 24.89085
		},
		"02:00:00": {
			"DAM_lmp($/MWh)": 24.8465,
			"RTM_lmp($/MWh)": 20.83539
		},
		"03:00:00": {
			"DAM_lmp($/MWh)": 23.02939,
			"RTM_lmp($/MWh)": 23.7827
		},
		"04:00:00": {
			"DAM_lmp($/MWh)": 26.74875,
			"RTM_lmp($/MWh)": 20.91018
		},
		"05:00:00": {
			"DAM_lmp($/MWh)": 34.74742,
			"RTM_lmp($/MWh)": 30.81135
		},
		"06:00:00": {
			"DAM_lmp($/MWh)": 36.25944,
			"RTM_lmp($/MWh)": 72.0
		},
		"07:00:00": {
			"DAM_lmp($/MWh)": 25.78248,
			"RTM_lmp($/MWh)": 18.0208
		},
		"08:00:00": {
			"DAM_lmp($/MWh)": 14.89512,
			"RTM_lmp($/MWh)": 12.8688
		},
		"09:00:00": {
			"DAM_lmp($/MWh)": 31.46002,
			"RTM_lmp($/MWh)": 12.94
		},
		"10:00:00": {
			"DAM_lmp($/MWh)": 30.44029,
			"RTM_lmp($/MWh)": 15.4
		},
		"11:00:00": {
			"DAM_lmp($/MWh)": 32.76611,
			"RTM_lmp($/MWh)": 14.7764
		},
		"12:00:00": {
			"DAM_lmp($/MWh)": 30.25746,
			"RTM_lmp($/MWh)": 127.0454
		},
		"13:00:00": {
			"DAM_lmp($/MWh)": 26.98742,
			"RTM_lmp($/MWh)": 86.90053
		},
		"14:00:00": {
			"DAM_lmp($/MWh)": 26.49849,
			"RTM_lmp($/MWh)": 99.9976
		},
		"15:00:00": {
			"DAM_lmp($/MWh)": 26.23467,
			"RTM_lmp($/MWh)": 88.71722
		},
		"16:00:00": {
			"DAM_lmp($/MWh)": 17.89433,
			"RTM_lmp($/MWh)": 88.56628
		},
		"17:00:00": {
			"DAM_lmp($/MWh)": 24.50759,
			"RTM_lmp($/MWh)": 0.0
		},
		"18:00:00": {
			"DAM_lmp($/MWh)": 43.01561,
			"RTM_lmp($/MWh)": 14.42301
		},
		"19:00:00": {
			"DAM_lmp($/MWh)": 63.28342,
			"RTM_lmp($/MWh)": 27.51345
		},
		"20:00:00": {
			"DAM_lmp($/MWh)": 63.13826,
			"RTM_lmp($/MWh)": 40.0
		},
		"21:00:00": {
			"DAM_lmp($/MWh)": 48.68211,
			"RTM_lmp($/MWh)": 41.58745
		},
		"22:00:00": {
			"DAM_lmp($/MWh)": 39.42725,
			"RTM_lmp($/MWh)": 31.41001
		},
		"23:00:00": {
			"DAM_lmp($/MWh)": 31.01109,
			"RTM_lmp($/MWh)": 33.05904
		}
	},
	"2023-05-23": {
		"00:00:00": {
			"DAM_lmp($/MWh)": 29.20964,
			"RTM_lmp($/MWh)": 28.59926
		},
		"01:00:00": {
			"DAM_lmp($/MWh)": 25.67949,
			"RTM_lmp($/MWh)": 24.89085
		},
		"02:00:00": {
			"DAM_lmp($/MWh)": 24.8465,
			"RTM_lmp($/MWh)": 20.83539
		},
		"03:00:00": {
			"DAM_lmp($/MWh)": 23.02939,
			"RTM_lmp($/MWh)": 23.7827
		},
		"04:00:00": {
			"DAM_lmp($/MWh)": 26.74875,
			"RTM_lmp($/MWh)": 20.91018
		},
		"05:00:00": {
			"DAM_lmp($/MWh)": 34.74742,
			"RTM_lmp($/MWh)": 30.81135
		},
		"06:00:00": {
			"DAM_lmp($/MWh)": 36.25944,
			"RTM_lmp($/MWh)": 72.0
		},
		"07:00:00": {
			"DAM_lmp($/MWh)": 25.78248,
			"RTM_lmp($/MWh)": 18.0208
		},
		"08:00:00": {
			"DAM_lmp($/MWh)": 14.89512,
			"RTM_lmp($/MWh)": 12.8688
		},
		"09:00:00": {
			"DAM_lmp($/MWh)": 31.46002,
			"RTM_lmp($/MWh)": 12.94
		},
		"10:00:00": {
			"DAM_lmp($/MWh)": 30.44029,
			"RTM_lmp($/MWh)": 15.4
		},
		"11:00:00": {
			"DAM_lmp($/MWh)": 32.76611,
			"RTM_lmp($/MWh)": 14.7764
		},
		"12:00:00": {
			"DAM_lmp($/MWh)": 30.25746,
			"RTM_lmp($/MWh)": 127.0454
		},
		"13:00:00": {
			"DAM_lmp($/MWh)": 26.98742,
			"RTM_lmp($/MWh)": 86.90053
		},
		"14:00:00": {
			"DAM_lmp($/MWh)": 26.49849,
			"RTM_lmp($/MWh)": 99.9976
		},
		"15:00:00": {
			"DAM_lmp($/MWh)": 26.23467,
			"RTM_lmp($/MWh)": 88.71722
		},
		"16:00:00": {
			"DAM_lmp($/MWh)": 17.89433,
			"RTM_lmp($/MWh)": 88.56628
		},
		"17:00:00": {
			"DAM_lmp($/MWh)": 24.50759,
			"RTM_lmp($/MWh)": 0.0
		},
		"18:00:00": {
			"DAM_lmp($/MWh)": 43.01561,
			"RTM_lmp($/MWh)": 14.42301
		},
		"19:00:00": {
			"DAM_lmp($/MWh)": 63.28342,
			"RTM_lmp($/MWh)": 27.51345
		},
		"20:00:00": {
			"DAM_lmp($/MWh)": 63.13826,
			"RTM_lmp($/MWh)": 40.0
		},
		"21:00:00": {
			"DAM_lmp($/MWh)": 48.68211,
			"RTM_lmp($/MWh)": 41.58745
		},
		"22:00:00": {
			"DAM_lmp($/MWh)": 39.42725,
			"RTM_lmp($/MWh)": 31.41001
		},
		"23:00:00": {
			"DAM_lmp($/MWh)": 31.01109,
			"RTM_lmp($/MWh)": 33.05904
		}
	}
}