{
	"2023-05-22": {
		"00:00:00": {
			"DAM_lmp($/MWh)": 34.67299,
			"RTM_lmp($/MWh)": 28.11834
		},
		"01:00:00": {
			"DAM_lmp($/MWh)": 29.14574,
			"RTM_lmp($/MWh)": 24.12189
		},
		"02:00:00": {
			"DAM_lmp($/MWh)": 28.67896,
			"RTM_lmp($/MWh)": 19.68801
		},
		"03:00:00": {
			"DAM_lmp($/MWh)": 25.37117,
			"RTM_lmp($/MWh)": 7.12695
		},
		"04:00:00": {
			"DAM_lmp($/MWh)": 26.48072,
			"RTM_lmp($/MWh)": 2.01733
		},
		"05:00:00": {
			"DAM_lmp($/MWh)": 33.1083,
			"RTM_lmp($/MWh)": 30.81135
		},
		"06:00:00": {
			"DAM_lmp($/MWh)": 32.77508,
			"RTM_lmp($/MWh)": 72.0
		},
		"07:00:00": {
			"DAM_lmp($/MWh)": 25.65825,
			"RTM_lmp($/MWh)": 18.0208
		},
		"08:00:00": {
			"DAM_lmp($/MWh)": 17.0027,
			"RTM_lmp($/MWh)": 12.8688
		},
		"09:00:00": {
			"DAM_lmp($/MWh)": 14.74358,
			"RTM_lmp($/MWh)": 12.94
		},
		"10:00:00": {
			"DAM_lmp($/MWh)": 9.98935,
			"RTM_lmp($/MWh)": 15.4
		},
		"11:00:00": {
			"DAM_lmp($/MWh)": 8.26583,
			"RTM_lmp($/MWh)": 14.7764
		},
		"12:00:00": {
			"DAM_lmp($/MWh)": 6.31644,
			"RTM_lmp($/MWh)": 15.24848
		},
		"13:00:00": {
			"DAM_lmp($/MWh)": 6.10029,
			"RTM_lmp($/MWh)": 15.60008
		},
		"14:00:00": {
			"DAM_lmp($/MWh)": 7.26124,
			"RTM_lmp($/MWh)": 9.9976
		},
		"15:00:00": {
			"DAM_lmp($/MWh)": 10.40512,
			"RTM_lmp($/MWh)": 4.9988
		},
		"16:00:00": {
			"DAM_lmp($/MWh)": 14.75432,
			"RTM_lmp($/MWh)": 4.95
		},
		"17:00:00": {
			"DAM_lmp($/MWh)": 26.61877,
			"RTM_lmp($/MWh)": 0.0
		},
		"18:00:00": {
			"DAM_lmp($/MWh)": 48.77484,
			"RTM_lmp($/MWh)": 14.49441
		},
		"19:00:00": {
			"DAM_lmp($/MWh)": 72.84283,
			"RTM_lmp($/MWh)": 28.50914
		},
		"20:00:00": {
			"DAM_lmp($/MWh)": 73.42846,
			"RTM_lmp($/MWh)": 40.0
		},
		"21:00:00": {
			"DAM_lmp($/MWh)": 57.30803,
			"RTM_lmp($/MWh)": 43.46311
		},
		"22:00:00": {
			"DAM_lmp($/MWh)": 45.07425,
			"RTM_lmp($/MWh)": 32.43823
		},
		"23:00:00": {
			"DAM_lmp($/MWh)": 32.93627,
			"RTM_lmp($/MWh)": 33.10886
		}
	},
	"2023-05-23": {
		"00:00:00": {
			"DAM_lmp($/MWh)": 34.67299,
			"RTM_lmp($/MWh)": 28.11834
		},
		"01:00:00": {
			"DAM_lmp($/MWh)": 29.14574,
			"RTM_lmp($/MWh)": 24.12189
		},
		"02:00:00": {
			"DAM_lmp($/MWh)": 28.67896,
			"RTM_lmp($/MWh)": 19.68801
		},
		"03:00:00": {
			"DAM_lmp($/MWh)": 25.37117,
			"RTM_lmp($/MWh)": 7.12695
		},
		"04:00:00": {
			"DAM_lmp($/MWh)": 26.48072,
			"RTM_lmp($/MWh)": 2.01733
		},
		"05:00:00": {
			"DAM_lmp($/MWh)": 33.1083,
			"RTM_lmp($/MWh)": 30.81135
		},
		"06:00:00": {
			"DAM_lmp($/MWh)": 32.77508,
			"RTM_lmp($/MWh)": 72.0
		},
		"07:00:00": {
			"DAM_lmp($/MWh)": 25.65825,
			"RTM_lmp($/MWh)": 18.0208
		},
		"08:00:00": {
			"DAM_lmp($/MWh)": 17.0027,
			"RTM_lmp($/MWh)": 12.8688
		},
		"09:00:00": {
			"DAM_lmp($/MWh)": 14.74358,
			"RTM_lmp($/MWh)": 12.94
		},
		"10:00:00": {
			"DAM_lmp($/MWh)": 9.98935,
			"RTM_lmp($/MWh)": 15.4
		},
		"11:00:00": {
			"DAM_lmp($/MWh)": 8.26583,
			"RTM_lmp($/MWh)": 14.7764
		},
		"12:00:00": {
			"DAM_lmp($/MWh)": 6.31644,
			"RTM_lmp($/MWh)": 15.24848
		},
		"13:00:00": {
			"DAM_lmp($/MWh)": 6.10029,
			"RTM_lmp($/MWh)": 15.60008
		},
		"14:00:00": {
			"DAM_lmp($/MWh)": 7.26124,
			"RTM_lmp($/MWh)": 9.9976
		},
		"15:00:00": {
			"DAM_lmp($/MWh)": 10.40512,
			"RTM_lmp($/MWh)": 4.9988
		},
		"16:00:00": {
			"DAM_lmp($/MWh)": 14.75432,
			"RTM_lmp($/MWh)": 4.95
		},
		"17:00:00": {
			"DAM_lmp($/MWh)": 26.61877,
			"RTM_lmp($/MWh)": 0.0
		},
		"18:00:00": {
			"DAM_lmp($/MWh)": 48.77484,
			"RTM_lmp($/MWh)": 14.49441
		},
		"19:00:00": {
			"DAM_lmp($/MWh)": 72.84283,
			"RTM_lmp($/MWh)": 28.50914
		},
		"20:00:00": {
			"DAM_lmp($/MWh)": 73.42846,
			"RTM_lmp($/MWh)": 40.0
		},
		"21:00:00": {
			"DAM_lmp($/MWh)": 57.30803,
			"RTM_lmp($/MWh)": 43.46311
		},
		"22:00:00": {
			"DAM_lmp($/MWh)": 45.07425,
			"RTM_lmp($/MWh)": 32.43823
		},
		"23:00:00": {
			"DAM_lmp($/MWh)": 32.93627,
			"RTM_lmp($/MWh)": 33.10886
		}
	}
}