{
	"2023-05-22": {
		"00:00:00": {
			"DAM_lmp($/MWh)": 24.04084,
			"RTM_lmp($/MWh)": 24.48438
		},
		"01:00:00": {
			"DAM_lmp($/MWh)": 20.63894,
			"RTM_lmp($/MWh)": 21.03866
		},
		"02:00:00": {
			"DAM_lmp($/MWh)": 18.68502,
			"RTM_lmp($/MWh)": 17.59852
		},
		"03:00:00": {
			"DAM_lmp($/MWh)": 16.71691,
			"RTM_lmp($/MWh)": 6.34933
		},
		"04:00:00": {
			"DAM_lmp($/MWh)": 20.4106,
			"RTM_lmp($/MWh)": 1.34349
		},
		"05:00:00": {
			"DAM_lmp($/MWh)": 29.26908,
			"RTM_lmp($/MWh)": 30.81135
		},
		"06:00:00": {
			"DAM_lmp($/MWh)": 30.37276,
			"RTM_lmp($/MWh)": 72.0
		},
		"07:00:00": {
			"DAM_lmp($/MWh)": 24.68254,
			"RTM_lmp($/MWh)": 18.0208
		},
		"08:00:00": {
			"DAM_lmp($/MWh)": 14.89978,
			"RTM_lmp($/MWh)": 12.8688
		},
		"09:00:00": {
			"DAM_lmp($/MWh)": 12.49124,
			"RTM_lmp($/MWh)": 12.94
		},
		"10:00:00": {
			"DAM_lmp($/MWh)": 7.14991,
			"RTM_lmp($/MWh)": 15.4
		},
		"11:00:00": {
			"DAM_lmp($/MWh)": 5.31325,
			"RTM_lmp($/MWh)": 14.7764
		},
		"12:00:00": {
			"DAM_lmp($/MWh)": 3.72845,
			"RTM_lmp($/MWh)": 14.15832
		},
		"13:00:00": {
			"DAM_lmp($/MWh)": 3.47829,
			"RTM_lmp($/MWh)": 14.5155
		},
		"14:00:00": {
			"DAM_lmp($/MWh)": 4.57109,
			"RTM_lmp($/MWh)": 9.9976
		},
		"15:00:00": {
			"DAM_lmp($/MWh)": 8.96882,
			"RTM_lmp($/MWh)": 4.9988
		},
		"16:00:00": {
			"DAM_lmp($/MWh)": 12.75612,
			"RTM_lmp($/MWh)": 4.95
		},
		"17:00:00": {
			"DAM_lmp($/MWh)": 23.63623,
			"RTM_lmp($/MWh)": 0.0
		},
		"18:00:00": {
			"DAM_lmp($/MWh)": 41.31953,
			"RTM_lmp($/MWh)": 12.52517
		},
		"19:00:00": {
			"DAM_lmp($/MWh)": 60.31024,
			"RTM_lmp($/MWh)": 23.60221
		},
		"20:00:00": {
			"DAM_lmp($/MWh)": 60.87916,
			"RTM_lmp($/MWh)": 40.0
		},
		"21:00:00": {
			"DAM_lmp($/MWh)": 46.38578,
			"RTM_lmp($/MWh)": 35.77587
		},
		"22:00:00": {
			"DAM_lmp($/MWh)": 36.13324,
			"RTM_lmp($/MWh)": 27.08385
		},
		"23:00:00": {
			"DAM_lmp($/MWh)": 26.71724,
			"RTM_lmp($/MWh)": 28.34865
		}
	},
	"2023-05-23": {
		"00:00:00": {
			"DAM_lmp($/MWh)": 24.04084,
			"RTM_lmp($/MWh)": 24.48438
		},
		"01:00:00": {
			"DAM_lmp($/MWh)": 20.63894,
			"RTM_lmp($/MWh)": 21.03866
		},
		"02:00:00": {
			"DAM_lmp($/MWh)": 18.68502,
			"RTM_lmp($/MWh)": 17.59852
		},
		"03:00:00": {
			"DAM_lmp($/MWh)": 16.71691,
			"RTM_lmp($/MWh)": 6.34933
		},
		"04:00:00": {
			"DAM_lmp($/MWh)": 20.4106,
			"RTM_lmp($/MWh)": 1.34349
		},
		"05:00:00": {
			"DAM_lmp($/MWh)": 29.26908,
			"RTM_lmp($/MWh)": 30.81135
		},
		"06:00:00": {
			"DAM_lmp($/MWh)": 30.37276,
			"RTM_lmp($/MWh)": 72.0
		},
		"07:00:00": {
			"DAM_lmp($/MWh)": 24.68254,
			"RTM_lmp($/MWh)": 18.0208
		},
		"08:00:00": {
			"DAM_lmp($/MWh)": 14.89978,
			"RTM_lmp($/MWh)": 12.8688
		},
		"09:00:00": {
			"DAM_lmp($/MWh)": 12.49124,
			"RTM_lmp($/MWh)": 12.94
		},
		"10:00:00": {
			"DAM_lmp($/MWh)": 7.14991,
			"RTM_lmp($/MWh)": 15.4
		},
		"11:00:00": {
			"DAM_lmp($/MWh)": 5.31325,
			"RTM_lmp($/MWh)": 14.7764
		},
		"12:00:00": {
			"DAM_lmp($/MWh)": 3.72845,
			"RTM_lmp($/MWh)": 14.15832
		},
		"13:00:00": {
			"DAM_lmp($/MWh)": 3.47829,
			"RTM_lmp($/MWh)": 14.5155
		},
		"14:00:00": {
			"DAM_lmp($/MWh)": 4.57109,
			"RTM_lmp($/MWh)": 9.9976
		},
		"15:00:00": {
			"DAM_lmp($/MWh)": 8.96882,
			"RTM_lmp($/MWh)": 4.9988
		},
		"16:00:00": {
			"DAM_lmp($/MWh)": 12.75612,
			"RTM_lmp($/MWh)": 4.95
		},
		"17:00:00": {
			"DAM_lmp($/MWh)": 23.63623,
			"RTM_lmp($/MWh)": 0.0
		},
		"18:00:00": {
			"DAM_lmp($/MWh)": 41.31953,
			"RTM_lmp($/MWh)": 12.52517
		},
		"19:00:00": {
			"DAM_lmp($/MWh)": 60.31024,
			"RTM_lmp($/MWh)": 23.60221
		},
		"20:00:00": {
			"DAM_lmp($/MWh)": 60.87916,
			"RTM_lmp($/MWh)": 40.0
		},
		"21:00:00": {
			"DAM_lmp($/MWh)": 46.38578,
			"RTM_lmp($/MWh)": 35.77587
		},
		"22:00:00": {
			"DAM_lmp($/MWh)": 36.13324,
			"RTM_lmp($/MWh)": 27.08385
		},
		"23:00:00": {
			"DAM_lmp($/MWh)": 26.71724,
			"RTM_lmp($/MWh)": 28.34865
		}
	}
}