{
	"2023-05-22": {
		"00:00:00": {
			"DAM_lmp($/MWh)": 31.05039,
			"RTM_lmp($/MWh)": 29.44443
		},
		"01:00:00": {
			"DAM_lmp($/MWh)": 27.10957,
			"RTM_lmp($/MWh)": 25.82051
		},
		"02:00:00": {
			"DAM_lmp($/MWh)": 25.80507,
			"RTM_lmp($/MWh)": 21.45731
		},
		"03:00:00": {
			"DAM_lmp($/MWh)": 23.95921,
			"RTM_lmp($/MWh)": 23.32305
		},
		"04:00:00": {
			"DAM_lmp($/MWh)": 27.84429,
			"RTM_lmp($/MWh)": 20.59264
		},
		"05:00:00": {
			"DAM_lmp($/MWh)": 36.15693,
			"RTM_lmp($/MWh)": 30.81135
		},
		"06:00:00": {
			"DAM_lmp($/MWh)": 37.09766,
			"RTM_lmp($/MWh)": 72.0
		},
		"07:00:00": {
			"DAM_lmp($/MWh)": 26.24575,
			"RTM_lmp($/MWh)": 18.0208
		},
		"08:00:00": {
			"DAM_lmp($/MWh)": 15.89806,
			"RTM_lmp($/MWh)": 12.8688
		},
		"09:00:00": {
			"DAM_lmp($/MWh)": 4.12487,
			"RTM_lmp($/MWh)": 12.94
		},
		"10:00:00": {
			"DAM_lmp($/MWh)": -5.38586,
			"RTM_lmp($/MWh)": 15.4
		},
		"11:00:00": {
			"DAM_lmp($/MWh)": -7.78593,
			"RTM_lmp($/MWh)": 14.7764
		},
		"12:00:00": {
			"DAM_lmp($/MWh)": -10.06024,
			"RTM_lmp($/MWh)": 15.62111
		},
		"13:00:00": {
			"DAM_lmp($/MWh)": -9.97707,
			"RTM_lmp($/MWh)": 16.02387
		},
		"14:00:00": {
			"DAM_lmp($/MWh)": -9.30347,
			"RTM_lmp($/MWh)": 9.9976
		},
		"15:00:00": {
			"DAM_lmp($/MWh)": 7.4373,
			"RTM_lmp($/MWh)": 4.9988
		},
		"16:00:00": {
			"DAM_lmp($/MWh)": -0.34442,
			"RTM_lmp($/MWh)": 4.95
		},
		"17:00:00": {
			"DAM_lmp($/MWh)": 24.89099,
			"RTM_lmp($/MWh)": 0.0
		},
		"18:00:00": {
			"DAM_lmp($/MWh)": 43.04629,
			"RTM_lmp($/MWh)": 14.63436
		},
		"19:00:00": {
			"DAM_lmp($/MWh)": 64.48562,
			"RTM_lmp($/MWh)": 27.52995
		},
		"20:00:00": {
			"DAM_lmp($/MWh)": 64.24515,
			"RTM_lmp($/MWh)": 40.0
		},
		"21:00:00": {
			"DAM_lmp($/MWh)": 50.20467,
			"RTM_lmp($/MWh)": 41.68816
		},
		"22:00:00": {
			"DAM_lmp($/MWh)": 40.82686,
			"RTM_lmp($/MWh)": 31.76654
		},
		"23:00:00": {
			"DAM_lmp($/MWh)": 32.68463,
			"RTM_lmp($/MWh)": 33.61711
		}
	},
	"2023-05-23": {
		"00:00:00": {
			"DAM_lmp($/MWh)": 31.05039,
			"RTM_lmp($/MWh)": 29.44443
		},
		"01:00:00": {
			"DAM_lmp($/MWh)": 27.10957,
			"RTM_lmp($/MWh)": 25.82051
		},
		"02:00:00": {
			"DAM_lmp($/MWh)": 25.80507,
			"RTM_lmp($/MWh)": 21.45731
		},
		"03:00:00": {
			"DAM_lmp($/MWh)": 23.95921,
			"RTM_lmp($/MWh)": 23.32305
		},
		"04:00:00": {
			"DAM_lmp($/MWh)": 27.84429,
			"RTM_lmp($/MWh)": 20.59264
		},
		"05:00:00": {
			"DAM_lmp($/MWh)": 36.15693,
			"RTM_lmp($/MWh)": 30.81135
		},
		"06:00:00": {
			"DAM_lmp($/MWh)": 37.09766,
			"RTM_lmp($/MWh)": 72.0
		},
		"07:00:00": {
			"DAM_lmp($/MWh)": 26.24575,
			"RTM_lmp($/MWh)": 18.0208
		},
		"08:00:00": {
			"DAM_lmp($/MWh)": 15.89806,
			"RTM_lmp($/MWh)": 12.8688
		},
		"09:00:00": {
			"DAM_lmp($/MWh)": 4.12487,
			"RTM_lmp($/MWh)": 12.94
		},
		"10:00:00": {
			"DAM_lmp($/MWh)": -5.38586,
			"RTM_lmp($/MWh)": 15.4
		},
		"11:00:00": {
			"DAM_lmp($/MWh)": -7.78593,
			"RTM_lmp($/MWh)": 14.7764
		},
		"12:00:00": {
			"DAM_lmp($/MWh)": -10.06024,
			"RTM_lmp($/MWh)": 15.62111
		},
		"13:00:00": {
			"DAM_lmp($/MWh)": -9.97707,
			"RTM_lmp($/MWh)": 16.02387
		},
		"14:00:00": {
			"DAM_lmp($/MWh)": -9.30347,
			"RTM_lmp($/MWh)": 9.9976
		},
		"15:00:00": {
			"DAM_lmp($/MWh)": 7.4373,
			"RTM_lmp($/MWh)": 4.9988
		},
		"16:00:00": {
			"DAM_lmp($/MWh)": -0.34442,
			"RTM_lmp($/MWh)": 4.95
		},
		"17:00:00": {
			"DAM_lmp($/MWh)": 24.89099,
			"RTM_lmp($/MWh)": 0.0
		},
		"18:00:00": {
			"DAM_lmp($/MWh)": 43.04629,
			"RTM_lmp($/MWh)": 14.63436
		},
		"19:00:00": {
			"DAM_lmp($/MWh)": 64.48562,
			"RTM_lmp($/MWh)": 27.52995
		},
		"20:00:00": {
			"DAM_lmp($/MWh)": 64.24515,
			"RTM_lmp($/MWh)": 40.0
		},
		"21:00:00": {
			"DAM_lmp($/MWh)": 50.20467,
			"RTM_lmp($/MWh)": 41.68816
		},
		"22:00:00": {
			"DAM_lmp($/MWh)": 40.82686,
			"RTM_lmp($/MWh)": 31.76654
		},
		"23:00:00": {
			"DAM_lmp($/MWh)": 32.68463,
			"RTM_lmp($/MWh)": 33.61711
		}
	}
}