{
	"2023-05-22": {
		"00:00:00": {
			"DAM_lmp($/MWh)": 28.7044,
			"RTM_lmp($/MWh)": 28.03297
		},
		"01:00:00": {
			"DAM_lmp($/MWh)": 25.3071,
			"RTM_lmp($/MWh)": 24.49772
		},
		"02:00:00": {
			"DAM_lmp($/MWh)": 24.03787,
			"RTM_lmp($/MWh)": 20.34072
		},
		"03:00:00": {
			"DAM_lmp($/MWh)": 22.311,
			"RTM_lmp($/MWh)": 5.9576
		},
		"04:00:00": {
			"DAM_lmp($/MWh)": 25.76907,
			"RTM_lmp($/MWh)": 1.70477
		},
		"05:00:00": {
			"DAM_lmp($/MWh)": 33.41335,
			"RTM_lmp($/MWh)": 30.81135
		},
		"06:00:00": {
			"DAM_lmp($/MWh)": 34.67653,
			"RTM_lmp($/MWh)": 72.0
		},
		"07:00:00": {
			"DAM_lmp($/MWh)": 24.39527,
			"RTM_lmp($/MWh)": 18.0208
		},
		"08:00:00": {
			"DAM_lmp($/MWh)": 9.10968,
			"RTM_lmp($/MWh)": 12.8688
		},
		"09:00:00": {
			"DAM_lmp($/MWh)": 6.31432,
			"RTM_lmp($/MWh)": 12.94
		},
		"10:00:00": {
			"DAM_lmp($/MWh)": 4.74056,
			"RTM_lmp($/MWh)": 15.4
		},
		"11:00:00": {
			"DAM_lmp($/MWh)": 3.46689,
			"RTM_lmp($/MWh)": 11.21222
		},
		"12:00:00": {
			"DAM_lmp($/MWh)": 1.48406,
			"RTM_lmp($/MWh)": 13.95352
		},
		"13:00:00": {
			"DAM_lmp($/MWh)": 0.99465,
			"RTM_lmp($/MWh)": 14.17647
		},
		"14:00:00": {
			"DAM_lmp($/MWh)": 1.94539,
			"RTM_lmp($/MWh)": 9.9976
		},
		"15:00:00": {
			"DAM_lmp($/MWh)": 4.78882,
			"RTM_lmp($/MWh)": 4.9988
		},
		"16:00:00": {
			"DAM_lmp($/MWh)": 8.99442,
			"RTM_lmp($/MWh)": 4.95
		},
		"17:00:00": {
			"DAM_lmp($/MWh)": 22.9242,
			"RTM_lmp($/MWh)": 0.0
		},
		"18:00:00": {
			"DAM_lmp($/MWh)": 41.44224,
			"RTM_lmp($/MWh)": 13.342
		},
		"19:00:00": {
			"DAM_lmp($/MWh)": 62.69525,
			"RTM_lmp($/MWh)": 26.69105
		},
		"20:00:00": {
			"DAM_lmp($/MWh)": 62.95701,
			"RTM_lmp($/MWh)": 40.0
		},
		"21:00:00": {
			"DAM_lmp($/MWh)": 48.65216,
			"RTM_lmp($/MWh)": 41.03357
		},
		"22:00:00": {
			"DAM_lmp($/MWh)": 39.46355,
			"RTM_lmp($/MWh)": 31.42593
		},
		"23:00:00": {
			"DAM_lmp($/MWh)": 31.46466,
			"RTM_lmp($/MWh)": 32.72353
		}
	},
	"2023-05-23": {
		"00:00:00": {
			"DAM_lmp($/MWh)": 28.7044,
			"RTM_lmp($/MWh)": 28.03297
		},
		"01:00:00": {
			"DAM_lmp($/MWh)": 25.3071,
			"RTM_lmp($/MWh)": 24.49772
		},
		"02:00:00": {
			"DAM_lmp($/MWh)": 24.03787,
			"RTM_lmp($/MWh)": 20.34072
		},
		"03:00:00": {
			"DAM_lmp($/MWh)": 22.311,
			"RTM_lmp($/MWh)": 5.9576
		},
		"04:00:00": {
			"DAM_lmp($/MWh)": 25.76907,
			"RTM_lmp($/MWh)": 1.70477
		},
		"05:00:00": {
			"DAM_lmp($/MWh)": 33.41335,
			"RTM_lmp($/MWh)": 30.81135
		},
		"06:00:00": {
			"DAM_lmp($/MWh)": 34.67653,
			"RTM_lmp($/MWh)": 72.0
		},
		"07:00:00": {
			"DAM_lmp($/MWh)": 24.39527,
			"RTM_lmp($/MWh)": 18.0208
		},
		"08:00:00": {
			"DAM_lmp($/MWh)": 9.10968,
			"RTM_lmp($/MWh)": 12.8688
		},
		"09:00:00": {
			"DAM_lmp($/MWh)": 6.31432,
			"RTM_lmp($/MWh)": 12.94
		},
		"10:00:00": {
			"DAM_lmp($/MWh)": 4.74056,
			"RTM_lmp($/MWh)": 15.4
		},
		"11:00:00": {
			"DAM_lmp($/MWh)": 3.46689,
			"RTM_lmp($/MWh)": 11.21222
		},
		"12:00:00": {
			"DAM_lmp($/MWh)": 1.48406,
			"RTM_lmp($/MWh)": 13.95352
		},
		"13:00:00": {
			"DAM_lmp($/MWh)": 0.99465,
			"RTM_lmp($/MWh)": 14.17647
		},
		"14:00:00": {
			"DAM_lmp($/MWh)": 1.94539,
			"RTM_lmp($/MWh)": 9.9976
		},
		"15:00:00": {
			"DAM_lmp($/MWh)": 4.78882,
			"RTM_lmp($/MWh)": 4.9988
		},
		"16:00:00": {
			"DAM_lmp($/MWh)": 8.99442,
			"RTM_lmp($/MWh)": 4.95
		},
		"17:00:00": {
			"DAM_lmp($/MWh)": 22.9242,
			"RTM_lmp($/MWh)": 0.0
		},
		"18:00:00": {
			"DAM_lmp($/MWh)": 41.44224,
			"RTM_lmp($/MWh)": 13.342
		},
		"19:00:00": {
			"DAM_lmp($/MWh)": 62.69525,
			"RTM_lmp($/MWh)": 26.69105
		},
		"20:00:00": {
			"DAM_lmp($/MWh)": 62.95701,
			"RTM_lmp($/MWh)": 40.0
		},
		"21:00:00": {
			"DAM_lmp($/MWh)": 48.65216,
			"RTM_lmp($/MWh)": 41.03357
		},
		"22:00:00": {
			"DAM_lmp($/MWh)": 39.46355,
			"RTM_lmp($/MWh)": 31.42593
		},
		"23:00:00": {
			"DAM_lmp($/MWh)": 31.46466,
			"RTM_lmp($/MWh)": 32.72353
		}
	}
}