{
	"2023-05-22": {
		"00:00:00": {
			"DAM_lmp($/MWh)": 28.90236,
			"RTM_lmp($/MWh)": 28.18379
		},
		"01:00:00": {
			"DAM_lmp($/MWh)": 25.33296,
			"RTM_lmp($/MWh)": 24.54964
		},
		"02:00:00": {
			"DAM_lmp($/MWh)": 24.0944,
			"RTM_lmp($/MWh)": 20.36125
		},
		"03:00:00": {
			"DAM_lmp($/MWh)": 22.33829,
			"RTM_lmp($/MWh)": 23.98875
		},
		"04:00:00": {
			"DAM_lmp($/MWh)": 25.81121,
			"RTM_lmp($/MWh)": 20.92306
		},
		"05:00:00": {
			"DAM_lmp($/MWh)": 33.56082,
			"RTM_lmp($/MWh)": 30.81135
		},
		"06:00:00": {
			"DAM_lmp($/MWh)": 34.96073,
			"RTM_lmp($/MWh)": 72.0
		},
		"07:00:00": {
			"DAM_lmp($/MWh)": 24.78348,
			"RTM_lmp($/MWh)": 18.0208
		},
		"08:00:00": {
			"DAM_lmp($/MWh)": 10.50426,
			"RTM_lmp($/MWh)": 12.8688
		},
		"09:00:00": {
			"DAM_lmp($/MWh)": 7.75928,
			"RTM_lmp($/MWh)": 12.94
		},
		"10:00:00": {
			"DAM_lmp($/MWh)": 5.6748,
			"RTM_lmp($/MWh)": 15.4
		},
		"11:00:00": {
			"DAM_lmp($/MWh)": 4.27563,
			"RTM_lmp($/MWh)": 14.7764
		},
		"12:00:00": {
			"DAM_lmp($/MWh)": 2.2488,
			"RTM_lmp($/MWh)": 14.59253
		},
		"13:00:00": {
			"DAM_lmp($/MWh)": 1.79142,
			"RTM_lmp($/MWh)": 14.77605
		},
		"14:00:00": {
			"DAM_lmp($/MWh)": 2.87618,
			"RTM_lmp($/MWh)": 9.9976
		},
		"15:00:00": {
			"DAM_lmp($/MWh)": 5.69135,
			"RTM_lmp($/MWh)": 4.9988
		},
		"16:00:00": {
			"DAM_lmp($/MWh)": 9.93195,
			"RTM_lmp($/MWh)": 4.95
		},
		"17:00:00": {
			"DAM_lmp($/MWh)": 23.47192,
			"RTM_lmp($/MWh)": 0.0
		},
		"18:00:00": {
			"DAM_lmp($/MWh)": 41.99007,
			"RTM_lmp($/MWh)": 13.56477
		},
		"19:00:00": {
			"DAM_lmp($/MWh)": 62.61122,
			"RTM_lmp($/MWh)": 26.60303
		},
		"20:00:00": {
			"DAM_lmp($/MWh)": 62.77577,
			"RTM_lmp($/MWh)": 40.0
		},
		"21:00:00": {
			"DAM_lmp($/MWh)": 48.52736,
			"RTM_lmp($/MWh)": 40.68949
		},
		"22:00:00": {
			"DAM_lmp($/MWh)": 39.37884,
			"RTM_lmp($/MWh)": 31.12033
		},
		"23:00:00": {
			"DAM_lmp($/MWh)": 31.03011,
			"RTM_lmp($/MWh)": 32.62719
		}
	},
	"2023-05-23": {
		"00:00:00": {
			"DAM_lmp($/MWh)": 28.90236,
			"RTM_lmp($/MWh)": 28.18379
		},
		"01:00:00": {
			"DAM_lmp($/MWh)": 25.33296,
			"RTM_lmp($/MWh)": 24.54964
		},
		"02:00:00": {
			"DAM_lmp($/MWh)": 24.0944,
			"RTM_lmp($/MWh)": 20.36125
		},
		"03:00:00": {
			"DAM_lmp($/MWh)": 22.33829,
			"RTM_lmp($/MWh)": 23.98875
		},
		"04:00:00": {
			"DAM_lmp($/MWh)": 25.81121,
			"RTM_lmp($/MWh)": 20.92306
		},
		"05:00:00": {
			"DAM_lmp($/MWh)": 33.56082,
			"RTM_lmp($/MWh)": 30.81135
		},
		"06:00:00": {
			"DAM_lmp($/MWh)": 34.96073,
			"RTM_lmp($/MWh)": 72.0
		},
		"07:00:00": {
			"DAM_lmp($/MWh)": 24.78348,
			"RTM_lmp($/MWh)": 18.0208
		},
		"08:00:00": {
			"DAM_lmp($/MWh)": 10.50426,
			"RTM_lmp($/MWh)": 12.8688
		},
		"09:00:00": {
			"DAM_lmp($/MWh)": 7.75928,
			"RTM_lmp($/MWh)": 12.94
		},
		"10:00:00": {
			"DAM_lmp($/MWh)": 5.6748,
			"RTM_lmp($/MWh)": 15.4
		},
		"11:00:00": {
			"DAM_lmp($/MWh)": 4.27563,
			"RTM_lmp($/MWh)": 14.7764
		},
		"12:00:00": {
			"DAM_lmp($/MWh)": 2.2488,
			"RTM_lmp($/MWh)": 14.59253
		},
		"13:00:00": {
			"DAM_lmp($/MWh)": 1.79142,
			"RTM_lmp($/MWh)": 14.77605
		},
		"14:00:00": {
			"DAM_lmp($/MWh)": 2.87618,
			"RTM_lmp($/MWh)": 9.9976
		},
		"15:00:00": {
			"DAM_lmp($/MWh)": 5.69135,
			"RTM_lmp($/MWh)": 4.9988
		},
		"16:00:00": {
			"DAM_lmp($/MWh)": 9.93195,
			"RTM_lmp($/MWh)": 4.95
		},
		"17:00:00": {
			"DAM_lmp($/MWh)": 23.47192,
			"RTM_lmp($/MWh)": 0.0
		},
		"18:00:00": {
			"DAM_lmp($/MWh)": 41.99007,
			"RTM_lmp($/MWh)": 13.56477
		},
		"19:00:00": {
			"DAM_lmp($/MWh)": 62.61122,
			"RTM_lmp($/MWh)": 26.60303
		},
		"20:00:00": {
			"DAM_lmp($/MWh)": 62.77577,
			"RTM_lmp($/MWh)": 40.0
		},
		"21:00:00": {
			"DAM_lmp($/MWh)": 48.52736,
			"RTM_lmp($/MWh)": 40.68949
		},
		"22:00:00": {
			"DAM_lmp($/MWh)": 39.37884,
			"RTM_lmp($/MWh)": 31.12033
		},
		"23:00:00": {
			"DAM_lmp($/MWh)": 31.03011,
			"RTM_lmp($/MWh)": 32.62719
		}
	}
}