{
	"2023-05-22": {
		"00:00:00": {
			"DAM_lmp($/MWh)": 28.3262,
			"RTM_lmp($/MWh)": 27.6118
		},
		"01:00:00": {
			"DAM_lmp($/MWh)": 24.93471,
			"RTM_lmp($/MWh)": 24.0403
		},
		"02:00:00": {
			"DAM_lmp($/MWh)": 23.74784,
			"RTM_lmp($/MWh)": 19.89943
		},
		"03:00:00": {
			"DAM_lmp($/MWh)": 22.0723,
			"RTM_lmp($/MWh)": 23.69115
		},
		"04:00:00": {
			"DAM_lmp($/MWh)": 25.59789,
			"RTM_lmp($/MWh)": 20.77129
		},
		"05:00:00": {
			"DAM_lmp($/MWh)": 33.36534,
			"RTM_lmp($/MWh)": 30.81135
		},
		"06:00:00": {
			"DAM_lmp($/MWh)": 34.63336,
			"RTM_lmp($/MWh)": 72.0
		},
		"07:00:00": {
			"DAM_lmp($/MWh)": 24.65925,
			"RTM_lmp($/MWh)": 18.0208
		},
		"08:00:00": {
			"DAM_lmp($/MWh)": 10.4757,
			"RTM_lmp($/MWh)": 12.8688
		},
		"09:00:00": {
			"DAM_lmp($/MWh)": 7.74839,
			"RTM_lmp($/MWh)": 12.94
		},
		"10:00:00": {
			"DAM_lmp($/MWh)": 5.66784,
			"RTM_lmp($/MWh)": 15.4
		},
		"11:00:00": {
			"DAM_lmp($/MWh)": 4.25983,
			"RTM_lmp($/MWh)": 14.7764
		},
		"12:00:00": {
			"DAM_lmp($/MWh)": 2.23069,
			"RTM_lmp($/MWh)": 14.54788
		},
		"13:00:00": {
			"DAM_lmp($/MWh)": 1.78518,
			"RTM_lmp($/MWh)": 14.63793
		},
		"14:00:00": {
			"DAM_lmp($/MWh)": 2.82478,
			"RTM_lmp($/MWh)": 9.9976
		},
		"15:00:00": {
			"DAM_lmp($/MWh)": 5.59647,
			"RTM_lmp($/MWh)": 4.9988
		},
		"16:00:00": {
			"DAM_lmp($/MWh)": 9.77598,
			"RTM_lmp($/MWh)": 4.95
		},
		"17:00:00": {
			"DAM_lmp($/MWh)": 23.17067,
			"RTM_lmp($/MWh)": 0.0
		},
		"18:00:00": {
			"DAM_lmp($/MWh)": 41.49045,
			"RTM_lmp($/MWh)": 13.31915
		},
		"19:00:00": {
			"DAM_lmp($/MWh)": 61.90025,
			"RTM_lmp($/MWh)": 26.06943
		},
		"20:00:00": {
			"DAM_lmp($/MWh)": 61.9278,
			"RTM_lmp($/MWh)": 40.0
		},
		"21:00:00": {
			"DAM_lmp($/MWh)": 47.78854,
			"RTM_lmp($/MWh)": 39.85866
		},
		"22:00:00": {
			"DAM_lmp($/MWh)": 38.78592,
			"RTM_lmp($/MWh)": 30.49003
		},
		"23:00:00": {
			"DAM_lmp($/MWh)": 30.81141,
			"RTM_lmp($/MWh)": 32.00933
		}
	},
	"2023-05-23": {
		"00:00:00": {
			"DAM_lmp($/MWh)": 28.3262,
			"RTM_lmp($/MWh)": 27.6118
		},
		"01:00:00": {
			"DAM_lmp($/MWh)": 24.93471,
			"RTM_lmp($/MWh)": 24.0403
		},
		"02:00:00": {
			"DAM_lmp($/MWh)": 23.74784,
			"RTM_lmp($/MWh)": 19.89943
		},
		"03:00:00": {
			"DAM_lmp($/MWh)": 22.0723,
			"RTM_lmp($/MWh)": 23.69115
		},
		"04:00:00": {
			"DAM_lmp($/MWh)": 25.59789,
			"RTM_lmp($/MWh)": 20.77129
		},
		"05:00:00": {
			"DAM_lmp($/MWh)": 33.36534,
			"RTM_lmp($/MWh)": 30.81135
		},
		"06:00:00": {
			"DAM_lmp($/MWh)": 34.63336,
			"RTM_lmp($/MWh)": 72.0
		},
		"07:00:00": {
			"DAM_lmp($/MWh)": 24.65925,
			"RTM_lmp($/MWh)": 18.0208
		},
		"08:00:00": {
			"DAM_lmp($/MWh)": 10.4757,
			"RTM_lmp($/MWh)": 12.8688
		},
		"09:00:00": {
			"DAM_lmp($/MWh)": 7.74839,
			"RTM_lmp($/MWh)": 12.94
		},
		"10:00:00": {
			"DAM_lmp($/MWh)": 5.66784,
			"RTM_lmp($/MWh)": 15.4
		},
		"11:00:00": {
			"DAM_lmp($/MWh)": 4.25983,
			"RTM_lmp($/MWh)": 14.7764
		},
		"12:00:00": {
			"DAM_lmp($/MWh)": 2.23069,
			"RTM_lmp($/MWh)": 14.54788
		},
		"13:00:00": {
			"DAM_lmp($/MWh)": 1.78518,
			"RTM_lmp($/MWh)": 14.63793
		},
		"14:00:00": {
			"DAM_lmp($/MWh)": 2.82478,
			"RTM_lmp($/MWh)": 9.9976
		},
		"15:00:00": {
			"DAM_lmp($/MWh)": 5.59647,
			"RTM_lmp($/MWh)": 4.9988
		},
		"16:00:00": {
			"DAM_lmp($/MWh)": 9.77598,
			"RTM_lmp($/MWh)": 4.95
		},
		"17:00:00": {
			"DAM_lmp($/MWh)": 23.17067,
			"RTM_lmp($/MWh)": 0.0
		},
		"18:00:00": {
			"DAM_lmp($/MWh)": 41.49045,
			"RTM_lmp($/MWh)": 13.31915
		},
		"19:00:00": {
			"DAM_lmp($/MWh)": 61.90025,
			"RTM_lmp($/MWh)": 26.06943
		},
		"20:00:00": {
			"DAM_lmp($/MWh)": 61.9278,
			"RTM_lmp($/MWh)": 40.0
		},
		"21:00:00": {
			"DAM_lmp($/MWh)": 47.78854,
			"RTM_lmp($/MWh)": 39.85866
		},
		"22:00:00": {
			"DAM_lmp($/MWh)": 38.78592,
			"RTM_lmp($/MWh)": 30.49003
		},
		"23:00:00": {
			"DAM_lmp($/MWh)": 30.81141,
			"RTM_lmp($/MWh)": 32.00933
		}
	}
}