{
	"2023-05-22": {
		"00:00:00": {
			"DAM_lmp($/MWh)": 61.23162,
			"RTM_lmp($/MWh)": 27.75694
		},
		"01:00:00": {
			"DAM_lmp($/MWh)": 60.85845,
			"RTM_lmp($/MWh)": 23.87464
		},
		"02:00:00": {
			"DAM_lmp($/MWh)": 67.67403,
			"RTM_lmp($/MWh)": 19.93842
		},
		"03:00:00": {
			"DAM_lmp($/MWh)": 69.58833,
			"RTM_lmp($/MWh)": 6.30373
		},
		"04:00:00": {
			"DAM_lmp($/MWh)": 67.30878,
			"RTM_lmp($/MWh)": 1.51254
		},
		"05:00:00": {
			"DAM_lmp($/MWh)": 65.01,
			"RTM_lmp($/MWh)": 30.81135
		},
		"06:00:00": {
			"DAM_lmp($/MWh)": 69.56829,
			"RTM_lmp($/MWh)": 72.0
		},
		"07:00:00": {
			"DAM_lmp($/MWh)": 25.96882,
			"RTM_lmp($/MWh)": 18.0208
		},
		"08:00:00": {
			"DAM_lmp($/MWh)": 7.73901,
			"RTM_lmp($/MWh)": 12.8688
		},
		"09:00:00": {
			"DAM_lmp($/MWh)": 4.40101,
			"RTM_lmp($/MWh)": 12.94
		},
		"10:00:00": {
			"DAM_lmp($/MWh)": 3.63811,
			"RTM_lmp($/MWh)": 15.4
		},
		"11:00:00": {
			"DAM_lmp($/MWh)": 2.41699,
			"RTM_lmp($/MWh)": 4.08387
		},
		"12:00:00": {
			"DAM_lmp($/MWh)": 0.21453,
			"RTM_lmp($/MWh)": 14.74959
		},
		"13:00:00": {
			"DAM_lmp($/MWh)": -0.4114,
			"RTM_lmp($/MWh)": 14.9487
		},
		"14:00:00": {
			"DAM_lmp($/MWh)": 0.64522,
			"RTM_lmp($/MWh)": 9.9976
		},
		"15:00:00": {
			"DAM_lmp($/MWh)": 3.813,
			"RTM_lmp($/MWh)": 4.9988
		},
		"16:00:00": {
			"DAM_lmp($/MWh)": 8.81434,
			"RTM_lmp($/MWh)": 4.95
		},
		"17:00:00": {
			"DAM_lmp($/MWh)": 24.47024,
			"RTM_lmp($/MWh)": 0.0
		},
		"18:00:00": {
			"DAM_lmp($/MWh)": 43.77381,
			"RTM_lmp($/MWh)": 13.3677
		},
		"19:00:00": {
			"DAM_lmp($/MWh)": 62.69525,
			"RTM_lmp($/MWh)": 26.51501
		},
		"20:00:00": {
			"DAM_lmp($/MWh)": 62.62042,
			"RTM_lmp($/MWh)": 40.0
		},
		"21:00:00": {
			"DAM_lmp($/MWh)": 50.00499,
			"RTM_lmp($/MWh)": 42.03643
		},
		"22:00:00": {
			"DAM_lmp($/MWh)": 52.92,
			"RTM_lmp($/MWh)": 31.76018
		},
		"23:00:00": {
			"DAM_lmp($/MWh)": 58.27478,
			"RTM_lmp($/MWh)": 32.95938
		}
	},
	"2023-05-23": {
		"00:00:00": {
			"DAM_lmp($/MWh)": 61.23162,
			"RTM_lmp($/MWh)": 27.75694
		},
		"01:00:00": {
			"DAM_lmp($/MWh)": 60.85845,
			"RTM_lmp($/MWh)": 23.87464
		},
		"02:00:00": {
			"DAM_lmp($/MWh)": 67.67403,
			"RTM_lmp($/MWh)": 19.93842
		},
		"03:00:00": {
			"DAM_lmp($/MWh)": 69.58833,
			"RTM_lmp($/MWh)": 6.30373
		},
		"04:00:00": {
			"DAM_lmp($/MWh)": 67.30878,
			"RTM_lmp($/MWh)": 1.51254
		},
		"05:00:00": {
			"DAM_lmp($/MWh)": 65.01,
			"RTM_lmp($/MWh)": 30.81135
		},
		"06:00:00": {
			"DAM_lmp($/MWh)": 69.56829,
			"RTM_lmp($/MWh)": 72.0
		},
		"07:00:00": {
			"DAM_lmp($/MWh)": 25.96882,
			"RTM_lmp($/MWh)": 18.0208
		},
		"08:00:00": {
			"DAM_lmp($/MWh)": 7.73901,
			"RTM_lmp($/MWh)": 12.8688
		},
		"09:00:00": {
			"DAM_lmp($/MWh)": 4.40101,
			"RTM_lmp($/MWh)": 12.94
		},
		"10:00:00": {
			"DAM_lmp($/MWh)": 3.63811,
			"RTM_lmp($/MWh)": 15.4
		},
		"11:00:00": {
			"DAM_lmp($/MWh)": 2.41699,
			"RTM_lmp($/MWh)": 4.08387
		},
		"12:00:00": {
			"DAM_lmp($/MWh)": 0.21453,
			"RTM_lmp($/MWh)": 14.74959
		},
		"13:00:00": {
			"DAM_lmp($/MWh)": -0.4114,
			"RTM_lmp($/MWh)": 14.9487
		},
		"14:00:00": {
			"DAM_lmp($/MWh)": 0.64522,
			"RTM_lmp($/MWh)": 9.9976
		},
		"15:00:00": {
			"DAM_lmp($/MWh)": 3.813,
			"RTM_lmp($/MWh)": 4.9988
		},
		"16:00:00": {
			"DAM_lmp($/MWh)": 8.81434,
			"RTM_lmp($/MWh)": 4.95
		},
		"17:00:00": {
			"DAM_lmp($/MWh)": 24.47024,
			"RTM_lmp($/MWh)": 0.0
		},
		"18:00:00": {
			"DAM_lmp($/MWh)": 43.77381,
			"RTM_lmp($/MWh)": 13.3677
		},
		"19:00:00": {
			"DAM_lmp($/MWh)": 62.69525,
			"RTM_lmp($/MWh)": 26.51501
		},
		"20:00:00": {
			"DAM_lmp($/MWh)": 62.62042,
			"RTM_lmp($/MWh)": 40.0
		},
		"21:00:00": {
			"DAM_lmp($/MWh)": 50.00499,
			"RTM_lmp($/MWh)": 42.03643
		},
		"22:00:00": {
			"DAM_lmp($/MWh)": 52.92,
			"RTM_lmp($/MWh)": 31.76018
		},
		"23:00:00": {
			"DAM_lmp($/MWh)": 58.27478,
			"RTM_lmp($/MWh)": 32.95938
		}
	}
}