{
	"2023-05-22": {
		"00:00:00": {
			"DAM_lmp($/MWh)": 47.38568,
			"RTM_lmp($/MWh)": 27.94191
		},
		"01:00:00": {
			"DAM_lmp($/MWh)": 45.57305,
			"RTM_lmp($/MWh)": 24.08975
		},
		"02:00:00": {
			"DAM_lmp($/MWh)": 48.69621,
			"RTM_lmp($/MWh)": 20.08415
		},
		"03:00:00": {
			"DAM_lmp($/MWh)": 48.93939,
			"RTM_lmp($/MWh)": 6.30249
		},
		"04:00:00": {
			"DAM_lmp($/MWh)": 49.18099,
			"RTM_lmp($/MWh)": 1.52922
		},
		"05:00:00": {
			"DAM_lmp($/MWh)": 44.48477,
			"RTM_lmp($/MWh)": 30.81135
		},
		"06:00:00": {
			"DAM_lmp($/MWh)": 54.45888,
			"RTM_lmp($/MWh)": 72.0
		},
		"07:00:00": {
			"DAM_lmp($/MWh)": 25.62978,
			"RTM_lmp($/MWh)": 18.0208
		},
		"08:00:00": {
			"DAM_lmp($/MWh)": 6.08419,
			"RTM_lmp($/MWh)": 12.8688
		},
		"09:00:00": {
			"DAM_lmp($/MWh)": 2.64163,
			"RTM_lmp($/MWh)": 12.94
		},
		"10:00:00": {
			"DAM_lmp($/MWh)": 2.52002,
			"RTM_lmp($/MWh)": 15.4
		},
		"11:00:00": {
			"DAM_lmp($/MWh)": 1.42963,
			"RTM_lmp($/MWh)": 3.80971
		},
		"12:00:00": {
			"DAM_lmp($/MWh)": -0.81106,
			"RTM_lmp($/MWh)": 14.74035
		},
		"13:00:00": {
			"DAM_lmp($/MWh)": -1.52987,
			"RTM_lmp($/MWh)": 14.97068
		},
		"14:00:00": {
			"DAM_lmp($/MWh)": -0.41413,
			"RTM_lmp($/MWh)": 9.9976
		},
		"15:00:00": {
			"DAM_lmp($/MWh)": 2.66539,
			"RTM_lmp($/MWh)": 4.9988
		},
		"16:00:00": {
			"DAM_lmp($/MWh)": 7.75535,
			"RTM_lmp($/MWh)": 4.95
		},
		"17:00:00": {
			"DAM_lmp($/MWh)": 24.17647,
			"RTM_lmp($/MWh)": 0.0
		},
		"18:00:00": {
			"DAM_lmp($/MWh)": 43.21283,
			"RTM_lmp($/MWh)": 13.34628
		},
		"19:00:00": {
			"DAM_lmp($/MWh)": 60.9889,
			"RTM_lmp($/MWh)": 26.28672
		},
		"20:00:00": {
			"DAM_lmp($/MWh)": 61.19634,
			"RTM_lmp($/MWh)": 40.0
		},
		"21:00:00": {
			"DAM_lmp($/MWh)": 48.79193,
			"RTM_lmp($/MWh)": 41.8602
		},
		"22:00:00": {
			"DAM_lmp($/MWh)": 47.34983,
			"RTM_lmp($/MWh)": 31.73471
		},
		"23:00:00": {
			"DAM_lmp($/MWh)": 46.91158,
			"RTM_lmp($/MWh)": 32.97267
		}
	},
	"2023-05-23": {
		"00:00:00": {
			"DAM_lmp($/MWh)": 47.38568,
			"RTM_lmp($/MWh)": 27.94191
		},
		"01:00:00": {
			"DAM_lmp($/MWh)": 45.57305,
			"RTM_lmp($/MWh)": 24.08975
		},
		"02:00:00": {
			"DAM_lmp($/MWh)": 48.69621,
			"RTM_lmp($/MWh)": 20.08415
		},
		"03:00:00": {
			"DAM_lmp($/MWh)": 48.93939,
			"RTM_lmp($/MWh)": 6.30249
		},
		"04:00:00": {
			"DAM_lmp($/MWh)": 49.18099,
			"RTM_lmp($/MWh)": 1.52922
		},
		"05:00:00": {
			"DAM_lmp($/MWh)": 44.48477,
			"RTM_lmp($/MWh)": 30.81135
		},
		"06:00:00": {
			"DAM_lmp($/MWh)": 54.45888,
			"RTM_lmp($/MWh)": 72.0
		},
		"07:00:00": {
			"DAM_lmp($/MWh)": 25.62978,
			"RTM_lmp($/MWh)": 18.0208
		},
		"08:00:00": {
			"DAM_lmp($/MWh)": 6.08419,
			"RTM_lmp($/MWh)": 12.8688
		},
		"09:00:00": {
			"DAM_lmp($/MWh)": 2.64163,
			"RTM_lmp($/MWh)": 12.94
		},
		"10:00:00": {
			"DAM_lmp($/MWh)": 2.52002,
			"RTM_lmp($/MWh)": 15.4
		},
		"11:00:00": {
			"DAM_lmp($/MWh)": 1.42963,
			"RTM_lmp($/MWh)": 3.80971
		},
		"12:00:00": {
			"DAM_lmp($/MWh)": -0.81106,
			"RTM_lmp($/MWh)": 14.74035
		},
		"13:00:00": {
			"DAM_lmp($/MWh)": -1.52987,
			"RTM_lmp($/MWh)": 14.97068
		},
		"14:00:00": {
			"DAM_lmp($/MWh)": -0.41413,
			"RTM_lmp($/MWh)": 9.9976
		},
		"15:00:00": {
			"DAM_lmp($/MWh)": 2.66539,
			"RTM_lmp($/MWh)": 4.9988
		},
		"16:00:00": {
			"DAM_lmp($/MWh)": 7.75535,
			"RTM_lmp($/MWh)": 4.95
		},
		"17:00:00": {
			"DAM_lmp($/MWh)": 24.17647,
			"RTM_lmp($/MWh)": 0.0
		},
		"18:00:00": {
			"DAM_lmp($/MWh)": 43.21283,
			"RTM_lmp($/MWh)": 13.34628
		},
		"19:00:00": {
			"DAM_lmp($/MWh)": 60.9889,
			"RTM_lmp($/MWh)": 26.28672
		},
		"20:00:00": {
			"DAM_lmp($/MWh)": 61.19634,
			"RTM_lmp($/MWh)": 40.0
		},
		"21:00:00": {
			"DAM_lmp($/MWh)": 48.79193,
			"RTM_lmp($/MWh)": 41.8602
		},
		"22:00:00": {
			"DAM_lmp($/MWh)": 47.34983,
			"RTM_lmp($/MWh)": 31.73471
		},
		"23:00:00": {
			"DAM_lmp($/MWh)": 46.91158,
			"RTM_lmp($/MWh)": 32.97267
		}
	}
}