{
	"2023-05-22": {
		"00:00:00": {
			"DAM_lmp($/MWh)": 29.07964,
			"RTM_lmp($/MWh)": 27.80816
		},
		"01:00:00": {
			"DAM_lmp($/MWh)": 25.44416,
			"RTM_lmp($/MWh)": 24.42107
		},
		"02:00:00": {
			"DAM_lmp($/MWh)": 24.19025,
			"RTM_lmp($/MWh)": 20.26067
		},
		"03:00:00": {
			"DAM_lmp($/MWh)": 22.40194,
			"RTM_lmp($/MWh)": 21.95104
		},
		"04:00:00": {
			"DAM_lmp($/MWh)": 26.05876,
			"RTM_lmp($/MWh)": 19.66623
		},
		"05:00:00": {
			"DAM_lmp($/MWh)": 33.83861,
			"RTM_lmp($/MWh)": 30.81135
		},
		"06:00:00": {
			"DAM_lmp($/MWh)": 35.18737,
			"RTM_lmp($/MWh)": 72.0
		},
		"07:00:00": {
			"DAM_lmp($/MWh)": 24.70066,
			"RTM_lmp($/MWh)": 18.0208
		},
		"08:00:00": {
			"DAM_lmp($/MWh)": 7.26308,
			"RTM_lmp($/MWh)": 12.8688
		},
		"09:00:00": {
			"DAM_lmp($/MWh)": 6.72986,
			"RTM_lmp($/MWh)": 12.94
		},
		"10:00:00": {
			"DAM_lmp($/MWh)": 5.45062,
			"RTM_lmp($/MWh)": 15.4
		},
		"11:00:00": {
			"DAM_lmp($/MWh)": 1.8237,
			"RTM_lmp($/MWh)": 14.7764
		},
		"12:00:00": {
			"DAM_lmp($/MWh)": 2.72419,
			"RTM_lmp($/MWh)": 14.87124
		},
		"13:00:00": {
			"DAM_lmp($/MWh)": 2.63627,
			"RTM_lmp($/MWh)": 15.25006
		},
		"14:00:00": {
			"DAM_lmp($/MWh)": 4.51398,
			"RTM_lmp($/MWh)": 9.9976
		},
		"15:00:00": {
			"DAM_lmp($/MWh)": 7.28149,
			"RTM_lmp($/MWh)": 4.9988
		},
		"16:00:00": {
			"DAM_lmp($/MWh)": 11.32367,
			"RTM_lmp($/MWh)": 4.95
		},
		"17:00:00": {
			"DAM_lmp($/MWh)": 23.83789,
			"RTM_lmp($/MWh)": 0.0
		},
		"18:00:00": {
			"DAM_lmp($/MWh)": 42.18291,
			"RTM_lmp($/MWh)": 14.04316
		},
		"19:00:00": {
			"DAM_lmp($/MWh)": 62.49488,
			"RTM_lmp($/MWh)": 26.27847
		},
		"20:00:00": {
			"DAM_lmp($/MWh)": 61.95369,
			"RTM_lmp($/MWh)": 40.0
		},
		"21:00:00": {
			"DAM_lmp($/MWh)": 47.79353,
			"RTM_lmp($/MWh)": 39.48941
		},
		"22:00:00": {
			"DAM_lmp($/MWh)": 38.91903,
			"RTM_lmp($/MWh)": 30.20671
		},
		"23:00:00": {
			"DAM_lmp($/MWh)": 30.9065,
			"RTM_lmp($/MWh)": 32.22193
		}
	},
	"2023-05-23": {
		"00:00:00": {
			"DAM_lmp($/MWh)": 29.07964,
			"RTM_lmp($/MWh)": 27.80816
		},
		"01:00:00": {
			"DAM_lmp($/MWh)": 25.44416,
			"RTM_lmp($/MWh)": 24.42107
		},
		"02:00:00": {
			"DAM_lmp($/MWh)": 24.19025,
			"RTM_lmp($/MWh)": 20.26067
		},
		"03:00:00": {
			"DAM_lmp($/MWh)": 22.40194,
			"RTM_lmp($/MWh)": 21.95104
		},
		"04:00:00": {
			"DAM_lmp($/MWh)": 26.05876,
			"RTM_lmp($/MWh)": 19.66623
		},
		"05:00:00": {
			"DAM_lmp($/MWh)": 33.83861,
			"RTM_lmp($/MWh)": 30.81135
		},
		"06:00:00": {
			"DAM_lmp($/MWh)": 35.18737,
			"RTM_lmp($/MWh)": 72.0
		},
		"07:00:00": {
			"DAM_lmp($/MWh)": 24.70066,
			"RTM_lmp($/MWh)": 18.0208
		},
		"08:00:00": {
			"DAM_lmp($/MWh)": 7.26308,
			"RTM_lmp($/MWh)": 12.8688
		},
		"09:00:00": {
			"DAM_lmp($/MWh)": 6.72986,
			"RTM_lmp($/MWh)": 12.94
		},
		"10:00:00": {
			"DAM_lmp($/MWh)": 5.45062,
			"RTM_lmp($/MWh)": 15.4
		},
		"11:00:00": {
			"DAM_lmp($/MWh)": 1.8237,
			"RTM_lmp($/MWh)": 14.7764
		},
		"12:00:00": {
			"DAM_lmp($/MWh)": 2.72419,
			"RTM_lmp($/MWh)": 14.87124
		},
		"13:00:00": {
			"DAM_lmp($/MWh)": 2.63627,
			"RTM_lmp($/MWh)": 15.25006
		},
		"14:00:00": {
			"DAM_lmp($/MWh)": 4.51398,
			"RTM_lmp($/MWh)": 9.9976
		},
		"15:00:00": {
			"DAM_lmp($/MWh)": 7.28149,
			"RTM_lmp($/MWh)": 4.9988
		},
		"16:00:00": {
			"DAM_lmp($/MWh)": 11.32367,
			"RTM_lmp($/MWh)": 4.95
		},
		"17:00:00": {
			"DAM_lmp($/MWh)": 23.83789,
			"RTM_lmp($/MWh)": 0.0
		},
		"18:00:00": {
			"DAM_lmp($/MWh)": 42.18291,
			"RTM_lmp($/MWh)": 14.04316
		},
		"19:00:00": {
			"DAM_lmp($/MWh)": 62.49488,
			"RTM_lmp($/MWh)": 26.27847
		},
		"20:00:00": {
			"DAM_lmp($/MWh)": 61.95369,
			"RTM_lmp($/MWh)": 40.0
		},
		"21:00:00": {
			"DAM_lmp($/MWh)": 47.79353,
			"RTM_lmp($/MWh)": 39.48941
		},
		"22:00:00": {
			"DAM_lmp($/MWh)": 38.91903,
			"RTM_lmp($/MWh)": 30.20671
		},
		"23:00:00": {
			"DAM_lmp($/MWh)": 30.9065,
			"RTM_lmp($/MWh)": 32.22193
		}
	}
}