{
	"2023-05-22": {
		"00:00:00": {
			"DAM_lmp($/MWh)": 31.68957,
			"RTM_lmp($/MWh)": 28.92367
		},
		"01:00:00": {
			"DAM_lmp($/MWh)": 28.33242,
			"RTM_lmp($/MWh)": 24.93041
		},
		"02:00:00": {
			"DAM_lmp($/MWh)": 27.788,
			"RTM_lmp($/MWh)": 20.67734
		},
		"03:00:00": {
			"DAM_lmp($/MWh)": 26.2674,
			"RTM_lmp($/MWh)": 6.42464
		},
		"04:00:00": {
			"DAM_lmp($/MWh)": 29.20615,
			"RTM_lmp($/MWh)": 1.73603
		},
		"05:00:00": {
			"DAM_lmp($/MWh)": 35.33086,
			"RTM_lmp($/MWh)": 30.81135
		},
		"06:00:00": {
			"DAM_lmp($/MWh)": 38.0358,
			"RTM_lmp($/MWh)": 72.0
		},
		"07:00:00": {
			"DAM_lmp($/MWh)": 25.0837,
			"RTM_lmp($/MWh)": 18.0208
		},
		"08:00:00": {
			"DAM_lmp($/MWh)": 8.4382,
			"RTM_lmp($/MWh)": 12.8688
		},
		"09:00:00": {
			"DAM_lmp($/MWh)": 5.35138,
			"RTM_lmp($/MWh)": 12.94
		},
		"10:00:00": {
			"DAM_lmp($/MWh)": 4.16828,
			"RTM_lmp($/MWh)": 15.4
		},
		"11:00:00": {
			"DAM_lmp($/MWh)": 2.93403,
			"RTM_lmp($/MWh)": 3.26137
		},
		"12:00:00": {
			"DAM_lmp($/MWh)": 0.84245,
			"RTM_lmp($/MWh)": 14.05207
		},
		"13:00:00": {
			"DAM_lmp($/MWh)": 0.28631,
			"RTM_lmp($/MWh)": 14.21728
		},
		"14:00:00": {
			"DAM_lmp($/MWh)": 1.28835,
			"RTM_lmp($/MWh)": 9.9976
		},
		"15:00:00": {
			"DAM_lmp($/MWh)": 4.25994,
			"RTM_lmp($/MWh)": 4.9988
		},
		"16:00:00": {
			"DAM_lmp($/MWh)": 8.78146,
			"RTM_lmp($/MWh)": 4.95
		},
		"17:00:00": {
			"DAM_lmp($/MWh)": 23.66112,
			"RTM_lmp($/MWh)": 0.0
		},
		"18:00:00": {
			"DAM_lmp($/MWh)": 42.69129,
			"RTM_lmp($/MWh)": 13.55478
		},
		"19:00:00": {
			"DAM_lmp($/MWh)": 63.54842,
			"RTM_lmp($/MWh)": 27.42818
		},
		"20:00:00": {
			"DAM_lmp($/MWh)": 63.74673,
			"RTM_lmp($/MWh)": 40.0
		},
		"21:00:00": {
			"DAM_lmp($/MWh)": 49.19629,
			"RTM_lmp($/MWh)": 42.60291
		},
		"22:00:00": {
			"DAM_lmp($/MWh)": 40.84026,
			"RTM_lmp($/MWh)": 32.48916
		},
		"23:00:00": {
			"DAM_lmp($/MWh)": 34.10114,
			"RTM_lmp($/MWh)": 33.50748
		}
	},
	"2023-05-23": {
		"00:00:00": {
			"DAM_lmp($/MWh)": 31.68957,
			"RTM_lmp($/MWh)": 28.92367
		},
		"01:00:00": {
			"DAM_lmp($/MWh)": 28.33242,
			"RTM_lmp($/MWh)": 24.93041
		},
		"02:00:00": {
			"DAM_lmp($/MWh)": 27.788,
			"RTM_lmp($/MWh)": 20.67734
		},
		"03:00:00": {
			"DAM_lmp($/MWh)": 26.2674,
			"RTM_lmp($/MWh)": 6.42464
		},
		"04:00:00": {
			"DAM_lmp($/MWh)": 29.20615,
			"RTM_lmp($/MWh)": 1.73603
		},
		"05:00:00": {
			"DAM_lmp($/MWh)": 35.33086,
			"RTM_lmp($/MWh)": 30.81135
		},
		"06:00:00": {
			"DAM_lmp($/MWh)": 38.0358,
			"RTM_lmp($/MWh)": 72.0
		},
		"07:00:00": {
			"DAM_lmp($/MWh)": 25.0837,
			"RTM_lmp($/MWh)": 18.0208
		},
		"08:00:00": {
			"DAM_lmp($/MWh)": 8.4382,
			"RTM_lmp($/MWh)": 12.8688
		},
		"09:00:00": {
			"DAM_lmp($/MWh)": 5.35138,
			"RTM_lmp($/MWh)": 12.94
		},
		"10:00:00": {
			"DAM_lmp($/MWh)": 4.16828,
			"RTM_lmp($/MWh)": 15.4
		},
		"11:00:00": {
			"DAM_lmp($/MWh)": 2.93403,
			"RTM_lmp($/MWh)": 3.26137
		},
		"12:00:00": {
			"DAM_lmp($/MWh)": 0.84245,
			"RTM_lmp($/MWh)": 14.05207
		},
		"13:00:00": {
			"DAM_lmp($/MWh)": 0.28631,
			"RTM_lmp($/MWh)": 14.21728
		},
		"14:00:00": {
			"DAM_lmp($/MWh)": 1.28835,
			"RTM_lmp($/MWh)": 9.9976
		},
		"15:00:00": {
			"DAM_lmp($/MWh)": 4.25994,
			"RTM_lmp($/MWh)": 4.9988
		},
		"16:00:00": {
			"DAM_lmp($/MWh)": 8.78146,
			"RTM_lmp($/MWh)": 4.95
		},
		"17:00:00": {
			"DAM_lmp($/MWh)": 23.66112,
			"RTM_lmp($/MWh)": 0.0
		},
		"18:00:00": {
			"DAM_lmp($/MWh)": 42.69129,
			"RTM_lmp($/MWh)": 13.55478
		},
		"19:00:00": {
			"DAM_lmp($/MWh)": 63.54842,
			"RTM_lmp($/MWh)": 27.42818
		},
		"20:00:00": {
			"DAM_lmp($/MWh)": 63.74673,
			"RTM_lmp($/MWh)": 40.0
		},
		"21:00:00": {
			"DAM_lmp($/MWh)": 49.19629,
			"RTM_lmp($/MWh)": 42.60291
		},
		"22:00:00": {
			"DAM_lmp($/MWh)": 40.84026,
			"RTM_lmp($/MWh)": 32.48916
		},
		"23:00:00": {
			"DAM_lmp($/MWh)": 34.10114,
			"RTM_lmp($/MWh)": 33.50748
		}
	}
}