{
	"2023-05-22": {
		"00:00:00": {
			"DAM_lmp($/MWh)": 26.36552,
			"RTM_lmp($/MWh)": 27.58904
		},
		"01:00:00": {
			"DAM_lmp($/MWh)": 22.42383,
			"RTM_lmp($/MWh)": 23.91173
		},
		"02:00:00": {
			"DAM_lmp($/MWh)": 20.4647,
			"RTM_lmp($/MWh)": 19.78859
		},
		"03:00:00": {
			"DAM_lmp($/MWh)": 18.34324,
			"RTM_lmp($/MWh)": 7.10522
		},
		"04:00:00": {
			"DAM_lmp($/MWh)": 22.20059,
			"RTM_lmp($/MWh)": 2.05514
		},
		"05:00:00": {
			"DAM_lmp($/MWh)": 31.80853,
			"RTM_lmp($/MWh)": 30.81135
		},
		"06:00:00": {
			"DAM_lmp($/MWh)": 32.8664,
			"RTM_lmp($/MWh)": 72.0
		},
		"07:00:00": {
			"DAM_lmp($/MWh)": 26.31562,
			"RTM_lmp($/MWh)": 18.0208
		},
		"08:00:00": {
			"DAM_lmp($/MWh)": 16.88225,
			"RTM_lmp($/MWh)": 12.8688
		},
		"09:00:00": {
			"DAM_lmp($/MWh)": 14.36235,
			"RTM_lmp($/MWh)": 12.94
		},
		"10:00:00": {
			"DAM_lmp($/MWh)": 9.87065,
			"RTM_lmp($/MWh)": 15.4
		},
		"11:00:00": {
			"DAM_lmp($/MWh)": 8.09385,
			"RTM_lmp($/MWh)": 14.7764
		},
		"12:00:00": {
			"DAM_lmp($/MWh)": 6.14701,
			"RTM_lmp($/MWh)": 15.16071
		},
		"13:00:00": {
			"DAM_lmp($/MWh)": 5.98173,
			"RTM_lmp($/MWh)": 15.34581
		},
		"14:00:00": {
			"DAM_lmp($/MWh)": 7.14121,
			"RTM_lmp($/MWh)": 9.9976
		},
		"15:00:00": {
			"DAM_lmp($/MWh)": 10.21212,
			"RTM_lmp($/MWh)": 4.9988
		},
		"16:00:00": {
			"DAM_lmp($/MWh)": 14.34045,
			"RTM_lmp($/MWh)": 4.95
		},
		"17:00:00": {
			"DAM_lmp($/MWh)": 25.39637,
			"RTM_lmp($/MWh)": 0.0
		},
		"18:00:00": {
			"DAM_lmp($/MWh)": 44.86947,
			"RTM_lmp($/MWh)": 14.2288
		},
		"19:00:00": {
			"DAM_lmp($/MWh)": 66.65087,
			"RTM_lmp($/MWh)": 28.13232
		},
		"20:00:00": {
			"DAM_lmp($/MWh)": 66.63371,
			"RTM_lmp($/MWh)": 40.0
		},
		"21:00:00": {
			"DAM_lmp($/MWh)": 51.00339,
			"RTM_lmp($/MWh)": 42.91342
		},
		"22:00:00": {
			"DAM_lmp($/MWh)": 39.51978,
			"RTM_lmp($/MWh)": 32.16446
		},
		"23:00:00": {
			"DAM_lmp($/MWh)": 29.19172,
			"RTM_lmp($/MWh)": 33.00589
		}
	},
	"2023-05-23": {
		"00:00:00": {
			"DAM_lmp($/MWh)": 26.36552,
			"RTM_lmp($/MWh)": 27.58904
		},
		"01:00:00": {
			"DAM_lmp($/MWh)": 22.42383,
			"RTM_lmp($/MWh)": 23.91173
		},
		"02:00:00": {
			"DAM_lmp($/MWh)": 20.4647,
			"RTM_lmp($/MWh)": 19.78859
		},
		"03:00:00": {
			"DAM_lmp($/MWh)": 18.34324,
			"RTM_lmp($/MWh)": 7.10522
		},
		"04:00:00": {
			"DAM_lmp($/MWh)": 22.20059,
			"RTM_lmp($/MWh)": 2.05514
		},
		"05:00:00": {
			"DAM_lmp($/MWh)": 31.80853,
			"RTM_lmp($/MWh)": 30.81135
		},
		"06:00:00": {
			"DAM_lmp($/MWh)": 32.8664,
			"RTM_lmp($/MWh)": 72.0
		},
		"07:00:00": {
			"DAM_lmp($/MWh)": 26.31562,
			"RTM_lmp($/MWh)": 18.0208
		},
		"08:00:00": {
			"DAM_lmp($/MWh)": 16.88225,
			"RTM_lmp($/MWh)": 12.8688
		},
		"09:00:00": {
			"DAM_lmp($/MWh)": 14.36235,
			"RTM_lmp($/MWh)": 12.94
		},
		"10:00:00": {
			"DAM_lmp($/MWh)": 9.87065,
			"RTM_lmp($/MWh)": 15.4
		},
		"11:00:00": {
			"DAM_lmp($/MWh)": 8.09385,
			"RTM_lmp($/MWh)": 14.7764
		},
		"12:00:00": {
			"DAM_lmp($/MWh)": 6.14701,
			"RTM_lmp($/MWh)": 15.16071
		},
		"13:00:00": {
			"DAM_lmp($/MWh)": 5.98173,
			"RTM_lmp($/MWh)": 15.34581
		},
		"14:00:00": {
			"DAM_lmp($/MWh)": 7.14121,
			"RTM_lmp($/MWh)": 9.9976
		},
		"15:00:00": {
			"DAM_lmp($/MWh)": 10.21212,
			"RTM_lmp($/MWh)": 4.9988
		},
		"16:00:00": {
			"DAM_lmp($/MWh)": 14.34045,
			"RTM_lmp($/MWh)": 4.95
		},
		"17:00:00": {
			"DAM_lmp($/MWh)": 25.39637,
			"RTM_lmp($/MWh)": 0.0
		},
		"18:00:00": {
			"DAM_lmp($/MWh)": 44.86947,
			"RTM_lmp($/MWh)": 14.2288
		},
		"19:00:00": {
			"DAM_lmp($/MWh)": 66.65087,
			"RTM_lmp($/MWh)": 28.13232
		},
		"20:00:00": {
			"DAM_lmp($/MWh)": 66.63371,
			"RTM_lmp($/MWh)": 40.0
		},
		"21:00:00": {
			"DAM_lmp($/MWh)": 51.00339,
			"RTM_lmp($/MWh)": 42.91342
		},
		"22:00:00": {
			"DAM_lmp($/MWh)": 39.51978,
			"RTM_lmp($/MWh)": 32.16446
		},
		"23:00:00": {
			"DAM_lmp($/MWh)": 29.19172,
			"RTM_lmp($/MWh)": 33.00589
		}
	}
}