{
	"2023-05-22": {
		"00:00:00": {
			"DAM_lmp($/MWh)": 36.65752,
			"RTM_lmp($/MWh)": 28.33177
		},
		"01:00:00": {
			"DAM_lmp($/MWh)": 33.84776,
			"RTM_lmp($/MWh)": 24.45321
		},
		"02:00:00": {
			"DAM_lmp($/MWh)": 34.24593,
			"RTM_lmp($/MWh)": 20.33867
		},
		"03:00:00": {
			"DAM_lmp($/MWh)": 33.18815,
			"RTM_lmp($/MWh)": 6.6114
		},
		"04:00:00": {
			"DAM_lmp($/MWh)": 35.4193,
			"RTM_lmp($/MWh)": 1.7924
		},
		"05:00:00": {
			"DAM_lmp($/MWh)": 38.12674,
			"RTM_lmp($/MWh)": 30.81135
		},
		"06:00:00": {
			"DAM_lmp($/MWh)": 42.97938,
			"RTM_lmp($/MWh)": 72.0
		},
		"07:00:00": {
			"DAM_lmp($/MWh)": 24.88183,
			"RTM_lmp($/MWh)": 18.0208
		},
		"08:00:00": {
			"DAM_lmp($/MWh)": 1.59133,
			"RTM_lmp($/MWh)": 12.8688
		},
		"09:00:00": {
			"DAM_lmp($/MWh)": -1.97986,
			"RTM_lmp($/MWh)": 12.94
		},
		"10:00:00": {
			"DAM_lmp($/MWh)": -0.32775,
			"RTM_lmp($/MWh)": 15.4
		},
		"11:00:00": {
			"DAM_lmp($/MWh)": -0.98562,
			"RTM_lmp($/MWh)": -1.81072
		},
		"12:00:00": {
			"DAM_lmp($/MWh)": -3.27275,
			"RTM_lmp($/MWh)": 14.01512
		},
		"13:00:00": {
			"DAM_lmp($/MWh)": -4.16259,
			"RTM_lmp($/MWh)": 14.23454
		},
		"14:00:00": {
			"DAM_lmp($/MWh)": -3.19133,
			"RTM_lmp($/MWh)": 9.9976
		},
		"15:00:00": {
			"DAM_lmp($/MWh)": -0.05819,
			"RTM_lmp($/MWh)": 4.9988
		},
		"16:00:00": {
			"DAM_lmp($/MWh)": 5.07555,
			"RTM_lmp($/MWh)": 4.95
		},
		"17:00:00": {
			"DAM_lmp($/MWh)": 23.52171,
			"RTM_lmp($/MWh)": 0.0
		},
		"18:00:00": {
			"DAM_lmp($/MWh)": 42.67815,
			"RTM_lmp($/MWh)": 13.30059
		},
		"19:00:00": {
			"DAM_lmp($/MWh)": 62.71464,
			"RTM_lmp($/MWh)": 26.89458
		},
		"20:00:00": {
			"DAM_lmp($/MWh)": 63.44249,
			"RTM_lmp($/MWh)": 40.0
		},
		"21:00:00": {
			"DAM_lmp($/MWh)": 49.10643,
			"RTM_lmp($/MWh)": 42.6113
		},
		"22:00:00": {
			"DAM_lmp($/MWh)": 43.24735,
			"RTM_lmp($/MWh)": 32.18993
		},
		"23:00:00": {
			"DAM_lmp($/MWh)": 37.9503,
			"RTM_lmp($/MWh)": 33.19191
		}
	},
	"2023-05-23": {
		"00:00:00": {
			"DAM_lmp($/MWh)": 36.65752,
			"RTM_lmp($/MWh)": 28.33177
		},
		"01:00:00": {
			"DAM_lmp($/MWh)": 33.84776,
			"RTM_lmp($/MWh)": 24.45321
		},
		"02:00:00": {
			"DAM_lmp($/MWh)": 34.24593,
			"RTM_lmp($/MWh)": 20.33867
		},
		"03:00:00": {
			"DAM_lmp($/MWh)": 33.18815,
			"RTM_lmp($/MWh)": 6.6114
		},
		"04:00:00": {
			"DAM_lmp($/MWh)": 35.4193,
			"RTM_lmp($/MWh)": 1.7924
		},
		"05:00:00": {
			"DAM_lmp($/MWh)": 38.12674,
			"RTM_lmp($/MWh)": 30.81135
		},
		"06:00:00": {
			"DAM_lmp($/MWh)": 42.97938,
			"RTM_lmp($/MWh)": 72.0
		},
		"07:00:00": {
			"DAM_lmp($/MWh)": 24.88183,
			"RTM_lmp($/MWh)": 18.0208
		},
		"08:00:00": {
			"DAM_lmp($/MWh)": 1.59133,
			"RTM_lmp($/MWh)": 12.8688
		},
		"09:00:00": {
			"DAM_lmp($/MWh)": -1.97986,
			"RTM_lmp($/MWh)": 12.94
		},
		"10:00:00": {
			"DAM_lmp($/MWh)": -0.32775,
			"RTM_lmp($/MWh)": 15.4
		},
		"11:00:00": {
			"DAM_lmp($/MWh)": -0.98562,
			"RTM_lmp($/MWh)": -1.81072
		},
		"12:00:00": {
			"DAM_lmp($/MWh)": -3.27275,
			"RTM_lmp($/MWh)": 14.01512
		},
		"13:00:00": {
			"DAM_lmp($/MWh)": -4.16259,
			"RTM_lmp($/MWh)": 14.23454
		},
		"14:00:00": {
			"DAM_lmp($/MWh)": -3.19133,
			"RTM_lmp($/MWh)": 9.9976
		},
		"15:00:00": {
			"DAM_lmp($/MWh)": -0.05819,
			"RTM_lmp($/MWh)": 4.9988
		},
		"16:00:00": {
			"DAM_lmp($/MWh)": 5.07555,
			"RTM_lmp($/MWh)": 4.95
		},
		"17:00:00": {
			"DAM_lmp($/MWh)": 23.52171,
			"RTM_lmp($/MWh)": 0.0
		},
		"18:00:00": {
			"DAM_lmp($/MWh)": 42.67815,
			"RTM_lmp($/MWh)": 13.30059
		},
		"19:00:00": {
			"DAM_lmp($/MWh)": 62.71464,
			"RTM_lmp($/MWh)": 26.89458
		},
		"20:00:00": {
			"DAM_lmp($/MWh)": 63.44249,
			"RTM_lmp($/MWh)": 40.0
		},
		"21:00:00": {
			"DAM_lmp($/MWh)": 49.10643,
			"RTM_lmp($/MWh)": 42.6113
		},
		"22:00:00": {
			"DAM_lmp($/MWh)": 43.24735,
			"RTM_lmp($/MWh)": 32.18993
		},
		"23:00:00": {
			"DAM_lmp($/MWh)": 37.9503,
			"RTM_lmp($/MWh)": 33.19191
		}
	}
}