{
	"2023-05-22": {
		"00:00:00": {
			"DAM_lmp($/MWh)": 11.85182,
			"RTM_lmp($/MWh)": 0.9092
		},
		"01:00:00": {
			"DAM_lmp($/MWh)": 9.83413,
			"RTM_lmp($/MWh)": 0.89049
		},
		"02:00:00": {
			"DAM_lmp($/MWh)": 8.82306,
			"RTM_lmp($/MWh)": 0.86805
		},
		"03:00:00": {
			"DAM_lmp($/MWh)": 6.81458,
			"RTM_lmp($/MWh)": 0.78661
		},
		"04:00:00": {
			"DAM_lmp($/MWh)": 9.82851,
			"RTM_lmp($/MWh)": 1.65981
		},
		"05:00:00": {
			"DAM_lmp($/MWh)": 16.01029,
			"RTM_lmp($/MWh)": 0.68
		},
		"06:00:00": {
			"DAM_lmp($/MWh)": 14.2103,
			"RTM_lmp($/MWh)": 0.71
		},
		"07:00:00": {
			"DAM_lmp($/MWh)": 8.99011,
			"RTM_lmp($/MWh)": 0.71
		},
		"08:00:00": {
			"DAM_lmp($/MWh)": 1.3889,
			"RTM_lmp($/MWh)": 0.71
		},
		"09:00:00": {
			"DAM_lmp($/MWh)": 0.12436,
			"RTM_lmp($/MWh)": 0.71
		},
		"10:00:00": {
			"DAM_lmp($/MWh)": -1.6222,
			"RTM_lmp($/MWh)": -40.0
		},
		"11:00:00": {
			"DAM_lmp($/MWh)": -4.98602,
			"RTM_lmp($/MWh)": -40.0
		},
		"12:00:00": {
			"DAM_lmp($/MWh)": -6.95074,
			"RTM_lmp($/MWh)": -39.97844
		},
		"13:00:00": {
			"DAM_lmp($/MWh)": -8.03119,
			"RTM_lmp($/MWh)": -39.97803
		},
		"14:00:00": {
			"DAM_lmp($/MWh)": -8.22858,
			"RTM_lmp($/MWh)": -40.0
		},
		"15:00:00": {
			"DAM_lmp($/MWh)": -8.51995,
			"RTM_lmp($/MWh)": -40.0
		},
		"16:00:00": {
			"DAM_lmp($/MWh)": -5.90721,
			"RTM_lmp($/MWh)": -40.0
		},
		"17:00:00": {
			"DAM_lmp($/MWh)": 10.4773,
			"RTM_lmp($/MWh)": -40.0
		},
		"18:00:00": {
			"DAM_lmp($/MWh)": 21.99487,
			"RTM_lmp($/MWh)": -39.88433
		},
		"19:00:00": {
			"DAM_lmp($/MWh)": 41.78927,
			"RTM_lmp($/MWh)": 0.87778
		},
		"20:00:00": {
			"DAM_lmp($/MWh)": 36.81017,
			"RTM_lmp($/MWh)": 0.71
		},
		"21:00:00": {
			"DAM_lmp($/MWh)": 17.93499,
			"RTM_lmp($/MWh)": 1.10863
		},
		"22:00:00": {
			"DAM_lmp($/MWh)": 12.32277,
			"RTM_lmp($/MWh)": 0.9583
		},
		"23:00:00": {
			"DAM_lmp($/MWh)": 18.0158,
			"RTM_lmp($/MWh)": 0.94253
		}
	},
	"2023-05-23": {
		"00:00:00": {
			"DAM_lmp($/MWh)": 11.85182,
			"RTM_lmp($/MWh)": 0.9092
		},
		"01:00:00": {
			"DAM_lmp($/MWh)": 9.83413,
			"RTM_lmp($/MWh)": 0.89049
		},
		"02:00:00": {
			"DAM_lmp($/MWh)": 8.82306,
			"RTM_lmp($/MWh)": 0.86805
		},
		"03:00:00": {
			"DAM_lmp($/MWh)": 6.81458,
			"RTM_lmp($/MWh)": 0.78661
		},
		"04:00:00": {
			"DAM_lmp($/MWh)": 9.82851,
			"RTM_lmp($/MWh)": 1.65981
		},
		"05:00:00": {
			"DAM_lmp($/MWh)": 16.01029,
			"RTM_lmp($/MWh)": 0.68
		},
		"06:00:00": {
			"DAM_lmp($/MWh)": 14.2103,
			"RTM_lmp($/MWh)": 0.71
		},
		"07:00:00": {
			"DAM_lmp($/MWh)": 8.99011,
			"RTM_lmp($/MWh)": 0.71
		},
		"08:00:00": {
			"DAM_lmp($/MWh)": 1.3889,
			"RTM_lmp($/MWh)": 0.71
		},
		"09:00:00": {
			"DAM_lmp($/MWh)": 0.12436,
			"RTM_lmp($/MWh)": 0.71
		},
		"10:00:00": {
			"DAM_lmp($/MWh)": -1.6222,
			"RTM_lmp($/MWh)": -40.0
		},
		"11:00:00": {
			"DAM_lmp($/MWh)": -4.98602,
			"RTM_lmp($/MWh)": -40.0
		},
		"12:00:00": {
			"DAM_lmp($/MWh)": -6.95074,
			"RTM_lmp($/MWh)": -39.97844
		},
		"13:00:00": {
			"DAM_lmp($/MWh)": -8.03119,
			"RTM_lmp($/MWh)": -39.97803
		},
		"14:00:00": {
			"DAM_lmp($/MWh)": -8.22858,
			"RTM_lmp($/MWh)": -40.0
		},
		"15:00:00": {
			"DAM_lmp($/MWh)": -8.51995,
			"RTM_lmp($/MWh)": -40.0
		},
		"16:00:00": {
			"DAM_lmp($/MWh)": -5.90721,
			"RTM_lmp($/MWh)": -40.0
		},
		"17:00:00": {
			"DAM_lmp($/MWh)": 10.4773,
			"RTM_lmp($/MWh)": -40.0
		},
		"18:00:00": {
			"DAM_lmp($/MWh)": 21.99487,
			"RTM_lmp($/MWh)": -39.88433
		},
		"19:00:00": {
			"DAM_lmp($/MWh)": 41.78927,
			"RTM_lmp($/MWh)": 0.87778
		},
		"20:00:00": {
			"DAM_lmp($/MWh)": 36.81017,
			"RTM_lmp($/MWh)": 0.71
		},
		"21:00:00": {
			"DAM_lmp($/MWh)": 17.93499,
			"RTM_lmp($/MWh)": 1.10863
		},
		"22:00:00": {
			"DAM_lmp($/MWh)": 12.32277,
			"RTM_lmp($/MWh)": 0.9583
		},
		"23:00:00": {
			"DAM_lmp($/MWh)": 18.0158,
			"RTM_lmp($/MWh)": 0.94253
		}
	}
}