{
	"2023-05-22": {
		"00:00:00": {
			"DAM_lmp($/MWh)": 15.63928,
			"RTM_lmp($/MWh)": 24.70189
		},
		"01:00:00": {
			"DAM_lmp($/MWh)": 11.47663,
			"RTM_lmp($/MWh)": 21.33198
		},
		"02:00:00": {
			"DAM_lmp($/MWh)": 7.94997,
			"RTM_lmp($/MWh)": 17.64993
		},
		"03:00:00": {
			"DAM_lmp($/MWh)": 5.28391,
			"RTM_lmp($/MWh)": 6.05767
		},
		"04:00:00": {
			"DAM_lmp($/MWh)": 9.86618,
			"RTM_lmp($/MWh)": 1.56381
		},
		"05:00:00": {
			"DAM_lmp($/MWh)": 23.50193,
			"RTM_lmp($/MWh)": 28.89402
		},
		"06:00:00": {
			"DAM_lmp($/MWh)": 20.86107,
			"RTM_lmp($/MWh)": 67.43361
		},
		"07:00:00": {
			"DAM_lmp($/MWh)": 22.98175,
			"RTM_lmp($/MWh)": 18.0208
		},
		"08:00:00": {
			"DAM_lmp($/MWh)": 11.35998,
			"RTM_lmp($/MWh)": 12.8688
		},
		"09:00:00": {
			"DAM_lmp($/MWh)": 8.90412,
			"RTM_lmp($/MWh)": 12.14565
		},
		"10:00:00": {
			"DAM_lmp($/MWh)": 5.8034,
			"RTM_lmp($/MWh)": 14.37613
		},
		"11:00:00": {
			"DAM_lmp($/MWh)": 4.15542,
			"RTM_lmp($/MWh)": 13.79402
		},
		"12:00:00": {
			"DAM_lmp($/MWh)": 1.06604,
			"RTM_lmp($/MWh)": 13.4791
		},
		"13:00:00": {
			"DAM_lmp($/MWh)": 1.1029,
			"RTM_lmp($/MWh)": 13.70618
		},
		"14:00:00": {
			"DAM_lmp($/MWh)": 3.54595,
			"RTM_lmp($/MWh)": 9.9976
		},
		"15:00:00": {
			"DAM_lmp($/MWh)": 6.14516,
			"RTM_lmp($/MWh)": 4.9988
		},
		"16:00:00": {
			"DAM_lmp($/MWh)": 10.73163,
			"RTM_lmp($/MWh)": 4.95
		},
		"17:00:00": {
			"DAM_lmp($/MWh)": 22.53547,
			"RTM_lmp($/MWh)": 0.0
		},
		"18:00:00": {
			"DAM_lmp($/MWh)": 39.75137,
			"RTM_lmp($/MWh)": 13.28631
		},
		"19:00:00": {
			"DAM_lmp($/MWh)": 60.58579,
			"RTM_lmp($/MWh)": 26.01717
		},
		"20:00:00": {
			"DAM_lmp($/MWh)": 59.88854,
			"RTM_lmp($/MWh)": 40.0
		},
		"21:00:00": {
			"DAM_lmp($/MWh)": 45.28486,
			"RTM_lmp($/MWh)": 38.97329
		},
		"22:00:00": {
			"DAM_lmp($/MWh)": 31.4666,
			"RTM_lmp($/MWh)": 29.79287
		},
		"23:00:00": {
			"DAM_lmp($/MWh)": 19.48295,
			"RTM_lmp($/MWh)": 19.20169
		}
	},
	"2023-05-23": {
		"00:00:00": {
			"DAM_lmp($/MWh)": 15.63928,
			"RTM_lmp($/MWh)": 24.70189
		},
		"01:00:00": {
			"DAM_lmp($/MWh)": 11.47663,
			"RTM_lmp($/MWh)": 21.33198
		},
		"02:00:00": {
			"DAM_lmp($/MWh)": 7.94997,
			"RTM_lmp($/MWh)": 17.64993
		},
		"03:00:00": {
			"DAM_lmp($/MWh)": 5.28391,
			"RTM_lmp($/MWh)": 6.05767
		},
		"04:00:00": {
			"DAM_lmp($/MWh)": 9.86618,
			"RTM_lmp($/MWh)": 1.56381
		},
		"05:00:00": {
			"DAM_lmp($/MWh)": 23.50193,
			"RTM_lmp($/MWh)": 28.89402
		},
		"06:00:00": {
			"DAM_lmp($/MWh)": 20.86107,
			"RTM_lmp($/MWh)": 67.43361
		},
		"07:00:00": {
			"DAM_lmp($/MWh)": 22.98175,
			"RTM_lmp($/MWh)": 18.0208
		},
		"08:00:00": {
			"DAM_lmp($/MWh)": 11.35998,
			"RTM_lmp($/MWh)": 12.8688
		},
		"09:00:00": {
			"DAM_lmp($/MWh)": 8.90412,
			"RTM_lmp($/MWh)": 12.14565
		},
		"10:00:00": {
			"DAM_lmp($/MWh)": 5.8034,
			"RTM_lmp($/MWh)": 14.37613
		},
		"11:00:00": {
			"DAM_lmp($/MWh)": 4.15542,
			"RTM_lmp($/MWh)": 13.79402
		},
		"12:00:00": {
			"DAM_lmp($/MWh)": 1.06604,
			"RTM_lmp($/MWh)": 13.4791
		},
		"13:00:00": {
			"DAM_lmp($/MWh)": 1.1029,
			"RTM_lmp($/MWh)": 13.70618
		},
		"14:00:00": {
			"DAM_lmp($/MWh)": 3.54595,
			"RTM_lmp($/MWh)": 9.9976
		},
		"15:00:00": {
			"DAM_lmp($/MWh)": 6.14516,
			"RTM_lmp($/MWh)": 4.9988
		},
		"16:00:00": {
			"DAM_lmp($/MWh)": 10.73163,
			"RTM_lmp($/MWh)": 4.95
		},
		"17:00:00": {
			"DAM_lmp($/MWh)": 22.53547,
			"RTM_lmp($/MWh)": 0.0
		},
		"18:00:00": {
			"DAM_lmp($/MWh)": 39.75137,
			"RTM_lmp($/MWh)": 13.28631
		},
		"19:00:00": {
			"DAM_lmp($/MWh)": 60.58579,
			"RTM_lmp($/MWh)": 26.01717
		},
		"20:00:00": {
			"DAM_lmp($/MWh)": 59.88854,
			"RTM_lmp($/MWh)": 40.0
		},
		"21:00:00": {
			"DAM_lmp($/MWh)": 45.28486,
			"RTM_lmp($/MWh)": 38.97329
		},
		"22:00:00": {
			"DAM_lmp($/MWh)": 31.4666,
			"RTM_lmp($/MWh)": 29.79287
		},
		"23:00:00": {
			"DAM_lmp($/MWh)": 19.48295,
			"RTM_lmp($/MWh)": 19.20169
		}
	}
}