{
	"2023-05-22": {
		"00:00:00": {
			"DAM_lmp($/MWh)": 26.51325,
			"RTM_lmp($/MWh)": 27.49229
		},
		"01:00:00": {
			"DAM_lmp($/MWh)": 22.56089,
			"RTM_lmp($/MWh)": 23.72876
		},
		"02:00:00": {
			"DAM_lmp($/MWh)": 20.6048,
			"RTM_lmp($/MWh)": 19.67365
		},
		"03:00:00": {
			"DAM_lmp($/MWh)": 18.4751,
			"RTM_lmp($/MWh)": 7.02369
		},
		"04:00:00": {
			"DAM_lmp($/MWh)": 22.32963,
			"RTM_lmp($/MWh)": 1.96433
		},
		"05:00:00": {
			"DAM_lmp($/MWh)": 31.95599,
			"RTM_lmp($/MWh)": 17.03994
		},
		"06:00:00": {
			"DAM_lmp($/MWh)": 32.94195,
			"RTM_lmp($/MWh)": 72.0
		},
		"07:00:00": {
			"DAM_lmp($/MWh)": 26.30527,
			"RTM_lmp($/MWh)": 18.0208
		},
		"08:00:00": {
			"DAM_lmp($/MWh)": 17.24871,
			"RTM_lmp($/MWh)": 12.8688
		},
		"09:00:00": {
			"DAM_lmp($/MWh)": 14.77756,
			"RTM_lmp($/MWh)": 12.94
		},
		"10:00:00": {
			"DAM_lmp($/MWh)": 10.33597,
			"RTM_lmp($/MWh)": 15.4
		},
		"11:00:00": {
			"DAM_lmp($/MWh)": 8.35088,
			"RTM_lmp($/MWh)": 14.7764
		},
		"12:00:00": {
			"DAM_lmp($/MWh)": 6.39978,
			"RTM_lmp($/MWh)": 15.27312
		},
		"13:00:00": {
			"DAM_lmp($/MWh)": 6.24537,
			"RTM_lmp($/MWh)": 15.47608
		},
		"14:00:00": {
			"DAM_lmp($/MWh)": 7.41312,
			"RTM_lmp($/MWh)": 9.9976
		},
		"15:00:00": {
			"DAM_lmp($/MWh)": 10.50165,
			"RTM_lmp($/MWh)": 4.9988
		},
		"16:00:00": {
			"DAM_lmp($/MWh)": 14.54092,
			"RTM_lmp($/MWh)": 4.95
		},
		"17:00:00": {
			"DAM_lmp($/MWh)": 25.6304,
			"RTM_lmp($/MWh)": 0.0
		},
		"18:00:00": {
			"DAM_lmp($/MWh)": 44.81687,
			"RTM_lmp($/MWh)": 14.2645
		},
		"19:00:00": {
			"DAM_lmp($/MWh)": 66.2566,
			"RTM_lmp($/MWh)": 27.87652
		},
		"20:00:00": {
			"DAM_lmp($/MWh)": 66.29712,
			"RTM_lmp($/MWh)": 40.0
		},
		"21:00:00": {
			"DAM_lmp($/MWh)": 50.92352,
			"RTM_lmp($/MWh)": 42.38471
		},
		"22:00:00": {
			"DAM_lmp($/MWh)": 39.56818,
			"RTM_lmp($/MWh)": 31.84931
		},
		"23:00:00": {
			"DAM_lmp($/MWh)": 29.25828,
			"RTM_lmp($/MWh)": 32.78664
		}
	},
	"2023-05-23": {
		"00:00:00": {
			"DAM_lmp($/MWh)": 26.51325,
			"RTM_lmp($/MWh)": 27.49229
		},
		"01:00:00": {
			"DAM_lmp($/MWh)": 22.56089,
			"RTM_lmp($/MWh)": 23.72876
		},
		"02:00:00": {
			"DAM_lmp($/MWh)": 20.6048,
			"RTM_lmp($/MWh)": 19.67365
		},
		"03:00:00": {
			"DAM_lmp($/MWh)": 18.4751,
			"RTM_lmp($/MWh)": 7.02369
		},
		"04:00:00": {
			"DAM_lmp($/MWh)": 22.32963,
			"RTM_lmp($/MWh)": 1.96433
		},
		"05:00:00": {
			"DAM_lmp($/MWh)": 31.95599,
			"RTM_lmp($/MWh)": 17.03994
		},
		"06:00:00": {
			"DAM_lmp($/MWh)": 32.94195,
			"RTM_lmp($/MWh)": 72.0
		},
		"07:00:00": {
			"DAM_lmp($/MWh)": 26.30527,
			"RTM_lmp($/MWh)": 18.0208
		},
		"08:00:00": {
			"DAM_lmp($/MWh)": 17.24871,
			"RTM_lmp($/MWh)": 12.8688
		},
		"09:00:00": {
			"DAM_lmp($/MWh)": 14.77756,
			"RTM_lmp($/MWh)": 12.94
		},
		"10:00:00": {
			"DAM_lmp($/MWh)": 10.33597,
			"RTM_lmp($/MWh)": 15.4
		},
		"11:00:00": {
			"DAM_lmp($/MWh)": 8.35088,
			"RTM_lmp($/MWh)": 14.7764
		},
		"12:00:00": {
			"DAM_lmp($/MWh)": 6.39978,
			"RTM_lmp($/MWh)": 15.27312
		},
		"13:00:00": {
			"DAM_lmp($/MWh)": 6.24537,
			"RTM_lmp($/MWh)": 15.47608
		},
		"14:00:00": {
			"DAM_lmp($/MWh)": 7.41312,
			"RTM_lmp($/MWh)": 9.9976
		},
		"15:00:00": {
			"DAM_lmp($/MWh)": 10.50165,
			"RTM_lmp($/MWh)": 4.9988
		},
		"16:00:00": {
			"DAM_lmp($/MWh)": 14.54092,
			"RTM_lmp($/MWh)": 4.95
		},
		"17:00:00": {
			"DAM_lmp($/MWh)": 25.6304,
			"RTM_lmp($/MWh)": 0.0
		},
		"18:00:00": {
			"DAM_lmp($/MWh)": 44.81687,
			"RTM_lmp($/MWh)": 14.2645
		},
		"19:00:00": {
			"DAM_lmp($/MWh)": 66.2566,
			"RTM_lmp($/MWh)": 27.87652
		},
		"20:00:00": {
			"DAM_lmp($/MWh)": 66.29712,
			"RTM_lmp($/MWh)": 40.0
		},
		"21:00:00": {
			"DAM_lmp($/MWh)": 50.92352,
			"RTM_lmp($/MWh)": 42.38471
		},
		"22:00:00": {
			"DAM_lmp($/MWh)": 39.56818,
			"RTM_lmp($/MWh)": 31.84931
		},
		"23:00:00": {
			"DAM_lmp($/MWh)": 29.25828,
			"RTM_lmp($/MWh)": 32.78664
		}
	}
}