{
	"2023-05-22": {
		"00:00:00": {
			"DAM_lmp($/MWh)": 27.41533,
			"RTM_lmp($/MWh)": 28.34315
		},
		"01:00:00": {
			"DAM_lmp($/MWh)": 23.47722,
			"RTM_lmp($/MWh)": 24.47052
		},
		"02:00:00": {
			"DAM_lmp($/MWh)": 21.57107,
			"RTM_lmp($/MWh)": 20.25041
		},
		"03:00:00": {
			"DAM_lmp($/MWh)": 19.43741,
			"RTM_lmp($/MWh)": 7.22417
		},
		"04:00:00": {
			"DAM_lmp($/MWh)": 23.26581,
			"RTM_lmp($/MWh)": 2.15033
		},
		"05:00:00": {
			"DAM_lmp($/MWh)": 32.79323,
			"RTM_lmp($/MWh)": 56.63274
		},
		"06:00:00": {
			"DAM_lmp($/MWh)": 33.98136,
			"RTM_lmp($/MWh)": 72.0
		},
		"07:00:00": {
			"DAM_lmp($/MWh)": 26.53561,
			"RTM_lmp($/MWh)": 18.0208
		},
		"08:00:00": {
			"DAM_lmp($/MWh)": 21.44041,
			"RTM_lmp($/MWh)": 12.8688
		},
		"09:00:00": {
			"DAM_lmp($/MWh)": 18.94781,
			"RTM_lmp($/MWh)": 12.94
		},
		"10:00:00": {
			"DAM_lmp($/MWh)": 12.5819,
			"RTM_lmp($/MWh)": 15.4
		},
		"11:00:00": {
			"DAM_lmp($/MWh)": 10.42584,
			"RTM_lmp($/MWh)": 19.57433
		},
		"12:00:00": {
			"DAM_lmp($/MWh)": 8.6208,
			"RTM_lmp($/MWh)": 15.50101
		},
		"13:00:00": {
			"DAM_lmp($/MWh)": 8.55757,
			"RTM_lmp($/MWh)": 15.71466
		},
		"14:00:00": {
			"DAM_lmp($/MWh)": 9.81551,
			"RTM_lmp($/MWh)": 9.9976
		},
		"15:00:00": {
			"DAM_lmp($/MWh)": 12.75658,
			"RTM_lmp($/MWh)": 4.9988
		},
		"16:00:00": {
			"DAM_lmp($/MWh)": 16.58712,
			"RTM_lmp($/MWh)": 4.95
		},
		"17:00:00": {
			"DAM_lmp($/MWh)": 25.93911,
			"RTM_lmp($/MWh)": 0.0
		},
		"18:00:00": {
			"DAM_lmp($/MWh)": 45.58384,
			"RTM_lmp($/MWh)": 14.69862
		},
		"19:00:00": {
			"DAM_lmp($/MWh)": 67.27782,
			"RTM_lmp($/MWh)": 28.79244
		},
		"20:00:00": {
			"DAM_lmp($/MWh)": 67.27455,
			"RTM_lmp($/MWh)": 40.0
		},
		"21:00:00": {
			"DAM_lmp($/MWh)": 51.39277,
			"RTM_lmp($/MWh)": 43.7904
		},
		"22:00:00": {
			"DAM_lmp($/MWh)": 40.20282,
			"RTM_lmp($/MWh)": 32.67061
		},
		"23:00:00": {
			"DAM_lmp($/MWh)": 29.96182,
			"RTM_lmp($/MWh)": 33.5706
		}
	},
	"2023-05-23": {
		"00:00:00": {
			"DAM_lmp($/MWh)": 27.41533,
			"RTM_lmp($/MWh)": 28.34315
		},
		"01:00:00": {
			"DAM_lmp($/MWh)": 23.47722,
			"RTM_lmp($/MWh)": 24.47052
		},
		"02:00:00": {
			"DAM_lmp($/MWh)": 21.57107,
			"RTM_lmp($/MWh)": 20.25041
		},
		"03:00:00": {
			"DAM_lmp($/MWh)": 19.43741,
			"RTM_lmp($/MWh)": 7.22417
		},
		"04:00:00": {
			"DAM_lmp($/MWh)": 23.26581,
			"RTM_lmp($/MWh)": 2.15033
		},
		"05:00:00": {
			"DAM_lmp($/MWh)": 32.79323,
			"RTM_lmp($/MWh)": 56.63274
		},
		"06:00:00": {
			"DAM_lmp($/MWh)": 33.98136,
			"RTM_lmp($/MWh)": 72.0
		},
		"07:00:00": {
			"DAM_lmp($/MWh)": 26.53561,
			"RTM_lmp($/MWh)": 18.0208
		},
		"08:00:00": {
			"DAM_lmp($/MWh)": 21.44041,
			"RTM_lmp($/MWh)": 12.8688
		},
		"09:00:00": {
			"DAM_lmp($/MWh)": 18.94781,
			"RTM_lmp($/MWh)": 12.94
		},
		"10:00:00": {
			"DAM_lmp($/MWh)": 12.5819,
			"RTM_lmp($/MWh)": 15.4
		},
		"11:00:00": {
			"DAM_lmp($/MWh)": 10.42584,
			"RTM_lmp($/MWh)": 19.57433
		},
		"12:00:00": {
			"DAM_lmp($/MWh)": 8.6208,
			"RTM_lmp($/MWh)": 15.50101
		},
		"13:00:00": {
			"DAM_lmp($/MWh)": 8.55757,
			"RTM_lmp($/MWh)": 15.71466
		},
		"14:00:00": {
			"DAM_lmp($/MWh)": 9.81551,
			"RTM_lmp($/MWh)": 9.9976
		},
		"15:00:00": {
			"DAM_lmp($/MWh)": 12.75658,
			"RTM_lmp($/MWh)": 4.9988
		},
		"16:00:00": {
			"DAM_lmp($/MWh)": 16.58712,
			"RTM_lmp($/MWh)": 4.95
		},
		"17:00:00": {
			"DAM_lmp($/MWh)": 25.93911,
			"RTM_lmp($/MWh)": 0.0
		},
		"18:00:00": {
			"DAM_lmp($/MWh)": 45.58384,
			"RTM_lmp($/MWh)": 14.69862
		},
		"19:00:00": {
			"DAM_lmp($/MWh)": 67.27782,
			"RTM_lmp($/MWh)": 28.79244
		},
		"20:00:00": {
			"DAM_lmp($/MWh)": 67.27455,
			"RTM_lmp($/MWh)": 40.0
		},
		"21:00:00": {
			"DAM_lmp($/MWh)": 51.39277,
			"RTM_lmp($/MWh)": 43.7904
		},
		"22:00:00": {
			"DAM_lmp($/MWh)": 40.20282,
			"RTM_lmp($/MWh)": 32.67061
		},
		"23:00:00": {
			"DAM_lmp($/MWh)": 29.96182,
			"RTM_lmp($/MWh)": 33.5706
		}
	}
}