{
	"2023-05-22": {
		"00:00:00": {
			"DAM_lmp($/MWh)": 26.69503,
			"RTM_lmp($/MWh)": 27.7797
		},
		"01:00:00": {
			"DAM_lmp($/MWh)": 22.81467,
			"RTM_lmp($/MWh)": 23.99332
		},
		"02:00:00": {
			"DAM_lmp($/MWh)": 20.89004,
			"RTM_lmp($/MWh)": 19.89122
		},
		"03:00:00": {
			"DAM_lmp($/MWh)": 18.74999,
			"RTM_lmp($/MWh)": 7.02246
		},
		"04:00:00": {
			"DAM_lmp($/MWh)": 22.62141,
			"RTM_lmp($/MWh)": 1.99505
		},
		"05:00:00": {
			"DAM_lmp($/MWh)": 32.15028,
			"RTM_lmp($/MWh)": 62.37082
		},
		"06:00:00": {
			"DAM_lmp($/MWh)": 33.18575,
			"RTM_lmp($/MWh)": 72.0
		},
		"07:00:00": {
			"DAM_lmp($/MWh)": 26.22504,
			"RTM_lmp($/MWh)": 18.0208
		},
		"08:00:00": {
			"DAM_lmp($/MWh)": 20.02961,
			"RTM_lmp($/MWh)": 12.8688
		},
		"09:00:00": {
			"DAM_lmp($/MWh)": 17.52522,
			"RTM_lmp($/MWh)": 12.94
		},
		"10:00:00": {
			"DAM_lmp($/MWh)": 11.78802,
			"RTM_lmp($/MWh)": 15.4
		},
		"11:00:00": {
			"DAM_lmp($/MWh)": 9.66633,
			"RTM_lmp($/MWh)": 18.61474
		},
		"12:00:00": {
			"DAM_lmp($/MWh)": 7.82505,
			"RTM_lmp($/MWh)": 15.32393
		},
		"13:00:00": {
			"DAM_lmp($/MWh)": 7.79308,
			"RTM_lmp($/MWh)": 15.53573
		},
		"14:00:00": {
			"DAM_lmp($/MWh)": 8.95193,
			"RTM_lmp($/MWh)": 9.9976
		},
		"15:00:00": {
			"DAM_lmp($/MWh)": 11.95295,
			"RTM_lmp($/MWh)": 4.9988
		},
		"16:00:00": {
			"DAM_lmp($/MWh)": 15.73347,
			"RTM_lmp($/MWh)": 4.95
		},
		"17:00:00": {
			"DAM_lmp($/MWh)": 25.46857,
			"RTM_lmp($/MWh)": 0.0
		},
		"18:00:00": {
			"DAM_lmp($/MWh)": 44.67663,
			"RTM_lmp($/MWh)": 14.34447
		},
		"19:00:00": {
			"DAM_lmp($/MWh)": 65.77184,
			"RTM_lmp($/MWh)": 27.98654
		},
		"20:00:00": {
			"DAM_lmp($/MWh)": 66.08998,
			"RTM_lmp($/MWh)": 40.0
		},
		"21:00:00": {
			"DAM_lmp($/MWh)": 50.52416,
			"RTM_lmp($/MWh)": 42.69102
		},
		"22:00:00": {
			"DAM_lmp($/MWh)": 39.43805,
			"RTM_lmp($/MWh)": 31.99893
		},
		"23:00:00": {
			"DAM_lmp($/MWh)": 29.33582,
			"RTM_lmp($/MWh)": 32.94941
		}
	},
	"2023-05-23": {
		"00:00:00": {
			"DAM_lmp($/MWh)": 26.69503,
			"RTM_lmp($/MWh)": 27.7797
		},
		"01:00:00": {
			"DAM_lmp($/MWh)": 22.81467,
			"RTM_lmp($/MWh)": 23.99332
		},
		"02:00:00": {
			"DAM_lmp($/MWh)": 20.89004,
			"RTM_lmp($/MWh)": 19.89122
		},
		"03:00:00": {
			"DAM_lmp($/MWh)": 18.74999,
			"RTM_lmp($/MWh)": 7.02246
		},
		"04:00:00": {
			"DAM_lmp($/MWh)": 22.62141,
			"RTM_lmp($/MWh)": 1.99505
		},
		"05:00:00": {
			"DAM_lmp($/MWh)": 32.15028,
			"RTM_lmp($/MWh)": 62.37082
		},
		"06:00:00": {
			"DAM_lmp($/MWh)": 33.18575,
			"RTM_lmp($/MWh)": 72.0
		},
		"07:00:00": {
			"DAM_lmp($/MWh)": 26.22504,
			"RTM_lmp($/MWh)": 18.0208
		},
		"08:00:00": {
			"DAM_lmp($/MWh)": 20.02961,
			"RTM_lmp($/MWh)": 12.8688
		},
		"09:00:00": {
			"DAM_lmp($/MWh)": 17.52522,
			"RTM_lmp($/MWh)": 12.94
		},
		"10:00:00": {
			"DAM_lmp($/MWh)": 11.78802,
			"RTM_lmp($/MWh)": 15.4
		},
		"11:00:00": {
			"DAM_lmp($/MWh)": 9.66633,
			"RTM_lmp($/MWh)": 18.61474
		},
		"12:00:00": {
			"DAM_lmp($/MWh)": 7.82505,
			"RTM_lmp($/MWh)": 15.32393
		},
		"13:00:00": {
			"DAM_lmp($/MWh)": 7.79308,
			"RTM_lmp($/MWh)": 15.53573
		},
		"14:00:00": {
			"DAM_lmp($/MWh)": 8.95193,
			"RTM_lmp($/MWh)": 9.9976
		},
		"15:00:00": {
			"DAM_lmp($/MWh)": 11.95295,
			"RTM_lmp($/MWh)": 4.9988
		},
		"16:00:00": {
			"DAM_lmp($/MWh)": 15.73347,
			"RTM_lmp($/MWh)": 4.95
		},
		"17:00:00": {
			"DAM_lmp($/MWh)": 25.46857,
			"RTM_lmp($/MWh)": 0.0
		},
		"18:00:00": {
			"DAM_lmp($/MWh)": 44.67663,
			"RTM_lmp($/MWh)": 14.34447
		},
		"19:00:00": {
			"DAM_lmp($/MWh)": 65.77184,
			"RTM_lmp($/MWh)": 27.98654
		},
		"20:00:00": {
			"DAM_lmp($/MWh)": 66.08998,
			"RTM_lmp($/MWh)": 40.0
		},
		"21:00:00": {
			"DAM_lmp($/MWh)": 50.52416,
			"RTM_lmp($/MWh)": 42.69102
		},
		"22:00:00": {
			"DAM_lmp($/MWh)": 39.43805,
			"RTM_lmp($/MWh)": 31.99893
		},
		"23:00:00": {
			"DAM_lmp($/MWh)": 29.33582,
			"RTM_lmp($/MWh)": 32.94941
		}
	}
}