{
	"2023-05-22": {
		"00:00:00": {
			"DAM_lmp($/MWh)": 31.05334,
			"RTM_lmp($/MWh)": 29.09726
		},
		"01:00:00": {
			"DAM_lmp($/MWh)": 27.76902,
			"RTM_lmp($/MWh)": 26.25568
		},
		"02:00:00": {
			"DAM_lmp($/MWh)": 26.37775,
			"RTM_lmp($/MWh)": 21.72824
		},
		"03:00:00": {
			"DAM_lmp($/MWh)": 25.04589,
			"RTM_lmp($/MWh)": 23.70832
		},
		"04:00:00": {
			"DAM_lmp($/MWh)": 28.37363,
			"RTM_lmp($/MWh)": 20.86364
		},
		"05:00:00": {
			"DAM_lmp($/MWh)": 35.862,
			"RTM_lmp($/MWh)": 30.81135
		},
		"06:00:00": {
			"DAM_lmp($/MWh)": 37.64089,
			"RTM_lmp($/MWh)": 72.0
		},
		"07:00:00": {
			"DAM_lmp($/MWh)": 27.4932,
			"RTM_lmp($/MWh)": 18.0208
		},
		"08:00:00": {
			"DAM_lmp($/MWh)": 19.11524,
			"RTM_lmp($/MWh)": 12.8688
		},
		"09:00:00": {
			"DAM_lmp($/MWh)": 14.48635,
			"RTM_lmp($/MWh)": 12.94
		},
		"10:00:00": {
			"DAM_lmp($/MWh)": 9.67958,
			"RTM_lmp($/MWh)": 15.4
		},
		"11:00:00": {
			"DAM_lmp($/MWh)": 9.83074,
			"RTM_lmp($/MWh)": 14.7764
		},
		"12:00:00": {
			"DAM_lmp($/MWh)": 5.23962,
			"RTM_lmp($/MWh)": 15.97218
		},
		"13:00:00": {
			"DAM_lmp($/MWh)": 4.64774,
			"RTM_lmp($/MWh)": 8.41847
		},
		"14:00:00": {
			"DAM_lmp($/MWh)": 4.93849,
			"RTM_lmp($/MWh)": 9.9976
		},
		"15:00:00": {
			"DAM_lmp($/MWh)": 7.93173,
			"RTM_lmp($/MWh)": 4.9988
		},
		"16:00:00": {
			"DAM_lmp($/MWh)": 12.37949,
			"RTM_lmp($/MWh)": 4.95
		},
		"17:00:00": {
			"DAM_lmp($/MWh)": 25.90425,
			"RTM_lmp($/MWh)": 0.0
		},
		"18:00:00": {
			"DAM_lmp($/MWh)": 44.19454,
			"RTM_lmp($/MWh)": 15.3855
		},
		"19:00:00": {
			"DAM_lmp($/MWh)": 64.67306,
			"RTM_lmp($/MWh)": 28.19558
		},
		"20:00:00": {
			"DAM_lmp($/MWh)": 66.14823,
			"RTM_lmp($/MWh)": 40.0
		},
		"21:00:00": {
			"DAM_lmp($/MWh)": 51.68231,
			"RTM_lmp($/MWh)": 42.24624
		},
		"22:00:00": {
			"DAM_lmp($/MWh)": 41.10517,
			"RTM_lmp($/MWh)": 32.35865
		},
		"23:00:00": {
			"DAM_lmp($/MWh)": 33.62282,
			"RTM_lmp($/MWh)": 34.50736
		}
	},
	"2023-05-23": {
		"00:00:00": {
			"DAM_lmp($/MWh)": 31.05334,
			"RTM_lmp($/MWh)": 29.09726
		},
		"01:00:00": {
			"DAM_lmp($/MWh)": 27.76902,
			"RTM_lmp($/MWh)": 26.25568
		},
		"02:00:00": {
			"DAM_lmp($/MWh)": 26.37775,
			"RTM_lmp($/MWh)": 21.72824
		},
		"03:00:00": {
			"DAM_lmp($/MWh)": 25.04589,
			"RTM_lmp($/MWh)": 23.70832
		},
		"04:00:00": {
			"DAM_lmp($/MWh)": 28.37363,
			"RTM_lmp($/MWh)": 20.86364
		},
		"05:00:00": {
			"DAM_lmp($/MWh)": 35.862,
			"RTM_lmp($/MWh)": 30.81135
		},
		"06:00:00": {
			"DAM_lmp($/MWh)": 37.64089,
			"RTM_lmp($/MWh)": 72.0
		},
		"07:00:00": {
			"DAM_lmp($/MWh)": 27.4932,
			"RTM_lmp($/MWh)": 18.0208
		},
		"08:00:00": {
			"DAM_lmp($/MWh)": 19.11524,
			"RTM_lmp($/MWh)": 12.8688
		},
		"09:00:00": {
			"DAM_lmp($/MWh)": 14.48635,
			"RTM_lmp($/MWh)": 12.94
		},
		"10:00:00": {
			"DAM_lmp($/MWh)": 9.67958,
			"RTM_lmp($/MWh)": 15.4
		},
		"11:00:00": {
			"DAM_lmp($/MWh)": 9.83074,
			"RTM_lmp($/MWh)": 14.7764
		},
		"12:00:00": {
			"DAM_lmp($/MWh)": 5.23962,
			"RTM_lmp($/MWh)": 15.97218
		},
		"13:00:00": {
			"DAM_lmp($/MWh)": 4.64774,
			"RTM_lmp($/MWh)": 8.41847
		},
		"14:00:00": {
			"DAM_lmp($/MWh)": 4.93849,
			"RTM_lmp($/MWh)": 9.9976
		},
		"15:00:00": {
			"DAM_lmp($/MWh)": 7.93173,
			"RTM_lmp($/MWh)": 4.9988
		},
		"16:00:00": {
			"DAM_lmp($/MWh)": 12.37949,
			"RTM_lmp($/MWh)": 4.95
		},
		"17:00:00": {
			"DAM_lmp($/MWh)": 25.90425,
			"RTM_lmp($/MWh)": 0.0
		},
		"18:00:00": {
			"DAM_lmp($/MWh)": 44.19454,
			"RTM_lmp($/MWh)": 15.3855
		},
		"19:00:00": {
			"DAM_lmp($/MWh)": 64.67306,
			"RTM_lmp($/MWh)": 28.19558
		},
		"20:00:00": {
			"DAM_lmp($/MWh)": 66.14823,
			"RTM_lmp($/MWh)": 40.0
		},
		"21:00:00": {
			"DAM_lmp($/MWh)": 51.68231,
			"RTM_lmp($/MWh)": 42.24624
		},
		"22:00:00": {
			"DAM_lmp($/MWh)": 41.10517,
			"RTM_lmp($/MWh)": 32.35865
		},
		"23:00:00": {
			"DAM_lmp($/MWh)": 33.62282,
			"RTM_lmp($/MWh)": 34.50736
		}
	}
}