{
	"2023-05-22": {
		"00:00:00": {
			"DAM_lmp($/MWh)": 26.92036,
			"RTM_lmp($/MWh)": 28.03012
		},
		"01:00:00": {
			"DAM_lmp($/MWh)": 23.07086,
			"RTM_lmp($/MWh)": 24.19112
		},
		"02:00:00": {
			"DAM_lmp($/MWh)": 21.1359,
			"RTM_lmp($/MWh)": 20.06979
		},
		"03:00:00": {
			"DAM_lmp($/MWh)": 19.12946,
			"RTM_lmp($/MWh)": 7.1127
		},
		"04:00:00": {
			"DAM_lmp($/MWh)": 22.86869,
			"RTM_lmp($/MWh)": 2.08381
		},
		"05:00:00": {
			"DAM_lmp($/MWh)": 32.37603,
			"RTM_lmp($/MWh)": 60.07559
		},
		"06:00:00": {
			"DAM_lmp($/MWh)": 33.43896,
			"RTM_lmp($/MWh)": 72.0
		},
		"07:00:00": {
			"DAM_lmp($/MWh)": 26.32856,
			"RTM_lmp($/MWh)": 18.0208
		},
		"08:00:00": {
			"DAM_lmp($/MWh)": 20.19026,
			"RTM_lmp($/MWh)": 12.8688
		},
		"09:00:00": {
			"DAM_lmp($/MWh)": 17.58789,
			"RTM_lmp($/MWh)": 12.94
		},
		"10:00:00": {
			"DAM_lmp($/MWh)": 11.81603,
			"RTM_lmp($/MWh)": 15.4
		},
		"11:00:00": {
			"DAM_lmp($/MWh)": 9.7344,
			"RTM_lmp($/MWh)": 18.47766
		},
		"12:00:00": {
			"DAM_lmp($/MWh)": 7.8186,
			"RTM_lmp($/MWh)": 16.00452
		},
		"13:00:00": {
			"DAM_lmp($/MWh)": 7.76882,
			"RTM_lmp($/MWh)": 16.2232
		},
		"14:00:00": {
			"DAM_lmp($/MWh)": 8.96689,
			"RTM_lmp($/MWh)": 9.9976
		},
		"15:00:00": {
			"DAM_lmp($/MWh)": 12.09675,
			"RTM_lmp($/MWh)": 4.9988
		},
		"16:00:00": {
			"DAM_lmp($/MWh)": 16.0681,
			"RTM_lmp($/MWh)": 4.95
		},
		"17:00:00": {
			"DAM_lmp($/MWh)": 26.36483,
			"RTM_lmp($/MWh)": 0.0
		},
		"18:00:00": {
			"DAM_lmp($/MWh)": 46.22808,
			"RTM_lmp($/MWh)": 15.11275
		},
		"19:00:00": {
			"DAM_lmp($/MWh)": 68.02758,
			"RTM_lmp($/MWh)": 29.43606
		},
		"20:00:00": {
			"DAM_lmp($/MWh)": 68.46559,
			"RTM_lmp($/MWh)": 40.0
		},
		"21:00:00": {
			"DAM_lmp($/MWh)": 52.17652,
			"RTM_lmp($/MWh)": 44.90236
		},
		"22:00:00": {
			"DAM_lmp($/MWh)": 40.59565,
			"RTM_lmp($/MWh)": 33.30728
		},
		"23:00:00": {
			"DAM_lmp($/MWh)": 30.0547,
			"RTM_lmp($/MWh)": 34.09545
		}
	},
	"2023-05-23": {
		"00:00:00": {
			"DAM_lmp($/MWh)": 26.92036,
			"RTM_lmp($/MWh)": 28.03012
		},
		"01:00:00": {
			"DAM_lmp($/MWh)": 23.07086,
			"RTM_lmp($/MWh)": 24.19112
		},
		"02:00:00": {
			"DAM_lmp($/MWh)": 21.1359,
			"RTM_lmp($/MWh)": 20.06979
		},
		"03:00:00": {
			"DAM_lmp($/MWh)": 19.12946,
			"RTM_lmp($/MWh)": 7.1127
		},
		"04:00:00": {
			"DAM_lmp($/MWh)": 22.86869,
			"RTM_lmp($/MWh)": 2.08381
		},
		"05:00:00": {
			"DAM_lmp($/MWh)": 32.37603,
			"RTM_lmp($/MWh)": 60.07559
		},
		"06:00:00": {
			"DAM_lmp($/MWh)": 33.43896,
			"RTM_lmp($/MWh)": 72.0
		},
		"07:00:00": {
			"DAM_lmp($/MWh)": 26.32856,
			"RTM_lmp($/MWh)": 18.0208
		},
		"08:00:00": {
			"DAM_lmp($/MWh)": 20.19026,
			"RTM_lmp($/MWh)": 12.8688
		},
		"09:00:00": {
			"DAM_lmp($/MWh)": 17.58789,
			"RTM_lmp($/MWh)": 12.94
		},
		"10:00:00": {
			"DAM_lmp($/MWh)": 11.81603,
			"RTM_lmp($/MWh)": 15.4
		},
		"11:00:00": {
			"DAM_lmp($/MWh)": 9.7344,
			"RTM_lmp($/MWh)": 18.47766
		},
		"12:00:00": {
			"DAM_lmp($/MWh)": 7.8186,
			"RTM_lmp($/MWh)": 16.00452
		},
		"13:00:00": {
			"DAM_lmp($/MWh)": 7.76882,
			"RTM_lmp($/MWh)": 16.2232
		},
		"14:00:00": {
			"DAM_lmp($/MWh)": 8.96689,
			"RTM_lmp($/MWh)": 9.9976
		},
		"15:00:00": {
			"DAM_lmp($/MWh)": 12.09675,
			"RTM_lmp($/MWh)": 4.9988
		},
		"16:00:00": {
			"DAM_lmp($/MWh)": 16.0681,
			"RTM_lmp($/MWh)": 4.95
		},
		"17:00:00": {
			"DAM_lmp($/MWh)": 26.36483,
			"RTM_lmp($/MWh)": 0.0
		},
		"18:00:00": {
			"DAM_lmp($/MWh)": 46.22808,
			"RTM_lmp($/MWh)": 15.11275
		},
		"19:00:00": {
			"DAM_lmp($/MWh)": 68.02758,
			"RTM_lmp($/MWh)": 29.43606
		},
		"20:00:00": {
			"DAM_lmp($/MWh)": 68.46559,
			"RTM_lmp($/MWh)": 40.0
		},
		"21:00:00": {
			"DAM_lmp($/MWh)": 52.17652,
			"RTM_lmp($/MWh)": 44.90236
		},
		"22:00:00": {
			"DAM_lmp($/MWh)": 40.59565,
			"RTM_lmp($/MWh)": 33.30728
		},
		"23:00:00": {
			"DAM_lmp($/MWh)": 30.0547,
			"RTM_lmp($/MWh)": 34.09545
		}
	}
}