{
	"2023-05-22": {
		"00:00:00": {
			"DAM_lmp($/MWh)": 22.10907,
			"RTM_lmp($/MWh)": 25.65681
		},
		"01:00:00": {
			"DAM_lmp($/MWh)": 18.13376,
			"RTM_lmp($/MWh)": 22.13399
		},
		"02:00:00": {
			"DAM_lmp($/MWh)": 15.5815,
			"RTM_lmp($/MWh)": 18.32718
		},
		"03:00:00": {
			"DAM_lmp($/MWh)": 13.25469,
			"RTM_lmp($/MWh)": 6.54527
		},
		"04:00:00": {
			"DAM_lmp($/MWh)": 17.36537,
			"RTM_lmp($/MWh)": 1.95742
		},
		"05:00:00": {
			"DAM_lmp($/MWh)": 28.37236,
			"RTM_lmp($/MWh)": 30.81135
		},
		"06:00:00": {
			"DAM_lmp($/MWh)": 27.98399,
			"RTM_lmp($/MWh)": 72.0
		},
		"07:00:00": {
			"DAM_lmp($/MWh)": 24.70842,
			"RTM_lmp($/MWh)": 18.0208
		},
		"08:00:00": {
			"DAM_lmp($/MWh)": 12.4121,
			"RTM_lmp($/MWh)": 12.8688
		},
		"09:00:00": {
			"DAM_lmp($/MWh)": 10.04195,
			"RTM_lmp($/MWh)": 12.94
		},
		"10:00:00": {
			"DAM_lmp($/MWh)": 7.16925,
			"RTM_lmp($/MWh)": 15.4
		},
		"11:00:00": {
			"DAM_lmp($/MWh)": 5.38044,
			"RTM_lmp($/MWh)": 14.7764
		},
		"12:00:00": {
			"DAM_lmp($/MWh)": 3.83586,
			"RTM_lmp($/MWh)": 14.22915
		},
		"13:00:00": {
			"DAM_lmp($/MWh)": 3.51757,
			"RTM_lmp($/MWh)": 14.48411
		},
		"14:00:00": {
			"DAM_lmp($/MWh)": 4.58251,
			"RTM_lmp($/MWh)": 9.9976
		},
		"15:00:00": {
			"DAM_lmp($/MWh)": 7.43653,
			"RTM_lmp($/MWh)": 4.9988
		},
		"16:00:00": {
			"DAM_lmp($/MWh)": 11.582,
			"RTM_lmp($/MWh)": 4.95
		},
		"17:00:00": {
			"DAM_lmp($/MWh)": 23.66112,
			"RTM_lmp($/MWh)": 0.0
		},
		"18:00:00": {
			"DAM_lmp($/MWh)": 42.9944,
			"RTM_lmp($/MWh)": 13.02641
		},
		"19:00:00": {
			"DAM_lmp($/MWh)": 63.79944,
			"RTM_lmp($/MWh)": 25.67885
		},
		"20:00:00": {
			"DAM_lmp($/MWh)": 63.69941,
			"RTM_lmp($/MWh)": 40.0
		},
		"21:00:00": {
			"DAM_lmp($/MWh)": 48.23042,
			"RTM_lmp($/MWh)": 38.91874
		},
		"22:00:00": {
			"DAM_lmp($/MWh)": 36.42053,
			"RTM_lmp($/MWh)": 29.40769
		},
		"23:00:00": {
			"DAM_lmp($/MWh)": 25.42171,
			"RTM_lmp($/MWh)": 30.42149
		}
	},
	"2023-05-23": {
		"00:00:00": {
			"DAM_lmp($/MWh)": 22.10907,
			"RTM_lmp($/MWh)": 25.65681
		},
		"01:00:00": {
			"DAM_lmp($/MWh)": 18.13376,
			"RTM_lmp($/MWh)": 22.13399
		},
		"02:00:00": {
			"DAM_lmp($/MWh)": 15.5815,
			"RTM_lmp($/MWh)": 18.32718
		},
		"03:00:00": {
			"DAM_lmp($/MWh)": 13.25469,
			"RTM_lmp($/MWh)": 6.54527
		},
		"04:00:00": {
			"DAM_lmp($/MWh)": 17.36537,
			"RTM_lmp($/MWh)": 1.95742
		},
		"05:00:00": {
			"DAM_lmp($/MWh)": 28.37236,
			"RTM_lmp($/MWh)": 30.81135
		},
		"06:00:00": {
			"DAM_lmp($/MWh)": 27.98399,
			"RTM_lmp($/MWh)": 72.0
		},
		"07:00:00": {
			"DAM_lmp($/MWh)": 24.70842,
			"RTM_lmp($/MWh)": 18.0208
		},
		"08:00:00": {
			"DAM_lmp($/MWh)": 12.4121,
			"RTM_lmp($/MWh)": 12.8688
		},
		"09:00:00": {
			"DAM_lmp($/MWh)": 10.04195,
			"RTM_lmp($/MWh)": 12.94
		},
		"10:00:00": {
			"DAM_lmp($/MWh)": 7.16925,
			"RTM_lmp($/MWh)": 15.4
		},
		"11:00:00": {
			"DAM_lmp($/MWh)": 5.38044,
			"RTM_lmp($/MWh)": 14.7764
		},
		"12:00:00": {
			"DAM_lmp($/MWh)": 3.83586,
			"RTM_lmp($/MWh)": 14.22915
		},
		"13:00:00": {
			"DAM_lmp($/MWh)": 3.51757,
			"RTM_lmp($/MWh)": 14.48411
		},
		"14:00:00": {
			"DAM_lmp($/MWh)": 4.58251,
			"RTM_lmp($/MWh)": 9.9976
		},
		"15:00:00": {
			"DAM_lmp($/MWh)": 7.43653,
			"RTM_lmp($/MWh)": 4.9988
		},
		"16:00:00": {
			"DAM_lmp($/MWh)": 11.582,
			"RTM_lmp($/MWh)": 4.95
		},
		"17:00:00": {
			"DAM_lmp($/MWh)": 23.66112,
			"RTM_lmp($/MWh)": 0.0
		},
		"18:00:00": {
			"DAM_lmp($/MWh)": 42.9944,
			"RTM_lmp($/MWh)": 13.02641
		},
		"19:00:00": {
			"DAM_lmp($/MWh)": 63.79944,
			"RTM_lmp($/MWh)": 25.67885
		},
		"20:00:00": {
			"DAM_lmp($/MWh)": 63.69941,
			"RTM_lmp($/MWh)": 40.0
		},
		"21:00:00": {
			"DAM_lmp($/MWh)": 48.23042,
			"RTM_lmp($/MWh)": 38.91874
		},
		"22:00:00": {
			"DAM_lmp($/MWh)": 36.42053,
			"RTM_lmp($/MWh)": 29.40769
		},
		"23:00:00": {
			"DAM_lmp($/MWh)": 25.42171,
			"RTM_lmp($/MWh)": 30.42149
		}
	}
}