{
	"2023-05-22": {
		"00:00:00": {
			"DAM_lmp($/MWh)": 21.04631,
			"RTM_lmp($/MWh)": 24.08599
		},
		"01:00:00": {
			"DAM_lmp($/MWh)": 17.39501,
			"RTM_lmp($/MWh)": 20.64059
		},
		"02:00:00": {
			"DAM_lmp($/MWh)": 14.99194,
			"RTM_lmp($/MWh)": 17.1757
		},
		"03:00:00": {
			"DAM_lmp($/MWh)": 12.99165,
			"RTM_lmp($/MWh)": 5.66461
		},
		"04:00:00": {
			"DAM_lmp($/MWh)": 16.71091,
			"RTM_lmp($/MWh)": 1.20479
		},
		"05:00:00": {
			"DAM_lmp($/MWh)": 27.06618,
			"RTM_lmp($/MWh)": 30.81135
		},
		"06:00:00": {
			"DAM_lmp($/MWh)": 26.6994,
			"RTM_lmp($/MWh)": 72.0
		},
		"07:00:00": {
			"DAM_lmp($/MWh)": 23.65249,
			"RTM_lmp($/MWh)": 18.0208
		},
		"08:00:00": {
			"DAM_lmp($/MWh)": 11.89243,
			"RTM_lmp($/MWh)": 12.8688
		},
		"09:00:00": {
			"DAM_lmp($/MWh)": 9.61279,
			"RTM_lmp($/MWh)": 12.94
		},
		"10:00:00": {
			"DAM_lmp($/MWh)": 6.85278,
			"RTM_lmp($/MWh)": 15.4
		},
		"11:00:00": {
			"DAM_lmp($/MWh)": 5.11246,
			"RTM_lmp($/MWh)": 14.7764
		},
		"12:00:00": {
			"DAM_lmp($/MWh)": 3.67689,
			"RTM_lmp($/MWh)": 13.53162
		},
		"13:00:00": {
			"DAM_lmp($/MWh)": 3.37036,
			"RTM_lmp($/MWh)": 13.75582
		},
		"14:00:00": {
			"DAM_lmp($/MWh)": 4.395,
			"RTM_lmp($/MWh)": 9.9976
		},
		"15:00:00": {
			"DAM_lmp($/MWh)": 7.15499,
			"RTM_lmp($/MWh)": 4.9988
		},
		"16:00:00": {
			"DAM_lmp($/MWh)": 11.08457,
			"RTM_lmp($/MWh)": 4.95
		},
		"17:00:00": {
			"DAM_lmp($/MWh)": 22.83458,
			"RTM_lmp($/MWh)": 0.0
		},
		"18:00:00": {
			"DAM_lmp($/MWh)": 40.75925,
			"RTM_lmp($/MWh)": 12.38237
		},
		"19:00:00": {
			"DAM_lmp($/MWh)": 60.08297,
			"RTM_lmp($/MWh)": 23.64622
		},
		"20:00:00": {
			"DAM_lmp($/MWh)": 60.71933,
			"RTM_lmp($/MWh)": 40.0
		},
		"21:00:00": {
			"DAM_lmp($/MWh)": 45.60961,
			"RTM_lmp($/MWh)": 36.21226
		},
		"22:00:00": {
			"DAM_lmp($/MWh)": 34.47375,
			"RTM_lmp($/MWh)": 27.21437
		},
		"23:00:00": {
			"DAM_lmp($/MWh)": 24.15428,
			"RTM_lmp($/MWh)": 28.29218
		}
	},
	"2023-05-23": {
		"00:00:00": {
			"DAM_lmp($/MWh)": 21.04631,
			"RTM_lmp($/MWh)": 24.08599
		},
		"01:00:00": {
			"DAM_lmp($/MWh)": 17.39501,
			"RTM_lmp($/MWh)": 20.64059
		},
		"02:00:00": {
			"DAM_lmp($/MWh)": 14.99194,
			"RTM_lmp($/MWh)": 17.1757
		},
		"03:00:00": {
			"DAM_lmp($/MWh)": 12.99165,
			"RTM_lmp($/MWh)": 5.66461
		},
		"04:00:00": {
			"DAM_lmp($/MWh)": 16.71091,
			"RTM_lmp($/MWh)": 1.20479
		},
		"05:00:00": {
			"DAM_lmp($/MWh)": 27.06618,
			"RTM_lmp($/MWh)": 30.81135
		},
		"06:00:00": {
			"DAM_lmp($/MWh)": 26.6994,
			"RTM_lmp($/MWh)": 72.0
		},
		"07:00:00": {
			"DAM_lmp($/MWh)": 23.65249,
			"RTM_lmp($/MWh)": 18.0208
		},
		"08:00:00": {
			"DAM_lmp($/MWh)": 11.89243,
			"RTM_lmp($/MWh)": 12.8688
		},
		"09:00:00": {
			"DAM_lmp($/MWh)": 9.61279,
			"RTM_lmp($/MWh)": 12.94
		},
		"10:00:00": {
			"DAM_lmp($/MWh)": 6.85278,
			"RTM_lmp($/MWh)": 15.4
		},
		"11:00:00": {
			"DAM_lmp($/MWh)": 5.11246,
			"RTM_lmp($/MWh)": 14.7764
		},
		"12:00:00": {
			"DAM_lmp($/MWh)": 3.67689,
			"RTM_lmp($/MWh)": 13.53162
		},
		"13:00:00": {
			"DAM_lmp($/MWh)": 3.37036,
			"RTM_lmp($/MWh)": 13.75582
		},
		"14:00:00": {
			"DAM_lmp($/MWh)": 4.395,
			"RTM_lmp($/MWh)": 9.9976
		},
		"15:00:00": {
			"DAM_lmp($/MWh)": 7.15499,
			"RTM_lmp($/MWh)": 4.9988
		},
		"16:00:00": {
			"DAM_lmp($/MWh)": 11.08457,
			"RTM_lmp($/MWh)": 4.95
		},
		"17:00:00": {
			"DAM_lmp($/MWh)": 22.83458,
			"RTM_lmp($/MWh)": 0.0
		},
		"18:00:00": {
			"DAM_lmp($/MWh)": 40.75925,
			"RTM_lmp($/MWh)": 12.38237
		},
		"19:00:00": {
			"DAM_lmp($/MWh)": 60.08297,
			"RTM_lmp($/MWh)": 23.64622
		},
		"20:00:00": {
			"DAM_lmp($/MWh)": 60.71933,
			"RTM_lmp($/MWh)": 40.0
		},
		"21:00:00": {
			"DAM_lmp($/MWh)": 45.60961,
			"RTM_lmp($/MWh)": 36.21226
		},
		"22:00:00": {
			"DAM_lmp($/MWh)": 34.47375,
			"RTM_lmp($/MWh)": 27.21437
		},
		"23:00:00": {
			"DAM_lmp($/MWh)": 24.15428,
			"RTM_lmp($/MWh)": 28.29218
		}
	}
}