{
	"2023-05-22": {
		"00:00:00": {
			"DAM_lmp($/MWh)": 38.16178,
			"RTM_lmp($/MWh)": 27.09389
		},
		"01:00:00": {
			"DAM_lmp($/MWh)": 35.65799,
			"RTM_lmp($/MWh)": 23.32574
		},
		"02:00:00": {
			"DAM_lmp($/MWh)": 36.70575,
			"RTM_lmp($/MWh)": 19.36782
		},
		"03:00:00": {
			"DAM_lmp($/MWh)": 36.09983,
			"RTM_lmp($/MWh)": 6.13577
		},
		"04:00:00": {
			"DAM_lmp($/MWh)": 37.63125,
			"RTM_lmp($/MWh)": 1.44067
		},
		"05:00:00": {
			"DAM_lmp($/MWh)": 38.33861,
			"RTM_lmp($/MWh)": 30.81135
		},
		"06:00:00": {
			"DAM_lmp($/MWh)": 44.52246,
			"RTM_lmp($/MWh)": 72.0
		},
		"07:00:00": {
			"DAM_lmp($/MWh)": 23.98376,
			"RTM_lmp($/MWh)": 18.0208
		},
		"08:00:00": {
			"DAM_lmp($/MWh)": 4.0162,
			"RTM_lmp($/MWh)": 12.8688
		},
		"09:00:00": {
			"DAM_lmp($/MWh)": 0.78682,
			"RTM_lmp($/MWh)": 12.94
		},
		"10:00:00": {
			"DAM_lmp($/MWh)": 1.43148,
			"RTM_lmp($/MWh)": 15.4
		},
		"11:00:00": {
			"DAM_lmp($/MWh)": 0.45742,
			"RTM_lmp($/MWh)": 3.53554
		},
		"12:00:00": {
			"DAM_lmp($/MWh)": -1.57539,
			"RTM_lmp($/MWh)": 13.81956
		},
		"13:00:00": {
			"DAM_lmp($/MWh)": -2.32075,
			"RTM_lmp($/MWh)": 14.01794
		},
		"14:00:00": {
			"DAM_lmp($/MWh)": -1.35502,
			"RTM_lmp($/MWh)": 9.9976
		},
		"15:00:00": {
			"DAM_lmp($/MWh)": 1.49658,
			"RTM_lmp($/MWh)": 4.9988
		},
		"16:00:00": {
			"DAM_lmp($/MWh)": 6.31636,
			"RTM_lmp($/MWh)": 4.95
		},
		"17:00:00": {
			"DAM_lmp($/MWh)": 22.63292,
			"RTM_lmp($/MWh)": 0.0
		},
		"18:00:00": {
			"DAM_lmp($/MWh)": 41.17052,
			"RTM_lmp($/MWh)": 12.70367
		},
		"19:00:00": {
			"DAM_lmp($/MWh)": 60.05817,
			"RTM_lmp($/MWh)": 25.59909
		},
		"20:00:00": {
			"DAM_lmp($/MWh)": 60.42605,
			"RTM_lmp($/MWh)": 40.0
		},
		"21:00:00": {
			"DAM_lmp($/MWh)": 47.01977,
			"RTM_lmp($/MWh)": 40.34961
		},
		"22:00:00": {
			"DAM_lmp($/MWh)": 42.41669,
			"RTM_lmp($/MWh)": 30.47093
		},
		"23:00:00": {
			"DAM_lmp($/MWh)": 38.93692,
			"RTM_lmp($/MWh)": 31.41472
		}
	},
	"2023-05-23": {
		"00:00:00": {
			"DAM_lmp($/MWh)": 38.16178,
			"RTM_lmp($/MWh)": 27.09389
		},
		"01:00:00": {
			"DAM_lmp($/MWh)": 35.65799,
			"RTM_lmp($/MWh)": 23.32574
		},
		"02:00:00": {
			"DAM_lmp($/MWh)": 36.70575,
			"RTM_lmp($/MWh)": 19.36782
		},
		"03:00:00": {
			"DAM_lmp($/MWh)": 36.09983,
			"RTM_lmp($/MWh)": 6.13577
		},
		"04:00:00": {
			"DAM_lmp($/MWh)": 37.63125,
			"RTM_lmp($/MWh)": 1.44067
		},
		"05:00:00": {
			"DAM_lmp($/MWh)": 38.33861,
			"RTM_lmp($/MWh)": 30.81135
		},
		"06:00:00": {
			"DAM_lmp($/MWh)": 44.52246,
			"RTM_lmp($/MWh)": 72.0
		},
		"07:00:00": {
			"DAM_lmp($/MWh)": 23.98376,
			"RTM_lmp($/MWh)": 18.0208
		},
		"08:00:00": {
			"DAM_lmp($/MWh)": 4.0162,
			"RTM_lmp($/MWh)": 12.8688
		},
		"09:00:00": {
			"DAM_lmp($/MWh)": 0.78682,
			"RTM_lmp($/MWh)": 12.94
		},
		"10:00:00": {
			"DAM_lmp($/MWh)": 1.43148,
			"RTM_lmp($/MWh)": 15.4
		},
		"11:00:00": {
			"DAM_lmp($/MWh)": 0.45742,
			"RTM_lmp($/MWh)": 3.53554
		},
		"12:00:00": {
			"DAM_lmp($/MWh)": -1.57539,
			"RTM_lmp($/MWh)": 13.81956
		},
		"13:00:00": {
			"DAM_lmp($/MWh)": -2.32075,
			"RTM_lmp($/MWh)": 14.01794
		},
		"14:00:00": {
			"DAM_lmp($/MWh)": -1.35502,
			"RTM_lmp($/MWh)": 9.9976
		},
		"15:00:00": {
			"DAM_lmp($/MWh)": 1.49658,
			"RTM_lmp($/MWh)": 4.9988
		},
		"16:00:00": {
			"DAM_lmp($/MWh)": 6.31636,
			"RTM_lmp($/MWh)": 4.95
		},
		"17:00:00": {
			"DAM_lmp($/MWh)": 22.63292,
			"RTM_lmp($/MWh)": 0.0
		},
		"18:00:00": {
			"DAM_lmp($/MWh)": 41.17052,
			"RTM_lmp($/MWh)": 12.70367
		},
		"19:00:00": {
			"DAM_lmp($/MWh)": 60.05817,
			"RTM_lmp($/MWh)": 25.59909
		},
		"20:00:00": {
			"DAM_lmp($/MWh)": 60.42605,
			"RTM_lmp($/MWh)": 40.0
		},
		"21:00:00": {
			"DAM_lmp($/MWh)": 47.01977,
			"RTM_lmp($/MWh)": 40.34961
		},
		"22:00:00": {
			"DAM_lmp($/MWh)": 42.41669,
			"RTM_lmp($/MWh)": 30.47093
		},
		"23:00:00": {
			"DAM_lmp($/MWh)": 38.93692,
			"RTM_lmp($/MWh)": 31.41472
		}
	}
}