{
	"2023-05-22": {
		"00:00:00": {
			"DAM_lmp($/MWh)": 29.53465,
			"RTM_lmp($/MWh)": 28.37161
		},
		"01:00:00": {
			"DAM_lmp($/MWh)": 25.81655,
			"RTM_lmp($/MWh)": 24.90815
		},
		"02:00:00": {
			"DAM_lmp($/MWh)": 24.5319,
			"RTM_lmp($/MWh)": 20.63013
		},
		"03:00:00": {
			"DAM_lmp($/MWh)": 22.71339,
			"RTM_lmp($/MWh)": 22.64805
		},
		"04:00:00": {
			"DAM_lmp($/MWh)": 26.42746,
			"RTM_lmp($/MWh)": 20.10413
		},
		"05:00:00": {
			"DAM_lmp($/MWh)": 34.32902,
			"RTM_lmp($/MWh)": 30.81135
		},
		"06:00:00": {
			"DAM_lmp($/MWh)": 35.42121,
			"RTM_lmp($/MWh)": 72.0
		},
		"07:00:00": {
			"DAM_lmp($/MWh)": 24.65408,
			"RTM_lmp($/MWh)": 18.0208
		},
		"08:00:00": {
			"DAM_lmp($/MWh)": 10.81381,
			"RTM_lmp($/MWh)": 12.8688
		},
		"09:00:00": {
			"DAM_lmp($/MWh)": 9.02027,
			"RTM_lmp($/MWh)": 12.94
		},
		"10:00:00": {
			"DAM_lmp($/MWh)": 6.66383,
			"RTM_lmp($/MWh)": 15.4
		},
		"11:00:00": {
			"DAM_lmp($/MWh)": 4.40023,
			"RTM_lmp($/MWh)": 14.7764
		},
		"12:00:00": {
			"DAM_lmp($/MWh)": 3.45924,
			"RTM_lmp($/MWh)": 14.80195
		},
		"13:00:00": {
			"DAM_lmp($/MWh)": 3.2008,
			"RTM_lmp($/MWh)": 15.12136
		},
		"14:00:00": {
			"DAM_lmp($/MWh)": 4.53111,
			"RTM_lmp($/MWh)": 9.9976
		},
		"15:00:00": {
			"DAM_lmp($/MWh)": 7.27455,
			"RTM_lmp($/MWh)": 4.9988
		},
		"16:00:00": {
			"DAM_lmp($/MWh)": 11.25888,
			"RTM_lmp($/MWh)": 4.95
		},
		"17:00:00": {
			"DAM_lmp($/MWh)": 23.72834,
			"RTM_lmp($/MWh)": 0.0
		},
		"18:00:00": {
			"DAM_lmp($/MWh)": 42.15661,
			"RTM_lmp($/MWh)": 13.94748
		},
		"19:00:00": {
			"DAM_lmp($/MWh)": 62.52074,
			"RTM_lmp($/MWh)": 26.46825
		},
		"20:00:00": {
			"DAM_lmp($/MWh)": 62.32913,
			"RTM_lmp($/MWh)": 40.0
		},
		"21:00:00": {
			"DAM_lmp($/MWh)": 48.14297,
			"RTM_lmp($/MWh)": 40.11882
		},
		"22:00:00": {
			"DAM_lmp($/MWh)": 39.67329,
			"RTM_lmp($/MWh)": 30.97071
		},
		"23:00:00": {
			"DAM_lmp($/MWh)": 31.49921,
			"RTM_lmp($/MWh)": 32.87301
		}
	},
	"2023-05-23": {
		"00:00:00": {
			"DAM_lmp($/MWh)": 29.53465,
			"RTM_lmp($/MWh)": 28.37161
		},
		"01:00:00": {
			"DAM_lmp($/MWh)": 25.81655,
			"RTM_lmp($/MWh)": 24.90815
		},
		"02:00:00": {
			"DAM_lmp($/MWh)": 24.5319,
			"RTM_lmp($/MWh)": 20.63013
		},
		"03:00:00": {
			"DAM_lmp($/MWh)": 22.71339,
			"RTM_lmp($/MWh)": 22.64805
		},
		"04:00:00": {
			"DAM_lmp($/MWh)": 26.42746,
			"RTM_lmp($/MWh)": 20.10413
		},
		"05:00:00": {
			"DAM_lmp($/MWh)": 34.32902,
			"RTM_lmp($/MWh)": 30.81135
		},
		"06:00:00": {
			"DAM_lmp($/MWh)": 35.42121,
			"RTM_lmp($/MWh)": 72.0
		},
		"07:00:00": {
			"DAM_lmp($/MWh)": 24.65408,
			"RTM_lmp($/MWh)": 18.0208
		},
		"08:00:00": {
			"DAM_lmp($/MWh)": 10.81381,
			"RTM_lmp($/MWh)": 12.8688
		},
		"09:00:00": {
			"DAM_lmp($/MWh)": 9.02027,
			"RTM_lmp($/MWh)": 12.94
		},
		"10:00:00": {
			"DAM_lmp($/MWh)": 6.66383,
			"RTM_lmp($/MWh)": 15.4
		},
		"11:00:00": {
			"DAM_lmp($/MWh)": 4.40023,
			"RTM_lmp($/MWh)": 14.7764
		},
		"12:00:00": {
			"DAM_lmp($/MWh)": 3.45924,
			"RTM_lmp($/MWh)": 14.80195
		},
		"13:00:00": {
			"DAM_lmp($/MWh)": 3.2008,
			"RTM_lmp($/MWh)": 15.12136
		},
		"14:00:00": {
			"DAM_lmp($/MWh)": 4.53111,
			"RTM_lmp($/MWh)": 9.9976
		},
		"15:00:00": {
			"DAM_lmp($/MWh)": 7.27455,
			"RTM_lmp($/MWh)": 4.9988
		},
		"16:00:00": {
			"DAM_lmp($/MWh)": 11.25888,
			"RTM_lmp($/MWh)": 4.95
		},
		"17:00:00": {
			"DAM_lmp($/MWh)": 23.72834,
			"RTM_lmp($/MWh)": 0.0
		},
		"18:00:00": {
			"DAM_lmp($/MWh)": 42.15661,
			"RTM_lmp($/MWh)": 13.94748
		},
		"19:00:00": {
			"DAM_lmp($/MWh)": 62.52074,
			"RTM_lmp($/MWh)": 26.46825
		},
		"20:00:00": {
			"DAM_lmp($/MWh)": 62.32913,
			"RTM_lmp($/MWh)": 40.0
		},
		"21:00:00": {
			"DAM_lmp($/MWh)": 48.14297,
			"RTM_lmp($/MWh)": 40.11882
		},
		"22:00:00": {
			"DAM_lmp($/MWh)": 39.67329,
			"RTM_lmp($/MWh)": 30.97071
		},
		"23:00:00": {
			"DAM_lmp($/MWh)": 31.49921,
			"RTM_lmp($/MWh)": 32.87301
		}
	}
}