{
	"2023-05-22": {
		"00:00:00": {
			"DAM_lmp($/MWh)": 28.40893,
			"RTM_lmp($/MWh)": 28.20371
		},
		"01:00:00": {
			"DAM_lmp($/MWh)": 24.94764,
			"RTM_lmp($/MWh)": 24.35184
		},
		"02:00:00": {
			"DAM_lmp($/MWh)": 24.05753,
			"RTM_lmp($/MWh)": 20.3202
		},
		"03:00:00": {
			"DAM_lmp($/MWh)": 22.35193,
			"RTM_lmp($/MWh)": 23.3992
		},
		"04:00:00": {
			"DAM_lmp($/MWh)": 25.95869,
			"RTM_lmp($/MWh)": 20.64011
		},
		"05:00:00": {
			"DAM_lmp($/MWh)": 33.74944,
			"RTM_lmp($/MWh)": 30.81135
		},
		"06:00:00": {
			"DAM_lmp($/MWh)": 35.0075,
			"RTM_lmp($/MWh)": 72.0
		},
		"07:00:00": {
			"DAM_lmp($/MWh)": 24.87147,
			"RTM_lmp($/MWh)": 18.0208
		},
		"08:00:00": {
			"DAM_lmp($/MWh)": 12.80556,
			"RTM_lmp($/MWh)": 12.8688
		},
		"09:00:00": {
			"DAM_lmp($/MWh)": 7.87227,
			"RTM_lmp($/MWh)": 12.94
		},
		"10:00:00": {
			"DAM_lmp($/MWh)": 5.67604,
			"RTM_lmp($/MWh)": 15.4
		},
		"11:00:00": {
			"DAM_lmp($/MWh)": 4.27745,
			"RTM_lmp($/MWh)": 14.7764
		},
		"12:00:00": {
			"DAM_lmp($/MWh)": 2.23472,
			"RTM_lmp($/MWh)": 14.65721
		},
		"13:00:00": {
			"DAM_lmp($/MWh)": 1.86559,
			"RTM_lmp($/MWh)": 14.85453
		},
		"14:00:00": {
			"DAM_lmp($/MWh)": 2.85714,
			"RTM_lmp($/MWh)": 9.9976
		},
		"15:00:00": {
			"DAM_lmp($/MWh)": 7.29537,
			"RTM_lmp($/MWh)": 4.9988
		},
		"16:00:00": {
			"DAM_lmp($/MWh)": 10.15637,
			"RTM_lmp($/MWh)": 4.95
		},
		"17:00:00": {
			"DAM_lmp($/MWh)": 24.13166,
			"RTM_lmp($/MWh)": 0.0
		},
		"18:00:00": {
			"DAM_lmp($/MWh)": 42.89728,
			"RTM_lmp($/MWh)": 14.22595
		},
		"19:00:00": {
			"DAM_lmp($/MWh)": 64.09135,
			"RTM_lmp($/MWh)": 27.73624
		},
		"20:00:00": {
			"DAM_lmp($/MWh)": 63.73378,
			"RTM_lmp($/MWh)": 40.0
		},
		"21:00:00": {
			"DAM_lmp($/MWh)": 48.60723,
			"RTM_lmp($/MWh)": 41.70075
		},
		"22:00:00": {
			"DAM_lmp($/MWh)": 38.97953,
			"RTM_lmp($/MWh)": 31.31133
		},
		"23:00:00": {
			"DAM_lmp($/MWh)": 30.36767,
			"RTM_lmp($/MWh)": 32.85308
		}
	},
	"2023-05-23": {
		"00:00:00": {
			"DAM_lmp($/MWh)": 28.40893,
			"RTM_lmp($/MWh)": 28.20371
		},
		"01:00:00": {
			"DAM_lmp($/MWh)": 24.94764,
			"RTM_lmp($/MWh)": 24.35184
		},
		"02:00:00": {
			"DAM_lmp($/MWh)": 24.05753,
			"RTM_lmp($/MWh)": 20.3202
		},
		"03:00:00": {
			"DAM_lmp($/MWh)": 22.35193,
			"RTM_lmp($/MWh)": 23.3992
		},
		"04:00:00": {
			"DAM_lmp($/MWh)": 25.95869,
			"RTM_lmp($/MWh)": 20.64011
		},
		"05:00:00": {
			"DAM_lmp($/MWh)": 33.74944,
			"RTM_lmp($/MWh)": 30.81135
		},
		"06:00:00": {
			"DAM_lmp($/MWh)": 35.0075,
			"RTM_lmp($/MWh)": 72.0
		},
		"07:00:00": {
			"DAM_lmp($/MWh)": 24.87147,
			"RTM_lmp($/MWh)": 18.0208
		},
		"08:00:00": {
			"DAM_lmp($/MWh)": 12.80556,
			"RTM_lmp($/MWh)": 12.8688
		},
		"09:00:00": {
			"DAM_lmp($/MWh)": 7.87227,
			"RTM_lmp($/MWh)": 12.94
		},
		"10:00:00": {
			"DAM_lmp($/MWh)": 5.67604,
			"RTM_lmp($/MWh)": 15.4
		},
		"11:00:00": {
			"DAM_lmp($/MWh)": 4.27745,
			"RTM_lmp($/MWh)": 14.7764
		},
		"12:00:00": {
			"DAM_lmp($/MWh)": 2.23472,
			"RTM_lmp($/MWh)": 14.65721
		},
		"13:00:00": {
			"DAM_lmp($/MWh)": 1.86559,
			"RTM_lmp($/MWh)": 14.85453
		},
		"14:00:00": {
			"DAM_lmp($/MWh)": 2.85714,
			"RTM_lmp($/MWh)": 9.9976
		},
		"15:00:00": {
			"DAM_lmp($/MWh)": 7.29537,
			"RTM_lmp($/MWh)": 4.9988
		},
		"16:00:00": {
			"DAM_lmp($/MWh)": 10.15637,
			"RTM_lmp($/MWh)": 4.95
		},
		"17:00:00": {
			"DAM_lmp($/MWh)": 24.13166,
			"RTM_lmp($/MWh)": 0.0
		},
		"18:00:00": {
			"DAM_lmp($/MWh)": 42.89728,
			"RTM_lmp($/MWh)": 14.22595
		},
		"19:00:00": {
			"DAM_lmp($/MWh)": 64.09135,
			"RTM_lmp($/MWh)": 27.73624
		},
		"20:00:00": {
			"DAM_lmp($/MWh)": 63.73378,
			"RTM_lmp($/MWh)": 40.0
		},
		"21:00:00": {
			"DAM_lmp($/MWh)": 48.60723,
			"RTM_lmp($/MWh)": 41.70075
		},
		"22:00:00": {
			"DAM_lmp($/MWh)": 38.97953,
			"RTM_lmp($/MWh)": 31.31133
		},
		"23:00:00": {
			"DAM_lmp($/MWh)": 30.36767,
			"RTM_lmp($/MWh)": 32.85308
		}
	}
}