{
	"2023-05-22": {
		"00:00:00": {
			"DAM_lmp($/MWh)": 30.93515,
			"RTM_lmp($/MWh)": 29.27085
		},
		"01:00:00": {
			"DAM_lmp($/MWh)": 27.12768,
			"RTM_lmp($/MWh)": 25.79084
		},
		"02:00:00": {
			"DAM_lmp($/MWh)": 25.77803,
			"RTM_lmp($/MWh)": 21.48194
		},
		"03:00:00": {
			"DAM_lmp($/MWh)": 23.87509,
			"RTM_lmp($/MWh)": 23.4101
		},
		"04:00:00": {
			"DAM_lmp($/MWh)": 27.70472,
			"RTM_lmp($/MWh)": 20.63086
		},
		"05:00:00": {
			"DAM_lmp($/MWh)": 35.93745,
			"RTM_lmp($/MWh)": 30.81135
		},
		"06:00:00": {
			"DAM_lmp($/MWh)": 37.69485,
			"RTM_lmp($/MWh)": 72.0
		},
		"07:00:00": {
			"DAM_lmp($/MWh)": 26.74525,
			"RTM_lmp($/MWh)": 18.0208
		},
		"08:00:00": {
			"DAM_lmp($/MWh)": 19.67212,
			"RTM_lmp($/MWh)": 12.8688
		},
		"09:00:00": {
			"DAM_lmp($/MWh)": 14.82544,
			"RTM_lmp($/MWh)": 12.94
		},
		"10:00:00": {
			"DAM_lmp($/MWh)": 9.85487,
			"RTM_lmp($/MWh)": 15.4
		},
		"11:00:00": {
			"DAM_lmp($/MWh)": 10.19025,
			"RTM_lmp($/MWh)": 14.7764
		},
		"12:00:00": {
			"DAM_lmp($/MWh)": 5.24415,
			"RTM_lmp($/MWh)": 15.91213
		},
		"13:00:00": {
			"DAM_lmp($/MWh)": 4.60643,
			"RTM_lmp($/MWh)": 16.34406
		},
		"14:00:00": {
			"DAM_lmp($/MWh)": 4.80999,
			"RTM_lmp($/MWh)": 9.9976
		},
		"15:00:00": {
			"DAM_lmp($/MWh)": 7.8006,
			"RTM_lmp($/MWh)": 4.9988
		},
		"16:00:00": {
			"DAM_lmp($/MWh)": 12.16232,
			"RTM_lmp($/MWh)": 4.95
		},
		"17:00:00": {
			"DAM_lmp($/MWh)": 25.37646,
			"RTM_lmp($/MWh)": 0.0
		},
		"18:00:00": {
			"DAM_lmp($/MWh)": 44.25151,
			"RTM_lmp($/MWh)": 14.83428
		},
		"19:00:00": {
			"DAM_lmp($/MWh)": 64.83464,
			"RTM_lmp($/MWh)": 27.7665
		},
		"20:00:00": {
			"DAM_lmp($/MWh)": 64.41993,
			"RTM_lmp($/MWh)": 40.0
		},
		"21:00:00": {
			"DAM_lmp($/MWh)": 50.31949,
			"RTM_lmp($/MWh)": 41.93992
		},
		"22:00:00": {
			"DAM_lmp($/MWh)": 40.9519,
			"RTM_lmp($/MWh)": 32.00848
		},
		"23:00:00": {
			"DAM_lmp($/MWh)": 32.80507,
			"RTM_lmp($/MWh)": 33.86292
		}
	},
	"2023-05-23": {
		"00:00:00": {
			"DAM_lmp($/MWh)": 30.93515,
			"RTM_lmp($/MWh)": 29.27085
		},
		"01:00:00": {
			"DAM_lmp($/MWh)": 27.12768,
			"RTM_lmp($/MWh)": 25.79084
		},
		"02:00:00": {
			"DAM_lmp($/MWh)": 25.77803,
			"RTM_lmp($/MWh)": 21.48194
		},
		"03:00:00": {
			"DAM_lmp($/MWh)": 23.87509,
			"RTM_lmp($/MWh)": 23.4101
		},
		"04:00:00": {
			"DAM_lmp($/MWh)": 27.70472,
			"RTM_lmp($/MWh)": 20.63086
		},
		"05:00:00": {
			"DAM_lmp($/MWh)": 35.93745,
			"RTM_lmp($/MWh)": 30.81135
		},
		"06:00:00": {
			"DAM_lmp($/MWh)": 37.69485,
			"RTM_lmp($/MWh)": 72.0
		},
		"07:00:00": {
			"DAM_lmp($/MWh)": 26.74525,
			"RTM_lmp($/MWh)": 18.0208
		},
		"08:00:00": {
			"DAM_lmp($/MWh)": 19.67212,
			"RTM_lmp($/MWh)": 12.8688
		},
		"09:00:00": {
			"DAM_lmp($/MWh)": 14.82544,
			"RTM_lmp($/MWh)": 12.94
		},
		"10:00:00": {
			"DAM_lmp($/MWh)": 9.85487,
			"RTM_lmp($/MWh)": 15.4
		},
		"11:00:00": {
			"DAM_lmp($/MWh)": 10.19025,
			"RTM_lmp($/MWh)": 14.7764
		},
		"12:00:00": {
			"DAM_lmp($/MWh)": 5.24415,
			"RTM_lmp($/MWh)": 15.91213
		},
		"13:00:00": {
			"DAM_lmp($/MWh)": 4.60643,
			"RTM_lmp($/MWh)": 16.34406
		},
		"14:00:00": {
			"DAM_lmp($/MWh)": 4.80999,
			"RTM_lmp($/MWh)": 9.9976
		},
		"15:00:00": {
			"DAM_lmp($/MWh)": 7.8006,
			"RTM_lmp($/MWh)": 4.9988
		},
		"16:00:00": {
			"DAM_lmp($/MWh)": 12.16232,
			"RTM_lmp($/MWh)": 4.95
		},
		"17:00:00": {
			"DAM_lmp($/MWh)": 25.37646,
			"RTM_lmp($/MWh)": 0.0
		},
		"18:00:00": {
			"DAM_lmp($/MWh)": 44.25151,
			"RTM_lmp($/MWh)": 14.83428
		},
		"19:00:00": {
			"DAM_lmp($/MWh)": 64.83464,
			"RTM_lmp($/MWh)": 27.7665
		},
		"20:00:00": {
			"DAM_lmp($/MWh)": 64.41993,
			"RTM_lmp($/MWh)": 40.0
		},
		"21:00:00": {
			"DAM_lmp($/MWh)": 50.31949,
			"RTM_lmp($/MWh)": 41.93992
		},
		"22:00:00": {
			"DAM_lmp($/MWh)": 40.9519,
			"RTM_lmp($/MWh)": 32.00848
		},
		"23:00:00": {
			"DAM_lmp($/MWh)": 32.80507,
			"RTM_lmp($/MWh)": 33.86292
		}
	}
}