{
	"2023-05-22": {
		"00:00:00": {
			"DAM_lmp($/MWh)": 23.6986,
			"RTM_lmp($/MWh)": 24.85148
		},
		"01:00:00": {
			"DAM_lmp($/MWh)": 19.92916,
			"RTM_lmp($/MWh)": 21.48372
		},
		"02:00:00": {
			"DAM_lmp($/MWh)": 17.86118,
			"RTM_lmp($/MWh)": 17.83046
		},
		"03:00:00": {
			"DAM_lmp($/MWh)": 15.88996,
			"RTM_lmp($/MWh)": 6.12722
		},
		"04:00:00": {
			"DAM_lmp($/MWh)": 19.70144,
			"RTM_lmp($/MWh)": 1.40577
		},
		"05:00:00": {
			"DAM_lmp($/MWh)": 29.54761,
			"RTM_lmp($/MWh)": 30.81135
		},
		"06:00:00": {
			"DAM_lmp($/MWh)": 29.87741,
			"RTM_lmp($/MWh)": 72.0
		},
		"07:00:00": {
			"DAM_lmp($/MWh)": 24.76795,
			"RTM_lmp($/MWh)": 18.0208
		},
		"08:00:00": {
			"DAM_lmp($/MWh)": 14.89298,
			"RTM_lmp($/MWh)": 12.8688
		},
		"09:00:00": {
			"DAM_lmp($/MWh)": 12.51956,
			"RTM_lmp($/MWh)": 12.94
		},
		"10:00:00": {
			"DAM_lmp($/MWh)": 7.23735,
			"RTM_lmp($/MWh)": 15.4
		},
		"11:00:00": {
			"DAM_lmp($/MWh)": 6.72811,
			"RTM_lmp($/MWh)": 14.7764
		},
		"12:00:00": {
			"DAM_lmp($/MWh)": 5.25348,
			"RTM_lmp($/MWh)": 14.22915
		},
		"13:00:00": {
			"DAM_lmp($/MWh)": 5.03626,
			"RTM_lmp($/MWh)": 14.48097
		},
		"14:00:00": {
			"DAM_lmp($/MWh)": 6.11905,
			"RTM_lmp($/MWh)": 9.9976
		},
		"15:00:00": {
			"DAM_lmp($/MWh)": 9.01895,
			"RTM_lmp($/MWh)": 4.9988
		},
		"16:00:00": {
			"DAM_lmp($/MWh)": 12.92894,
			"RTM_lmp($/MWh)": 4.95
		},
		"17:00:00": {
			"DAM_lmp($/MWh)": 23.73581,
			"RTM_lmp($/MWh)": 0.0
		},
		"18:00:00": {
			"DAM_lmp($/MWh)": 41.51675,
			"RTM_lmp($/MWh)": 12.76508
		},
		"19:00:00": {
			"DAM_lmp($/MWh)": 60.9372,
			"RTM_lmp($/MWh)": 24.49888
		},
		"20:00:00": {
			"DAM_lmp($/MWh)": 60.84032,
			"RTM_lmp($/MWh)": 40.0
		},
		"21:00:00": {
			"DAM_lmp($/MWh)": 46.71026,
			"RTM_lmp($/MWh)": 36.86265
		},
		"22:00:00": {
			"DAM_lmp($/MWh)": 36.08048,
			"RTM_lmp($/MWh)": 28.1248
		},
		"23:00:00": {
			"DAM_lmp($/MWh)": 26.35087,
			"RTM_lmp($/MWh)": 29.4648
		}
	},
	"2023-05-23": {
		"00:00:00": {
			"DAM_lmp($/MWh)": 23.6986,
			"RTM_lmp($/MWh)": 24.85148
		},
		"01:00:00": {
			"DAM_lmp($/MWh)": 19.92916,
			"RTM_lmp($/MWh)": 21.48372
		},
		"02:00:00": {
			"DAM_lmp($/MWh)": 17.86118,
			"RTM_lmp($/MWh)": 17.83046
		},
		"03:00:00": {
			"DAM_lmp($/MWh)": 15.88996,
			"RTM_lmp($/MWh)": 6.12722
		},
		"04:00:00": {
			"DAM_lmp($/MWh)": 19.70144,
			"RTM_lmp($/MWh)": 1.40577
		},
		"05:00:00": {
			"DAM_lmp($/MWh)": 29.54761,
			"RTM_lmp($/MWh)": 30.81135
		},
		"06:00:00": {
			"DAM_lmp($/MWh)": 29.87741,
			"RTM_lmp($/MWh)": 72.0
		},
		"07:00:00": {
			"DAM_lmp($/MWh)": 24.76795,
			"RTM_lmp($/MWh)": 18.0208
		},
		"08:00:00": {
			"DAM_lmp($/MWh)": 14.89298,
			"RTM_lmp($/MWh)": 12.8688
		},
		"09:00:00": {
			"DAM_lmp($/MWh)": 12.51956,
			"RTM_lmp($/MWh)": 12.94
		},
		"10:00:00": {
			"DAM_lmp($/MWh)": 7.23735,
			"RTM_lmp($/MWh)": 15.4
		},
		"11:00:00": {
			"DAM_lmp($/MWh)": 6.72811,
			"RTM_lmp($/MWh)": 14.7764
		},
		"12:00:00": {
			"DAM_lmp($/MWh)": 5.25348,
			"RTM_lmp($/MWh)": 14.22915
		},
		"13:00:00": {
			"DAM_lmp($/MWh)": 5.03626,
			"RTM_lmp($/MWh)": 14.48097
		},
		"14:00:00": {
			"DAM_lmp($/MWh)": 6.11905,
			"RTM_lmp($/MWh)": 9.9976
		},
		"15:00:00": {
			"DAM_lmp($/MWh)": 9.01895,
			"RTM_lmp($/MWh)": 4.9988
		},
		"16:00:00": {
			"DAM_lmp($/MWh)": 12.92894,
			"RTM_lmp($/MWh)": 4.95
		},
		"17:00:00": {
			"DAM_lmp($/MWh)": 23.73581,
			"RTM_lmp($/MWh)": 0.0
		},
		"18:00:00": {
			"DAM_lmp($/MWh)": 41.51675,
			"RTM_lmp($/MWh)": 12.76508
		},
		"19:00:00": {
			"DAM_lmp($/MWh)": 60.9372,
			"RTM_lmp($/MWh)": 24.49888
		},
		"20:00:00": {
			"DAM_lmp($/MWh)": 60.84032,
			"RTM_lmp($/MWh)": 40.0
		},
		"21:00:00": {
			"DAM_lmp($/MWh)": 46.71026,
			"RTM_lmp($/MWh)": 36.86265
		},
		"22:00:00": {
			"DAM_lmp($/MWh)": 36.08048,
			"RTM_lmp($/MWh)": 28.1248
		},
		"23:00:00": {
			"DAM_lmp($/MWh)": 26.35087,
			"RTM_lmp($/MWh)": 29.4648
		}
	}
}