{
	"2023-05-22": {
		"00:00:00": {
			"DAM_lmp($/MWh)": 26.71121,
			"RTM_lmp($/MWh)": 27.88499
		},
		"01:00:00": {
			"DAM_lmp($/MWh)": 22.77554,
			"RTM_lmp($/MWh)": 24.06255
		},
		"02:00:00": {
			"DAM_lmp($/MWh)": 20.79897,
			"RTM_lmp($/MWh)": 19.93842
		},
		"03:00:00": {
			"DAM_lmp($/MWh)": 18.57285,
			"RTM_lmp($/MWh)": 7.07305
		},
		"04:00:00": {
			"DAM_lmp($/MWh)": 22.54558,
			"RTM_lmp($/MWh)": 2.05212
		},
		"05:00:00": {
			"DAM_lmp($/MWh)": 32.24064,
			"RTM_lmp($/MWh)": 58.92797
		},
		"06:00:00": {
			"DAM_lmp($/MWh)": 33.24054,
			"RTM_lmp($/MWh)": 72.0
		},
		"07:00:00": {
			"DAM_lmp($/MWh)": 26.50455,
			"RTM_lmp($/MWh)": 18.0208
		},
		"08:00:00": {
			"DAM_lmp($/MWh)": 19.22607,
			"RTM_lmp($/MWh)": 12.8688
		},
		"09:00:00": {
			"DAM_lmp($/MWh)": 16.25948,
			"RTM_lmp($/MWh)": 12.94
		},
		"10:00:00": {
			"DAM_lmp($/MWh)": 11.27517,
			"RTM_lmp($/MWh)": 15.4
		},
		"11:00:00": {
			"DAM_lmp($/MWh)": 9.20942,
			"RTM_lmp($/MWh)": 18.06641
		},
		"12:00:00": {
			"DAM_lmp($/MWh)": 7.31306,
			"RTM_lmp($/MWh)": 15.47175
		},
		"13:00:00": {
			"DAM_lmp($/MWh)": 7.23311,
			"RTM_lmp($/MWh)": 15.67542
		},
		"14:00:00": {
			"DAM_lmp($/MWh)": 8.38976,
			"RTM_lmp($/MWh)": 9.9976
		},
		"15:00:00": {
			"DAM_lmp($/MWh)": 11.44826,
			"RTM_lmp($/MWh)": 4.9988
		},
		"16:00:00": {
			"DAM_lmp($/MWh)": 15.42594,
			"RTM_lmp($/MWh)": 4.95
		},
		"17:00:00": {
			"DAM_lmp($/MWh)": 25.77479,
			"RTM_lmp($/MWh)": 0.0
		},
		"18:00:00": {
			"DAM_lmp($/MWh)": 45.15434,
			"RTM_lmp($/MWh)": 14.50869
		},
		"19:00:00": {
			"DAM_lmp($/MWh)": 66.15965,
			"RTM_lmp($/MWh)": 28.25884
		},
		"20:00:00": {
			"DAM_lmp($/MWh)": 66.95089,
			"RTM_lmp($/MWh)": 40.0
		},
		"21:00:00": {
			"DAM_lmp($/MWh)": 50.90355,
			"RTM_lmp($/MWh)": 43.16518
		},
		"22:00:00": {
			"DAM_lmp($/MWh)": 39.59238,
			"RTM_lmp($/MWh)": 32.2536
		},
		"23:00:00": {
			"DAM_lmp($/MWh)": 29.38445,
			"RTM_lmp($/MWh)": 33.14873
		}
	},
	"2023-05-23": {
		"00:00:00": {
			"DAM_lmp($/MWh)": 26.71121,
			"RTM_lmp($/MWh)": 27.88499
		},
		"01:00:00": {
			"DAM_lmp($/MWh)": 22.77554,
			"RTM_lmp($/MWh)": 24.06255
		},
		"02:00:00": {
			"DAM_lmp($/MWh)": 20.79897,
			"RTM_lmp($/MWh)": 19.93842
		},
		"03:00:00": {
			"DAM_lmp($/MWh)": 18.57285,
			"RTM_lmp($/MWh)": 7.07305
		},
		"04:00:00": {
			"DAM_lmp($/MWh)": 22.54558,
			"RTM_lmp($/MWh)": 2.05212
		},
		"05:00:00": {
			"DAM_lmp($/MWh)": 32.24064,
			"RTM_lmp($/MWh)": 58.92797
		},
		"06:00:00": {
			"DAM_lmp($/MWh)": 33.24054,
			"RTM_lmp($/MWh)": 72.0
		},
		"07:00:00": {
			"DAM_lmp($/MWh)": 26.50455,
			"RTM_lmp($/MWh)": 18.0208
		},
		"08:00:00": {
			"DAM_lmp($/MWh)": 19.22607,
			"RTM_lmp($/MWh)": 12.8688
		},
		"09:00:00": {
			"DAM_lmp($/MWh)": 16.25948,
			"RTM_lmp($/MWh)": 12.94
		},
		"10:00:00": {
			"DAM_lmp($/MWh)": 11.27517,
			"RTM_lmp($/MWh)": 15.4
		},
		"11:00:00": {
			"DAM_lmp($/MWh)": 9.20942,
			"RTM_lmp($/MWh)": 18.06641
		},
		"12:00:00": {
			"DAM_lmp($/MWh)": 7.31306,
			"RTM_lmp($/MWh)": 15.47175
		},
		"13:00:00": {
			"DAM_lmp($/MWh)": 7.23311,
			"RTM_lmp($/MWh)": 15.67542
		},
		"14:00:00": {
			"DAM_lmp($/MWh)": 8.38976,
			"RTM_lmp($/MWh)": 9.9976
		},
		"15:00:00": {
			"DAM_lmp($/MWh)": 11.44826,
			"RTM_lmp($/MWh)": 4.9988
		},
		"16:00:00": {
			"DAM_lmp($/MWh)": 15.42594,
			"RTM_lmp($/MWh)": 4.95
		},
		"17:00:00": {
			"DAM_lmp($/MWh)": 25.77479,
			"RTM_lmp($/MWh)": 0.0
		},
		"18:00:00": {
			"DAM_lmp($/MWh)": 45.15434,
			"RTM_lmp($/MWh)": 14.50869
		},
		"19:00:00": {
			"DAM_lmp($/MWh)": 66.15965,
			"RTM_lmp($/MWh)": 28.25884
		},
		"20:00:00": {
			"DAM_lmp($/MWh)": 66.95089,
			"RTM_lmp($/MWh)": 40.0
		},
		"21:00:00": {
			"DAM_lmp($/MWh)": 50.90355,
			"RTM_lmp($/MWh)": 43.16518
		},
		"22:00:00": {
			"DAM_lmp($/MWh)": 39.59238,
			"RTM_lmp($/MWh)": 32.2536
		},
		"23:00:00": {
			"DAM_lmp($/MWh)": 29.38445,
			"RTM_lmp($/MWh)": 33.14873
		}
	}
}