{
	"2023-05-22": {
		"00:00:00": {
			"DAM_lmp($/MWh)": 26.60358,
			"RTM_lmp($/MWh)": 27.37277
		},
		"01:00:00": {
			"DAM_lmp($/MWh)": 22.82053,
			"RTM_lmp($/MWh)": 23.66201
		},
		"02:00:00": {
			"DAM_lmp($/MWh)": 21.13861,
			"RTM_lmp($/MWh)": 19.62028
		},
		"03:00:00": {
			"DAM_lmp($/MWh)": 19.10985,
			"RTM_lmp($/MWh)": 6.76107
		},
		"04:00:00": {
			"DAM_lmp($/MWh)": 22.84654,
			"RTM_lmp($/MWh)": 1.80008
		},
		"05:00:00": {
			"DAM_lmp($/MWh)": 31.9044,
			"RTM_lmp($/MWh)": 50.32084
		},
		"06:00:00": {
			"DAM_lmp($/MWh)": 32.93227,
			"RTM_lmp($/MWh)": 72.0
		},
		"07:00:00": {
			"DAM_lmp($/MWh)": 25.66343,
			"RTM_lmp($/MWh)": 18.0208
		},
		"08:00:00": {
			"DAM_lmp($/MWh)": 21.77807,
			"RTM_lmp($/MWh)": 12.8688
		},
		"09:00:00": {
			"DAM_lmp($/MWh)": 19.4588,
			"RTM_lmp($/MWh)": 12.94
		},
		"10:00:00": {
			"DAM_lmp($/MWh)": 12.92219,
			"RTM_lmp($/MWh)": 15.4
		},
		"11:00:00": {
			"DAM_lmp($/MWh)": 10.68406,
			"RTM_lmp($/MWh)": 20.25975
		},
		"12:00:00": {
			"DAM_lmp($/MWh)": 8.9726,
			"RTM_lmp($/MWh)": 14.94822
		},
		"13:00:00": {
			"DAM_lmp($/MWh)": 9.04596,
			"RTM_lmp($/MWh)": 15.17315
		},
		"14:00:00": {
			"DAM_lmp($/MWh)": 10.19028,
			"RTM_lmp($/MWh)": 9.9976
		},
		"15:00:00": {
			"DAM_lmp($/MWh)": 13.05609,
			"RTM_lmp($/MWh)": 4.9988
		},
		"16:00:00": {
			"DAM_lmp($/MWh)": 16.58396,
			"RTM_lmp($/MWh)": 4.95
		},
		"17:00:00": {
			"DAM_lmp($/MWh)": 24.75157,
			"RTM_lmp($/MWh)": 0.0
		},
		"18:00:00": {
			"DAM_lmp($/MWh)": 43.56344,
			"RTM_lmp($/MWh)": 13.90892
		},
		"19:00:00": {
			"DAM_lmp($/MWh)": 64.13659,
			"RTM_lmp($/MWh)": 27.18339
		},
		"20:00:00": {
			"DAM_lmp($/MWh)": 64.27752,
			"RTM_lmp($/MWh)": 40.0
		},
		"21:00:00": {
			"DAM_lmp($/MWh)": 49.34105,
			"RTM_lmp($/MWh)": 41.46996
		},
		"22:00:00": {
			"DAM_lmp($/MWh)": 38.7704,
			"RTM_lmp($/MWh)": 31.32088
		},
		"23:00:00": {
			"DAM_lmp($/MWh)": 29.09166,
			"RTM_lmp($/MWh)": 32.34816
		}
	},
	"2023-05-23": {
		"00:00:00": {
			"DAM_lmp($/MWh)": 26.60358,
			"RTM_lmp($/MWh)": 27.37277
		},
		"01:00:00": {
			"DAM_lmp($/MWh)": 22.82053,
			"RTM_lmp($/MWh)": 23.66201
		},
		"02:00:00": {
			"DAM_lmp($/MWh)": 21.13861,
			"RTM_lmp($/MWh)": 19.62028
		},
		"03:00:00": {
			"DAM_lmp($/MWh)": 19.10985,
			"RTM_lmp($/MWh)": 6.76107
		},
		"04:00:00": {
			"DAM_lmp($/MWh)": 22.84654,
			"RTM_lmp($/MWh)": 1.80008
		},
		"05:00:00": {
			"DAM_lmp($/MWh)": 31.9044,
			"RTM_lmp($/MWh)": 50.32084
		},
		"06:00:00": {
			"DAM_lmp($/MWh)": 32.93227,
			"RTM_lmp($/MWh)": 72.0
		},
		"07:00:00": {
			"DAM_lmp($/MWh)": 25.66343,
			"RTM_lmp($/MWh)": 18.0208
		},
		"08:00:00": {
			"DAM_lmp($/MWh)": 21.77807,
			"RTM_lmp($/MWh)": 12.8688
		},
		"09:00:00": {
			"DAM_lmp($/MWh)": 19.4588,
			"RTM_lmp($/MWh)": 12.94
		},
		"10:00:00": {
			"DAM_lmp($/MWh)": 12.92219,
			"RTM_lmp($/MWh)": 15.4
		},
		"11:00:00": {
			"DAM_lmp($/MWh)": 10.68406,
			"RTM_lmp($/MWh)": 20.25975
		},
		"12:00:00": {
			"DAM_lmp($/MWh)": 8.9726,
			"RTM_lmp($/MWh)": 14.94822
		},
		"13:00:00": {
			"DAM_lmp($/MWh)": 9.04596,
			"RTM_lmp($/MWh)": 15.17315
		},
		"14:00:00": {
			"DAM_lmp($/MWh)": 10.19028,
			"RTM_lmp($/MWh)": 9.9976
		},
		"15:00:00": {
			"DAM_lmp($/MWh)": 13.05609,
			"RTM_lmp($/MWh)": 4.9988
		},
		"16:00:00": {
			"DAM_lmp($/MWh)": 16.58396,
			"RTM_lmp($/MWh)": 4.95
		},
		"17:00:00": {
			"DAM_lmp($/MWh)": 24.75157,
			"RTM_lmp($/MWh)": 0.0
		},
		"18:00:00": {
			"DAM_lmp($/MWh)": 43.56344,
			"RTM_lmp($/MWh)": 13.90892
		},
		"19:00:00": {
			"DAM_lmp($/MWh)": 64.13659,
			"RTM_lmp($/MWh)": 27.18339
		},
		"20:00:00": {
			"DAM_lmp($/MWh)": 64.27752,
			"RTM_lmp($/MWh)": 40.0
		},
		"21:00:00": {
			"DAM_lmp($/MWh)": 49.34105,
			"RTM_lmp($/MWh)": 41.46996
		},
		"22:00:00": {
			"DAM_lmp($/MWh)": 38.7704,
			"RTM_lmp($/MWh)": 31.32088
		},
		"23:00:00": {
			"DAM_lmp($/MWh)": 29.09166,
			"RTM_lmp($/MWh)": 32.34816
		}
	}
}