{
	"2023-05-22": {
		"00:00:00": {
			"DAM_lmp($/MWh)": 28.97622,
			"RTM_lmp($/MWh)": 28.25493
		},
		"01:00:00": {
			"DAM_lmp($/MWh)": 25.53467,
			"RTM_lmp($/MWh)": 24.69305
		},
		"02:00:00": {
			"DAM_lmp($/MWh)": 24.24679,
			"RTM_lmp($/MWh)": 20.50903
		},
		"03:00:00": {
			"DAM_lmp($/MWh)": 22.43377,
			"RTM_lmp($/MWh)": 14.16194
		},
		"04:00:00": {
			"DAM_lmp($/MWh)": 25.91392,
			"RTM_lmp($/MWh)": 10.37808
		},
		"05:00:00": {
			"DAM_lmp($/MWh)": 33.71515,
			"RTM_lmp($/MWh)": 30.81135
		},
		"06:00:00": {
			"DAM_lmp($/MWh)": 35.18737,
			"RTM_lmp($/MWh)": 72.0
		},
		"07:00:00": {
			"DAM_lmp($/MWh)": 24.96723,
			"RTM_lmp($/MWh)": 18.0208
		},
		"08:00:00": {
			"DAM_lmp($/MWh)": 9.6531,
			"RTM_lmp($/MWh)": 12.8688
		},
		"09:00:00": {
			"DAM_lmp($/MWh)": 6.66505,
			"RTM_lmp($/MWh)": 12.94
		},
		"10:00:00": {
			"DAM_lmp($/MWh)": 4.99126,
			"RTM_lmp($/MWh)": 15.4
		},
		"11:00:00": {
			"DAM_lmp($/MWh)": 3.72696,
			"RTM_lmp($/MWh)": 11.34931
		},
		"12:00:00": {
			"DAM_lmp($/MWh)": 1.61486,
			"RTM_lmp($/MWh)": 14.4016
		},
		"13:00:00": {
			"DAM_lmp($/MWh)": 1.11653,
			"RTM_lmp($/MWh)": 14.62694
		},
		"14:00:00": {
			"DAM_lmp($/MWh)": 2.20704,
			"RTM_lmp($/MWh)": 9.9976
		},
		"15:00:00": {
			"DAM_lmp($/MWh)": 5.0773,
			"RTM_lmp($/MWh)": 4.9988
		},
		"16:00:00": {
			"DAM_lmp($/MWh)": 9.48394,
			"RTM_lmp($/MWh)": 4.95
		},
		"17:00:00": {
			"DAM_lmp($/MWh)": 23.78311,
			"RTM_lmp($/MWh)": 0.0
		},
		"18:00:00": {
			"DAM_lmp($/MWh)": 42.48531,
			"RTM_lmp($/MWh)": 13.67901
		},
		"19:00:00": {
			"DAM_lmp($/MWh)": 63.31574,
			"RTM_lmp($/MWh)": 27.02111
		},
		"20:00:00": {
			"DAM_lmp($/MWh)": 63.53959,
			"RTM_lmp($/MWh)": 40.0
		},
		"21:00:00": {
			"DAM_lmp($/MWh)": 48.90176,
			"RTM_lmp($/MWh)": 41.3231
		},
		"22:00:00": {
			"DAM_lmp($/MWh)": 39.54422,
			"RTM_lmp($/MWh)": 31.48323
		},
		"23:00:00": {
			"DAM_lmp($/MWh)": 31.64838,
			"RTM_lmp($/MWh)": 32.78332
		}
	},
	"2023-05-23": {
		"00:00:00": {
			"DAM_lmp($/MWh)": 28.97622,
			"RTM_lmp($/MWh)": 28.25493
		},
		"01:00:00": {
			"DAM_lmp($/MWh)": 25.53467,
			"RTM_lmp($/MWh)": 24.69305
		},
		"02:00:00": {
			"DAM_lmp($/MWh)": 24.24679,
			"RTM_lmp($/MWh)": 20.50903
		},
		"03:00:00": {
			"DAM_lmp($/MWh)": 22.43377,
			"RTM_lmp($/MWh)": 14.16194
		},
		"04:00:00": {
			"DAM_lmp($/MWh)": 25.91392,
			"RTM_lmp($/MWh)": 10.37808
		},
		"05:00:00": {
			"DAM_lmp($/MWh)": 33.71515,
			"RTM_lmp($/MWh)": 30.81135
		},
		"06:00:00": {
			"DAM_lmp($/MWh)": 35.18737,
			"RTM_lmp($/MWh)": 72.0
		},
		"07:00:00": {
			"DAM_lmp($/MWh)": 24.96723,
			"RTM_lmp($/MWh)": 18.0208
		},
		"08:00:00": {
			"DAM_lmp($/MWh)": 9.6531,
			"RTM_lmp($/MWh)": 12.8688
		},
		"09:00:00": {
			"DAM_lmp($/MWh)": 6.66505,
			"RTM_lmp($/MWh)": 12.94
		},
		"10:00:00": {
			"DAM_lmp($/MWh)": 4.99126,
			"RTM_lmp($/MWh)": 15.4
		},
		"11:00:00": {
			"DAM_lmp($/MWh)": 3.72696,
			"RTM_lmp($/MWh)": 11.34931
		},
		"12:00:00": {
			"DAM_lmp($/MWh)": 1.61486,
			"RTM_lmp($/MWh)": 14.4016
		},
		"13:00:00": {
			"DAM_lmp($/MWh)": 1.11653,
			"RTM_lmp($/MWh)": 14.62694
		},
		"14:00:00": {
			"DAM_lmp($/MWh)": 2.20704,
			"RTM_lmp($/MWh)": 9.9976
		},
		"15:00:00": {
			"DAM_lmp($/MWh)": 5.0773,
			"RTM_lmp($/MWh)": 4.9988
		},
		"16:00:00": {
			"DAM_lmp($/MWh)": 9.48394,
			"RTM_lmp($/MWh)": 4.95
		},
		"17:00:00": {
			"DAM_lmp($/MWh)": 23.78311,
			"RTM_lmp($/MWh)": 0.0
		},
		"18:00:00": {
			"DAM_lmp($/MWh)": 42.48531,
			"RTM_lmp($/MWh)": 13.67901
		},
		"19:00:00": {
			"DAM_lmp($/MWh)": 63.31574,
			"RTM_lmp($/MWh)": 27.02111
		},
		"20:00:00": {
			"DAM_lmp($/MWh)": 63.53959,
			"RTM_lmp($/MWh)": 40.0
		},
		"21:00:00": {
			"DAM_lmp($/MWh)": 48.90176,
			"RTM_lmp($/MWh)": 41.3231
		},
		"22:00:00": {
			"DAM_lmp($/MWh)": 39.54422,
			"RTM_lmp($/MWh)": 31.48323
		},
		"23:00:00": {
			"DAM_lmp($/MWh)": 31.64838,
			"RTM_lmp($/MWh)": 32.78332
		}
	}
}