{
	"2023-05-22": {
		"00:00:00": {
			"DAM_lmp($/MWh)": 32.20804,
			"RTM_lmp($/MWh)": 29.74608
		},
		"01:00:00": {
			"DAM_lmp($/MWh)": 28.85963,
			"RTM_lmp($/MWh)": 25.42986
		},
		"02:00:00": {
			"DAM_lmp($/MWh)": 28.08274,
			"RTM_lmp($/MWh)": 21.2069
		},
		"03:00:00": {
			"DAM_lmp($/MWh)": 26.51889,
			"RTM_lmp($/MWh)": 6.65631
		},
		"04:00:00": {
			"DAM_lmp($/MWh)": 29.77817,
			"RTM_lmp($/MWh)": 1.9017
		},
		"05:00:00": {
			"DAM_lmp($/MWh)": 36.22715,
			"RTM_lmp($/MWh)": 30.81135
		},
		"06:00:00": {
			"DAM_lmp($/MWh)": 38.83168,
			"RTM_lmp($/MWh)": 72.0
		},
		"07:00:00": {
			"DAM_lmp($/MWh)": 25.56249,
			"RTM_lmp($/MWh)": 18.0208
		},
		"08:00:00": {
			"DAM_lmp($/MWh)": 8.91287,
			"RTM_lmp($/MWh)": 12.8688
		},
		"09:00:00": {
			"DAM_lmp($/MWh)": 5.82352,
			"RTM_lmp($/MWh)": 12.94
		},
		"10:00:00": {
			"DAM_lmp($/MWh)": 4.42301,
			"RTM_lmp($/MWh)": 15.4
		},
		"11:00:00": {
			"DAM_lmp($/MWh)": 3.17344,
			"RTM_lmp($/MWh)": 4.76929
		},
		"12:00:00": {
			"DAM_lmp($/MWh)": 1.05376,
			"RTM_lmp($/MWh)": 14.33539
		},
		"13:00:00": {
			"DAM_lmp($/MWh)": 0.49926,
			"RTM_lmp($/MWh)": 14.52021
		},
		"14:00:00": {
			"DAM_lmp($/MWh)": 1.57644,
			"RTM_lmp($/MWh)": 9.9976
		},
		"15:00:00": {
			"DAM_lmp($/MWh)": 4.57509,
			"RTM_lmp($/MWh)": 4.9988
		},
		"16:00:00": {
			"DAM_lmp($/MWh)": 9.10791,
			"RTM_lmp($/MWh)": 4.95
		},
		"17:00:00": {
			"DAM_lmp($/MWh)": 24.25116,
			"RTM_lmp($/MWh)": 0.0
		},
		"18:00:00": {
			"DAM_lmp($/MWh)": 43.81763,
			"RTM_lmp($/MWh)": 13.84752
		},
		"19:00:00": {
			"DAM_lmp($/MWh)": 65.62965,
			"RTM_lmp($/MWh)": 28.04155
		},
		"20:00:00": {
			"DAM_lmp($/MWh)": 65.61097,
			"RTM_lmp($/MWh)": 40.0
		},
		"21:00:00": {
			"DAM_lmp($/MWh)": 50.17971,
			"RTM_lmp($/MWh)": 43.61416
		},
		"22:00:00": {
			"DAM_lmp($/MWh)": 41.63241,
			"RTM_lmp($/MWh)": 33.00168
		},
		"23:00:00": {
			"DAM_lmp($/MWh)": 34.466,
			"RTM_lmp($/MWh)": 33.97919
		}
	},
	"2023-05-23": {
		"00:00:00": {
			"DAM_lmp($/MWh)": 32.20804,
			"RTM_lmp($/MWh)": 29.74608
		},
		"01:00:00": {
			"DAM_lmp($/MWh)": 28.85963,
			"RTM_lmp($/MWh)": 25.42986
		},
		"02:00:00": {
			"DAM_lmp($/MWh)": 28.08274,
			"RTM_lmp($/MWh)": 21.2069
		},
		"03:00:00": {
			"DAM_lmp($/MWh)": 26.51889,
			"RTM_lmp($/MWh)": 6.65631
		},
		"04:00:00": {
			"DAM_lmp($/MWh)": 29.77817,
			"RTM_lmp($/MWh)": 1.9017
		},
		"05:00:00": {
			"DAM_lmp($/MWh)": 36.22715,
			"RTM_lmp($/MWh)": 30.81135
		},
		"06:00:00": {
			"DAM_lmp($/MWh)": 38.83168,
			"RTM_lmp($/MWh)": 72.0
		},
		"07:00:00": {
			"DAM_lmp($/MWh)": 25.56249,
			"RTM_lmp($/MWh)": 18.0208
		},
		"08:00:00": {
			"DAM_lmp($/MWh)": 8.91287,
			"RTM_lmp($/MWh)": 12.8688
		},
		"09:00:00": {
			"DAM_lmp($/MWh)": 5.82352,
			"RTM_lmp($/MWh)": 12.94
		},
		"10:00:00": {
			"DAM_lmp($/MWh)": 4.42301,
			"RTM_lmp($/MWh)": 15.4
		},
		"11:00:00": {
			"DAM_lmp($/MWh)": 3.17344,
			"RTM_lmp($/MWh)": 4.76929
		},
		"12:00:00": {
			"DAM_lmp($/MWh)": 1.05376,
			"RTM_lmp($/MWh)": 14.33539
		},
		"13:00:00": {
			"DAM_lmp($/MWh)": 0.49926,
			"RTM_lmp($/MWh)": 14.52021
		},
		"14:00:00": {
			"DAM_lmp($/MWh)": 1.57644,
			"RTM_lmp($/MWh)": 9.9976
		},
		"15:00:00": {
			"DAM_lmp($/MWh)": 4.57509,
			"RTM_lmp($/MWh)": 4.9988
		},
		"16:00:00": {
			"DAM_lmp($/MWh)": 9.10791,
			"RTM_lmp($/MWh)": 4.95
		},
		"17:00:00": {
			"DAM_lmp($/MWh)": 24.25116,
			"RTM_lmp($/MWh)": 0.0
		},
		"18:00:00": {
			"DAM_lmp($/MWh)": 43.81763,
			"RTM_lmp($/MWh)": 13.84752
		},
		"19:00:00": {
			"DAM_lmp($/MWh)": 65.62965,
			"RTM_lmp($/MWh)": 28.04155
		},
		"20:00:00": {
			"DAM_lmp($/MWh)": 65.61097,
			"RTM_lmp($/MWh)": 40.0
		},
		"21:00:00": {
			"DAM_lmp($/MWh)": 50.17971,
			"RTM_lmp($/MWh)": 43.61416
		},
		"22:00:00": {
			"DAM_lmp($/MWh)": 41.63241,
			"RTM_lmp($/MWh)": 33.00168
		},
		"23:00:00": {
			"DAM_lmp($/MWh)": 34.466,
			"RTM_lmp($/MWh)": 33.97919
		}
	}
}