{
	"2023-05-22": {
		"00:00:00": {
			"DAM_lmp($/MWh)": 50.00279,
			"RTM_lmp($/MWh)": 29.06311
		},
		"01:00:00": {
			"DAM_lmp($/MWh)": 48.2146,
			"RTM_lmp($/MWh)": 25.04414
		},
		"02:00:00": {
			"DAM_lmp($/MWh)": 51.86092,
			"RTM_lmp($/MWh)": 20.87644
		},
		"03:00:00": {
			"DAM_lmp($/MWh)": 52.29513,
			"RTM_lmp($/MWh)": 6.87265
		},
		"04:00:00": {
			"DAM_lmp($/MWh)": 51.80066,
			"RTM_lmp($/MWh)": 1.98793
		},
		"05:00:00": {
			"DAM_lmp($/MWh)": 45.82628,
			"RTM_lmp($/MWh)": 30.81135
		},
		"06:00:00": {
			"DAM_lmp($/MWh)": 56.93565,
			"RTM_lmp($/MWh)": 72.0
		},
		"07:00:00": {
			"DAM_lmp($/MWh)": 26.08787,
			"RTM_lmp($/MWh)": 18.0208
		},
		"08:00:00": {
			"DAM_lmp($/MWh)": 6.45955,
			"RTM_lmp($/MWh)": 12.8688
		},
		"09:00:00": {
			"DAM_lmp($/MWh)": 2.94712,
			"RTM_lmp($/MWh)": 12.94
		},
		"10:00:00": {
			"DAM_lmp($/MWh)": 2.69737,
			"RTM_lmp($/MWh)": 15.4
		},
		"11:00:00": {
			"DAM_lmp($/MWh)": 1.64412,
			"RTM_lmp($/MWh)": 2.02762
		},
		"12:00:00": {
			"DAM_lmp($/MWh)": -0.5933,
			"RTM_lmp($/MWh)": 14.59561
		},
		"13:00:00": {
			"DAM_lmp($/MWh)": -1.3628,
			"RTM_lmp($/MWh)": 14.83099
		},
		"14:00:00": {
			"DAM_lmp($/MWh)": -0.24777,
			"RTM_lmp($/MWh)": 9.9976
		},
		"15:00:00": {
			"DAM_lmp($/MWh)": 2.87255,
			"RTM_lmp($/MWh)": 4.9988
		},
		"16:00:00": {
			"DAM_lmp($/MWh)": 7.95823,
			"RTM_lmp($/MWh)": 4.95
		},
		"17:00:00": {
			"DAM_lmp($/MWh)": 24.63954,
			"RTM_lmp($/MWh)": 0.0
		},
		"18:00:00": {
			"DAM_lmp($/MWh)": 44.19016,
			"RTM_lmp($/MWh)": 13.59476
		},
		"19:00:00": {
			"DAM_lmp($/MWh)": 63.31574,
			"RTM_lmp($/MWh)": 27.10912
		},
		"20:00:00": {
			"DAM_lmp($/MWh)": 63.26125,
			"RTM_lmp($/MWh)": 40.0
		},
		"21:00:00": {
			"DAM_lmp($/MWh)": 50.44928,
			"RTM_lmp($/MWh)": 43.65193
		},
		"22:00:00": {
			"DAM_lmp($/MWh)": 49.25004,
			"RTM_lmp($/MWh)": 32.93801
		},
		"23:00:00": {
			"DAM_lmp($/MWh)": 49.20976,
			"RTM_lmp($/MWh)": 34.03566
		}
	},
	"2023-05-23": {
		"00:00:00": {
			"DAM_lmp($/MWh)": 50.00279,
			"RTM_lmp($/MWh)": 29.06311
		},
		"01:00:00": {
			"DAM_lmp($/MWh)": 48.2146,
			"RTM_lmp($/MWh)": 25.04414
		},
		"02:00:00": {
			"DAM_lmp($/MWh)": 51.86092,
			"RTM_lmp($/MWh)": 20.87644
		},
		"03:00:00": {
			"DAM_lmp($/MWh)": 52.29513,
			"RTM_lmp($/MWh)": 6.87265
		},
		"04:00:00": {
			"DAM_lmp($/MWh)": 51.80066,
			"RTM_lmp($/MWh)": 1.98793
		},
		"05:00:00": {
			"DAM_lmp($/MWh)": 45.82628,
			"RTM_lmp($/MWh)": 30.81135
		},
		"06:00:00": {
			"DAM_lmp($/MWh)": 56.93565,
			"RTM_lmp($/MWh)": 72.0
		},
		"07:00:00": {
			"DAM_lmp($/MWh)": 26.08787,
			"RTM_lmp($/MWh)": 18.0208
		},
		"08:00:00": {
			"DAM_lmp($/MWh)": 6.45955,
			"RTM_lmp($/MWh)": 12.8688
		},
		"09:00:00": {
			"DAM_lmp($/MWh)": 2.94712,
			"RTM_lmp($/MWh)": 12.94
		},
		"10:00:00": {
			"DAM_lmp($/MWh)": 2.69737,
			"RTM_lmp($/MWh)": 15.4
		},
		"11:00:00": {
			"DAM_lmp($/MWh)": 1.64412,
			"RTM_lmp($/MWh)": 2.02762
		},
		"12:00:00": {
			"DAM_lmp($/MWh)": -0.5933,
			"RTM_lmp($/MWh)": 14.59561
		},
		"13:00:00": {
			"DAM_lmp($/MWh)": -1.3628,
			"RTM_lmp($/MWh)": 14.83099
		},
		"14:00:00": {
			"DAM_lmp($/MWh)": -0.24777,
			"RTM_lmp($/MWh)": 9.9976
		},
		"15:00:00": {
			"DAM_lmp($/MWh)": 2.87255,
			"RTM_lmp($/MWh)": 4.9988
		},
		"16:00:00": {
			"DAM_lmp($/MWh)": 7.95823,
			"RTM_lmp($/MWh)": 4.95
		},
		"17:00:00": {
			"DAM_lmp($/MWh)": 24.63954,
			"RTM_lmp($/MWh)": 0.0
		},
		"18:00:00": {
			"DAM_lmp($/MWh)": 44.19016,
			"RTM_lmp($/MWh)": 13.59476
		},
		"19:00:00": {
			"DAM_lmp($/MWh)": 63.31574,
			"RTM_lmp($/MWh)": 27.10912
		},
		"20:00:00": {
			"DAM_lmp($/MWh)": 63.26125,
			"RTM_lmp($/MWh)": 40.0
		},
		"21:00:00": {
			"DAM_lmp($/MWh)": 50.44928,
			"RTM_lmp($/MWh)": 43.65193
		},
		"22:00:00": {
			"DAM_lmp($/MWh)": 49.25004,
			"RTM_lmp($/MWh)": 32.93801
		},
		"23:00:00": {
			"DAM_lmp($/MWh)": 49.20976,
			"RTM_lmp($/MWh)": 34.03566
		}
	}
}