{
	"2023-05-22": {
		"00:00:00": {
			"DAM_lmp($/MWh)": 31.23948,
			"RTM_lmp($/MWh)": 29.41598
		},
		"01:00:00": {
			"DAM_lmp($/MWh)": 27.31646,
			"RTM_lmp($/MWh)": 25.9293
		},
		"02:00:00": {
			"DAM_lmp($/MWh)": 25.93779,
			"RTM_lmp($/MWh)": 21.5702
		},
		"03:00:00": {
			"DAM_lmp($/MWh)": 24.03196,
			"RTM_lmp($/MWh)": 23.40261
		},
		"04:00:00": {
			"DAM_lmp($/MWh)": 27.97334,
			"RTM_lmp($/MWh)": 20.64902
		},
		"05:00:00": {
			"DAM_lmp($/MWh)": 36.21523,
			"RTM_lmp($/MWh)": 30.81135
		},
		"06:00:00": {
			"DAM_lmp($/MWh)": 37.79558,
			"RTM_lmp($/MWh)": 72.0
		},
		"07:00:00": {
			"DAM_lmp($/MWh)": 26.59773,
			"RTM_lmp($/MWh)": 18.0208
		},
		"08:00:00": {
			"DAM_lmp($/MWh)": 21.68295,
			"RTM_lmp($/MWh)": 12.8688
		},
		"09:00:00": {
			"DAM_lmp($/MWh)": 17.13079,
			"RTM_lmp($/MWh)": 12.94
		},
		"10:00:00": {
			"DAM_lmp($/MWh)": 12.25312,
			"RTM_lmp($/MWh)": 15.4
		},
		"11:00:00": {
			"DAM_lmp($/MWh)": 13.58391,
			"RTM_lmp($/MWh)": 14.7764
		},
		"12:00:00": {
			"DAM_lmp($/MWh)": 7.54274,
			"RTM_lmp($/MWh)": 16.05841
		},
		"13:00:00": {
			"DAM_lmp($/MWh)": 6.73032,
			"RTM_lmp($/MWh)": 16.51515
		},
		"14:00:00": {
			"DAM_lmp($/MWh)": 6.62611,
			"RTM_lmp($/MWh)": 9.9976
		},
		"15:00:00": {
			"DAM_lmp($/MWh)": 7.75972,
			"RTM_lmp($/MWh)": 4.9988
		},
		"16:00:00": {
			"DAM_lmp($/MWh)": 13.69529,
			"RTM_lmp($/MWh)": 4.95
		},
		"17:00:00": {
			"DAM_lmp($/MWh)": 25.37397,
			"RTM_lmp($/MWh)": 0.0
		},
		"18:00:00": {
			"DAM_lmp($/MWh)": 44.12442,
			"RTM_lmp($/MWh)": 14.91996
		},
		"19:00:00": {
			"DAM_lmp($/MWh)": 64.80233,
			"RTM_lmp($/MWh)": 27.84351
		},
		"20:00:00": {
			"DAM_lmp($/MWh)": 64.53644,
			"RTM_lmp($/MWh)": 40.0
		},
		"21:00:00": {
			"DAM_lmp($/MWh)": 50.41434,
			"RTM_lmp($/MWh)": 42.07
		},
		"22:00:00": {
			"DAM_lmp($/MWh)": 40.99627,
			"RTM_lmp($/MWh)": 32.11353
		},
		"23:00:00": {
			"DAM_lmp($/MWh)": 32.95721,
			"RTM_lmp($/MWh)": 33.95261
		}
	},
	"2023-05-23": {
		"00:00:00": {
			"DAM_lmp($/MWh)": 31.23948,
			"RTM_lmp($/MWh)": 29.41598
		},
		"01:00:00": {
			"DAM_lmp($/MWh)": 27.31646,
			"RTM_lmp($/MWh)": 25.9293
		},
		"02:00:00": {
			"DAM_lmp($/MWh)": 25.93779,
			"RTM_lmp($/MWh)": 21.5702
		},
		"03:00:00": {
			"DAM_lmp($/MWh)": 24.03196,
			"RTM_lmp($/MWh)": 23.40261
		},
		"04:00:00": {
			"DAM_lmp($/MWh)": 27.97334,
			"RTM_lmp($/MWh)": 20.64902
		},
		"05:00:00": {
			"DAM_lmp($/MWh)": 36.21523,
			"RTM_lmp($/MWh)": 30.81135
		},
		"06:00:00": {
			"DAM_lmp($/MWh)": 37.79558,
			"RTM_lmp($/MWh)": 72.0
		},
		"07:00:00": {
			"DAM_lmp($/MWh)": 26.59773,
			"RTM_lmp($/MWh)": 18.0208
		},
		"08:00:00": {
			"DAM_lmp($/MWh)": 21.68295,
			"RTM_lmp($/MWh)": 12.8688
		},
		"09:00:00": {
			"DAM_lmp($/MWh)": 17.13079,
			"RTM_lmp($/MWh)": 12.94
		},
		"10:00:00": {
			"DAM_lmp($/MWh)": 12.25312,
			"RTM_lmp($/MWh)": 15.4
		},
		"11:00:00": {
			"DAM_lmp($/MWh)": 13.58391,
			"RTM_lmp($/MWh)": 14.7764
		},
		"12:00:00": {
			"DAM_lmp($/MWh)": 7.54274,
			"RTM_lmp($/MWh)": 16.05841
		},
		"13:00:00": {
			"DAM_lmp($/MWh)": 6.73032,
			"RTM_lmp($/MWh)": 16.51515
		},
		"14:00:00": {
			"DAM_lmp($/MWh)": 6.62611,
			"RTM_lmp($/MWh)": 9.9976
		},
		"15:00:00": {
			"DAM_lmp($/MWh)": 7.75972,
			"RTM_lmp($/MWh)": 4.9988
		},
		"16:00:00": {
			"DAM_lmp($/MWh)": 13.69529,
			"RTM_lmp($/MWh)": 4.95
		},
		"17:00:00": {
			"DAM_lmp($/MWh)": 25.37397,
			"RTM_lmp($/MWh)": 0.0
		},
		"18:00:00": {
			"DAM_lmp($/MWh)": 44.12442,
			"RTM_lmp($/MWh)": 14.91996
		},
		"19:00:00": {
			"DAM_lmp($/MWh)": 64.80233,
			"RTM_lmp($/MWh)": 27.84351
		},
		"20:00:00": {
			"DAM_lmp($/MWh)": 64.53644,
			"RTM_lmp($/MWh)": 40.0
		},
		"21:00:00": {
			"DAM_lmp($/MWh)": 50.41434,
			"RTM_lmp($/MWh)": 42.07
		},
		"22:00:00": {
			"DAM_lmp($/MWh)": 40.99627,
			"RTM_lmp($/MWh)": 32.11353
		},
		"23:00:00": {
			"DAM_lmp($/MWh)": 32.95721,
			"RTM_lmp($/MWh)": 33.95261
		}
	}
}