{
	"2023-05-22": {
		"00:00:00": {
			"DAM_lmp($/MWh)": 30.24672,
			"RTM_lmp($/MWh)": 29.37898
		},
		"01:00:00": {
			"DAM_lmp($/MWh)": 26.45789,
			"RTM_lmp($/MWh)": 25.66475
		},
		"02:00:00": {
			"DAM_lmp($/MWh)": 25.13407,
			"RTM_lmp($/MWh)": 21.26847
		},
		"03:00:00": {
			"DAM_lmp($/MWh)": 23.28174,
			"RTM_lmp($/MWh)": 23.68537
		},
		"04:00:00": {
			"DAM_lmp($/MWh)": 27.04897,
			"RTM_lmp($/MWh)": 20.81465
		},
		"05:00:00": {
			"DAM_lmp($/MWh)": 35.16924,
			"RTM_lmp($/MWh)": 30.81135
		},
		"06:00:00": {
			"DAM_lmp($/MWh)": 36.56163,
			"RTM_lmp($/MWh)": 72.0
		},
		"07:00:00": {
			"DAM_lmp($/MWh)": 25.89118,
			"RTM_lmp($/MWh)": 18.0208
		},
		"08:00:00": {
			"DAM_lmp($/MWh)": 13.61365,
			"RTM_lmp($/MWh)": 12.8688
		},
		"09:00:00": {
			"DAM_lmp($/MWh)": 10.9043,
			"RTM_lmp($/MWh)": 12.94
		},
		"10:00:00": {
			"DAM_lmp($/MWh)": 7.76104,
			"RTM_lmp($/MWh)": 15.4
		},
		"11:00:00": {
			"DAM_lmp($/MWh)": 6.09605,
			"RTM_lmp($/MWh)": 14.7764
		},
		"12:00:00": {
			"DAM_lmp($/MWh)": 4.03387,
			"RTM_lmp($/MWh)": 15.70272
		},
		"13:00:00": {
			"DAM_lmp($/MWh)": 3.66661,
			"RTM_lmp($/MWh)": 16.06939
		},
		"14:00:00": {
			"DAM_lmp($/MWh)": 4.74717,
			"RTM_lmp($/MWh)": 9.9976
		},
		"15:00:00": {
			"DAM_lmp($/MWh)": 7.68259,
			"RTM_lmp($/MWh)": 4.9988
		},
		"16:00:00": {
			"DAM_lmp($/MWh)": 11.93916,
			"RTM_lmp($/MWh)": 4.95
		},
		"17:00:00": {
			"DAM_lmp($/MWh)": 24.89099,
			"RTM_lmp($/MWh)": 0.0
		},
		"18:00:00": {
			"DAM_lmp($/MWh)": 43.83954,
			"RTM_lmp($/MWh)": 14.59866
		},
		"19:00:00": {
			"DAM_lmp($/MWh)": 64.7183,
			"RTM_lmp($/MWh)": 27.64548
		},
		"20:00:00": {
			"DAM_lmp($/MWh)": 64.64001,
			"RTM_lmp($/MWh)": 40.0
		},
		"21:00:00": {
			"DAM_lmp($/MWh)": 50.08486,
			"RTM_lmp($/MWh)": 42.11196
		},
		"22:00:00": {
			"DAM_lmp($/MWh)": 40.78249,
			"RTM_lmp($/MWh)": 32.21221
		},
		"23:00:00": {
			"DAM_lmp($/MWh)": 32.38986,
			"RTM_lmp($/MWh)": 33.92936
		}
	},
	"2023-05-23": {
		"00:00:00": {
			"DAM_lmp($/MWh)": 30.24672,
			"RTM_lmp($/MWh)": 29.37898
		},
		"01:00:00": {
			"DAM_lmp($/MWh)": 26.45789,
			"RTM_lmp($/MWh)": 25.66475
		},
		"02:00:00": {
			"DAM_lmp($/MWh)": 25.13407,
			"RTM_lmp($/MWh)": 21.26847
		},
		"03:00:00": {
			"DAM_lmp($/MWh)": 23.28174,
			"RTM_lmp($/MWh)": 23.68537
		},
		"04:00:00": {
			"DAM_lmp($/MWh)": 27.04897,
			"RTM_lmp($/MWh)": 20.81465
		},
		"05:00:00": {
			"DAM_lmp($/MWh)": 35.16924,
			"RTM_lmp($/MWh)": 30.81135
		},
		"06:00:00": {
			"DAM_lmp($/MWh)": 36.56163,
			"RTM_lmp($/MWh)": 72.0
		},
		"07:00:00": {
			"DAM_lmp($/MWh)": 25.89118,
			"RTM_lmp($/MWh)": 18.0208
		},
		"08:00:00": {
			"DAM_lmp($/MWh)": 13.61365,
			"RTM_lmp($/MWh)": 12.8688
		},
		"09:00:00": {
			"DAM_lmp($/MWh)": 10.9043,
			"RTM_lmp($/MWh)": 12.94
		},
		"10:00:00": {
			"DAM_lmp($/MWh)": 7.76104,
			"RTM_lmp($/MWh)": 15.4
		},
		"11:00:00": {
			"DAM_lmp($/MWh)": 6.09605,
			"RTM_lmp($/MWh)": 14.7764
		},
		"12:00:00": {
			"DAM_lmp($/MWh)": 4.03387,
			"RTM_lmp($/MWh)": 15.70272
		},
		"13:00:00": {
			"DAM_lmp($/MWh)": 3.66661,
			"RTM_lmp($/MWh)": 16.06939
		},
		"14:00:00": {
			"DAM_lmp($/MWh)": 4.74717,
			"RTM_lmp($/MWh)": 9.9976
		},
		"15:00:00": {
			"DAM_lmp($/MWh)": 7.68259,
			"RTM_lmp($/MWh)": 4.9988
		},
		"16:00:00": {
			"DAM_lmp($/MWh)": 11.93916,
			"RTM_lmp($/MWh)": 4.95
		},
		"17:00:00": {
			"DAM_lmp($/MWh)": 24.89099,
			"RTM_lmp($/MWh)": 0.0
		},
		"18:00:00": {
			"DAM_lmp($/MWh)": 43.83954,
			"RTM_lmp($/MWh)": 14.59866
		},
		"19:00:00": {
			"DAM_lmp($/MWh)": 64.7183,
			"RTM_lmp($/MWh)": 27.64548
		},
		"20:00:00": {
			"DAM_lmp($/MWh)": 64.64001,
			"RTM_lmp($/MWh)": 40.0
		},
		"21:00:00": {
			"DAM_lmp($/MWh)": 50.08486,
			"RTM_lmp($/MWh)": 42.11196
		},
		"22:00:00": {
			"DAM_lmp($/MWh)": 40.78249,
			"RTM_lmp($/MWh)": 32.21221
		},
		"23:00:00": {
			"DAM_lmp($/MWh)": 32.38986,
			"RTM_lmp($/MWh)": 33.92936
		}
	}
}