{
	"2023-05-22": {
		"00:00:00": {
			"DAM_lmp($/MWh)": 28.47689,
			"RTM_lmp($/MWh)": 28.25493
		},
		"01:00:00": {
			"DAM_lmp($/MWh)": 25.00453,
			"RTM_lmp($/MWh)": 24.40129
		},
		"02:00:00": {
			"DAM_lmp($/MWh)": 24.11406,
			"RTM_lmp($/MWh)": 20.3633
		},
		"03:00:00": {
			"DAM_lmp($/MWh)": 22.40194,
			"RTM_lmp($/MWh)": 23.43014
		},
		"04:00:00": {
			"DAM_lmp($/MWh)": 26.01663,
			"RTM_lmp($/MWh)": 20.66288
		},
		"05:00:00": {
			"DAM_lmp($/MWh)": 33.82489,
			"RTM_lmp($/MWh)": 30.81135
		},
		"06:00:00": {
			"DAM_lmp($/MWh)": 35.09024,
			"RTM_lmp($/MWh)": 72.0
		},
		"07:00:00": {
			"DAM_lmp($/MWh)": 24.92841,
			"RTM_lmp($/MWh)": 18.0208
		},
		"08:00:00": {
			"DAM_lmp($/MWh)": 12.83549,
			"RTM_lmp($/MWh)": 12.8688
		},
		"09:00:00": {
			"DAM_lmp($/MWh)": 7.89623,
			"RTM_lmp($/MWh)": 12.94
		},
		"10:00:00": {
			"DAM_lmp($/MWh)": 5.69306,
			"RTM_lmp($/MWh)": 15.4
		},
		"11:00:00": {
			"DAM_lmp($/MWh)": 4.29021,
			"RTM_lmp($/MWh)": 14.7764
		},
		"12:00:00": {
			"DAM_lmp($/MWh)": 2.24398,
			"RTM_lmp($/MWh)": 14.688
		},
		"13:00:00": {
			"DAM_lmp($/MWh)": 1.8722,
			"RTM_lmp($/MWh)": 14.88435
		},
		"14:00:00": {
			"DAM_lmp($/MWh)": 2.86714,
			"RTM_lmp($/MWh)": 9.9976
		},
		"15:00:00": {
			"DAM_lmp($/MWh)": 7.30926,
			"RTM_lmp($/MWh)": 4.9988
		},
		"16:00:00": {
			"DAM_lmp($/MWh)": 10.17677,
			"RTM_lmp($/MWh)": 4.95
		},
		"17:00:00": {
			"DAM_lmp($/MWh)": 24.17647,
			"RTM_lmp($/MWh)": 0.0
		},
		"18:00:00": {
			"DAM_lmp($/MWh)": 42.97178,
			"RTM_lmp($/MWh)": 14.25308
		},
		"19:00:00": {
			"DAM_lmp($/MWh)": 64.1883,
			"RTM_lmp($/MWh)": 27.78025
		},
		"20:00:00": {
			"DAM_lmp($/MWh)": 63.83735,
			"RTM_lmp($/MWh)": 40.0
		},
		"21:00:00": {
			"DAM_lmp($/MWh)": 48.69209,
			"RTM_lmp($/MWh)": 41.77208
		},
		"22:00:00": {
			"DAM_lmp($/MWh)": 39.05617,
			"RTM_lmp($/MWh)": 31.37181
		},
		"23:00:00": {
			"DAM_lmp($/MWh)": 30.43423,
			"RTM_lmp($/MWh)": 32.9162
		}
	},
	"2023-05-23": {
		"00:00:00": {
			"DAM_lmp($/MWh)": 28.47689,
			"RTM_lmp($/MWh)": 28.25493
		},
		"01:00:00": {
			"DAM_lmp($/MWh)": 25.00453,
			"RTM_lmp($/MWh)": 24.40129
		},
		"02:00:00": {
			"DAM_lmp($/MWh)": 24.11406,
			"RTM_lmp($/MWh)": 20.3633
		},
		"03:00:00": {
			"DAM_lmp($/MWh)": 22.40194,
			"RTM_lmp($/MWh)": 23.43014
		},
		"04:00:00": {
			"DAM_lmp($/MWh)": 26.01663,
			"RTM_lmp($/MWh)": 20.66288
		},
		"05:00:00": {
			"DAM_lmp($/MWh)": 33.82489,
			"RTM_lmp($/MWh)": 30.81135
		},
		"06:00:00": {
			"DAM_lmp($/MWh)": 35.09024,
			"RTM_lmp($/MWh)": 72.0
		},
		"07:00:00": {
			"DAM_lmp($/MWh)": 24.92841,
			"RTM_lmp($/MWh)": 18.0208
		},
		"08:00:00": {
			"DAM_lmp($/MWh)": 12.83549,
			"RTM_lmp($/MWh)": 12.8688
		},
		"09:00:00": {
			"DAM_lmp($/MWh)": 7.89623,
			"RTM_lmp($/MWh)": 12.94
		},
		"10:00:00": {
			"DAM_lmp($/MWh)": 5.69306,
			"RTM_lmp($/MWh)": 15.4
		},
		"11:00:00": {
			"DAM_lmp($/MWh)": 4.29021,
			"RTM_lmp($/MWh)": 14.7764
		},
		"12:00:00": {
			"DAM_lmp($/MWh)": 2.24398,
			"RTM_lmp($/MWh)": 14.688
		},
		"13:00:00": {
			"DAM_lmp($/MWh)": 1.8722,
			"RTM_lmp($/MWh)": 14.88435
		},
		"14:00:00": {
			"DAM_lmp($/MWh)": 2.86714,
			"RTM_lmp($/MWh)": 9.9976
		},
		"15:00:00": {
			"DAM_lmp($/MWh)": 7.30926,
			"RTM_lmp($/MWh)": 4.9988
		},
		"16:00:00": {
			"DAM_lmp($/MWh)": 10.17677,
			"RTM_lmp($/MWh)": 4.95
		},
		"17:00:00": {
			"DAM_lmp($/MWh)": 24.17647,
			"RTM_lmp($/MWh)": 0.0
		},
		"18:00:00": {
			"DAM_lmp($/MWh)": 42.97178,
			"RTM_lmp($/MWh)": 14.25308
		},
		"19:00:00": {
			"DAM_lmp($/MWh)": 64.1883,
			"RTM_lmp($/MWh)": 27.78025
		},
		"20:00:00": {
			"DAM_lmp($/MWh)": 63.83735,
			"RTM_lmp($/MWh)": 40.0
		},
		"21:00:00": {
			"DAM_lmp($/MWh)": 48.69209,
			"RTM_lmp($/MWh)": 41.77208
		},
		"22:00:00": {
			"DAM_lmp($/MWh)": 39.05617,
			"RTM_lmp($/MWh)": 31.37181
		},
		"23:00:00": {
			"DAM_lmp($/MWh)": 30.43423,
			"RTM_lmp($/MWh)": 32.9162
		}
	}
}