{
	"2023-05-22": {
		"00:00:00": {
			"DAM_lmp($/MWh)": 29.08555,
			"RTM_lmp($/MWh)": 28.22363
		},
		"01:00:00": {
			"DAM_lmp($/MWh)": 25.64328,
			"RTM_lmp($/MWh)": 24.69057
		},
		"02:00:00": {
			"DAM_lmp($/MWh)": 24.36476,
			"RTM_lmp($/MWh)": 20.50082
		},
		"03:00:00": {
			"DAM_lmp($/MWh)": 22.56108,
			"RTM_lmp($/MWh)": 5.85373
		},
		"04:00:00": {
			"DAM_lmp($/MWh)": 26.05613,
			"RTM_lmp($/MWh)": 1.50585
		},
		"05:00:00": {
			"DAM_lmp($/MWh)": 33.91063,
			"RTM_lmp($/MWh)": 30.81135
		},
		"06:00:00": {
			"DAM_lmp($/MWh)": 35.4428,
			"RTM_lmp($/MWh)": 72.0
		},
		"07:00:00": {
			"DAM_lmp($/MWh)": 25.21828,
			"RTM_lmp($/MWh)": 18.0208
		},
		"08:00:00": {
			"DAM_lmp($/MWh)": 9.78098,
			"RTM_lmp($/MWh)": 12.8688
		},
		"09:00:00": {
			"DAM_lmp($/MWh)": 6.79031,
			"RTM_lmp($/MWh)": 12.94
		},
		"10:00:00": {
			"DAM_lmp($/MWh)": 5.08566,
			"RTM_lmp($/MWh)": 15.4
		},
		"11:00:00": {
			"DAM_lmp($/MWh)": 3.80596,
			"RTM_lmp($/MWh)": 11.34931
		},
		"12:00:00": {
			"DAM_lmp($/MWh)": 1.66959,
			"RTM_lmp($/MWh)": 14.59407
		},
		"13:00:00": {
			"DAM_lmp($/MWh)": 1.16425,
			"RTM_lmp($/MWh)": 14.83099
		},
		"14:00:00": {
			"DAM_lmp($/MWh)": 2.26462,
			"RTM_lmp($/MWh)": 9.9976
		},
		"15:00:00": {
			"DAM_lmp($/MWh)": 5.16986,
			"RTM_lmp($/MWh)": 4.9988
		},
		"16:00:00": {
			"DAM_lmp($/MWh)": 9.58232,
			"RTM_lmp($/MWh)": 4.95
		},
		"17:00:00": {
			"DAM_lmp($/MWh)": 23.91008,
			"RTM_lmp($/MWh)": 0.0
		},
		"18:00:00": {
			"DAM_lmp($/MWh)": 42.5379,
			"RTM_lmp($/MWh)": 13.68473
		},
		"19:00:00": {
			"DAM_lmp($/MWh)": 63.37391,
			"RTM_lmp($/MWh)": 26.94959
		},
		"20:00:00": {
			"DAM_lmp($/MWh)": 63.53312,
			"RTM_lmp($/MWh)": 40.0
		},
		"21:00:00": {
			"DAM_lmp($/MWh)": 49.02157,
			"RTM_lmp($/MWh)": 41.23078
		},
		"22:00:00": {
			"DAM_lmp($/MWh)": 39.74589,
			"RTM_lmp($/MWh)": 31.48641
		},
		"23:00:00": {
			"DAM_lmp($/MWh)": 31.82587,
			"RTM_lmp($/MWh)": 32.84312
		}
	},
	"2023-05-23": {
		"00:00:00": {
			"DAM_lmp($/MWh)": 29.08555,
			"RTM_lmp($/MWh)": 28.22363
		},
		"01:00:00": {
			"DAM_lmp($/MWh)": 25.64328,
			"RTM_lmp($/MWh)": 24.69057
		},
		"02:00:00": {
			"DAM_lmp($/MWh)": 24.36476,
			"RTM_lmp($/MWh)": 20.50082
		},
		"03:00:00": {
			"DAM_lmp($/MWh)": 22.56108,
			"RTM_lmp($/MWh)": 5.85373
		},
		"04:00:00": {
			"DAM_lmp($/MWh)": 26.05613,
			"RTM_lmp($/MWh)": 1.50585
		},
		"05:00:00": {
			"DAM_lmp($/MWh)": 33.91063,
			"RTM_lmp($/MWh)": 30.81135
		},
		"06:00:00": {
			"DAM_lmp($/MWh)": 35.4428,
			"RTM_lmp($/MWh)": 72.0
		},
		"07:00:00": {
			"DAM_lmp($/MWh)": 25.21828,
			"RTM_lmp($/MWh)": 18.0208
		},
		"08:00:00": {
			"DAM_lmp($/MWh)": 9.78098,
			"RTM_lmp($/MWh)": 12.8688
		},
		"09:00:00": {
			"DAM_lmp($/MWh)": 6.79031,
			"RTM_lmp($/MWh)": 12.94
		},
		"10:00:00": {
			"DAM_lmp($/MWh)": 5.08566,
			"RTM_lmp($/MWh)": 15.4
		},
		"11:00:00": {
			"DAM_lmp($/MWh)": 3.80596,
			"RTM_lmp($/MWh)": 11.34931
		},
		"12:00:00": {
			"DAM_lmp($/MWh)": 1.66959,
			"RTM_lmp($/MWh)": 14.59407
		},
		"13:00:00": {
			"DAM_lmp($/MWh)": 1.16425,
			"RTM_lmp($/MWh)": 14.83099
		},
		"14:00:00": {
			"DAM_lmp($/MWh)": 2.26462,
			"RTM_lmp($/MWh)": 9.9976
		},
		"15:00:00": {
			"DAM_lmp($/MWh)": 5.16986,
			"RTM_lmp($/MWh)": 4.9988
		},
		"16:00:00": {
			"DAM_lmp($/MWh)": 9.58232,
			"RTM_lmp($/MWh)": 4.95
		},
		"17:00:00": {
			"DAM_lmp($/MWh)": 23.91008,
			"RTM_lmp($/MWh)": 0.0
		},
		"18:00:00": {
			"DAM_lmp($/MWh)": 42.5379,
			"RTM_lmp($/MWh)": 13.68473
		},
		"19:00:00": {
			"DAM_lmp($/MWh)": 63.37391,
			"RTM_lmp($/MWh)": 26.94959
		},
		"20:00:00": {
			"DAM_lmp($/MWh)": 63.53312,
			"RTM_lmp($/MWh)": 40.0
		},
		"21:00:00": {
			"DAM_lmp($/MWh)": 49.02157,
			"RTM_lmp($/MWh)": 41.23078
		},
		"22:00:00": {
			"DAM_lmp($/MWh)": 39.74589,
			"RTM_lmp($/MWh)": 31.48641
		},
		"23:00:00": {
			"DAM_lmp($/MWh)": 31.82587,
			"RTM_lmp($/MWh)": 32.84312
		}
	}
}