{
	"2023-05-22": {
		"00:00:00": {
			"DAM_lmp($/MWh)": 29.72966,
			"RTM_lmp($/MWh)": 28.42567
		},
		"01:00:00": {
			"DAM_lmp($/MWh)": 26.01567,
			"RTM_lmp($/MWh)": 24.90815
		},
		"02:00:00": {
			"DAM_lmp($/MWh)": 24.71378,
			"RTM_lmp($/MWh)": 20.61371
		},
		"03:00:00": {
			"DAM_lmp($/MWh)": 22.88617,
			"RTM_lmp($/MWh)": 22.45872
		},
		"04:00:00": {
			"DAM_lmp($/MWh)": 26.6118,
			"RTM_lmp($/MWh)": 19.99201
		},
		"05:00:00": {
			"DAM_lmp($/MWh)": 34.60338,
			"RTM_lmp($/MWh)": 30.81135
		},
		"06:00:00": {
			"DAM_lmp($/MWh)": 35.68024,
			"RTM_lmp($/MWh)": 72.0
		},
		"07:00:00": {
			"DAM_lmp($/MWh)": 25.0604,
			"RTM_lmp($/MWh)": 18.0208
		},
		"08:00:00": {
			"DAM_lmp($/MWh)": 9.33686,
			"RTM_lmp($/MWh)": 12.8688
		},
		"09:00:00": {
			"DAM_lmp($/MWh)": 8.12044,
			"RTM_lmp($/MWh)": 12.94
		},
		"10:00:00": {
			"DAM_lmp($/MWh)": 6.23736,
			"RTM_lmp($/MWh)": 15.4
		},
		"11:00:00": {
			"DAM_lmp($/MWh)": 3.26481,
			"RTM_lmp($/MWh)": 14.7764
		},
		"12:00:00": {
			"DAM_lmp($/MWh)": 3.16722,
			"RTM_lmp($/MWh)": 15.00366
		},
		"13:00:00": {
			"DAM_lmp($/MWh)": 2.98808,
			"RTM_lmp($/MWh)": 15.44626
		},
		"14:00:00": {
			"DAM_lmp($/MWh)": 4.61773,
			"RTM_lmp($/MWh)": 9.9976
		},
		"15:00:00": {
			"DAM_lmp($/MWh)": 7.43576,
			"RTM_lmp($/MWh)": 4.9988
		},
		"16:00:00": {
			"DAM_lmp($/MWh)": 11.50484,
			"RTM_lmp($/MWh)": 4.95
		},
		"17:00:00": {
			"DAM_lmp($/MWh)": 24.29597,
			"RTM_lmp($/MWh)": 0.0
		},
		"18:00:00": {
			"DAM_lmp($/MWh)": 42.97178,
			"RTM_lmp($/MWh)": -5.92814
		},
		"19:00:00": {
			"DAM_lmp($/MWh)": 63.6174,
			"RTM_lmp($/MWh)": 26.64979
		},
		"20:00:00": {
			"DAM_lmp($/MWh)": 63.05411,
			"RTM_lmp($/MWh)": 40.0
		},
		"21:00:00": {
			"DAM_lmp($/MWh)": 48.73203,
			"RTM_lmp($/MWh)": 40.24051
		},
		"22:00:00": {
			"DAM_lmp($/MWh)": 39.59665,
			"RTM_lmp($/MWh)": 30.90386
		},
		"23:00:00": {
			"DAM_lmp($/MWh)": 31.48653,
			"RTM_lmp($/MWh)": 32.89626
		}
	},
	"2023-05-23": {
		"00:00:00": {
			"DAM_lmp($/MWh)": 29.72966,
			"RTM_lmp($/MWh)": 28.42567
		},
		"01:00:00": {
			"DAM_lmp($/MWh)": 26.01567,
			"RTM_lmp($/MWh)": 24.90815
		},
		"02:00:00": {
			"DAM_lmp($/MWh)": 24.71378,
			"RTM_lmp($/MWh)": 20.61371
		},
		"03:00:00": {
			"DAM_lmp($/MWh)": 22.88617,
			"RTM_lmp($/MWh)": 22.45872
		},
		"04:00:00": {
			"DAM_lmp($/MWh)": 26.6118,
			"RTM_lmp($/MWh)": 19.99201
		},
		"05:00:00": {
			"DAM_lmp($/MWh)": 34.60338,
			"RTM_lmp($/MWh)": 30.81135
		},
		"06:00:00": {
			"DAM_lmp($/MWh)": 35.68024,
			"RTM_lmp($/MWh)": 72.0
		},
		"07:00:00": {
			"DAM_lmp($/MWh)": 25.0604,
			"RTM_lmp($/MWh)": 18.0208
		},
		"08:00:00": {
			"DAM_lmp($/MWh)": 9.33686,
			"RTM_lmp($/MWh)": 12.8688
		},
		"09:00:00": {
			"DAM_lmp($/MWh)": 8.12044,
			"RTM_lmp($/MWh)": 12.94
		},
		"10:00:00": {
			"DAM_lmp($/MWh)": 6.23736,
			"RTM_lmp($/MWh)": 15.4
		},
		"11:00:00": {
			"DAM_lmp($/MWh)": 3.26481,
			"RTM_lmp($/MWh)": 14.7764
		},
		"12:00:00": {
			"DAM_lmp($/MWh)": 3.16722,
			"RTM_lmp($/MWh)": 15.00366
		},
		"13:00:00": {
			"DAM_lmp($/MWh)": 2.98808,
			"RTM_lmp($/MWh)": 15.44626
		},
		"14:00:00": {
			"DAM_lmp($/MWh)": 4.61773,
			"RTM_lmp($/MWh)": 9.9976
		},
		"15:00:00": {
			"DAM_lmp($/MWh)": 7.43576,
			"RTM_lmp($/MWh)": 4.9988
		},
		"16:00:00": {
			"DAM_lmp($/MWh)": 11.50484,
			"RTM_lmp($/MWh)": 4.95
		},
		"17:00:00": {
			"DAM_lmp($/MWh)": 24.29597,
			"RTM_lmp($/MWh)": 0.0
		},
		"18:00:00": {
			"DAM_lmp($/MWh)": 42.97178,
			"RTM_lmp($/MWh)": -5.92814
		},
		"19:00:00": {
			"DAM_lmp($/MWh)": 63.6174,
			"RTM_lmp($/MWh)": 26.64979
		},
		"20:00:00": {
			"DAM_lmp($/MWh)": 63.05411,
			"RTM_lmp($/MWh)": 40.0
		},
		"21:00:00": {
			"DAM_lmp($/MWh)": 48.73203,
			"RTM_lmp($/MWh)": 40.24051
		},
		"22:00:00": {
			"DAM_lmp($/MWh)": 39.59665,
			"RTM_lmp($/MWh)": 30.90386
		},
		"23:00:00": {
			"DAM_lmp($/MWh)": 31.48653,
			"RTM_lmp($/MWh)": 32.89626
		}
	}
}