{
	"2023-05-22": {
		"00:00:00": {
			"DAM_lmp($/MWh)": 29.70602,
			"RTM_lmp($/MWh)": 28.65902
		},
		"01:00:00": {
			"DAM_lmp($/MWh)": 25.9743,
			"RTM_lmp($/MWh)": 25.05156
		},
		"02:00:00": {
			"DAM_lmp($/MWh)": 24.67937,
			"RTM_lmp($/MWh)": 20.73686
		},
		"03:00:00": {
			"DAM_lmp($/MWh)": 22.8498,
			"RTM_lmp($/MWh)": 22.98691
		},
		"04:00:00": {
			"DAM_lmp($/MWh)": 26.60127,
			"RTM_lmp($/MWh)": 20.31617
		},
		"05:00:00": {
			"DAM_lmp($/MWh)": 34.57595,
			"RTM_lmp($/MWh)": 30.81135
		},
		"06:00:00": {
			"DAM_lmp($/MWh)": 35.85651,
			"RTM_lmp($/MWh)": 72.0
		},
		"07:00:00": {
			"DAM_lmp($/MWh)": 25.1924,
			"RTM_lmp($/MWh)": 18.0208
		},
		"08:00:00": {
			"DAM_lmp($/MWh)": 11.80497,
			"RTM_lmp($/MWh)": 12.8688
		},
		"09:00:00": {
			"DAM_lmp($/MWh)": 9.69474,
			"RTM_lmp($/MWh)": 12.94
		},
		"10:00:00": {
			"DAM_lmp($/MWh)": 7.06854,
			"RTM_lmp($/MWh)": 15.4
		},
		"11:00:00": {
			"DAM_lmp($/MWh)": 4.9549,
			"RTM_lmp($/MWh)": 14.7764
		},
		"12:00:00": {
			"DAM_lmp($/MWh)": 3.65651,
			"RTM_lmp($/MWh)": 15.11606
		},
		"13:00:00": {
			"DAM_lmp($/MWh)": 3.44797,
			"RTM_lmp($/MWh)": 15.45097
		},
		"14:00:00": {
			"DAM_lmp($/MWh)": 4.61297,
			"RTM_lmp($/MWh)": 9.9976
		},
		"15:00:00": {
			"DAM_lmp($/MWh)": 7.43576,
			"RTM_lmp($/MWh)": 4.9988
		},
		"16:00:00": {
			"DAM_lmp($/MWh)": 11.53963,
			"RTM_lmp($/MWh)": 4.95
		},
		"17:00:00": {
			"DAM_lmp($/MWh)": 24.23373,
			"RTM_lmp($/MWh)": 0.0
		},
		"18:00:00": {
			"DAM_lmp($/MWh)": 42.92337,
			"RTM_lmp($/MWh)": 14.13741
		},
		"19:00:00": {
			"DAM_lmp($/MWh)": 63.36199,
			"RTM_lmp($/MWh)": 26.83682
		},
		"20:00:00": {
			"DAM_lmp($/MWh)": 63.97881,
			"RTM_lmp($/MWh)": 40.0
		},
		"21:00:00": {
			"DAM_lmp($/MWh)": 49.309,
			"RTM_lmp($/MWh)": 40.73984
		},
		"22:00:00": {
			"DAM_lmp($/MWh)": 40.42043,
			"RTM_lmp($/MWh)": 31.38773
		},
		"23:00:00": {
			"DAM_lmp($/MWh)": 31.77179,
			"RTM_lmp($/MWh)": 33.15537
		}
	},
	"2023-05-23": {
		"00:00:00": {
			"DAM_lmp($/MWh)": 29.70602,
			"RTM_lmp($/MWh)": 28.65902
		},
		"01:00:00": {
			"DAM_lmp($/MWh)": 25.9743,
			"RTM_lmp($/MWh)": 25.05156
		},
		"02:00:00": {
			"DAM_lmp($/MWh)": 24.67937,
			"RTM_lmp($/MWh)": 20.73686
		},
		"03:00:00": {
			"DAM_lmp($/MWh)": 22.8498,
			"RTM_lmp($/MWh)": 22.98691
		},
		"04:00:00": {
			"DAM_lmp($/MWh)": 26.60127,
			"RTM_lmp($/MWh)": 20.31617
		},
		"05:00:00": {
			"DAM_lmp($/MWh)": 34.57595,
			"RTM_lmp($/MWh)": 30.81135
		},
		"06:00:00": {
			"DAM_lmp($/MWh)": 35.85651,
			"RTM_lmp($/MWh)": 72.0
		},
		"07:00:00": {
			"DAM_lmp($/MWh)": 25.1924,
			"RTM_lmp($/MWh)": 18.0208
		},
		"08:00:00": {
			"DAM_lmp($/MWh)": 11.80497,
			"RTM_lmp($/MWh)": 12.8688
		},
		"09:00:00": {
			"DAM_lmp($/MWh)": 9.69474,
			"RTM_lmp($/MWh)": 12.94
		},
		"10:00:00": {
			"DAM_lmp($/MWh)": 7.06854,
			"RTM_lmp($/MWh)": 15.4
		},
		"11:00:00": {
			"DAM_lmp($/MWh)": 4.9549,
			"RTM_lmp($/MWh)": 14.7764
		},
		"12:00:00": {
			"DAM_lmp($/MWh)": 3.65651,
			"RTM_lmp($/MWh)": 15.11606
		},
		"13:00:00": {
			"DAM_lmp($/MWh)": 3.44797,
			"RTM_lmp($/MWh)": 15.45097
		},
		"14:00:00": {
			"DAM_lmp($/MWh)": 4.61297,
			"RTM_lmp($/MWh)": 9.9976
		},
		"15:00:00": {
			"DAM_lmp($/MWh)": 7.43576,
			"RTM_lmp($/MWh)": 4.9988
		},
		"16:00:00": {
			"DAM_lmp($/MWh)": 11.53963,
			"RTM_lmp($/MWh)": 4.95
		},
		"17:00:00": {
			"DAM_lmp($/MWh)": 24.23373,
			"RTM_lmp($/MWh)": 0.0
		},
		"18:00:00": {
			"DAM_lmp($/MWh)": 42.92337,
			"RTM_lmp($/MWh)": 14.13741
		},
		"19:00:00": {
			"DAM_lmp($/MWh)": 63.36199,
			"RTM_lmp($/MWh)": 26.83682
		},
		"20:00:00": {
			"DAM_lmp($/MWh)": 63.97881,
			"RTM_lmp($/MWh)": 40.0
		},
		"21:00:00": {
			"DAM_lmp($/MWh)": 49.309,
			"RTM_lmp($/MWh)": 40.73984
		},
		"22:00:00": {
			"DAM_lmp($/MWh)": 40.42043,
			"RTM_lmp($/MWh)": 31.38773
		},
		"23:00:00": {
			"DAM_lmp($/MWh)": 31.77179,
			"RTM_lmp($/MWh)": 33.15537
		}
	}
}