{
	"2023-05-22": {
		"00:00:00": {
			"DAM_lmp($/MWh)": 28.4503,
			"RTM_lmp($/MWh)": 28.2464
		},
		"01:00:00": {
			"DAM_lmp($/MWh)": 24.98125,
			"RTM_lmp($/MWh)": 24.38645
		},
		"02:00:00": {
			"DAM_lmp($/MWh)": 24.08457,
			"RTM_lmp($/MWh)": 20.34893
		},
		"03:00:00": {
			"DAM_lmp($/MWh)": 22.37466,
			"RTM_lmp($/MWh)": 23.41983
		},
		"04:00:00": {
			"DAM_lmp($/MWh)": 25.98766,
			"RTM_lmp($/MWh)": 20.65529
		},
		"05:00:00": {
			"DAM_lmp($/MWh)": 33.78717,
			"RTM_lmp($/MWh)": 30.81135
		},
		"06:00:00": {
			"DAM_lmp($/MWh)": 35.04707,
			"RTM_lmp($/MWh)": 72.0
		},
		"07:00:00": {
			"DAM_lmp($/MWh)": 24.89736,
			"RTM_lmp($/MWh)": 18.0208
		},
		"08:00:00": {
			"DAM_lmp($/MWh)": 12.81917,
			"RTM_lmp($/MWh)": 12.8688
		},
		"09:00:00": {
			"DAM_lmp($/MWh)": 7.88207,
			"RTM_lmp($/MWh)": 12.94
		},
		"10:00:00": {
			"DAM_lmp($/MWh)": 5.683,
			"RTM_lmp($/MWh)": 15.4
		},
		"11:00:00": {
			"DAM_lmp($/MWh)": 4.28291,
			"RTM_lmp($/MWh)": 14.7764
		},
		"12:00:00": {
			"DAM_lmp($/MWh)": 2.23834,
			"RTM_lmp($/MWh)": 14.67876
		},
		"13:00:00": {
			"DAM_lmp($/MWh)": 1.86853,
			"RTM_lmp($/MWh)": 14.87493
		},
		"14:00:00": {
			"DAM_lmp($/MWh)": 2.8619,
			"RTM_lmp($/MWh)": 9.9976
		},
		"15:00:00": {
			"DAM_lmp($/MWh)": 7.30386,
			"RTM_lmp($/MWh)": 4.9988
		},
		"16:00:00": {
			"DAM_lmp($/MWh)": 10.17077,
			"RTM_lmp($/MWh)": 4.95
		},
		"17:00:00": {
			"DAM_lmp($/MWh)": 24.15904,
			"RTM_lmp($/MWh)": 0.0
		},
		"18:00:00": {
			"DAM_lmp($/MWh)": 42.94987,
			"RTM_lmp($/MWh)": 14.25165
		},
		"19:00:00": {
			"DAM_lmp($/MWh)": 64.16891,
			"RTM_lmp($/MWh)": 27.78575
		},
		"20:00:00": {
			"DAM_lmp($/MWh)": 63.81146,
			"RTM_lmp($/MWh)": 40.0
		},
		"21:00:00": {
			"DAM_lmp($/MWh)": 48.66713,
			"RTM_lmp($/MWh)": 41.77628
		},
		"22:00:00": {
			"DAM_lmp($/MWh)": 39.02793,
			"RTM_lmp($/MWh)": 31.36863
		},
		"23:00:00": {
			"DAM_lmp($/MWh)": 30.41204,
			"RTM_lmp($/MWh)": 32.90955
		}
	},
	"2023-05-23": {
		"00:00:00": {
			"DAM_lmp($/MWh)": 28.4503,
			"RTM_lmp($/MWh)": 28.2464
		},
		"01:00:00": {
			"DAM_lmp($/MWh)": 24.98125,
			"RTM_lmp($/MWh)": 24.38645
		},
		"02:00:00": {
			"DAM_lmp($/MWh)": 24.08457,
			"RTM_lmp($/MWh)": 20.34893
		},
		"03:00:00": {
			"DAM_lmp($/MWh)": 22.37466,
			"RTM_lmp($/MWh)": 23.41983
		},
		"04:00:00": {
			"DAM_lmp($/MWh)": 25.98766,
			"RTM_lmp($/MWh)": 20.65529
		},
		"05:00:00": {
			"DAM_lmp($/MWh)": 33.78717,
			"RTM_lmp($/MWh)": 30.81135
		},
		"06:00:00": {
			"DAM_lmp($/MWh)": 35.04707,
			"RTM_lmp($/MWh)": 72.0
		},
		"07:00:00": {
			"DAM_lmp($/MWh)": 24.89736,
			"RTM_lmp($/MWh)": 18.0208
		},
		"08:00:00": {
			"DAM_lmp($/MWh)": 12.81917,
			"RTM_lmp($/MWh)": 12.8688
		},
		"09:00:00": {
			"DAM_lmp($/MWh)": 7.88207,
			"RTM_lmp($/MWh)": 12.94
		},
		"10:00:00": {
			"DAM_lmp($/MWh)": 5.683,
			"RTM_lmp($/MWh)": 15.4
		},
		"11:00:00": {
			"DAM_lmp($/MWh)": 4.28291,
			"RTM_lmp($/MWh)": 14.7764
		},
		"12:00:00": {
			"DAM_lmp($/MWh)": 2.23834,
			"RTM_lmp($/MWh)": 14.67876
		},
		"13:00:00": {
			"DAM_lmp($/MWh)": 1.86853,
			"RTM_lmp($/MWh)": 14.87493
		},
		"14:00:00": {
			"DAM_lmp($/MWh)": 2.8619,
			"RTM_lmp($/MWh)": 9.9976
		},
		"15:00:00": {
			"DAM_lmp($/MWh)": 7.30386,
			"RTM_lmp($/MWh)": 4.9988
		},
		"16:00:00": {
			"DAM_lmp($/MWh)": 10.17077,
			"RTM_lmp($/MWh)": 4.95
		},
		"17:00:00": {
			"DAM_lmp($/MWh)": 24.15904,
			"RTM_lmp($/MWh)": 0.0
		},
		"18:00:00": {
			"DAM_lmp($/MWh)": 42.94987,
			"RTM_lmp($/MWh)": 14.25165
		},
		"19:00:00": {
			"DAM_lmp($/MWh)": 64.16891,
			"RTM_lmp($/MWh)": 27.78575
		},
		"20:00:00": {
			"DAM_lmp($/MWh)": 63.81146,
			"RTM_lmp($/MWh)": 40.0
		},
		"21:00:00": {
			"DAM_lmp($/MWh)": 48.66713,
			"RTM_lmp($/MWh)": 41.77628
		},
		"22:00:00": {
			"DAM_lmp($/MWh)": 39.02793,
			"RTM_lmp($/MWh)": 31.36863
		},
		"23:00:00": {
			"DAM_lmp($/MWh)": 30.41204,
			"RTM_lmp($/MWh)": 32.90955
		}
	}
}