{
	"2023-05-22": {
		"00:00:00": {
			"DAM_lmp($/MWh)": 25.55299,
			"RTM_lmp($/MWh)": 26.34262
		},
		"01:00:00": {
			"DAM_lmp($/MWh)": 21.71267,
			"RTM_lmp($/MWh)": 22.78921
		},
		"02:00:00": {
			"DAM_lmp($/MWh)": 19.80846,
			"RTM_lmp($/MWh)": 18.85673
		},
		"03:00:00": {
			"DAM_lmp($/MWh)": 17.79081,
			"RTM_lmp($/MWh)": 6.52979
		},
		"04:00:00": {
			"DAM_lmp($/MWh)": 21.56064,
			"RTM_lmp($/MWh)": 1.62992
		},
		"05:00:00": {
			"DAM_lmp($/MWh)": 30.89286,
			"RTM_lmp($/MWh)": 13.59709
		},
		"06:00:00": {
			"DAM_lmp($/MWh)": 31.75477,
			"RTM_lmp($/MWh)": 72.0
		},
		"07:00:00": {
			"DAM_lmp($/MWh)": 25.34509,
			"RTM_lmp($/MWh)": 18.0208
		},
		"08:00:00": {
			"DAM_lmp($/MWh)": 15.91386,
			"RTM_lmp($/MWh)": 12.8688
		},
		"09:00:00": {
			"DAM_lmp($/MWh)": 13.60403,
			"RTM_lmp($/MWh)": 12.94
		},
		"10:00:00": {
			"DAM_lmp($/MWh)": 9.30472,
			"RTM_lmp($/MWh)": 15.4
		},
		"11:00:00": {
			"DAM_lmp($/MWh)": 7.63692,
			"RTM_lmp($/MWh)": 14.7764
		},
		"12:00:00": {
			"DAM_lmp($/MWh)": 5.74774,
			"RTM_lmp($/MWh)": 14.62179
		},
		"13:00:00": {
			"DAM_lmp($/MWh)": 5.55913,
			"RTM_lmp($/MWh)": 14.85924
		},
		"14:00:00": {
			"DAM_lmp($/MWh)": 6.74176,
			"RTM_lmp($/MWh)": 9.9976
		},
		"15:00:00": {
			"DAM_lmp($/MWh)": 9.63581,
			"RTM_lmp($/MWh)": 4.9988
		},
		"16:00:00": {
			"DAM_lmp($/MWh)": 13.60475,
			"RTM_lmp($/MWh)": 4.95
		},
		"17:00:00": {
			"DAM_lmp($/MWh)": 24.55738,
			"RTM_lmp($/MWh)": 0.0
		},
		"18:00:00": {
			"DAM_lmp($/MWh)": 42.95425,
			"RTM_lmp($/MWh)": 13.58905
		},
		"19:00:00": {
			"DAM_lmp($/MWh)": 63.42562,
			"RTM_lmp($/MWh)": 26.27022
		},
		"20:00:00": {
			"DAM_lmp($/MWh)": 63.4166,
			"RTM_lmp($/MWh)": 40.0
		},
		"21:00:00": {
			"DAM_lmp($/MWh)": 48.63219,
			"RTM_lmp($/MWh)": 39.78733
		},
		"22:00:00": {
			"DAM_lmp($/MWh)": 37.86202,
			"RTM_lmp($/MWh)": 30.18442
		},
		"23:00:00": {
			"DAM_lmp($/MWh)": 28.16795,
			"RTM_lmp($/MWh)": 31.24198
		}
	},
	"2023-05-23": {
		"00:00:00": {
			"DAM_lmp($/MWh)": 25.55299,
			"RTM_lmp($/MWh)": 26.34262
		},
		"01:00:00": {
			"DAM_lmp($/MWh)": 21.71267,
			"RTM_lmp($/MWh)": 22.78921
		},
		"02:00:00": {
			"DAM_lmp($/MWh)": 19.80846,
			"RTM_lmp($/MWh)": 18.85673
		},
		"03:00:00": {
			"DAM_lmp($/MWh)": 17.79081,
			"RTM_lmp($/MWh)": 6.52979
		},
		"04:00:00": {
			"DAM_lmp($/MWh)": 21.56064,
			"RTM_lmp($/MWh)": 1.62992
		},
		"05:00:00": {
			"DAM_lmp($/MWh)": 30.89286,
			"RTM_lmp($/MWh)": 13.59709
		},
		"06:00:00": {
			"DAM_lmp($/MWh)": 31.75477,
			"RTM_lmp($/MWh)": 72.0
		},
		"07:00:00": {
			"DAM_lmp($/MWh)": 25.34509,
			"RTM_lmp($/MWh)": 18.0208
		},
		"08:00:00": {
			"DAM_lmp($/MWh)": 15.91386,
			"RTM_lmp($/MWh)": 12.8688
		},
		"09:00:00": {
			"DAM_lmp($/MWh)": 13.60403,
			"RTM_lmp($/MWh)": 12.94
		},
		"10:00:00": {
			"DAM_lmp($/MWh)": 9.30472,
			"RTM_lmp($/MWh)": 15.4
		},
		"11:00:00": {
			"DAM_lmp($/MWh)": 7.63692,
			"RTM_lmp($/MWh)": 14.7764
		},
		"12:00:00": {
			"DAM_lmp($/MWh)": 5.74774,
			"RTM_lmp($/MWh)": 14.62179
		},
		"13:00:00": {
			"DAM_lmp($/MWh)": 5.55913,
			"RTM_lmp($/MWh)": 14.85924
		},
		"14:00:00": {
			"DAM_lmp($/MWh)": 6.74176,
			"RTM_lmp($/MWh)": 9.9976
		},
		"15:00:00": {
			"DAM_lmp($/MWh)": 9.63581,
			"RTM_lmp($/MWh)": 4.9988
		},
		"16:00:00": {
			"DAM_lmp($/MWh)": 13.60475,
			"RTM_lmp($/MWh)": 4.95
		},
		"17:00:00": {
			"DAM_lmp($/MWh)": 24.55738,
			"RTM_lmp($/MWh)": 0.0
		},
		"18:00:00": {
			"DAM_lmp($/MWh)": 42.95425,
			"RTM_lmp($/MWh)": 13.58905
		},
		"19:00:00": {
			"DAM_lmp($/MWh)": 63.42562,
			"RTM_lmp($/MWh)": 26.27022
		},
		"20:00:00": {
			"DAM_lmp($/MWh)": 63.4166,
			"RTM_lmp($/MWh)": 40.0
		},
		"21:00:00": {
			"DAM_lmp($/MWh)": 48.63219,
			"RTM_lmp($/MWh)": 39.78733
		},
		"22:00:00": {
			"DAM_lmp($/MWh)": 37.86202,
			"RTM_lmp($/MWh)": 30.18442
		},
		"23:00:00": {
			"DAM_lmp($/MWh)": 28.16795,
			"RTM_lmp($/MWh)": 31.24198
		}
	}
}