{
	"2023-05-22": {
		"00:00:00": {
			"DAM_lmp($/MWh)": 39.90298,
			"RTM_lmp($/MWh)": 28.14964
		},
		"01:00:00": {
			"DAM_lmp($/MWh)": 37.34495,
			"RTM_lmp($/MWh)": 24.14662
		},
		"02:00:00": {
			"DAM_lmp($/MWh)": 38.55936,
			"RTM_lmp($/MWh)": 20.09647
		},
		"03:00:00": {
			"DAM_lmp($/MWh)": 37.94526,
			"RTM_lmp($/MWh)": 6.35086
		},
		"04:00:00": {
			"DAM_lmp($/MWh)": 39.57317,
			"RTM_lmp($/MWh)": 1.61394
		},
		"05:00:00": {
			"DAM_lmp($/MWh)": 40.17725,
			"RTM_lmp($/MWh)": 30.81135
		},
		"06:00:00": {
			"DAM_lmp($/MWh)": 46.16626,
			"RTM_lmp($/MWh)": 72.0
		},
		"07:00:00": {
			"DAM_lmp($/MWh)": 24.01223,
			"RTM_lmp($/MWh)": 18.0208
		},
		"08:00:00": {
			"DAM_lmp($/MWh)": 4.12752,
			"RTM_lmp($/MWh)": 12.8688
		},
		"09:00:00": {
			"DAM_lmp($/MWh)": -12.90415,
			"RTM_lmp($/MWh)": 12.94
		},
		"10:00:00": {
			"DAM_lmp($/MWh)": -15.99381,
			"RTM_lmp($/MWh)": -19.11
		},
		"11:00:00": {
			"DAM_lmp($/MWh)": -15.99514,
			"RTM_lmp($/MWh)": -19.11
		},
		"12:00:00": {
			"DAM_lmp($/MWh)": -15.99638,
			"RTM_lmp($/MWh)": -19.11924
		},
		"13:00:00": {
			"DAM_lmp($/MWh)": -15.99559,
			"RTM_lmp($/MWh)": -19.11471
		},
		"14:00:00": {
			"DAM_lmp($/MWh)": -12.94051,
			"RTM_lmp($/MWh)": -19.11
		},
		"15:00:00": {
			"DAM_lmp($/MWh)": -12.90744,
			"RTM_lmp($/MWh)": 4.9988
		},
		"16:00:00": {
			"DAM_lmp($/MWh)": 6.24939,
			"RTM_lmp($/MWh)": -19.11
		},
		"17:00:00": {
			"DAM_lmp($/MWh)": 22.26197,
			"RTM_lmp($/MWh)": 0.0
		},
		"18:00:00": {
			"DAM_lmp($/MWh)": 41.47292,
			"RTM_lmp($/MWh)": 12.65941
		},
		"19:00:00": {
			"DAM_lmp($/MWh)": 62.70818,
			"RTM_lmp($/MWh)": 26.46
		},
		"20:00:00": {
			"DAM_lmp($/MWh)": 63.08,
			"RTM_lmp($/MWh)": 40.0
		},
		"21:00:00": {
			"DAM_lmp($/MWh)": 49.30611,
			"RTM_lmp($/MWh)": 41.88538
		},
		"22:00:00": {
			"DAM_lmp($/MWh)": 44.38238,
			"RTM_lmp($/MWh)": 31.58828
		},
		"23:00:00": {
			"DAM_lmp($/MWh)": 40.78298,
			"RTM_lmp($/MWh)": 32.51757
		}
	},
	"2023-05-23": {
		"00:00:00": {
			"DAM_lmp($/MWh)": 39.90298,
			"RTM_lmp($/MWh)": 28.14964
		},
		"01:00:00": {
			"DAM_lmp($/MWh)": 37.34495,
			"RTM_lmp($/MWh)": 24.14662
		},
		"02:00:00": {
			"DAM_lmp($/MWh)": 38.55936,
			"RTM_lmp($/MWh)": 20.09647
		},
		"03:00:00": {
			"DAM_lmp($/MWh)": 37.94526,
			"RTM_lmp($/MWh)": 6.35086
		},
		"04:00:00": {
			"DAM_lmp($/MWh)": 39.57317,
			"RTM_lmp($/MWh)": 1.61394
		},
		"05:00:00": {
			"DAM_lmp($/MWh)": 40.17725,
			"RTM_lmp($/MWh)": 30.81135
		},
		"06:00:00": {
			"DAM_lmp($/MWh)": 46.16626,
			"RTM_lmp($/MWh)": 72.0
		},
		"07:00:00": {
			"DAM_lmp($/MWh)": 24.01223,
			"RTM_lmp($/MWh)": 18.0208
		},
		"08:00:00": {
			"DAM_lmp($/MWh)": 4.12752,
			"RTM_lmp($/MWh)": 12.8688
		},
		"09:00:00": {
			"DAM_lmp($/MWh)": -12.90415,
			"RTM_lmp($/MWh)": 12.94
		},
		"10:00:00": {
			"DAM_lmp($/MWh)": -15.99381,
			"RTM_lmp($/MWh)": -19.11
		},
		"11:00:00": {
			"DAM_lmp($/MWh)": -15.99514,
			"RTM_lmp($/MWh)": -19.11
		},
		"12:00:00": {
			"DAM_lmp($/MWh)": -15.99638,
			"RTM_lmp($/MWh)": -19.11924
		},
		"13:00:00": {
			"DAM_lmp($/MWh)": -15.99559,
			"RTM_lmp($/MWh)": -19.11471
		},
		"14:00:00": {
			"DAM_lmp($/MWh)": -12.94051,
			"RTM_lmp($/MWh)": -19.11
		},
		"15:00:00": {
			"DAM_lmp($/MWh)": -12.90744,
			"RTM_lmp($/MWh)": 4.9988
		},
		"16:00:00": {
			"DAM_lmp($/MWh)": 6.24939,
			"RTM_lmp($/MWh)": -19.11
		},
		"17:00:00": {
			"DAM_lmp($/MWh)": 22.26197,
			"RTM_lmp($/MWh)": 0.0
		},
		"18:00:00": {
			"DAM_lmp($/MWh)": 41.47292,
			"RTM_lmp($/MWh)": 12.65941
		},
		"19:00:00": {
			"DAM_lmp($/MWh)": 62.70818,
			"RTM_lmp($/MWh)": 26.46
		},
		"20:00:00": {
			"DAM_lmp($/MWh)": 63.08,
			"RTM_lmp($/MWh)": 40.0
		},
		"21:00:00": {
			"DAM_lmp($/MWh)": 49.30611,
			"RTM_lmp($/MWh)": 41.88538
		},
		"22:00:00": {
			"DAM_lmp($/MWh)": 44.38238,
			"RTM_lmp($/MWh)": 31.58828
		},
		"23:00:00": {
			"DAM_lmp($/MWh)": 40.78298,
			"RTM_lmp($/MWh)": 32.51757
		}
	}
}