{
	"2023-05-22": {
		"00:00:00": {
			"DAM_lmp($/MWh)": 29.76666,
			"RTM_lmp($/MWh)": 26.97721
		},
		"01:00:00": {
			"DAM_lmp($/MWh)": 25.47138,
			"RTM_lmp($/MWh)": 23.25651
		},
		"02:00:00": {
			"DAM_lmp($/MWh)": 24.05593,
			"RTM_lmp($/MWh)": 19.22824
		},
		"03:00:00": {
			"DAM_lmp($/MWh)": 21.78001,
			"RTM_lmp($/MWh)": 6.75126
		},
		"04:00:00": {
			"DAM_lmp($/MWh)": 23.90773,
			"RTM_lmp($/MWh)": 1.77124
		},
		"05:00:00": {
			"DAM_lmp($/MWh)": 31.04718,
			"RTM_lmp($/MWh)": 30.81135
		},
		"06:00:00": {
			"DAM_lmp($/MWh)": 31.88289,
			"RTM_lmp($/MWh)": 72.0
		},
		"07:00:00": {
			"DAM_lmp($/MWh)": 25.64272,
			"RTM_lmp($/MWh)": 18.0208
		},
		"08:00:00": {
			"DAM_lmp($/MWh)": 16.43133,
			"RTM_lmp($/MWh)": 12.8688
		},
		"09:00:00": {
			"DAM_lmp($/MWh)": 14.12708,
			"RTM_lmp($/MWh)": 12.94
		},
		"10:00:00": {
			"DAM_lmp($/MWh)": 9.62335,
			"RTM_lmp($/MWh)": 15.4
		},
		"11:00:00": {
			"DAM_lmp($/MWh)": 7.90548,
			"RTM_lmp($/MWh)": 14.7764
		},
		"12:00:00": {
			"DAM_lmp($/MWh)": 6.00816,
			"RTM_lmp($/MWh)": 14.80041
		},
		"13:00:00": {
			"DAM_lmp($/MWh)": 5.84368,
			"RTM_lmp($/MWh)": 15.02561
		},
		"14:00:00": {
			"DAM_lmp($/MWh)": 7.05602,
			"RTM_lmp($/MWh)": 9.9976
		},
		"15:00:00": {
			"DAM_lmp($/MWh)": 9.98474,
			"RTM_lmp($/MWh)": 4.9988
		},
		"16:00:00": {
			"DAM_lmp($/MWh)": 13.99365,
			"RTM_lmp($/MWh)": 4.95
		},
		"17:00:00": {
			"DAM_lmp($/MWh)": 24.93829,
			"RTM_lmp($/MWh)": 0.0
		},
		"18:00:00": {
			"DAM_lmp($/MWh)": 44.37319,
			"RTM_lmp($/MWh)": 13.88036
		},
		"19:00:00": {
			"DAM_lmp($/MWh)": 64.80233,
			"RTM_lmp($/MWh)": 27.13113
		},
		"20:00:00": {
			"DAM_lmp($/MWh)": 67.02884,
			"RTM_lmp($/MWh)": 40.0
		},
		"21:00:00": {
			"DAM_lmp($/MWh)": 51.19134,
			"RTM_lmp($/MWh)": 41.23498
		},
		"22:00:00": {
			"DAM_lmp($/MWh)": 41.28246,
			"RTM_lmp($/MWh)": 31.01846
		},
		"23:00:00": {
			"DAM_lmp($/MWh)": 30.56326,
			"RTM_lmp($/MWh)": 31.93293
		}
	},
	"2023-05-23": {
		"00:00:00": {
			"DAM_lmp($/MWh)": 29.76666,
			"RTM_lmp($/MWh)": 26.97721
		},
		"01:00:00": {
			"DAM_lmp($/MWh)": 25.47138,
			"RTM_lmp($/MWh)": 23.25651
		},
		"02:00:00": {
			"DAM_lmp($/MWh)": 24.05593,
			"RTM_lmp($/MWh)": 19.22824
		},
		"03:00:00": {
			"DAM_lmp($/MWh)": 21.78001,
			"RTM_lmp($/MWh)": 6.75126
		},
		"04:00:00": {
			"DAM_lmp($/MWh)": 23.90773,
			"RTM_lmp($/MWh)": 1.77124
		},
		"05:00:00": {
			"DAM_lmp($/MWh)": 31.04718,
			"RTM_lmp($/MWh)": 30.81135
		},
		"06:00:00": {
			"DAM_lmp($/MWh)": 31.88289,
			"RTM_lmp($/MWh)": 72.0
		},
		"07:00:00": {
			"DAM_lmp($/MWh)": 25.64272,
			"RTM_lmp($/MWh)": 18.0208
		},
		"08:00:00": {
			"DAM_lmp($/MWh)": 16.43133,
			"RTM_lmp($/MWh)": 12.8688
		},
		"09:00:00": {
			"DAM_lmp($/MWh)": 14.12708,
			"RTM_lmp($/MWh)": 12.94
		},
		"10:00:00": {
			"DAM_lmp($/MWh)": 9.62335,
			"RTM_lmp($/MWh)": 15.4
		},
		"11:00:00": {
			"DAM_lmp($/MWh)": 7.90548,
			"RTM_lmp($/MWh)": 14.7764
		},
		"12:00:00": {
			"DAM_lmp($/MWh)": 6.00816,
			"RTM_lmp($/MWh)": 14.80041
		},
		"13:00:00": {
			"DAM_lmp($/MWh)": 5.84368,
			"RTM_lmp($/MWh)": 15.02561
		},
		"14:00:00": {
			"DAM_lmp($/MWh)": 7.05602,
			"RTM_lmp($/MWh)": 9.9976
		},
		"15:00:00": {
			"DAM_lmp($/MWh)": 9.98474,
			"RTM_lmp($/MWh)": 4.9988
		},
		"16:00:00": {
			"DAM_lmp($/MWh)": 13.99365,
			"RTM_lmp($/MWh)": 4.95
		},
		"17:00:00": {
			"DAM_lmp($/MWh)": 24.93829,
			"RTM_lmp($/MWh)": 0.0
		},
		"18:00:00": {
			"DAM_lmp($/MWh)": 44.37319,
			"RTM_lmp($/MWh)": 13.88036
		},
		"19:00:00": {
			"DAM_lmp($/MWh)": 64.80233,
			"RTM_lmp($/MWh)": 27.13113
		},
		"20:00:00": {
			"DAM_lmp($/MWh)": 67.02884,
			"RTM_lmp($/MWh)": 40.0
		},
		"21:00:00": {
			"DAM_lmp($/MWh)": 51.19134,
			"RTM_lmp($/MWh)": 41.23498
		},
		"22:00:00": {
			"DAM_lmp($/MWh)": 41.28246,
			"RTM_lmp($/MWh)": 31.01846
		},
		"23:00:00": {
			"DAM_lmp($/MWh)": 30.56326,
			"RTM_lmp($/MWh)": 31.93293
		}
	}
}