{
	"2023-05-22": {
		"00:00:00": {
			"DAM_lmp($/MWh)": 22.27699,
			"RTM_lmp($/MWh)": 25.48322
		},
		"01:00:00": {
			"DAM_lmp($/MWh)": 18.32374,
			"RTM_lmp($/MWh)": 21.96338
		},
		"02:00:00": {
			"DAM_lmp($/MWh)": 16.00232,
			"RTM_lmp($/MWh)": 18.13218
		},
		"03:00:00": {
			"DAM_lmp($/MWh)": 13.73818,
			"RTM_lmp($/MWh)": 7.75242
		},
		"04:00:00": {
			"DAM_lmp($/MWh)": 17.82671,
			"RTM_lmp($/MWh)": 4.04676
		},
		"05:00:00": {
			"DAM_lmp($/MWh)": 28.24815,
			"RTM_lmp($/MWh)": 30.81135
		},
		"06:00:00": {
			"DAM_lmp($/MWh)": 28.17494,
			"RTM_lmp($/MWh)": 72.0
		},
		"07:00:00": {
			"DAM_lmp($/MWh)": 24.48585,
			"RTM_lmp($/MWh)": 18.0208
		},
		"08:00:00": {
			"DAM_lmp($/MWh)": 12.35992,
			"RTM_lmp($/MWh)": 12.8688
		},
		"09:00:00": {
			"DAM_lmp($/MWh)": 10.1051,
			"RTM_lmp($/MWh)": 12.94
		},
		"10:00:00": {
			"DAM_lmp($/MWh)": 7.22693,
			"RTM_lmp($/MWh)": 15.4
		},
		"11:00:00": {
			"DAM_lmp($/MWh)": 5.42009,
			"RTM_lmp($/MWh)": 14.7764
		},
		"12:00:00": {
			"DAM_lmp($/MWh)": 3.75248,
			"RTM_lmp($/MWh)": 14.86046
		},
		"13:00:00": {
			"DAM_lmp($/MWh)": 3.49182,
			"RTM_lmp($/MWh)": 14.9283
		},
		"14:00:00": {
			"DAM_lmp($/MWh)": 4.63058,
			"RTM_lmp($/MWh)": 9.9976
		},
		"15:00:00": {
			"DAM_lmp($/MWh)": 7.40027,
			"RTM_lmp($/MWh)": 4.9988
		},
		"16:00:00": {
			"DAM_lmp($/MWh)": 11.53732,
			"RTM_lmp($/MWh)": 4.95
		},
		"17:00:00": {
			"DAM_lmp($/MWh)": 23.18063,
			"RTM_lmp($/MWh)": 0.0
		},
		"18:00:00": {
			"DAM_lmp($/MWh)": 56.0513,
			"RTM_lmp($/MWh)": 12.84362
		},
		"19:00:00": {
			"DAM_lmp($/MWh)": 81.80012,
			"RTM_lmp($/MWh)": 25.00773
		},
		"20:00:00": {
			"DAM_lmp($/MWh)": 83.50557,
			"RTM_lmp($/MWh)": 40.0
		},
		"21:00:00": {
			"DAM_lmp($/MWh)": 56.86047,
			"RTM_lmp($/MWh)": 37.57179
		},
		"22:00:00": {
			"DAM_lmp($/MWh)": 45.00927,
			"RTM_lmp($/MWh)": 28.43995
		},
		"23:00:00": {
			"DAM_lmp($/MWh)": 29.39891,
			"RTM_lmp($/MWh)": 29.94979
		}
	},
	"2023-05-23": {
		"00:00:00": {
			"DAM_lmp($/MWh)": 22.27699,
			"RTM_lmp($/MWh)": 25.48322
		},
		"01:00:00": {
			"DAM_lmp($/MWh)": 18.32374,
			"RTM_lmp($/MWh)": 21.96338
		},
		"02:00:00": {
			"DAM_lmp($/MWh)": 16.00232,
			"RTM_lmp($/MWh)": 18.13218
		},
		"03:00:00": {
			"DAM_lmp($/MWh)": 13.73818,
			"RTM_lmp($/MWh)": 7.75242
		},
		"04:00:00": {
			"DAM_lmp($/MWh)": 17.82671,
			"RTM_lmp($/MWh)": 4.04676
		},
		"05:00:00": {
			"DAM_lmp($/MWh)": 28.24815,
			"RTM_lmp($/MWh)": 30.81135
		},
		"06:00:00": {
			"DAM_lmp($/MWh)": 28.17494,
			"RTM_lmp($/MWh)": 72.0
		},
		"07:00:00": {
			"DAM_lmp($/MWh)": 24.48585,
			"RTM_lmp($/MWh)": 18.0208
		},
		"08:00:00": {
			"DAM_lmp($/MWh)": 12.35992,
			"RTM_lmp($/MWh)": 12.8688
		},
		"09:00:00": {
			"DAM_lmp($/MWh)": 10.1051,
			"RTM_lmp($/MWh)": 12.94
		},
		"10:00:00": {
			"DAM_lmp($/MWh)": 7.22693,
			"RTM_lmp($/MWh)": 15.4
		},
		"11:00:00": {
			"DAM_lmp($/MWh)": 5.42009,
			"RTM_lmp($/MWh)": 14.7764
		},
		"12:00:00": {
			"DAM_lmp($/MWh)": 3.75248,
			"RTM_lmp($/MWh)": 14.86046
		},
		"13:00:00": {
			"DAM_lmp($/MWh)": 3.49182,
			"RTM_lmp($/MWh)": 14.9283
		},
		"14:00:00": {
			"DAM_lmp($/MWh)": 4.63058,
			"RTM_lmp($/MWh)": 9.9976
		},
		"15:00:00": {
			"DAM_lmp($/MWh)": 7.40027,
			"RTM_lmp($/MWh)": 4.9988
		},
		"16:00:00": {
			"DAM_lmp($/MWh)": 11.53732,
			"RTM_lmp($/MWh)": 4.95
		},
		"17:00:00": {
			"DAM_lmp($/MWh)": 23.18063,
			"RTM_lmp($/MWh)": 0.0
		},
		"18:00:00": {
			"DAM_lmp($/MWh)": 56.0513,
			"RTM_lmp($/MWh)": 12.84362
		},
		"19:00:00": {
			"DAM_lmp($/MWh)": 81.80012,
			"RTM_lmp($/MWh)": 25.00773
		},
		"20:00:00": {
			"DAM_lmp($/MWh)": 83.50557,
			"RTM_lmp($/MWh)": 40.0
		},
		"21:00:00": {
			"DAM_lmp($/MWh)": 56.86047,
			"RTM_lmp($/MWh)": 37.57179
		},
		"22:00:00": {
			"DAM_lmp($/MWh)": 45.00927,
			"RTM_lmp($/MWh)": 28.43995
		},
		"23:00:00": {
			"DAM_lmp($/MWh)": 29.39891,
			"RTM_lmp($/MWh)": 29.94979
		}
	}
}