{
	"2023-05-22": {
		"00:00:00": {
			"DAM_lmp($/MWh)": 30.25559,
			"RTM_lmp($/MWh)": 29.38467
		},
		"01:00:00": {
			"DAM_lmp($/MWh)": 26.46565,
			"RTM_lmp($/MWh)": 25.66969
		},
		"02:00:00": {
			"DAM_lmp($/MWh)": 25.14145,
			"RTM_lmp($/MWh)": 21.27258
		},
		"03:00:00": {
			"DAM_lmp($/MWh)": 23.28856,
			"RTM_lmp($/MWh)": 23.68832
		},
		"04:00:00": {
			"DAM_lmp($/MWh)": 27.05424,
			"RTM_lmp($/MWh)": 20.81682
		},
		"05:00:00": {
			"DAM_lmp($/MWh)": 35.16924,
			"RTM_lmp($/MWh)": 30.81135
		},
		"06:00:00": {
			"DAM_lmp($/MWh)": 36.56163,
			"RTM_lmp($/MWh)": 72.0
		},
		"07:00:00": {
			"DAM_lmp($/MWh)": 25.90412,
			"RTM_lmp($/MWh)": 18.0208
		},
		"08:00:00": {
			"DAM_lmp($/MWh)": 13.61365,
			"RTM_lmp($/MWh)": 12.8688
		},
		"09:00:00": {
			"DAM_lmp($/MWh)": 10.9043,
			"RTM_lmp($/MWh)": 12.94
		},
		"10:00:00": {
			"DAM_lmp($/MWh)": 7.76026,
			"RTM_lmp($/MWh)": 15.4
		},
		"11:00:00": {
			"DAM_lmp($/MWh)": 6.09544,
			"RTM_lmp($/MWh)": 14.7764
		},
		"12:00:00": {
			"DAM_lmp($/MWh)": 4.03347,
			"RTM_lmp($/MWh)": 15.70118
		},
		"13:00:00": {
			"DAM_lmp($/MWh)": 3.66624,
			"RTM_lmp($/MWh)": 16.06782
		},
		"14:00:00": {
			"DAM_lmp($/MWh)": 4.74908,
			"RTM_lmp($/MWh)": 9.9976
		},
		"15:00:00": {
			"DAM_lmp($/MWh)": 7.68644,
			"RTM_lmp($/MWh)": 4.9988
		},
		"16:00:00": {
			"DAM_lmp($/MWh)": 11.94636,
			"RTM_lmp($/MWh)": 4.95
		},
		"17:00:00": {
			"DAM_lmp($/MWh)": 24.90343,
			"RTM_lmp($/MWh)": 0.0
		},
		"18:00:00": {
			"DAM_lmp($/MWh)": 43.85708,
			"RTM_lmp($/MWh)": 14.60723
		},
		"19:00:00": {
			"DAM_lmp($/MWh)": 64.73769,
			"RTM_lmp($/MWh)": 27.65098
		},
		"20:00:00": {
			"DAM_lmp($/MWh)": 64.65943,
			"RTM_lmp($/MWh)": 40.0
		},
		"21:00:00": {
			"DAM_lmp($/MWh)": 50.10982,
			"RTM_lmp($/MWh)": 42.12875
		},
		"22:00:00": {
			"DAM_lmp($/MWh)": 40.7946,
			"RTM_lmp($/MWh)": 32.22176
		},
		"23:00:00": {
			"DAM_lmp($/MWh)": 32.39937,
			"RTM_lmp($/MWh)": 33.936
		}
	},
	"2023-05-23": {
		"00:00:00": {
			"DAM_lmp($/MWh)": 30.25559,
			"RTM_lmp($/MWh)": 29.38467
		},
		"01:00:00": {
			"DAM_lmp($/MWh)": 26.46565,
			"RTM_lmp($/MWh)": 25.66969
		},
		"02:00:00": {
			"DAM_lmp($/MWh)": 25.14145,
			"RTM_lmp($/MWh)": 21.27258
		},
		"03:00:00": {
			"DAM_lmp($/MWh)": 23.28856,
			"RTM_lmp($/MWh)": 23.68832
		},
		"04:00:00": {
			"DAM_lmp($/MWh)": 27.05424,
			"RTM_lmp($/MWh)": 20.81682
		},
		"05:00:00": {
			"DAM_lmp($/MWh)": 35.16924,
			"RTM_lmp($/MWh)": 30.81135
		},
		"06:00:00": {
			"DAM_lmp($/MWh)": 36.56163,
			"RTM_lmp($/MWh)": 72.0
		},
		"07:00:00": {
			"DAM_lmp($/MWh)": 25.90412,
			"RTM_lmp($/MWh)": 18.0208
		},
		"08:00:00": {
			"DAM_lmp($/MWh)": 13.61365,
			"RTM_lmp($/MWh)": 12.8688
		},
		"09:00:00": {
			"DAM_lmp($/MWh)": 10.9043,
			"RTM_lmp($/MWh)": 12.94
		},
		"10:00:00": {
			"DAM_lmp($/MWh)": 7.76026,
			"RTM_lmp($/MWh)": 15.4
		},
		"11:00:00": {
			"DAM_lmp($/MWh)": 6.09544,
			"RTM_lmp($/MWh)": 14.7764
		},
		"12:00:00": {
			"DAM_lmp($/MWh)": 4.03347,
			"RTM_lmp($/MWh)": 15.70118
		},
		"13:00:00": {
			"DAM_lmp($/MWh)": 3.66624,
			"RTM_lmp($/MWh)": 16.06782
		},
		"14:00:00": {
			"DAM_lmp($/MWh)": 4.74908,
			"RTM_lmp($/MWh)": 9.9976
		},
		"15:00:00": {
			"DAM_lmp($/MWh)": 7.68644,
			"RTM_lmp($/MWh)": 4.9988
		},
		"16:00:00": {
			"DAM_lmp($/MWh)": 11.94636,
			"RTM_lmp($/MWh)": 4.95
		},
		"17:00:00": {
			"DAM_lmp($/MWh)": 24.90343,
			"RTM_lmp($/MWh)": 0.0
		},
		"18:00:00": {
			"DAM_lmp($/MWh)": 43.85708,
			"RTM_lmp($/MWh)": 14.60723
		},
		"19:00:00": {
			"DAM_lmp($/MWh)": 64.73769,
			"RTM_lmp($/MWh)": 27.65098
		},
		"20:00:00": {
			"DAM_lmp($/MWh)": 64.65943,
			"RTM_lmp($/MWh)": 40.0
		},
		"21:00:00": {
			"DAM_lmp($/MWh)": 50.10982,
			"RTM_lmp($/MWh)": 42.12875
		},
		"22:00:00": {
			"DAM_lmp($/MWh)": 40.7946,
			"RTM_lmp($/MWh)": 32.22176
		},
		"23:00:00": {
			"DAM_lmp($/MWh)": 32.39937,
			"RTM_lmp($/MWh)": 33.936
		}
	}
}