{
	"2023-05-22": {
		"00:00:00": {
			"DAM_lmp($/MWh)": 24.4139,
			"RTM_lmp($/MWh)": 24.51569
		},
		"01:00:00": {
			"DAM_lmp($/MWh)": 20.74773,
			"RTM_lmp($/MWh)": 21.16229
		},
		"02:00:00": {
			"DAM_lmp($/MWh)": 18.82764,
			"RTM_lmp($/MWh)": 17.61494
		},
		"03:00:00": {
			"DAM_lmp($/MWh)": 16.87709,
			"RTM_lmp($/MWh)": 6.03797
		},
		"04:00:00": {
			"DAM_lmp($/MWh)": 20.63681,
			"RTM_lmp($/MWh)": 1.17407
		},
		"05:00:00": {
			"DAM_lmp($/MWh)": 29.77261,
			"RTM_lmp($/MWh)": 30.81135
		},
		"06:00:00": {
			"DAM_lmp($/MWh)": 30.65475,
			"RTM_lmp($/MWh)": 72.0
		},
		"07:00:00": {
			"DAM_lmp($/MWh)": 24.70584,
			"RTM_lmp($/MWh)": 18.0208
		},
		"08:00:00": {
			"DAM_lmp($/MWh)": 15.05475,
			"RTM_lmp($/MWh)": 12.8688
		},
		"09:00:00": {
			"DAM_lmp($/MWh)": 12.69325,
			"RTM_lmp($/MWh)": 12.94
		},
		"10:00:00": {
			"DAM_lmp($/MWh)": 8.78967,
			"RTM_lmp($/MWh)": 15.4
		},
		"11:00:00": {
			"DAM_lmp($/MWh)": 6.78851,
			"RTM_lmp($/MWh)": 14.7764
		},
		"12:00:00": {
			"DAM_lmp($/MWh)": 5.35813,
			"RTM_lmp($/MWh)": 14.01204
		},
		"13:00:00": {
			"DAM_lmp($/MWh)": 5.16222,
			"RTM_lmp($/MWh)": 14.26437
		},
		"14:00:00": {
			"DAM_lmp($/MWh)": 6.22925,
			"RTM_lmp($/MWh)": 9.9976
		},
		"15:00:00": {
			"DAM_lmp($/MWh)": 9.09422,
			"RTM_lmp($/MWh)": 4.9988
		},
		"16:00:00": {
			"DAM_lmp($/MWh)": 12.94585,
			"RTM_lmp($/MWh)": 4.95
		},
		"17:00:00": {
			"DAM_lmp($/MWh)": 23.4993,
			"RTM_lmp($/MWh)": 0.0
		},
		"18:00:00": {
			"DAM_lmp($/MWh)": 41.39403,
			"RTM_lmp($/MWh)": 12.4452
		},
		"19:00:00": {
			"DAM_lmp($/MWh)": 60.88549,
			"RTM_lmp($/MWh)": 24.0588
		},
		"20:00:00": {
			"DAM_lmp($/MWh)": 61.20929,
			"RTM_lmp($/MWh)": 40.0
		},
		"21:00:00": {
			"DAM_lmp($/MWh)": 47.00479,
			"RTM_lmp($/MWh)": 36.55214
		},
		"22:00:00": {
			"DAM_lmp($/MWh)": 36.64497,
			"RTM_lmp($/MWh)": 27.9147
		},
		"23:00:00": {
			"DAM_lmp($/MWh)": 27.00958,
			"RTM_lmp($/MWh)": 29.06285
		}
	},
	"2023-05-23": {
		"00:00:00": {
			"DAM_lmp($/MWh)": 24.4139,
			"RTM_lmp($/MWh)": 24.51569
		},
		"01:00:00": {
			"DAM_lmp($/MWh)": 20.74773,
			"RTM_lmp($/MWh)": 21.16229
		},
		"02:00:00": {
			"DAM_lmp($/MWh)": 18.82764,
			"RTM_lmp($/MWh)": 17.61494
		},
		"03:00:00": {
			"DAM_lmp($/MWh)": 16.87709,
			"RTM_lmp($/MWh)": 6.03797
		},
		"04:00:00": {
			"DAM_lmp($/MWh)": 20.63681,
			"RTM_lmp($/MWh)": 1.17407
		},
		"05:00:00": {
			"DAM_lmp($/MWh)": 29.77261,
			"RTM_lmp($/MWh)": 30.81135
		},
		"06:00:00": {
			"DAM_lmp($/MWh)": 30.65475,
			"RTM_lmp($/MWh)": 72.0
		},
		"07:00:00": {
			"DAM_lmp($/MWh)": 24.70584,
			"RTM_lmp($/MWh)": 18.0208
		},
		"08:00:00": {
			"DAM_lmp($/MWh)": 15.05475,
			"RTM_lmp($/MWh)": 12.8688
		},
		"09:00:00": {
			"DAM_lmp($/MWh)": 12.69325,
			"RTM_lmp($/MWh)": 12.94
		},
		"10:00:00": {
			"DAM_lmp($/MWh)": 8.78967,
			"RTM_lmp($/MWh)": 15.4
		},
		"11:00:00": {
			"DAM_lmp($/MWh)": 6.78851,
			"RTM_lmp($/MWh)": 14.7764
		},
		"12:00:00": {
			"DAM_lmp($/MWh)": 5.35813,
			"RTM_lmp($/MWh)": 14.01204
		},
		"13:00:00": {
			"DAM_lmp($/MWh)": 5.16222,
			"RTM_lmp($/MWh)": 14.26437
		},
		"14:00:00": {
			"DAM_lmp($/MWh)": 6.22925,
			"RTM_lmp($/MWh)": 9.9976
		},
		"15:00:00": {
			"DAM_lmp($/MWh)": 9.09422,
			"RTM_lmp($/MWh)": 4.9988
		},
		"16:00:00": {
			"DAM_lmp($/MWh)": 12.94585,
			"RTM_lmp($/MWh)": 4.95
		},
		"17:00:00": {
			"DAM_lmp($/MWh)": 23.4993,
			"RTM_lmp($/MWh)": 0.0
		},
		"18:00:00": {
			"DAM_lmp($/MWh)": 41.39403,
			"RTM_lmp($/MWh)": 12.4452
		},
		"19:00:00": {
			"DAM_lmp($/MWh)": 60.88549,
			"RTM_lmp($/MWh)": 24.0588
		},
		"20:00:00": {
			"DAM_lmp($/MWh)": 61.20929,
			"RTM_lmp($/MWh)": 40.0
		},
		"21:00:00": {
			"DAM_lmp($/MWh)": 47.00479,
			"RTM_lmp($/MWh)": 36.55214
		},
		"22:00:00": {
			"DAM_lmp($/MWh)": 36.64497,
			"RTM_lmp($/MWh)": 27.9147
		},
		"23:00:00": {
			"DAM_lmp($/MWh)": 27.00958,
			"RTM_lmp($/MWh)": 29.06285
		}
	}
}