{
	"2023-05-22": {
		"00:00:00": {
			"DAM_lmp($/MWh)": 21.08873,
			"RTM_lmp($/MWh)": 23.77296
		},
		"01:00:00": {
			"DAM_lmp($/MWh)": 17.43293,
			"RTM_lmp($/MWh)": 20.46998
		},
		"02:00:00": {
			"DAM_lmp($/MWh)": 15.16219,
			"RTM_lmp($/MWh)": 17.02176
		},
		"03:00:00": {
			"DAM_lmp($/MWh)": 13.09075,
			"RTM_lmp($/MWh)": 7.90936
		},
		"04:00:00": {
			"DAM_lmp($/MWh)": 16.87148,
			"RTM_lmp($/MWh)": 4.79371
		},
		"05:00:00": {
			"DAM_lmp($/MWh)": 26.52864,
			"RTM_lmp($/MWh)": 30.81135
		},
		"06:00:00": {
			"DAM_lmp($/MWh)": 26.54416,
			"RTM_lmp($/MWh)": 72.0
		},
		"07:00:00": {
			"DAM_lmp($/MWh)": 22.6509,
			"RTM_lmp($/MWh)": 18.0208
		},
		"08:00:00": {
			"DAM_lmp($/MWh)": 10.73209,
			"RTM_lmp($/MWh)": 12.8688
		},
		"09:00:00": {
			"DAM_lmp($/MWh)": 8.9421,
			"RTM_lmp($/MWh)": 12.94
		},
		"10:00:00": {
			"DAM_lmp($/MWh)": 6.4723,
			"RTM_lmp($/MWh)": 15.4
		},
		"11:00:00": {
			"DAM_lmp($/MWh)": 4.59866,
			"RTM_lmp($/MWh)": 14.7764
		},
		"12:00:00": {
			"DAM_lmp($/MWh)": 3.49077,
			"RTM_lmp($/MWh)": 14.17679
		},
		"13:00:00": {
			"DAM_lmp($/MWh)": 3.27615,
			"RTM_lmp($/MWh)": 14.32872
		},
		"14:00:00": {
			"DAM_lmp($/MWh)": 4.30791,
			"RTM_lmp($/MWh)": 9.9976
		},
		"15:00:00": {
			"DAM_lmp($/MWh)": 6.82794,
			"RTM_lmp($/MWh)": 4.9988
		},
		"16:00:00": {
			"DAM_lmp($/MWh)": 10.21343,
			"RTM_lmp($/MWh)": 4.95
		},
		"17:00:00": {
			"DAM_lmp($/MWh)": 21.26115,
			"RTM_lmp($/MWh)": 0.0
		},
		"18:00:00": {
			"DAM_lmp($/MWh)": 25.2267,
			"RTM_lmp($/MWh)": 11.83544
		},
		"19:00:00": {
			"DAM_lmp($/MWh)": 30.17495,
			"RTM_lmp($/MWh)": 22.81556
		},
		"20:00:00": {
			"DAM_lmp($/MWh)": 35.0,
			"RTM_lmp($/MWh)": 40.0
		},
		"21:00:00": {
			"DAM_lmp($/MWh)": 29.84183,
			"RTM_lmp($/MWh)": 34.13939
		},
		"22:00:00": {
			"DAM_lmp($/MWh)": 20.6566,
			"RTM_lmp($/MWh)": 26.1766
		},
		"23:00:00": {
			"DAM_lmp($/MWh)": 19.02943,
			"RTM_lmp($/MWh)": 27.65439
		}
	},
	"2023-05-23": {
		"00:00:00": {
			"DAM_lmp($/MWh)": 21.08873,
			"RTM_lmp($/MWh)": 23.77296
		},
		"01:00:00": {
			"DAM_lmp($/MWh)": 17.43293,
			"RTM_lmp($/MWh)": 20.46998
		},
		"02:00:00": {
			"DAM_lmp($/MWh)": 15.16219,
			"RTM_lmp($/MWh)": 17.02176
		},
		"03:00:00": {
			"DAM_lmp($/MWh)": 13.09075,
			"RTM_lmp($/MWh)": 7.90936
		},
		"04:00:00": {
			"DAM_lmp($/MWh)": 16.87148,
			"RTM_lmp($/MWh)": 4.79371
		},
		"05:00:00": {
			"DAM_lmp($/MWh)": 26.52864,
			"RTM_lmp($/MWh)": 30.81135
		},
		"06:00:00": {
			"DAM_lmp($/MWh)": 26.54416,
			"RTM_lmp($/MWh)": 72.0
		},
		"07:00:00": {
			"DAM_lmp($/MWh)": 22.6509,
			"RTM_lmp($/MWh)": 18.0208
		},
		"08:00:00": {
			"DAM_lmp($/MWh)": 10.73209,
			"RTM_lmp($/MWh)": 12.8688
		},
		"09:00:00": {
			"DAM_lmp($/MWh)": 8.9421,
			"RTM_lmp($/MWh)": 12.94
		},
		"10:00:00": {
			"DAM_lmp($/MWh)": 6.4723,
			"RTM_lmp($/MWh)": 15.4
		},
		"11:00:00": {
			"DAM_lmp($/MWh)": 4.59866,
			"RTM_lmp($/MWh)": 14.7764
		},
		"12:00:00": {
			"DAM_lmp($/MWh)": 3.49077,
			"RTM_lmp($/MWh)": 14.17679
		},
		"13:00:00": {
			"DAM_lmp($/MWh)": 3.27615,
			"RTM_lmp($/MWh)": 14.32872
		},
		"14:00:00": {
			"DAM_lmp($/MWh)": 4.30791,
			"RTM_lmp($/MWh)": 9.9976
		},
		"15:00:00": {
			"DAM_lmp($/MWh)": 6.82794,
			"RTM_lmp($/MWh)": 4.9988
		},
		"16:00:00": {
			"DAM_lmp($/MWh)": 10.21343,
			"RTM_lmp($/MWh)": 4.95
		},
		"17:00:00": {
			"DAM_lmp($/MWh)": 21.26115,
			"RTM_lmp($/MWh)": 0.0
		},
		"18:00:00": {
			"DAM_lmp($/MWh)": 25.2267,
			"RTM_lmp($/MWh)": 11.83544
		},
		"19:00:00": {
			"DAM_lmp($/MWh)": 30.17495,
			"RTM_lmp($/MWh)": 22.81556
		},
		"20:00:00": {
			"DAM_lmp($/MWh)": 35.0,
			"RTM_lmp($/MWh)": 40.0
		},
		"21:00:00": {
			"DAM_lmp($/MWh)": 29.84183,
			"RTM_lmp($/MWh)": 34.13939
		},
		"22:00:00": {
			"DAM_lmp($/MWh)": 20.6566,
			"RTM_lmp($/MWh)": 26.1766
		},
		"23:00:00": {
			"DAM_lmp($/MWh)": 19.02943,
			"RTM_lmp($/MWh)": 27.65439
		}
	}
}