{
	"2023-05-22": {
		"00:00:00": {
			"DAM_lmp($/MWh)": 20.7512,
			"RTM_lmp($/MWh)": 24.83725
		},
		"01:00:00": {
			"DAM_lmp($/MWh)": 16.95624,
			"RTM_lmp($/MWh)": 21.38976
		},
		"02:00:00": {
			"DAM_lmp($/MWh)": 14.34241,
			"RTM_lmp($/MWh)": 17.73604
		},
		"03:00:00": {
			"DAM_lmp($/MWh)": 12.01958,
			"RTM_lmp($/MWh)": 5.99647
		},
		"04:00:00": {
			"DAM_lmp($/MWh)": 16.12107,
			"RTM_lmp($/MWh)": 1.46173
		},
		"05:00:00": {
			"DAM_lmp($/MWh)": 27.19561,
			"RTM_lmp($/MWh)": 30.81135
		},
		"06:00:00": {
			"DAM_lmp($/MWh)": 26.37839,
			"RTM_lmp($/MWh)": 72.0
		},
		"07:00:00": {
			"DAM_lmp($/MWh)": 24.07176,
			"RTM_lmp($/MWh)": 18.0208
		},
		"08:00:00": {
			"DAM_lmp($/MWh)": 12.12642,
			"RTM_lmp($/MWh)": 12.8688
		},
		"09:00:00": {
			"DAM_lmp($/MWh)": 9.80449,
			"RTM_lmp($/MWh)": 12.94
		},
		"10:00:00": {
			"DAM_lmp($/MWh)": 7.01682,
			"RTM_lmp($/MWh)": 15.4
		},
		"11:00:00": {
			"DAM_lmp($/MWh)": 5.25648,
			"RTM_lmp($/MWh)": 14.7764
		},
		"12:00:00": {
			"DAM_lmp($/MWh)": 3.75577,
			"RTM_lmp($/MWh)": 13.87807
		},
		"13:00:00": {
			"DAM_lmp($/MWh)": 3.50031,
			"RTM_lmp($/MWh)": 14.11055
		},
		"14:00:00": {
			"DAM_lmp($/MWh)": 4.49256,
			"RTM_lmp($/MWh)": 9.9976
		},
		"15:00:00": {
			"DAM_lmp($/MWh)": 7.27532,
			"RTM_lmp($/MWh)": 4.9988
		},
		"16:00:00": {
			"DAM_lmp($/MWh)": 11.31424,
			"RTM_lmp($/MWh)": 4.95
		},
		"17:00:00": {
			"DAM_lmp($/MWh)": 23.15823,
			"RTM_lmp($/MWh)": 0.0
		},
		"18:00:00": {
			"DAM_lmp($/MWh)": 42.09394,
			"RTM_lmp($/MWh)": 12.65941
		},
		"19:00:00": {
			"DAM_lmp($/MWh)": 62.00234,
			"RTM_lmp($/MWh)": 24.66116
		},
		"20:00:00": {
			"DAM_lmp($/MWh)": 61.82433,
			"RTM_lmp($/MWh)": 40.0
		},
		"21:00:00": {
			"DAM_lmp($/MWh)": 46.83999,
			"RTM_lmp($/MWh)": 37.20673
		},
		"22:00:00": {
			"DAM_lmp($/MWh)": 35.15012,
			"RTM_lmp($/MWh)": 28.30307
		},
		"23:00:00": {
			"DAM_lmp($/MWh)": 24.17908,
			"RTM_lmp($/MWh)": 29.33857
		}
	},
	"2023-05-23": {
		"00:00:00": {
			"DAM_lmp($/MWh)": 20.7512,
			"RTM_lmp($/MWh)": 24.83725
		},
		"01:00:00": {
			"DAM_lmp($/MWh)": 16.95624,
			"RTM_lmp($/MWh)": 21.38976
		},
		"02:00:00": {
			"DAM_lmp($/MWh)": 14.34241,
			"RTM_lmp($/MWh)": 17.73604
		},
		"03:00:00": {
			"DAM_lmp($/MWh)": 12.01958,
			"RTM_lmp($/MWh)": 5.99647
		},
		"04:00:00": {
			"DAM_lmp($/MWh)": 16.12107,
			"RTM_lmp($/MWh)": 1.46173
		},
		"05:00:00": {
			"DAM_lmp($/MWh)": 27.19561,
			"RTM_lmp($/MWh)": 30.81135
		},
		"06:00:00": {
			"DAM_lmp($/MWh)": 26.37839,
			"RTM_lmp($/MWh)": 72.0
		},
		"07:00:00": {
			"DAM_lmp($/MWh)": 24.07176,
			"RTM_lmp($/MWh)": 18.0208
		},
		"08:00:00": {
			"DAM_lmp($/MWh)": 12.12642,
			"RTM_lmp($/MWh)": 12.8688
		},
		"09:00:00": {
			"DAM_lmp($/MWh)": 9.80449,
			"RTM_lmp($/MWh)": 12.94
		},
		"10:00:00": {
			"DAM_lmp($/MWh)": 7.01682,
			"RTM_lmp($/MWh)": 15.4
		},
		"11:00:00": {
			"DAM_lmp($/MWh)": 5.25648,
			"RTM_lmp($/MWh)": 14.7764
		},
		"12:00:00": {
			"DAM_lmp($/MWh)": 3.75577,
			"RTM_lmp($/MWh)": 13.87807
		},
		"13:00:00": {
			"DAM_lmp($/MWh)": 3.50031,
			"RTM_lmp($/MWh)": 14.11055
		},
		"14:00:00": {
			"DAM_lmp($/MWh)": 4.49256,
			"RTM_lmp($/MWh)": 9.9976
		},
		"15:00:00": {
			"DAM_lmp($/MWh)": 7.27532,
			"RTM_lmp($/MWh)": 4.9988
		},
		"16:00:00": {
			"DAM_lmp($/MWh)": 11.31424,
			"RTM_lmp($/MWh)": 4.95
		},
		"17:00:00": {
			"DAM_lmp($/MWh)": 23.15823,
			"RTM_lmp($/MWh)": 0.0
		},
		"18:00:00": {
			"DAM_lmp($/MWh)": 42.09394,
			"RTM_lmp($/MWh)": 12.65941
		},
		"19:00:00": {
			"DAM_lmp($/MWh)": 62.00234,
			"RTM_lmp($/MWh)": 24.66116
		},
		"20:00:00": {
			"DAM_lmp($/MWh)": 61.82433,
			"RTM_lmp($/MWh)": 40.0
		},
		"21:00:00": {
			"DAM_lmp($/MWh)": 46.83999,
			"RTM_lmp($/MWh)": 37.20673
		},
		"22:00:00": {
			"DAM_lmp($/MWh)": 35.15012,
			"RTM_lmp($/MWh)": 28.30307
		},
		"23:00:00": {
			"DAM_lmp($/MWh)": 24.17908,
			"RTM_lmp($/MWh)": 29.33857
		}
	}
}