{
	"2023-05-22": {
		"00:00:00": {
			"DAM_lmp($/MWh)": 41.71206,
			"RTM_lmp($/MWh)": 27.98459
		},
		"01:00:00": {
			"DAM_lmp($/MWh)": 39.34293,
			"RTM_lmp($/MWh)": 24.06997
		},
		"02:00:00": {
			"DAM_lmp($/MWh)": 40.96711,
			"RTM_lmp($/MWh)": 20.02258
		},
		"03:00:00": {
			"DAM_lmp($/MWh)": 40.5973,
			"RTM_lmp($/MWh)": 6.36964
		},
		"04:00:00": {
			"DAM_lmp($/MWh)": 41.80545,
			"RTM_lmp($/MWh)": 1.61728
		},
		"05:00:00": {
			"DAM_lmp($/MWh)": 41.01686,
			"RTM_lmp($/MWh)": 30.81135
		},
		"06:00:00": {
			"DAM_lmp($/MWh)": 48.37238,
			"RTM_lmp($/MWh)": 72.0
		},
		"07:00:00": {
			"DAM_lmp($/MWh)": 24.79383,
			"RTM_lmp($/MWh)": 18.0208
		},
		"08:00:00": {
			"DAM_lmp($/MWh)": 4.80167,
			"RTM_lmp($/MWh)": 12.8688
		},
		"09:00:00": {
			"DAM_lmp($/MWh)": 1.3875,
			"RTM_lmp($/MWh)": 12.94
		},
		"10:00:00": {
			"DAM_lmp($/MWh)": 1.81589,
			"RTM_lmp($/MWh)": 15.4
		},
		"11:00:00": {
			"DAM_lmp($/MWh)": 0.83233,
			"RTM_lmp($/MWh)": 3.67262
		},
		"12:00:00": {
			"DAM_lmp($/MWh)": -1.31014,
			"RTM_lmp($/MWh)": 14.07979
		},
		"13:00:00": {
			"DAM_lmp($/MWh)": -2.04207,
			"RTM_lmp($/MWh)": 14.28948
		},
		"14:00:00": {
			"DAM_lmp($/MWh)": -1.06074,
			"RTM_lmp($/MWh)": 9.9976
		},
		"15:00:00": {
			"DAM_lmp($/MWh)": 1.95658,
			"RTM_lmp($/MWh)": 4.9988
		},
		"16:00:00": {
			"DAM_lmp($/MWh)": 6.90083,
			"RTM_lmp($/MWh)": 4.95
		},
		"17:00:00": {
			"DAM_lmp($/MWh)": 23.41217,
			"RTM_lmp($/MWh)": 0.0
		},
		"18:00:00": {
			"DAM_lmp($/MWh)": 41.05657,
			"RTM_lmp($/MWh)": 13.16207
		},
		"19:00:00": {
			"DAM_lmp($/MWh)": 59.67683,
			"RTM_lmp($/MWh)": 25.4148
		},
		"20:00:00": {
			"DAM_lmp($/MWh)": 60.0053,
			"RTM_lmp($/MWh)": 40.0
		},
		"21:00:00": {
			"DAM_lmp($/MWh)": 46.80012,
			"RTM_lmp($/MWh)": 41.9651
		},
		"22:00:00": {
			"DAM_lmp($/MWh)": 43.25239,
			"RTM_lmp($/MWh)": 30.34996
		},
		"23:00:00": {
			"DAM_lmp($/MWh)": 40.85991,
			"RTM_lmp($/MWh)": 31.25195
		}
	},
	"2023-05-23": {
		"00:00:00": {
			"DAM_lmp($/MWh)": 41.71206,
			"RTM_lmp($/MWh)": 27.98459
		},
		"01:00:00": {
			"DAM_lmp($/MWh)": 39.34293,
			"RTM_lmp($/MWh)": 24.06997
		},
		"02:00:00": {
			"DAM_lmp($/MWh)": 40.96711,
			"RTM_lmp($/MWh)": 20.02258
		},
		"03:00:00": {
			"DAM_lmp($/MWh)": 40.5973,
			"RTM_lmp($/MWh)": 6.36964
		},
		"04:00:00": {
			"DAM_lmp($/MWh)": 41.80545,
			"RTM_lmp($/MWh)": 1.61728
		},
		"05:00:00": {
			"DAM_lmp($/MWh)": 41.01686,
			"RTM_lmp($/MWh)": 30.81135
		},
		"06:00:00": {
			"DAM_lmp($/MWh)": 48.37238,
			"RTM_lmp($/MWh)": 72.0
		},
		"07:00:00": {
			"DAM_lmp($/MWh)": 24.79383,
			"RTM_lmp($/MWh)": 18.0208
		},
		"08:00:00": {
			"DAM_lmp($/MWh)": 4.80167,
			"RTM_lmp($/MWh)": 12.8688
		},
		"09:00:00": {
			"DAM_lmp($/MWh)": 1.3875,
			"RTM_lmp($/MWh)": 12.94
		},
		"10:00:00": {
			"DAM_lmp($/MWh)": 1.81589,
			"RTM_lmp($/MWh)": 15.4
		},
		"11:00:00": {
			"DAM_lmp($/MWh)": 0.83233,
			"RTM_lmp($/MWh)": 3.67262
		},
		"12:00:00": {
			"DAM_lmp($/MWh)": -1.31014,
			"RTM_lmp($/MWh)": 14.07979
		},
		"13:00:00": {
			"DAM_lmp($/MWh)": -2.04207,
			"RTM_lmp($/MWh)": 14.28948
		},
		"14:00:00": {
			"DAM_lmp($/MWh)": -1.06074,
			"RTM_lmp($/MWh)": 9.9976
		},
		"15:00:00": {
			"DAM_lmp($/MWh)": 1.95658,
			"RTM_lmp($/MWh)": 4.9988
		},
		"16:00:00": {
			"DAM_lmp($/MWh)": 6.90083,
			"RTM_lmp($/MWh)": 4.95
		},
		"17:00:00": {
			"DAM_lmp($/MWh)": 23.41217,
			"RTM_lmp($/MWh)": 0.0
		},
		"18:00:00": {
			"DAM_lmp($/MWh)": 41.05657,
			"RTM_lmp($/MWh)": 13.16207
		},
		"19:00:00": {
			"DAM_lmp($/MWh)": 59.67683,
			"RTM_lmp($/MWh)": 25.4148
		},
		"20:00:00": {
			"DAM_lmp($/MWh)": 60.0053,
			"RTM_lmp($/MWh)": 40.0
		},
		"21:00:00": {
			"DAM_lmp($/MWh)": 46.80012,
			"RTM_lmp($/MWh)": 41.9651
		},
		"22:00:00": {
			"DAM_lmp($/MWh)": 43.25239,
			"RTM_lmp($/MWh)": 30.34996
		},
		"23:00:00": {
			"DAM_lmp($/MWh)": 40.85991,
			"RTM_lmp($/MWh)": 31.25195
		}
	}
}