{
	"2023-05-22": {
		"00:00:00": {
			"DAM_lmp($/MWh)": 25.62685,
			"RTM_lmp($/MWh)": 26.67842
		},
		"01:00:00": {
			"DAM_lmp($/MWh)": 21.77215,
			"RTM_lmp($/MWh)": 22.97959
		},
		"02:00:00": {
			"DAM_lmp($/MWh)": 19.86253,
			"RTM_lmp($/MWh)": 19.02094
		},
		"03:00:00": {
			"DAM_lmp($/MWh)": 17.82036,
			"RTM_lmp($/MWh)": 6.628
		},
		"04:00:00": {
			"DAM_lmp($/MWh)": 21.58961,
			"RTM_lmp($/MWh)": 1.68235
		},
		"05:00:00": {
			"DAM_lmp($/MWh)": 30.97516,
			"RTM_lmp($/MWh)": 17.61375
		},
		"06:00:00": {
			"DAM_lmp($/MWh)": 31.87349,
			"RTM_lmp($/MWh)": 72.0
		},
		"07:00:00": {
			"DAM_lmp($/MWh)": 25.53144,
			"RTM_lmp($/MWh)": 18.0208
		},
		"08:00:00": {
			"DAM_lmp($/MWh)": 16.24025,
			"RTM_lmp($/MWh)": 12.8688
		},
		"09:00:00": {
			"DAM_lmp($/MWh)": 13.81832,
			"RTM_lmp($/MWh)": 12.94
		},
		"10:00:00": {
			"DAM_lmp($/MWh)": 9.51843,
			"RTM_lmp($/MWh)": 15.4
		},
		"11:00:00": {
			"DAM_lmp($/MWh)": 7.81859,
			"RTM_lmp($/MWh)": 14.7764
		},
		"12:00:00": {
			"DAM_lmp($/MWh)": 5.92082,
			"RTM_lmp($/MWh)": 14.76653
		},
		"13:00:00": {
			"DAM_lmp($/MWh)": 5.74785,
			"RTM_lmp($/MWh)": 14.99265
		},
		"14:00:00": {
			"DAM_lmp($/MWh)": 6.87253,
			"RTM_lmp($/MWh)": 9.9976
		},
		"15:00:00": {
			"DAM_lmp($/MWh)": 9.8584,
			"RTM_lmp($/MWh)": 4.9988
		},
		"16:00:00": {
			"DAM_lmp($/MWh)": 13.85202,
			"RTM_lmp($/MWh)": 4.95
		},
		"17:00:00": {
			"DAM_lmp($/MWh)": 24.73414,
			"RTM_lmp($/MWh)": 0.0
		},
		"18:00:00": {
			"DAM_lmp($/MWh)": 43.37499,
			"RTM_lmp($/MWh)": 13.69615
		},
		"19:00:00": {
			"DAM_lmp($/MWh)": 64.07842,
			"RTM_lmp($/MWh)": 26.67454
		},
		"20:00:00": {
			"DAM_lmp($/MWh)": 64.05744,
			"RTM_lmp($/MWh)": 40.0
		},
		"21:00:00": {
			"DAM_lmp($/MWh)": 49.1264,
			"RTM_lmp($/MWh)": 40.49647
		},
		"22:00:00": {
			"DAM_lmp($/MWh)": 38.19276,
			"RTM_lmp($/MWh)": 30.59189
		},
		"23:00:00": {
			"DAM_lmp($/MWh)": 28.27888,
			"RTM_lmp($/MWh)": 31.61735
		}
	},
	"2023-05-23": {
		"00:00:00": {
			"DAM_lmp($/MWh)": 25.62685,
			"RTM_lmp($/MWh)": 26.67842
		},
		"01:00:00": {
			"DAM_lmp($/MWh)": 21.77215,
			"RTM_lmp($/MWh)": 22.97959
		},
		"02:00:00": {
			"DAM_lmp($/MWh)": 19.86253,
			"RTM_lmp($/MWh)": 19.02094
		},
		"03:00:00": {
			"DAM_lmp($/MWh)": 17.82036,
			"RTM_lmp($/MWh)": 6.628
		},
		"04:00:00": {
			"DAM_lmp($/MWh)": 21.58961,
			"RTM_lmp($/MWh)": 1.68235
		},
		"05:00:00": {
			"DAM_lmp($/MWh)": 30.97516,
			"RTM_lmp($/MWh)": 17.61375
		},
		"06:00:00": {
			"DAM_lmp($/MWh)": 31.87349,
			"RTM_lmp($/MWh)": 72.0
		},
		"07:00:00": {
			"DAM_lmp($/MWh)": 25.53144,
			"RTM_lmp($/MWh)": 18.0208
		},
		"08:00:00": {
			"DAM_lmp($/MWh)": 16.24025,
			"RTM_lmp($/MWh)": 12.8688
		},
		"09:00:00": {
			"DAM_lmp($/MWh)": 13.81832,
			"RTM_lmp($/MWh)": 12.94
		},
		"10:00:00": {
			"DAM_lmp($/MWh)": 9.51843,
			"RTM_lmp($/MWh)": 15.4
		},
		"11:00:00": {
			"DAM_lmp($/MWh)": 7.81859,
			"RTM_lmp($/MWh)": 14.7764
		},
		"12:00:00": {
			"DAM_lmp($/MWh)": 5.92082,
			"RTM_lmp($/MWh)": 14.76653
		},
		"13:00:00": {
			"DAM_lmp($/MWh)": 5.74785,
			"RTM_lmp($/MWh)": 14.99265
		},
		"14:00:00": {
			"DAM_lmp($/MWh)": 6.87253,
			"RTM_lmp($/MWh)": 9.9976
		},
		"15:00:00": {
			"DAM_lmp($/MWh)": 9.8584,
			"RTM_lmp($/MWh)": 4.9988
		},
		"16:00:00": {
			"DAM_lmp($/MWh)": 13.85202,
			"RTM_lmp($/MWh)": 4.95
		},
		"17:00:00": {
			"DAM_lmp($/MWh)": 24.73414,
			"RTM_lmp($/MWh)": 0.0
		},
		"18:00:00": {
			"DAM_lmp($/MWh)": 43.37499,
			"RTM_lmp($/MWh)": 13.69615
		},
		"19:00:00": {
			"DAM_lmp($/MWh)": 64.07842,
			"RTM_lmp($/MWh)": 26.67454
		},
		"20:00:00": {
			"DAM_lmp($/MWh)": 64.05744,
			"RTM_lmp($/MWh)": 40.0
		},
		"21:00:00": {
			"DAM_lmp($/MWh)": 49.1264,
			"RTM_lmp($/MWh)": 40.49647
		},
		"22:00:00": {
			"DAM_lmp($/MWh)": 38.19276,
			"RTM_lmp($/MWh)": 30.59189
		},
		"23:00:00": {
			"DAM_lmp($/MWh)": 28.27888,
			"RTM_lmp($/MWh)": 31.61735
		}
	}
}