{
	"2023-05-22": {
		"00:00:00": {
			"DAM_lmp($/MWh)": 29.64102,
			"RTM_lmp($/MWh)": 28.51958
		},
		"01:00:00": {
			"DAM_lmp($/MWh)": 25.97171,
			"RTM_lmp($/MWh)": 24.96997
		},
		"02:00:00": {
			"DAM_lmp($/MWh)": 24.67691,
			"RTM_lmp($/MWh)": 20.73276
		},
		"03:00:00": {
			"DAM_lmp($/MWh)": 22.82706,
			"RTM_lmp($/MWh)": 23.35265
		},
		"04:00:00": {
			"DAM_lmp($/MWh)": 26.90939,
			"RTM_lmp($/MWh)": 20.38952
		},
		"05:00:00": {
			"DAM_lmp($/MWh)": 34.53822,
			"RTM_lmp($/MWh)": 30.81135
		},
		"06:00:00": {
			"DAM_lmp($/MWh)": 35.89609,
			"RTM_lmp($/MWh)": 72.0
		},
		"07:00:00": {
			"DAM_lmp($/MWh)": 25.3218,
			"RTM_lmp($/MWh)": 18.0208
		},
		"08:00:00": {
			"DAM_lmp($/MWh)": 13.15111,
			"RTM_lmp($/MWh)": 12.8688
		},
		"09:00:00": {
			"DAM_lmp($/MWh)": 10.11875,
			"RTM_lmp($/MWh)": 12.94
		},
		"10:00:00": {
			"DAM_lmp($/MWh)": 7.43914,
			"RTM_lmp($/MWh)": 15.4
		},
		"11:00:00": {
			"DAM_lmp($/MWh)": 5.82138,
			"RTM_lmp($/MWh)": 14.7764
		},
		"12:00:00": {
			"DAM_lmp($/MWh)": 3.85719,
			"RTM_lmp($/MWh)": 14.62179
		},
		"13:00:00": {
			"DAM_lmp($/MWh)": 3.50655,
			"RTM_lmp($/MWh)": 14.99893
		},
		"14:00:00": {
			"DAM_lmp($/MWh)": 4.5492,
			"RTM_lmp($/MWh)": 9.9976
		},
		"15:00:00": {
			"DAM_lmp($/MWh)": 7.35785,
			"RTM_lmp($/MWh)": 4.9988
		},
		"16:00:00": {
			"DAM_lmp($/MWh)": 11.45324,
			"RTM_lmp($/MWh)": 4.95
		},
		"17:00:00": {
			"DAM_lmp($/MWh)": 24.12668,
			"RTM_lmp($/MWh)": 0.0
		},
		"18:00:00": {
			"DAM_lmp($/MWh)": 42.91043,
			"RTM_lmp($/MWh)": 13.5405
		},
		"19:00:00": {
			"DAM_lmp($/MWh)": 63.90391,
			"RTM_lmp($/MWh)": 26.1822
		},
		"20:00:00": {
			"DAM_lmp($/MWh)": 64.33578,
			"RTM_lmp($/MWh)": 40.0
		},
		"21:00:00": {
			"DAM_lmp($/MWh)": 49.47584,
			"RTM_lmp($/MWh)": 40.96643
		},
		"22:00:00": {
			"DAM_lmp($/MWh)": 40.0726,
			"RTM_lmp($/MWh)": 30.90386
		},
		"23:00:00": {
			"DAM_lmp($/MWh)": 31.64818,
			"RTM_lmp($/MWh)": 32.80657
		}
	},
	"2023-05-23": {
		"00:00:00": {
			"DAM_lmp($/MWh)": 29.64102,
			"RTM_lmp($/MWh)": 28.51958
		},
		"01:00:00": {
			"DAM_lmp($/MWh)": 25.97171,
			"RTM_lmp($/MWh)": 24.96997
		},
		"02:00:00": {
			"DAM_lmp($/MWh)": 24.67691,
			"RTM_lmp($/MWh)": 20.73276
		},
		"03:00:00": {
			"DAM_lmp($/MWh)": 22.82706,
			"RTM_lmp($/MWh)": 23.35265
		},
		"04:00:00": {
			"DAM_lmp($/MWh)": 26.90939,
			"RTM_lmp($/MWh)": 20.38952
		},
		"05:00:00": {
			"DAM_lmp($/MWh)": 34.53822,
			"RTM_lmp($/MWh)": 30.81135
		},
		"06:00:00": {
			"DAM_lmp($/MWh)": 35.89609,
			"RTM_lmp($/MWh)": 72.0
		},
		"07:00:00": {
			"DAM_lmp($/MWh)": 25.3218,
			"RTM_lmp($/MWh)": 18.0208
		},
		"08:00:00": {
			"DAM_lmp($/MWh)": 13.15111,
			"RTM_lmp($/MWh)": 12.8688
		},
		"09:00:00": {
			"DAM_lmp($/MWh)": 10.11875,
			"RTM_lmp($/MWh)": 12.94
		},
		"10:00:00": {
			"DAM_lmp($/MWh)": 7.43914,
			"RTM_lmp($/MWh)": 15.4
		},
		"11:00:00": {
			"DAM_lmp($/MWh)": 5.82138,
			"RTM_lmp($/MWh)": 14.7764
		},
		"12:00:00": {
			"DAM_lmp($/MWh)": 3.85719,
			"RTM_lmp($/MWh)": 14.62179
		},
		"13:00:00": {
			"DAM_lmp($/MWh)": 3.50655,
			"RTM_lmp($/MWh)": 14.99893
		},
		"14:00:00": {
			"DAM_lmp($/MWh)": 4.5492,
			"RTM_lmp($/MWh)": 9.9976
		},
		"15:00:00": {
			"DAM_lmp($/MWh)": 7.35785,
			"RTM_lmp($/MWh)": 4.9988
		},
		"16:00:00": {
			"DAM_lmp($/MWh)": 11.45324,
			"RTM_lmp($/MWh)": 4.95
		},
		"17:00:00": {
			"DAM_lmp($/MWh)": 24.12668,
			"RTM_lmp($/MWh)": 0.0
		},
		"18:00:00": {
			"DAM_lmp($/MWh)": 42.91043,
			"RTM_lmp($/MWh)": 13.5405
		},
		"19:00:00": {
			"DAM_lmp($/MWh)": 63.90391,
			"RTM_lmp($/MWh)": 26.1822
		},
		"20:00:00": {
			"DAM_lmp($/MWh)": 64.33578,
			"RTM_lmp($/MWh)": 40.0
		},
		"21:00:00": {
			"DAM_lmp($/MWh)": 49.47584,
			"RTM_lmp($/MWh)": 40.96643
		},
		"22:00:00": {
			"DAM_lmp($/MWh)": 40.0726,
			"RTM_lmp($/MWh)": 30.90386
		},
		"23:00:00": {
			"DAM_lmp($/MWh)": 31.64818,
			"RTM_lmp($/MWh)": 32.80657
		}
	}
}