{
	"2023-05-22": {
		"00:00:00": {
			"DAM_lmp($/MWh)": 29.03236,
			"RTM_lmp($/MWh)": 28.29193
		},
		"01:00:00": {
			"DAM_lmp($/MWh)": 25.59415,
			"RTM_lmp($/MWh)": 24.73261
		},
		"02:00:00": {
			"DAM_lmp($/MWh)": 24.31561,
			"RTM_lmp($/MWh)": 20.53571
		},
		"03:00:00": {
			"DAM_lmp($/MWh)": 22.51561,
			"RTM_lmp($/MWh)": 5.87877
		},
		"04:00:00": {
			"DAM_lmp($/MWh)": 26.00346,
			"RTM_lmp($/MWh)": 1.52428
		},
		"05:00:00": {
			"DAM_lmp($/MWh)": 33.84204,
			"RTM_lmp($/MWh)": 30.81135
		},
		"06:00:00": {
			"DAM_lmp($/MWh)": 35.37085,
			"RTM_lmp($/MWh)": 72.0
		},
		"07:00:00": {
			"DAM_lmp($/MWh)": 25.16652,
			"RTM_lmp($/MWh)": 18.0208
		},
		"08:00:00": {
			"DAM_lmp($/MWh)": 9.76194,
			"RTM_lmp($/MWh)": 12.8688
		},
		"09:00:00": {
			"DAM_lmp($/MWh)": 6.77506,
			"RTM_lmp($/MWh)": 12.94
		},
		"10:00:00": {
			"DAM_lmp($/MWh)": 5.07483,
			"RTM_lmp($/MWh)": 15.4
		},
		"11:00:00": {
			"DAM_lmp($/MWh)": 3.79684,
			"RTM_lmp($/MWh)": 11.34931
		},
		"12:00:00": {
			"DAM_lmp($/MWh)": 1.66355,
			"RTM_lmp($/MWh)": 14.61101
		},
		"13:00:00": {
			"DAM_lmp($/MWh)": 1.15838,
			"RTM_lmp($/MWh)": 14.86552
		},
		"14:00:00": {
			"DAM_lmp($/MWh)": 2.25748,
			"RTM_lmp($/MWh)": 9.9976
		},
		"15:00:00": {
			"DAM_lmp($/MWh)": 5.15829,
			"RTM_lmp($/MWh)": 4.9988
		},
		"16:00:00": {
			"DAM_lmp($/MWh)": 9.56073,
			"RTM_lmp($/MWh)": 4.95
		},
		"17:00:00": {
			"DAM_lmp($/MWh)": 23.86527,
			"RTM_lmp($/MWh)": 0.0
		},
		"18:00:00": {
			"DAM_lmp($/MWh)": 42.4634,
			"RTM_lmp($/MWh)": 13.72614
		},
		"19:00:00": {
			"DAM_lmp($/MWh)": 63.27049,
			"RTM_lmp($/MWh)": 27.03211
		},
		"20:00:00": {
			"DAM_lmp($/MWh)": 63.42955,
			"RTM_lmp($/MWh)": 40.0
		},
		"21:00:00": {
			"DAM_lmp($/MWh)": 48.9367,
			"RTM_lmp($/MWh)": 41.38604
		},
		"22:00:00": {
			"DAM_lmp($/MWh)": 39.66925,
			"RTM_lmp($/MWh)": 31.58509
		},
		"23:00:00": {
			"DAM_lmp($/MWh)": 31.76565,
			"RTM_lmp($/MWh)": 32.93281
		}
	},
	"2023-05-23": {
		"00:00:00": {
			"DAM_lmp($/MWh)": 29.03236,
			"RTM_lmp($/MWh)": 28.29193
		},
		"01:00:00": {
			"DAM_lmp($/MWh)": 25.59415,
			"RTM_lmp($/MWh)": 24.73261
		},
		"02:00:00": {
			"DAM_lmp($/MWh)": 24.31561,
			"RTM_lmp($/MWh)": 20.53571
		},
		"03:00:00": {
			"DAM_lmp($/MWh)": 22.51561,
			"RTM_lmp($/MWh)": 5.87877
		},
		"04:00:00": {
			"DAM_lmp($/MWh)": 26.00346,
			"RTM_lmp($/MWh)": 1.52428
		},
		"05:00:00": {
			"DAM_lmp($/MWh)": 33.84204,
			"RTM_lmp($/MWh)": 30.81135
		},
		"06:00:00": {
			"DAM_lmp($/MWh)": 35.37085,
			"RTM_lmp($/MWh)": 72.0
		},
		"07:00:00": {
			"DAM_lmp($/MWh)": 25.16652,
			"RTM_lmp($/MWh)": 18.0208
		},
		"08:00:00": {
			"DAM_lmp($/MWh)": 9.76194,
			"RTM_lmp($/MWh)": 12.8688
		},
		"09:00:00": {
			"DAM_lmp($/MWh)": 6.77506,
			"RTM_lmp($/MWh)": 12.94
		},
		"10:00:00": {
			"DAM_lmp($/MWh)": 5.07483,
			"RTM_lmp($/MWh)": 15.4
		},
		"11:00:00": {
			"DAM_lmp($/MWh)": 3.79684,
			"RTM_lmp($/MWh)": 11.34931
		},
		"12:00:00": {
			"DAM_lmp($/MWh)": 1.66355,
			"RTM_lmp($/MWh)": 14.61101
		},
		"13:00:00": {
			"DAM_lmp($/MWh)": 1.15838,
			"RTM_lmp($/MWh)": 14.86552
		},
		"14:00:00": {
			"DAM_lmp($/MWh)": 2.25748,
			"RTM_lmp($/MWh)": 9.9976
		},
		"15:00:00": {
			"DAM_lmp($/MWh)": 5.15829,
			"RTM_lmp($/MWh)": 4.9988
		},
		"16:00:00": {
			"DAM_lmp($/MWh)": 9.56073,
			"RTM_lmp($/MWh)": 4.95
		},
		"17:00:00": {
			"DAM_lmp($/MWh)": 23.86527,
			"RTM_lmp($/MWh)": 0.0
		},
		"18:00:00": {
			"DAM_lmp($/MWh)": 42.4634,
			"RTM_lmp($/MWh)": 13.72614
		},
		"19:00:00": {
			"DAM_lmp($/MWh)": 63.27049,
			"RTM_lmp($/MWh)": 27.03211
		},
		"20:00:00": {
			"DAM_lmp($/MWh)": 63.42955,
			"RTM_lmp($/MWh)": 40.0
		},
		"21:00:00": {
			"DAM_lmp($/MWh)": 48.9367,
			"RTM_lmp($/MWh)": 41.38604
		},
		"22:00:00": {
			"DAM_lmp($/MWh)": 39.66925,
			"RTM_lmp($/MWh)": 31.58509
		},
		"23:00:00": {
			"DAM_lmp($/MWh)": 31.76565,
			"RTM_lmp($/MWh)": 32.93281
		}
	}
}