{
	"2023-05-22": {
		"00:00:00": {
			"DAM_lmp($/MWh)": 27.01272,
			"RTM_lmp($/MWh)": 28.06996
		},
		"01:00:00": {
			"DAM_lmp($/MWh)": 23.13051,
			"RTM_lmp($/MWh)": 24.21338
		},
		"02:00:00": {
			"DAM_lmp($/MWh)": 21.23919,
			"RTM_lmp($/MWh)": 20.06363
		},
		"03:00:00": {
			"DAM_lmp($/MWh)": 19.24872,
			"RTM_lmp($/MWh)": 7.09158
		},
		"04:00:00": {
			"DAM_lmp($/MWh)": 22.98166,
			"RTM_lmp($/MWh)": 2.03885
		},
		"05:00:00": {
			"DAM_lmp($/MWh)": 32.4646,
			"RTM_lmp($/MWh)": 56.05893
		},
		"06:00:00": {
			"DAM_lmp($/MWh)": 33.63461,
			"RTM_lmp($/MWh)": 72.0
		},
		"07:00:00": {
			"DAM_lmp($/MWh)": 26.28198,
			"RTM_lmp($/MWh)": 18.0208
		},
		"08:00:00": {
			"DAM_lmp($/MWh)": 21.13914,
			"RTM_lmp($/MWh)": 12.8688
		},
		"09:00:00": {
			"DAM_lmp($/MWh)": 18.70303,
			"RTM_lmp($/MWh)": 12.94
		},
		"10:00:00": {
			"DAM_lmp($/MWh)": 12.49833,
			"RTM_lmp($/MWh)": 15.4
		},
		"11:00:00": {
			"DAM_lmp($/MWh)": 10.29581,
			"RTM_lmp($/MWh)": 19.57433
		},
		"12:00:00": {
			"DAM_lmp($/MWh)": 8.49522,
			"RTM_lmp($/MWh)": 15.33933
		},
		"13:00:00": {
			"DAM_lmp($/MWh)": 8.51866,
			"RTM_lmp($/MWh)": 15.51061
		},
		"14:00:00": {
			"DAM_lmp($/MWh)": 9.68188,
			"RTM_lmp($/MWh)": 9.9976
		},
		"15:00:00": {
			"DAM_lmp($/MWh)": 12.6378,
			"RTM_lmp($/MWh)": 4.9988
		},
		"16:00:00": {
			"DAM_lmp($/MWh)": 16.36276,
			"RTM_lmp($/MWh)": 4.95
		},
		"17:00:00": {
			"DAM_lmp($/MWh)": 25.40135,
			"RTM_lmp($/MWh)": 0.0
		},
		"18:00:00": {
			"DAM_lmp($/MWh)": 44.72922,
			"RTM_lmp($/MWh)": 14.35304
		},
		"19:00:00": {
			"DAM_lmp($/MWh)": 65.81062,
			"RTM_lmp($/MWh)": 28.12132
		},
		"20:00:00": {
			"DAM_lmp($/MWh)": 66.1806,
			"RTM_lmp($/MWh)": 40.0
		},
		"21:00:00": {
			"DAM_lmp($/MWh)": 50.55411,
			"RTM_lmp($/MWh)": 43.0393
		},
		"22:00:00": {
			"DAM_lmp($/MWh)": 39.60236,
			"RTM_lmp($/MWh)": 32.20266
		},
		"23:00:00": {
			"DAM_lmp($/MWh)": 29.59732,
			"RTM_lmp($/MWh)": 33.15869
		}
	},
	"2023-05-23": {
		"00:00:00": {
			"DAM_lmp($/MWh)": 27.01272,
			"RTM_lmp($/MWh)": 28.06996
		},
		"01:00:00": {
			"DAM_lmp($/MWh)": 23.13051,
			"RTM_lmp($/MWh)": 24.21338
		},
		"02:00:00": {
			"DAM_lmp($/MWh)": 21.23919,
			"RTM_lmp($/MWh)": 20.06363
		},
		"03:00:00": {
			"DAM_lmp($/MWh)": 19.24872,
			"RTM_lmp($/MWh)": 7.09158
		},
		"04:00:00": {
			"DAM_lmp($/MWh)": 22.98166,
			"RTM_lmp($/MWh)": 2.03885
		},
		"05:00:00": {
			"DAM_lmp($/MWh)": 32.4646,
			"RTM_lmp($/MWh)": 56.05893
		},
		"06:00:00": {
			"DAM_lmp($/MWh)": 33.63461,
			"RTM_lmp($/MWh)": 72.0
		},
		"07:00:00": {
			"DAM_lmp($/MWh)": 26.28198,
			"RTM_lmp($/MWh)": 18.0208
		},
		"08:00:00": {
			"DAM_lmp($/MWh)": 21.13914,
			"RTM_lmp($/MWh)": 12.8688
		},
		"09:00:00": {
			"DAM_lmp($/MWh)": 18.70303,
			"RTM_lmp($/MWh)": 12.94
		},
		"10:00:00": {
			"DAM_lmp($/MWh)": 12.49833,
			"RTM_lmp($/MWh)": 15.4
		},
		"11:00:00": {
			"DAM_lmp($/MWh)": 10.29581,
			"RTM_lmp($/MWh)": 19.57433
		},
		"12:00:00": {
			"DAM_lmp($/MWh)": 8.49522,
			"RTM_lmp($/MWh)": 15.33933
		},
		"13:00:00": {
			"DAM_lmp($/MWh)": 8.51866,
			"RTM_lmp($/MWh)": 15.51061
		},
		"14:00:00": {
			"DAM_lmp($/MWh)": 9.68188,
			"RTM_lmp($/MWh)": 9.9976
		},
		"15:00:00": {
			"DAM_lmp($/MWh)": 12.6378,
			"RTM_lmp($/MWh)": 4.9988
		},
		"16:00:00": {
			"DAM_lmp($/MWh)": 16.36276,
			"RTM_lmp($/MWh)": 4.95
		},
		"17:00:00": {
			"DAM_lmp($/MWh)": 25.40135,
			"RTM_lmp($/MWh)": 0.0
		},
		"18:00:00": {
			"DAM_lmp($/MWh)": 44.72922,
			"RTM_lmp($/MWh)": 14.35304
		},
		"19:00:00": {
			"DAM_lmp($/MWh)": 65.81062,
			"RTM_lmp($/MWh)": 28.12132
		},
		"20:00:00": {
			"DAM_lmp($/MWh)": 66.1806,
			"RTM_lmp($/MWh)": 40.0
		},
		"21:00:00": {
			"DAM_lmp($/MWh)": 50.55411,
			"RTM_lmp($/MWh)": 43.0393
		},
		"22:00:00": {
			"DAM_lmp($/MWh)": 39.60236,
			"RTM_lmp($/MWh)": 32.20266
		},
		"23:00:00": {
			"DAM_lmp($/MWh)": 29.59732,
			"RTM_lmp($/MWh)": 33.15869
		}
	}
}