{
	"2023-05-22": {
		"00:00:00": {
			"DAM_lmp($/MWh)": 32.01754,
			"RTM_lmp($/MWh)": 29.24239
		},
		"01:00:00": {
			"DAM_lmp($/MWh)": 28.56775,
			"RTM_lmp($/MWh)": 25.15046
		},
		"02:00:00": {
			"DAM_lmp($/MWh)": 28.08786,
			"RTM_lmp($/MWh)": 20.85591
		},
		"03:00:00": {
			"DAM_lmp($/MWh)": 26.47201,
			"RTM_lmp($/MWh)": 6.54545
		},
		"04:00:00": {
			"DAM_lmp($/MWh)": 29.52744,
			"RTM_lmp($/MWh)": 1.83035
		},
		"05:00:00": {
			"DAM_lmp($/MWh)": 35.68753,
			"RTM_lmp($/MWh)": 30.81135
		},
		"06:00:00": {
			"DAM_lmp($/MWh)": 38.44592,
			"RTM_lmp($/MWh)": 72.0
		},
		"07:00:00": {
			"DAM_lmp($/MWh)": 25.41756,
			"RTM_lmp($/MWh)": 18.0208
		},
		"08:00:00": {
			"DAM_lmp($/MWh)": 8.57833,
			"RTM_lmp($/MWh)": 12.8688
		},
		"09:00:00": {
			"DAM_lmp($/MWh)": 5.44288,
			"RTM_lmp($/MWh)": 12.94
		},
		"10:00:00": {
			"DAM_lmp($/MWh)": 4.24876,
			"RTM_lmp($/MWh)": 15.4
		},
		"11:00:00": {
			"DAM_lmp($/MWh)": 2.98265,
			"RTM_lmp($/MWh)": 3.26137
		},
		"12:00:00": {
			"DAM_lmp($/MWh)": 0.86982,
			"RTM_lmp($/MWh)": 14.28612
		},
		"13:00:00": {
			"DAM_lmp($/MWh)": 0.31347,
			"RTM_lmp($/MWh)": 14.43545
		},
		"14:00:00": {
			"DAM_lmp($/MWh)": 1.32214,
			"RTM_lmp($/MWh)": 9.9976
		},
		"15:00:00": {
			"DAM_lmp($/MWh)": 4.32165,
			"RTM_lmp($/MWh)": 4.9988
		},
		"16:00:00": {
			"DAM_lmp($/MWh)": 8.91703,
			"RTM_lmp($/MWh)": 4.95
		},
		"17:00:00": {
			"DAM_lmp($/MWh)": 23.93249,
			"RTM_lmp($/MWh)": 0.0
		},
		"18:00:00": {
			"DAM_lmp($/MWh)": 43.28733,
			"RTM_lmp($/MWh)": 13.81753
		},
		"19:00:00": {
			"DAM_lmp($/MWh)": 64.37574,
			"RTM_lmp($/MWh)": 28.0333
		},
		"20:00:00": {
			"DAM_lmp($/MWh)": 64.61412,
			"RTM_lmp($/MWh)": 40.0
		},
		"21:00:00": {
			"DAM_lmp($/MWh)": 49.85523,
			"RTM_lmp($/MWh)": 43.5806
		},
		"22:00:00": {
			"DAM_lmp($/MWh)": 41.27588,
			"RTM_lmp($/MWh)": 33.13538
		},
		"23:00:00": {
			"DAM_lmp($/MWh)": 34.4181,
			"RTM_lmp($/MWh)": 34.1021
		}
	},
	"2023-05-23": {
		"00:00:00": {
			"DAM_lmp($/MWh)": 32.01754,
			"RTM_lmp($/MWh)": 29.24239
		},
		"01:00:00": {
			"DAM_lmp($/MWh)": 28.56775,
			"RTM_lmp($/MWh)": 25.15046
		},
		"02:00:00": {
			"DAM_lmp($/MWh)": 28.08786,
			"RTM_lmp($/MWh)": 20.85591
		},
		"03:00:00": {
			"DAM_lmp($/MWh)": 26.47201,
			"RTM_lmp($/MWh)": 6.54545
		},
		"04:00:00": {
			"DAM_lmp($/MWh)": 29.52744,
			"RTM_lmp($/MWh)": 1.83035
		},
		"05:00:00": {
			"DAM_lmp($/MWh)": 35.68753,
			"RTM_lmp($/MWh)": 30.81135
		},
		"06:00:00": {
			"DAM_lmp($/MWh)": 38.44592,
			"RTM_lmp($/MWh)": 72.0
		},
		"07:00:00": {
			"DAM_lmp($/MWh)": 25.41756,
			"RTM_lmp($/MWh)": 18.0208
		},
		"08:00:00": {
			"DAM_lmp($/MWh)": 8.57833,
			"RTM_lmp($/MWh)": 12.8688
		},
		"09:00:00": {
			"DAM_lmp($/MWh)": 5.44288,
			"RTM_lmp($/MWh)": 12.94
		},
		"10:00:00": {
			"DAM_lmp($/MWh)": 4.24876,
			"RTM_lmp($/MWh)": 15.4
		},
		"11:00:00": {
			"DAM_lmp($/MWh)": 2.98265,
			"RTM_lmp($/MWh)": 3.26137
		},
		"12:00:00": {
			"DAM_lmp($/MWh)": 0.86982,
			"RTM_lmp($/MWh)": 14.28612
		},
		"13:00:00": {
			"DAM_lmp($/MWh)": 0.31347,
			"RTM_lmp($/MWh)": 14.43545
		},
		"14:00:00": {
			"DAM_lmp($/MWh)": 1.32214,
			"RTM_lmp($/MWh)": 9.9976
		},
		"15:00:00": {
			"DAM_lmp($/MWh)": 4.32165,
			"RTM_lmp($/MWh)": 4.9988
		},
		"16:00:00": {
			"DAM_lmp($/MWh)": 8.91703,
			"RTM_lmp($/MWh)": 4.95
		},
		"17:00:00": {
			"DAM_lmp($/MWh)": 23.93249,
			"RTM_lmp($/MWh)": 0.0
		},
		"18:00:00": {
			"DAM_lmp($/MWh)": 43.28733,
			"RTM_lmp($/MWh)": 13.81753
		},
		"19:00:00": {
			"DAM_lmp($/MWh)": 64.37574,
			"RTM_lmp($/MWh)": 28.0333
		},
		"20:00:00": {
			"DAM_lmp($/MWh)": 64.61412,
			"RTM_lmp($/MWh)": 40.0
		},
		"21:00:00": {
			"DAM_lmp($/MWh)": 49.85523,
			"RTM_lmp($/MWh)": 43.5806
		},
		"22:00:00": {
			"DAM_lmp($/MWh)": 41.27588,
			"RTM_lmp($/MWh)": 33.13538
		},
		"23:00:00": {
			"DAM_lmp($/MWh)": 34.4181,
			"RTM_lmp($/MWh)": 34.1021
		}
	}
}