{
	"2023-05-22": {
		"00:00:00": {
			"DAM_lmp($/MWh)": 31.07107,
			"RTM_lmp($/MWh)": 29.27938
		},
		"01:00:00": {
			"DAM_lmp($/MWh)": 27.17164,
			"RTM_lmp($/MWh)": 25.8131
		},
		"02:00:00": {
			"DAM_lmp($/MWh)": 25.81982,
			"RTM_lmp($/MWh)": 21.47989
		},
		"03:00:00": {
			"DAM_lmp($/MWh)": 23.91602,
			"RTM_lmp($/MWh)": 23.34957
		},
		"04:00:00": {
			"DAM_lmp($/MWh)": 27.77319,
			"RTM_lmp($/MWh)": 20.61541
		},
		"05:00:00": {
			"DAM_lmp($/MWh)": 36.04033,
			"RTM_lmp($/MWh)": 30.81135
		},
		"06:00:00": {
			"DAM_lmp($/MWh)": 37.71643,
			"RTM_lmp($/MWh)": 72.0
		},
		"07:00:00": {
			"DAM_lmp($/MWh)": 26.70125,
			"RTM_lmp($/MWh)": 18.0208
		},
		"08:00:00": {
			"DAM_lmp($/MWh)": 20.74741,
			"RTM_lmp($/MWh)": 12.8688
		},
		"09:00:00": {
			"DAM_lmp($/MWh)": 15.5905,
			"RTM_lmp($/MWh)": 12.94
		},
		"10:00:00": {
			"DAM_lmp($/MWh)": 10.29662,
			"RTM_lmp($/MWh)": 15.4
		},
		"11:00:00": {
			"DAM_lmp($/MWh)": 11.05208,
			"RTM_lmp($/MWh)": 14.7764
		},
		"12:00:00": {
			"DAM_lmp($/MWh)": 5.49856,
			"RTM_lmp($/MWh)": 16.04301
		},
		"13:00:00": {
			"DAM_lmp($/MWh)": 4.80552,
			"RTM_lmp($/MWh)": 16.51672
		},
		"14:00:00": {
			"DAM_lmp($/MWh)": 4.83427,
			"RTM_lmp($/MWh)": 9.9976
		},
		"15:00:00": {
			"DAM_lmp($/MWh)": 7.80369,
			"RTM_lmp($/MWh)": 4.9988
		},
		"16:00:00": {
			"DAM_lmp($/MWh)": 12.17912,
			"RTM_lmp($/MWh)": 4.95
		},
		"17:00:00": {
			"DAM_lmp($/MWh)": 25.39637,
			"RTM_lmp($/MWh)": 0.0
		},
		"18:00:00": {
			"DAM_lmp($/MWh)": 44.14195,
			"RTM_lmp($/MWh)": 14.8557
		},
		"19:00:00": {
			"DAM_lmp($/MWh)": 64.81525,
			"RTM_lmp($/MWh)": 27.783
		},
		"20:00:00": {
			"DAM_lmp($/MWh)": 64.48466,
			"RTM_lmp($/MWh)": 40.0
		},
		"21:00:00": {
			"DAM_lmp($/MWh)": 50.38938,
			"RTM_lmp($/MWh)": 41.92314
		},
		"22:00:00": {
			"DAM_lmp($/MWh)": 40.9761,
			"RTM_lmp($/MWh)": 31.98938
		},
		"23:00:00": {
			"DAM_lmp($/MWh)": 32.85261,
			"RTM_lmp($/MWh)": 33.84299
		}
	},
	"2023-05-23": {
		"00:00:00": {
			"DAM_lmp($/MWh)": 31.07107,
			"RTM_lmp($/MWh)": 29.27938
		},
		"01:00:00": {
			"DAM_lmp($/MWh)": 27.17164,
			"RTM_lmp($/MWh)": 25.8131
		},
		"02:00:00": {
			"DAM_lmp($/MWh)": 25.81982,
			"RTM_lmp($/MWh)": 21.47989
		},
		"03:00:00": {
			"DAM_lmp($/MWh)": 23.91602,
			"RTM_lmp($/MWh)": 23.34957
		},
		"04:00:00": {
			"DAM_lmp($/MWh)": 27.77319,
			"RTM_lmp($/MWh)": 20.61541
		},
		"05:00:00": {
			"DAM_lmp($/MWh)": 36.04033,
			"RTM_lmp($/MWh)": 30.81135
		},
		"06:00:00": {
			"DAM_lmp($/MWh)": 37.71643,
			"RTM_lmp($/MWh)": 72.0
		},
		"07:00:00": {
			"DAM_lmp($/MWh)": 26.70125,
			"RTM_lmp($/MWh)": 18.0208
		},
		"08:00:00": {
			"DAM_lmp($/MWh)": 20.74741,
			"RTM_lmp($/MWh)": 12.8688
		},
		"09:00:00": {
			"DAM_lmp($/MWh)": 15.5905,
			"RTM_lmp($/MWh)": 12.94
		},
		"10:00:00": {
			"DAM_lmp($/MWh)": 10.29662,
			"RTM_lmp($/MWh)": 15.4
		},
		"11:00:00": {
			"DAM_lmp($/MWh)": 11.05208,
			"RTM_lmp($/MWh)": 14.7764
		},
		"12:00:00": {
			"DAM_lmp($/MWh)": 5.49856,
			"RTM_lmp($/MWh)": 16.04301
		},
		"13:00:00": {
			"DAM_lmp($/MWh)": 4.80552,
			"RTM_lmp($/MWh)": 16.51672
		},
		"14:00:00": {
			"DAM_lmp($/MWh)": 4.83427,
			"RTM_lmp($/MWh)": 9.9976
		},
		"15:00:00": {
			"DAM_lmp($/MWh)": 7.80369,
			"RTM_lmp($/MWh)": 4.9988
		},
		"16:00:00": {
			"DAM_lmp($/MWh)": 12.17912,
			"RTM_lmp($/MWh)": 4.95
		},
		"17:00:00": {
			"DAM_lmp($/MWh)": 25.39637,
			"RTM_lmp($/MWh)": 0.0
		},
		"18:00:00": {
			"DAM_lmp($/MWh)": 44.14195,
			"RTM_lmp($/MWh)": 14.8557
		},
		"19:00:00": {
			"DAM_lmp($/MWh)": 64.81525,
			"RTM_lmp($/MWh)": 27.783
		},
		"20:00:00": {
			"DAM_lmp($/MWh)": 64.48466,
			"RTM_lmp($/MWh)": 40.0
		},
		"21:00:00": {
			"DAM_lmp($/MWh)": 50.38938,
			"RTM_lmp($/MWh)": 41.92314
		},
		"22:00:00": {
			"DAM_lmp($/MWh)": 40.9761,
			"RTM_lmp($/MWh)": 31.98938
		},
		"23:00:00": {
			"DAM_lmp($/MWh)": 32.85261,
			"RTM_lmp($/MWh)": 33.84299
		}
	}
}