{
	"2023-05-22": {
		"00:00:00": {
			"DAM_lmp($/MWh)": 30.94398,
			"RTM_lmp($/MWh)": 32.08249
		},
		"01:00:00": {
			"DAM_lmp($/MWh)": 26.05745,
			"RTM_lmp($/MWh)": 27.84638
		},
		"02:00:00": {
			"DAM_lmp($/MWh)": 23.99712,
			"RTM_lmp($/MWh)": 23.17259
		},
		"03:00:00": {
			"DAM_lmp($/MWh)": 21.18982,
			"RTM_lmp($/MWh)": 7.93241
		},
		"04:00:00": {
			"DAM_lmp($/MWh)": 25.39265,
			"RTM_lmp($/MWh)": 1.8957
		},
		"05:00:00": {
			"DAM_lmp($/MWh)": 37.33607,
			"RTM_lmp($/MWh)": 37.36737
		},
		"06:00:00": {
			"DAM_lmp($/MWh)": 37.42965,
			"RTM_lmp($/MWh)": 87.61411
		},
		"07:00:00": {
			"DAM_lmp($/MWh)": 31.42965,
			"RTM_lmp($/MWh)": 18.0208
		},
		"08:00:00": {
			"DAM_lmp($/MWh)": 19.677,
			"RTM_lmp($/MWh)": 12.8688
		},
		"09:00:00": {
			"DAM_lmp($/MWh)": 16.80735,
			"RTM_lmp($/MWh)": 15.57127
		},
		"10:00:00": {
			"DAM_lmp($/MWh)": 14.52089,
			"RTM_lmp($/MWh)": 18.79156
		},
		"11:00:00": {
			"DAM_lmp($/MWh)": 12.7636,
			"RTM_lmp($/MWh)": 18.03053
		},
		"12:00:00": {
			"DAM_lmp($/MWh)": 14.59346,
			"RTM_lmp($/MWh)": 17.74332
		},
		"13:00:00": {
			"DAM_lmp($/MWh)": 13.28564,
			"RTM_lmp($/MWh)": 17.97701
		},
		"14:00:00": {
			"DAM_lmp($/MWh)": 9.94728,
			"RTM_lmp($/MWh)": 9.9976
		},
		"15:00:00": {
			"DAM_lmp($/MWh)": 13.79483,
			"RTM_lmp($/MWh)": 4.9988
		},
		"16:00:00": {
			"DAM_lmp($/MWh)": 16.52049,
			"RTM_lmp($/MWh)": 4.95
		},
		"17:00:00": {
			"DAM_lmp($/MWh)": 29.11508,
			"RTM_lmp($/MWh)": 0.0
		},
		"18:00:00": {
			"DAM_lmp($/MWh)": 51.0787,
			"RTM_lmp($/MWh)": 13.79754
		},
		"19:00:00": {
			"DAM_lmp($/MWh)": 67.85961,
			"RTM_lmp($/MWh)": 26.96335
		},
		"20:00:00": {
			"DAM_lmp($/MWh)": 69.48855,
			"RTM_lmp($/MWh)": 40.0
		},
		"21:00:00": {
			"DAM_lmp($/MWh)": 55.78794,
			"RTM_lmp($/MWh)": 40.91608
		},
		"22:00:00": {
			"DAM_lmp($/MWh)": 45.77574,
			"RTM_lmp($/MWh)": 31.02483
		},
		"23:00:00": {
			"DAM_lmp($/MWh)": 33.79242,
			"RTM_lmp($/MWh)": 72.01502
		}
	},
	"2023-05-23": {
		"00:00:00": {
			"DAM_lmp($/MWh)": 30.94398,
			"RTM_lmp($/MWh)": 32.08249
		},
		"01:00:00": {
			"DAM_lmp($/MWh)": 26.05745,
			"RTM_lmp($/MWh)": 27.84638
		},
		"02:00:00": {
			"DAM_lmp($/MWh)": 23.99712,
			"RTM_lmp($/MWh)": 23.17259
		},
		"03:00:00": {
			"DAM_lmp($/MWh)": 21.18982,
			"RTM_lmp($/MWh)": 7.93241
		},
		"04:00:00": {
			"DAM_lmp($/MWh)": 25.39265,
			"RTM_lmp($/MWh)": 1.8957
		},
		"05:00:00": {
			"DAM_lmp($/MWh)": 37.33607,
			"RTM_lmp($/MWh)": 37.36737
		},
		"06:00:00": {
			"DAM_lmp($/MWh)": 37.42965,
			"RTM_lmp($/MWh)": 87.61411
		},
		"07:00:00": {
			"DAM_lmp($/MWh)": 31.42965,
			"RTM_lmp($/MWh)": 18.0208
		},
		"08:00:00": {
			"DAM_lmp($/MWh)": 19.677,
			"RTM_lmp($/MWh)": 12.8688
		},
		"09:00:00": {
			"DAM_lmp($/MWh)": 16.80735,
			"RTM_lmp($/MWh)": 15.57127
		},
		"10:00:00": {
			"DAM_lmp($/MWh)": 14.52089,
			"RTM_lmp($/MWh)": 18.79156
		},
		"11:00:00": {
			"DAM_lmp($/MWh)": 12.7636,
			"RTM_lmp($/MWh)": 18.03053
		},
		"12:00:00": {
			"DAM_lmp($/MWh)": 14.59346,
			"RTM_lmp($/MWh)": 17.74332
		},
		"13:00:00": {
			"DAM_lmp($/MWh)": 13.28564,
			"RTM_lmp($/MWh)": 17.97701
		},
		"14:00:00": {
			"DAM_lmp($/MWh)": 9.94728,
			"RTM_lmp($/MWh)": 9.9976
		},
		"15:00:00": {
			"DAM_lmp($/MWh)": 13.79483,
			"RTM_lmp($/MWh)": 4.9988
		},
		"16:00:00": {
			"DAM_lmp($/MWh)": 16.52049,
			"RTM_lmp($/MWh)": 4.95
		},
		"17:00:00": {
			"DAM_lmp($/MWh)": 29.11508,
			"RTM_lmp($/MWh)": 0.0
		},
		"18:00:00": {
			"DAM_lmp($/MWh)": 51.0787,
			"RTM_lmp($/MWh)": 13.79754
		},
		"19:00:00": {
			"DAM_lmp($/MWh)": 67.85961,
			"RTM_lmp($/MWh)": 26.96335
		},
		"20:00:00": {
			"DAM_lmp($/MWh)": 69.48855,
			"RTM_lmp($/MWh)": 40.0
		},
		"21:00:00": {
			"DAM_lmp($/MWh)": 55.78794,
			"RTM_lmp($/MWh)": 40.91608
		},
		"22:00:00": {
			"DAM_lmp($/MWh)": 45.77574,
			"RTM_lmp($/MWh)": 31.02483
		},
		"23:00:00": {
			"DAM_lmp($/MWh)": 33.79242,
			"RTM_lmp($/MWh)": 72.01502
		}
	}
}