{
	"2023-05-22": {
		"00:00:00": {
			"DAM_lmp($/MWh)": 25.91346,
			"RTM_lmp($/MWh)": 26.69264
		},
		"01:00:00": {
			"DAM_lmp($/MWh)": 22.06437,
			"RTM_lmp($/MWh)": 23.0414
		},
		"02:00:00": {
			"DAM_lmp($/MWh)": 20.14272,
			"RTM_lmp($/MWh)": 19.11535
		},
		"03:00:00": {
			"DAM_lmp($/MWh)": 18.06589,
			"RTM_lmp($/MWh)": 6.66384
		},
		"04:00:00": {
			"DAM_lmp($/MWh)": 21.8714,
			"RTM_lmp($/MWh)": 1.71473
		},
		"05:00:00": {
			"DAM_lmp($/MWh)": 31.37641,
			"RTM_lmp($/MWh)": 11.87566
		},
		"06:00:00": {
			"DAM_lmp($/MWh)": 32.26202,
			"RTM_lmp($/MWh)": 72.0
		},
		"07:00:00": {
			"DAM_lmp($/MWh)": 25.69966,
			"RTM_lmp($/MWh)": 18.0208
		},
		"08:00:00": {
			"DAM_lmp($/MWh)": 16.54487,
			"RTM_lmp($/MWh)": 12.8688
		},
		"09:00:00": {
			"DAM_lmp($/MWh)": 14.12163,
			"RTM_lmp($/MWh)": 12.94
		},
		"10:00:00": {
			"DAM_lmp($/MWh)": 9.71203,
			"RTM_lmp($/MWh)": 15.4
		},
		"11:00:00": {
			"DAM_lmp($/MWh)": 7.99116,
			"RTM_lmp($/MWh)": 14.7764
		},
		"12:00:00": {
			"DAM_lmp($/MWh)": 6.08665,
			"RTM_lmp($/MWh)": 14.83274
		},
		"13:00:00": {
			"DAM_lmp($/MWh)": 5.92116,
			"RTM_lmp($/MWh)": 15.06014
		},
		"14:00:00": {
			"DAM_lmp($/MWh)": 7.04888,
			"RTM_lmp($/MWh)": 9.9976
		},
		"15:00:00": {
			"DAM_lmp($/MWh)": 10.04088,
			"RTM_lmp($/MWh)": 4.9988
		},
		"16:00:00": {
			"DAM_lmp($/MWh)": 14.0189,
			"RTM_lmp($/MWh)": 4.95
		},
		"17:00:00": {
			"DAM_lmp($/MWh)": 24.78891,
			"RTM_lmp($/MWh)": 0.0
		},
		"18:00:00": {
			"DAM_lmp($/MWh)": 43.48893,
			"RTM_lmp($/MWh)": 13.68473
		},
		"19:00:00": {
			"DAM_lmp($/MWh)": 64.13659,
			"RTM_lmp($/MWh)": 26.67454
		},
		"20:00:00": {
			"DAM_lmp($/MWh)": 64.18042,
			"RTM_lmp($/MWh)": 40.0
		},
		"21:00:00": {
			"DAM_lmp($/MWh)": 49.29113,
			"RTM_lmp($/MWh)": 40.47129
		},
		"22:00:00": {
			"DAM_lmp($/MWh)": 38.3904,
			"RTM_lmp($/MWh)": 30.62373
		},
		"23:00:00": {
			"DAM_lmp($/MWh)": 28.53562,
			"RTM_lmp($/MWh)": 31.68711
		}
	},
	"2023-05-23": {
		"00:00:00": {
			"DAM_lmp($/MWh)": 25.91346,
			"RTM_lmp($/MWh)": 26.69264
		},
		"01:00:00": {
			"DAM_lmp($/MWh)": 22.06437,
			"RTM_lmp($/MWh)": 23.0414
		},
		"02:00:00": {
			"DAM_lmp($/MWh)": 20.14272,
			"RTM_lmp($/MWh)": 19.11535
		},
		"03:00:00": {
			"DAM_lmp($/MWh)": 18.06589,
			"RTM_lmp($/MWh)": 6.66384
		},
		"04:00:00": {
			"DAM_lmp($/MWh)": 21.8714,
			"RTM_lmp($/MWh)": 1.71473
		},
		"05:00:00": {
			"DAM_lmp($/MWh)": 31.37641,
			"RTM_lmp($/MWh)": 11.87566
		},
		"06:00:00": {
			"DAM_lmp($/MWh)": 32.26202,
			"RTM_lmp($/MWh)": 72.0
		},
		"07:00:00": {
			"DAM_lmp($/MWh)": 25.69966,
			"RTM_lmp($/MWh)": 18.0208
		},
		"08:00:00": {
			"DAM_lmp($/MWh)": 16.54487,
			"RTM_lmp($/MWh)": 12.8688
		},
		"09:00:00": {
			"DAM_lmp($/MWh)": 14.12163,
			"RTM_lmp($/MWh)": 12.94
		},
		"10:00:00": {
			"DAM_lmp($/MWh)": 9.71203,
			"RTM_lmp($/MWh)": 15.4
		},
		"11:00:00": {
			"DAM_lmp($/MWh)": 7.99116,
			"RTM_lmp($/MWh)": 14.7764
		},
		"12:00:00": {
			"DAM_lmp($/MWh)": 6.08665,
			"RTM_lmp($/MWh)": 14.83274
		},
		"13:00:00": {
			"DAM_lmp($/MWh)": 5.92116,
			"RTM_lmp($/MWh)": 15.06014
		},
		"14:00:00": {
			"DAM_lmp($/MWh)": 7.04888,
			"RTM_lmp($/MWh)": 9.9976
		},
		"15:00:00": {
			"DAM_lmp($/MWh)": 10.04088,
			"RTM_lmp($/MWh)": 4.9988
		},
		"16:00:00": {
			"DAM_lmp($/MWh)": 14.0189,
			"RTM_lmp($/MWh)": 4.95
		},
		"17:00:00": {
			"DAM_lmp($/MWh)": 24.78891,
			"RTM_lmp($/MWh)": 0.0
		},
		"18:00:00": {
			"DAM_lmp($/MWh)": 43.48893,
			"RTM_lmp($/MWh)": 13.68473
		},
		"19:00:00": {
			"DAM_lmp($/MWh)": 64.13659,
			"RTM_lmp($/MWh)": 26.67454
		},
		"20:00:00": {
			"DAM_lmp($/MWh)": 64.18042,
			"RTM_lmp($/MWh)": 40.0
		},
		"21:00:00": {
			"DAM_lmp($/MWh)": 49.29113,
			"RTM_lmp($/MWh)": 40.47129
		},
		"22:00:00": {
			"DAM_lmp($/MWh)": 38.3904,
			"RTM_lmp($/MWh)": 30.62373
		},
		"23:00:00": {
			"DAM_lmp($/MWh)": 28.53562,
			"RTM_lmp($/MWh)": 31.68711
		}
	}
}