{
	"2023-05-22": {
		"00:00:00": {
			"DAM_lmp($/MWh)": 26.61075,
			"RTM_lmp($/MWh)": 27.82808
		},
		"01:00:00": {
			"DAM_lmp($/MWh)": 22.69278,
			"RTM_lmp($/MWh)": 24.01063
		},
		"02:00:00": {
			"DAM_lmp($/MWh)": 20.83836,
			"RTM_lmp($/MWh)": 19.89737
		},
		"03:00:00": {
			"DAM_lmp($/MWh)": 18.633,
			"RTM_lmp($/MWh)": 7.04505
		},
		"04:00:00": {
			"DAM_lmp($/MWh)": 22.56111,
			"RTM_lmp($/MWh)": 2.00047
		},
		"05:00:00": {
			"DAM_lmp($/MWh)": 32.12061,
			"RTM_lmp($/MWh)": 58.35416
		},
		"06:00:00": {
			"DAM_lmp($/MWh)": 33.09305,
			"RTM_lmp($/MWh)": 72.0
		},
		"07:00:00": {
			"DAM_lmp($/MWh)": 26.40621,
			"RTM_lmp($/MWh)": 18.0208
		},
		"08:00:00": {
			"DAM_lmp($/MWh)": 19.52314,
			"RTM_lmp($/MWh)": 12.8688
		},
		"09:00:00": {
			"DAM_lmp($/MWh)": 16.95048,
			"RTM_lmp($/MWh)": 12.94
		},
		"10:00:00": {
			"DAM_lmp($/MWh)": 11.46923,
			"RTM_lmp($/MWh)": 15.4
		},
		"11:00:00": {
			"DAM_lmp($/MWh)": 9.38319,
			"RTM_lmp($/MWh)": 18.34058
		},
		"12:00:00": {
			"DAM_lmp($/MWh)": 7.50586,
			"RTM_lmp($/MWh)": 15.42094
		},
		"13:00:00": {
			"DAM_lmp($/MWh)": 7.44388,
			"RTM_lmp($/MWh)": 15.62362
		},
		"14:00:00": {
			"DAM_lmp($/MWh)": 8.5998,
			"RTM_lmp($/MWh)": 9.9976
		},
		"15:00:00": {
			"DAM_lmp($/MWh)": 11.63906,
			"RTM_lmp($/MWh)": 4.9988
		},
		"16:00:00": {
			"DAM_lmp($/MWh)": 15.56408,
			"RTM_lmp($/MWh)": 4.95
		},
		"17:00:00": {
			"DAM_lmp($/MWh)": 25.67272,
			"RTM_lmp($/MWh)": 0.0
		},
		"18:00:00": {
			"DAM_lmp($/MWh)": 44.93082,
			"RTM_lmp($/MWh)": 14.44872
		},
		"19:00:00": {
			"DAM_lmp($/MWh)": 65.93989,
			"RTM_lmp($/MWh)": 28.13507
		},
		"20:00:00": {
			"DAM_lmp($/MWh)": 66.60135,
			"RTM_lmp($/MWh)": 40.0
		},
		"21:00:00": {
			"DAM_lmp($/MWh)": 50.71885,
			"RTM_lmp($/MWh)": 42.95118
		},
		"22:00:00": {
			"DAM_lmp($/MWh)": 39.44717,
			"RTM_lmp($/MWh)": 32.11035
		},
		"23:00:00": {
			"DAM_lmp($/MWh)": 29.3313,
			"RTM_lmp($/MWh)": 33.01585
		}
	},
	"2023-05-23": {
		"00:00:00": {
			"DAM_lmp($/MWh)": 26.61075,
			"RTM_lmp($/MWh)": 27.82808
		},
		"01:00:00": {
			"DAM_lmp($/MWh)": 22.69278,
			"RTM_lmp($/MWh)": 24.01063
		},
		"02:00:00": {
			"DAM_lmp($/MWh)": 20.83836,
			"RTM_lmp($/MWh)": 19.89737
		},
		"03:00:00": {
			"DAM_lmp($/MWh)": 18.633,
			"RTM_lmp($/MWh)": 7.04505
		},
		"04:00:00": {
			"DAM_lmp($/MWh)": 22.56111,
			"RTM_lmp($/MWh)": 2.00047
		},
		"05:00:00": {
			"DAM_lmp($/MWh)": 32.12061,
			"RTM_lmp($/MWh)": 58.35416
		},
		"06:00:00": {
			"DAM_lmp($/MWh)": 33.09305,
			"RTM_lmp($/MWh)": 72.0
		},
		"07:00:00": {
			"DAM_lmp($/MWh)": 26.40621,
			"RTM_lmp($/MWh)": 18.0208
		},
		"08:00:00": {
			"DAM_lmp($/MWh)": 19.52314,
			"RTM_lmp($/MWh)": 12.8688
		},
		"09:00:00": {
			"DAM_lmp($/MWh)": 16.95048,
			"RTM_lmp($/MWh)": 12.94
		},
		"10:00:00": {
			"DAM_lmp($/MWh)": 11.46923,
			"RTM_lmp($/MWh)": 15.4
		},
		"11:00:00": {
			"DAM_lmp($/MWh)": 9.38319,
			"RTM_lmp($/MWh)": 18.34058
		},
		"12:00:00": {
			"DAM_lmp($/MWh)": 7.50586,
			"RTM_lmp($/MWh)": 15.42094
		},
		"13:00:00": {
			"DAM_lmp($/MWh)": 7.44388,
			"RTM_lmp($/MWh)": 15.62362
		},
		"14:00:00": {
			"DAM_lmp($/MWh)": 8.5998,
			"RTM_lmp($/MWh)": 9.9976
		},
		"15:00:00": {
			"DAM_lmp($/MWh)": 11.63906,
			"RTM_lmp($/MWh)": 4.9988
		},
		"16:00:00": {
			"DAM_lmp($/MWh)": 15.56408,
			"RTM_lmp($/MWh)": 4.95
		},
		"17:00:00": {
			"DAM_lmp($/MWh)": 25.67272,
			"RTM_lmp($/MWh)": 0.0
		},
		"18:00:00": {
			"DAM_lmp($/MWh)": 44.93082,
			"RTM_lmp($/MWh)": 14.44872
		},
		"19:00:00": {
			"DAM_lmp($/MWh)": 65.93989,
			"RTM_lmp($/MWh)": 28.13507
		},
		"20:00:00": {
			"DAM_lmp($/MWh)": 66.60135,
			"RTM_lmp($/MWh)": 40.0
		},
		"21:00:00": {
			"DAM_lmp($/MWh)": 50.71885,
			"RTM_lmp($/MWh)": 42.95118
		},
		"22:00:00": {
			"DAM_lmp($/MWh)": 39.44717,
			"RTM_lmp($/MWh)": 32.11035
		},
		"23:00:00": {
			"DAM_lmp($/MWh)": 29.3313,
			"RTM_lmp($/MWh)": 33.01585
		}
	}
}