{
	"2023-05-22": {
		"00:00:00": {
			"DAM_lmp($/MWh)": 46.56541,
			"RTM_lmp($/MWh)": 28.08134
		},
		"01:00:00": {
			"DAM_lmp($/MWh)": 44.65586,
			"RTM_lmp($/MWh)": 24.18371
		},
		"02:00:00": {
			"DAM_lmp($/MWh)": 47.66824,
			"RTM_lmp($/MWh)": 20.16626
		},
		"03:00:00": {
			"DAM_lmp($/MWh)": 47.82513,
			"RTM_lmp($/MWh)": 6.36437
		},
		"04:00:00": {
			"DAM_lmp($/MWh)": 48.21692,
			"RTM_lmp($/MWh)": 1.58234
		},
		"05:00:00": {
			"DAM_lmp($/MWh)": 44.03119,
			"RTM_lmp($/MWh)": 30.81135
		},
		"06:00:00": {
			"DAM_lmp($/MWh)": 53.60681,
			"RTM_lmp($/MWh)": 72.0
		},
		"07:00:00": {
			"DAM_lmp($/MWh)": 25.69966,
			"RTM_lmp($/MWh)": 18.0208
		},
		"08:00:00": {
			"DAM_lmp($/MWh)": 5.99242,
			"RTM_lmp($/MWh)": 12.8688
		},
		"09:00:00": {
			"DAM_lmp($/MWh)": 2.53082,
			"RTM_lmp($/MWh)": 12.94
		},
		"10:00:00": {
			"DAM_lmp($/MWh)": 2.45379,
			"RTM_lmp($/MWh)": 15.4
		},
		"11:00:00": {
			"DAM_lmp($/MWh)": 1.36765,
			"RTM_lmp($/MWh)": 3.67262
		},
		"12:00:00": {
			"DAM_lmp($/MWh)": -0.87344,
			"RTM_lmp($/MWh)": 14.75113
		},
		"13:00:00": {
			"DAM_lmp($/MWh)": -1.6011,
			"RTM_lmp($/MWh)": 14.99893
		},
		"14:00:00": {
			"DAM_lmp($/MWh)": -0.48446,
			"RTM_lmp($/MWh)": 9.9976
		},
		"15:00:00": {
			"DAM_lmp($/MWh)": 2.58611,
			"RTM_lmp($/MWh)": 4.9988
		},
		"16:00:00": {
			"DAM_lmp($/MWh)": 7.70131,
			"RTM_lmp($/MWh)": 4.95
		},
		"17:00:00": {
			"DAM_lmp($/MWh)": 24.26112,
			"RTM_lmp($/MWh)": 0.0
		},
		"18:00:00": {
			"DAM_lmp($/MWh)": 43.51085,
			"RTM_lmp($/MWh)": 13.41197
		},
		"19:00:00": {
			"DAM_lmp($/MWh)": 61.37025,
			"RTM_lmp($/MWh)": 26.52601
		},
		"20:00:00": {
			"DAM_lmp($/MWh)": 61.61062,
			"RTM_lmp($/MWh)": 40.0
		},
		"21:00:00": {
			"DAM_lmp($/MWh)": 49.02157,
			"RTM_lmp($/MWh)": 42.13294
		},
		"22:00:00": {
			"DAM_lmp($/MWh)": 47.11715,
			"RTM_lmp($/MWh)": 31.89069
		},
		"23:00:00": {
			"DAM_lmp($/MWh)": 46.36929,
			"RTM_lmp($/MWh)": 33.09558
		}
	},
	"2023-05-23": {
		"00:00:00": {
			"DAM_lmp($/MWh)": 46.56541,
			"RTM_lmp($/MWh)": 28.08134
		},
		"01:00:00": {
			"DAM_lmp($/MWh)": 44.65586,
			"RTM_lmp($/MWh)": 24.18371
		},
		"02:00:00": {
			"DAM_lmp($/MWh)": 47.66824,
			"RTM_lmp($/MWh)": 20.16626
		},
		"03:00:00": {
			"DAM_lmp($/MWh)": 47.82513,
			"RTM_lmp($/MWh)": 6.36437
		},
		"04:00:00": {
			"DAM_lmp($/MWh)": 48.21692,
			"RTM_lmp($/MWh)": 1.58234
		},
		"05:00:00": {
			"DAM_lmp($/MWh)": 44.03119,
			"RTM_lmp($/MWh)": 30.81135
		},
		"06:00:00": {
			"DAM_lmp($/MWh)": 53.60681,
			"RTM_lmp($/MWh)": 72.0
		},
		"07:00:00": {
			"DAM_lmp($/MWh)": 25.69966,
			"RTM_lmp($/MWh)": 18.0208
		},
		"08:00:00": {
			"DAM_lmp($/MWh)": 5.99242,
			"RTM_lmp($/MWh)": 12.8688
		},
		"09:00:00": {
			"DAM_lmp($/MWh)": 2.53082,
			"RTM_lmp($/MWh)": 12.94
		},
		"10:00:00": {
			"DAM_lmp($/MWh)": 2.45379,
			"RTM_lmp($/MWh)": 15.4
		},
		"11:00:00": {
			"DAM_lmp($/MWh)": 1.36765,
			"RTM_lmp($/MWh)": 3.67262
		},
		"12:00:00": {
			"DAM_lmp($/MWh)": -0.87344,
			"RTM_lmp($/MWh)": 14.75113
		},
		"13:00:00": {
			"DAM_lmp($/MWh)": -1.6011,
			"RTM_lmp($/MWh)": 14.99893
		},
		"14:00:00": {
			"DAM_lmp($/MWh)": -0.48446,
			"RTM_lmp($/MWh)": 9.9976
		},
		"15:00:00": {
			"DAM_lmp($/MWh)": 2.58611,
			"RTM_lmp($/MWh)": 4.9988
		},
		"16:00:00": {
			"DAM_lmp($/MWh)": 7.70131,
			"RTM_lmp($/MWh)": 4.95
		},
		"17:00:00": {
			"DAM_lmp($/MWh)": 24.26112,
			"RTM_lmp($/MWh)": 0.0
		},
		"18:00:00": {
			"DAM_lmp($/MWh)": 43.51085,
			"RTM_lmp($/MWh)": 13.41197
		},
		"19:00:00": {
			"DAM_lmp($/MWh)": 61.37025,
			"RTM_lmp($/MWh)": 26.52601
		},
		"20:00:00": {
			"DAM_lmp($/MWh)": 61.61062,
			"RTM_lmp($/MWh)": 40.0
		},
		"21:00:00": {
			"DAM_lmp($/MWh)": 49.02157,
			"RTM_lmp($/MWh)": 42.13294
		},
		"22:00:00": {
			"DAM_lmp($/MWh)": 47.11715,
			"RTM_lmp($/MWh)": 31.89069
		},
		"23:00:00": {
			"DAM_lmp($/MWh)": 46.36929,
			"RTM_lmp($/MWh)": 33.09558
		}
	}
}