{
	"2023-05-22": {
		"00:00:00": {
			"DAM_lmp($/MWh)": 31.23378,
			"RTM_lmp($/MWh)": 27.89637
		},
		"01:00:00": {
			"DAM_lmp($/MWh)": 28.00899,
			"RTM_lmp($/MWh)": 24.20349
		},
		"02:00:00": {
			"DAM_lmp($/MWh)": 27.31596,
			"RTM_lmp($/MWh)": 20.09852
		},
		"03:00:00": {
			"DAM_lmp($/MWh)": 25.86293,
			"RTM_lmp($/MWh)": 5.76756
		},
		"04:00:00": {
			"DAM_lmp($/MWh)": 28.8509,
			"RTM_lmp($/MWh)": 1.47956
		},
		"05:00:00": {
			"DAM_lmp($/MWh)": 34.94736,
			"RTM_lmp($/MWh)": 30.81135
		},
		"06:00:00": {
			"DAM_lmp($/MWh)": 37.43363,
			"RTM_lmp($/MWh)": 72.0
		},
		"07:00:00": {
			"DAM_lmp($/MWh)": 24.80677,
			"RTM_lmp($/MWh)": 18.0208
		},
		"08:00:00": {
			"DAM_lmp($/MWh)": 8.43883,
			"RTM_lmp($/MWh)": 12.8688
		},
		"09:00:00": {
			"DAM_lmp($/MWh)": 5.41426,
			"RTM_lmp($/MWh)": 12.94
		},
		"10:00:00": {
			"DAM_lmp($/MWh)": 4.23297,
			"RTM_lmp($/MWh)": 15.4
		},
		"11:00:00": {
			"DAM_lmp($/MWh)": 3.06102,
			"RTM_lmp($/MWh)": 11.34931
		},
		"12:00:00": {
			"DAM_lmp($/MWh)": 0.9149,
			"RTM_lmp($/MWh)": 14.31383
		},
		"13:00:00": {
			"DAM_lmp($/MWh)": 0.36048,
			"RTM_lmp($/MWh)": 14.5516
		},
		"14:00:00": {
			"DAM_lmp($/MWh)": 1.44186,
			"RTM_lmp($/MWh)": 9.9976
		},
		"15:00:00": {
			"DAM_lmp($/MWh)": 4.32303,
			"RTM_lmp($/MWh)": 4.9988
		},
		"16:00:00": {
			"DAM_lmp($/MWh)": 8.79471,
			"RTM_lmp($/MWh)": 4.95
		},
		"17:00:00": {
			"DAM_lmp($/MWh)": 23.39474,
			"RTM_lmp($/MWh)": 0.0
		},
		"18:00:00": {
			"DAM_lmp($/MWh)": 42.13032,
			"RTM_lmp($/MWh)": 13.42768
		},
		"19:00:00": {
			"DAM_lmp($/MWh)": 62.84391,
			"RTM_lmp($/MWh)": 26.39949
		},
		"20:00:00": {
			"DAM_lmp($/MWh)": 63.19652,
			"RTM_lmp($/MWh)": 40.0
		},
		"21:00:00": {
			"DAM_lmp($/MWh)": 48.66713,
			"RTM_lmp($/MWh)": 40.66431
		},
		"22:00:00": {
			"DAM_lmp($/MWh)": 40.39764,
			"RTM_lmp($/MWh)": 30.98026
		},
		"23:00:00": {
			"DAM_lmp($/MWh)": 33.69751,
			"RTM_lmp($/MWh)": 32.30165
		}
	},
	"2023-05-23": {
		"00:00:00": {
			"DAM_lmp($/MWh)": 31.23378,
			"RTM_lmp($/MWh)": 27.89637
		},
		"01:00:00": {
			"DAM_lmp($/MWh)": 28.00899,
			"RTM_lmp($/MWh)": 24.20349
		},
		"02:00:00": {
			"DAM_lmp($/MWh)": 27.31596,
			"RTM_lmp($/MWh)": 20.09852
		},
		"03:00:00": {
			"DAM_lmp($/MWh)": 25.86293,
			"RTM_lmp($/MWh)": 5.76756
		},
		"04:00:00": {
			"DAM_lmp($/MWh)": 28.8509,
			"RTM_lmp($/MWh)": 1.47956
		},
		"05:00:00": {
			"DAM_lmp($/MWh)": 34.94736,
			"RTM_lmp($/MWh)": 30.81135
		},
		"06:00:00": {
			"DAM_lmp($/MWh)": 37.43363,
			"RTM_lmp($/MWh)": 72.0
		},
		"07:00:00": {
			"DAM_lmp($/MWh)": 24.80677,
			"RTM_lmp($/MWh)": 18.0208
		},
		"08:00:00": {
			"DAM_lmp($/MWh)": 8.43883,
			"RTM_lmp($/MWh)": 12.8688
		},
		"09:00:00": {
			"DAM_lmp($/MWh)": 5.41426,
			"RTM_lmp($/MWh)": 12.94
		},
		"10:00:00": {
			"DAM_lmp($/MWh)": 4.23297,
			"RTM_lmp($/MWh)": 15.4
		},
		"11:00:00": {
			"DAM_lmp($/MWh)": 3.06102,
			"RTM_lmp($/MWh)": 11.34931
		},
		"12:00:00": {
			"DAM_lmp($/MWh)": 0.9149,
			"RTM_lmp($/MWh)": 14.31383
		},
		"13:00:00": {
			"DAM_lmp($/MWh)": 0.36048,
			"RTM_lmp($/MWh)": 14.5516
		},
		"14:00:00": {
			"DAM_lmp($/MWh)": 1.44186,
			"RTM_lmp($/MWh)": 9.9976
		},
		"15:00:00": {
			"DAM_lmp($/MWh)": 4.32303,
			"RTM_lmp($/MWh)": 4.9988
		},
		"16:00:00": {
			"DAM_lmp($/MWh)": 8.79471,
			"RTM_lmp($/MWh)": 4.95
		},
		"17:00:00": {
			"DAM_lmp($/MWh)": 23.39474,
			"RTM_lmp($/MWh)": 0.0
		},
		"18:00:00": {
			"DAM_lmp($/MWh)": 42.13032,
			"RTM_lmp($/MWh)": 13.42768
		},
		"19:00:00": {
			"DAM_lmp($/MWh)": 62.84391,
			"RTM_lmp($/MWh)": 26.39949
		},
		"20:00:00": {
			"DAM_lmp($/MWh)": 63.19652,
			"RTM_lmp($/MWh)": 40.0
		},
		"21:00:00": {
			"DAM_lmp($/MWh)": 48.66713,
			"RTM_lmp($/MWh)": 40.66431
		},
		"22:00:00": {
			"DAM_lmp($/MWh)": 40.39764,
			"RTM_lmp($/MWh)": 30.98026
		},
		"23:00:00": {
			"DAM_lmp($/MWh)": 33.69751,
			"RTM_lmp($/MWh)": 32.30165
		}
	}
}