{
	"2023-05-22": {
		"00:00:00": {
			"DAM_lmp($/MWh)": 32.10364,
			"RTM_lmp($/MWh)": 27.57481
		},
		"01:00:00": {
			"DAM_lmp($/MWh)": 28.84135,
			"RTM_lmp($/MWh)": 23.82766
		},
		"02:00:00": {
			"DAM_lmp($/MWh)": 28.42284,
			"RTM_lmp($/MWh)": 19.77217
		},
		"03:00:00": {
			"DAM_lmp($/MWh)": 26.96317,
			"RTM_lmp($/MWh)": 6.31514
		},
		"04:00:00": {
			"DAM_lmp($/MWh)": 29.75068,
			"RTM_lmp($/MWh)": 1.54697
		},
		"05:00:00": {
			"DAM_lmp($/MWh)": 34.9396,
			"RTM_lmp($/MWh)": 30.81135
		},
		"06:00:00": {
			"DAM_lmp($/MWh)": 37.94089,
			"RTM_lmp($/MWh)": 72.0
		},
		"07:00:00": {
			"DAM_lmp($/MWh)": 24.70584,
			"RTM_lmp($/MWh)": 18.0208
		},
		"08:00:00": {
			"DAM_lmp($/MWh)": -12.13988,
			"RTM_lmp($/MWh)": 12.8688
		},
		"09:00:00": {
			"DAM_lmp($/MWh)": -16.35645,
			"RTM_lmp($/MWh)": 12.94
		},
		"10:00:00": {
			"DAM_lmp($/MWh)": -9.03104,
			"RTM_lmp($/MWh)": 15.4
		},
		"11:00:00": {
			"DAM_lmp($/MWh)": -8.75444,
			"RTM_lmp($/MWh)": -20.04285
		},
		"12:00:00": {
			"DAM_lmp($/MWh)": -11.62712,
			"RTM_lmp($/MWh)": 14.03821
		},
		"13:00:00": {
			"DAM_lmp($/MWh)": -13.21201,
			"RTM_lmp($/MWh)": 14.27692
		},
		"14:00:00": {
			"DAM_lmp($/MWh)": -12.30336,
			"RTM_lmp($/MWh)": 9.9976
		},
		"15:00:00": {
			"DAM_lmp($/MWh)": -8.86707,
			"RTM_lmp($/MWh)": 4.9988
		},
		"16:00:00": {
			"DAM_lmp($/MWh)": -2.45253,
			"RTM_lmp($/MWh)": 4.95
		},
		"17:00:00": {
			"DAM_lmp($/MWh)": 23.42212,
			"RTM_lmp($/MWh)": 0.0
		},
		"18:00:00": {
			"DAM_lmp($/MWh)": 41.97254,
			"RTM_lmp($/MWh)": 13.12637
		},
		"19:00:00": {
			"DAM_lmp($/MWh)": 61.40256,
			"RTM_lmp($/MWh)": 26.21245
		},
		"20:00:00": {
			"DAM_lmp($/MWh)": 61.58472,
			"RTM_lmp($/MWh)": 40.0
		},
		"21:00:00": {
			"DAM_lmp($/MWh)": 47.81849,
			"RTM_lmp($/MWh)": 40.8909
		},
		"22:00:00": {
			"DAM_lmp($/MWh)": 40.6489,
			"RTM_lmp($/MWh)": 31.12033
		},
		"23:00:00": {
			"DAM_lmp($/MWh)": 33.82499,
			"RTM_lmp($/MWh)": 32.36477
		}
	},
	"2023-05-23": {
		"00:00:00": {
			"DAM_lmp($/MWh)": 32.10364,
			"RTM_lmp($/MWh)": 27.57481
		},
		"01:00:00": {
			"DAM_lmp($/MWh)": 28.84135,
			"RTM_lmp($/MWh)": 23.82766
		},
		"02:00:00": {
			"DAM_lmp($/MWh)": 28.42284,
			"RTM_lmp($/MWh)": 19.77217
		},
		"03:00:00": {
			"DAM_lmp($/MWh)": 26.96317,
			"RTM_lmp($/MWh)": 6.31514
		},
		"04:00:00": {
			"DAM_lmp($/MWh)": 29.75068,
			"RTM_lmp($/MWh)": 1.54697
		},
		"05:00:00": {
			"DAM_lmp($/MWh)": 34.9396,
			"RTM_lmp($/MWh)": 30.81135
		},
		"06:00:00": {
			"DAM_lmp($/MWh)": 37.94089,
			"RTM_lmp($/MWh)": 72.0
		},
		"07:00:00": {
			"DAM_lmp($/MWh)": 24.70584,
			"RTM_lmp($/MWh)": 18.0208
		},
		"08:00:00": {
			"DAM_lmp($/MWh)": -12.13988,
			"RTM_lmp($/MWh)": 12.8688
		},
		"09:00:00": {
			"DAM_lmp($/MWh)": -16.35645,
			"RTM_lmp($/MWh)": 12.94
		},
		"10:00:00": {
			"DAM_lmp($/MWh)": -9.03104,
			"RTM_lmp($/MWh)": 15.4
		},
		"11:00:00": {
			"DAM_lmp($/MWh)": -8.75444,
			"RTM_lmp($/MWh)": -20.04285
		},
		"12:00:00": {
			"DAM_lmp($/MWh)": -11.62712,
			"RTM_lmp($/MWh)": 14.03821
		},
		"13:00:00": {
			"DAM_lmp($/MWh)": -13.21201,
			"RTM_lmp($/MWh)": 14.27692
		},
		"14:00:00": {
			"DAM_lmp($/MWh)": -12.30336,
			"RTM_lmp($/MWh)": 9.9976
		},
		"15:00:00": {
			"DAM_lmp($/MWh)": -8.86707,
			"RTM_lmp($/MWh)": 4.9988
		},
		"16:00:00": {
			"DAM_lmp($/MWh)": -2.45253,
			"RTM_lmp($/MWh)": 4.95
		},
		"17:00:00": {
			"DAM_lmp($/MWh)": 23.42212,
			"RTM_lmp($/MWh)": 0.0
		},
		"18:00:00": {
			"DAM_lmp($/MWh)": 41.97254,
			"RTM_lmp($/MWh)": 13.12637
		},
		"19:00:00": {
			"DAM_lmp($/MWh)": 61.40256,
			"RTM_lmp($/MWh)": 26.21245
		},
		"20:00:00": {
			"DAM_lmp($/MWh)": 61.58472,
			"RTM_lmp($/MWh)": 40.0
		},
		"21:00:00": {
			"DAM_lmp($/MWh)": 47.81849,
			"RTM_lmp($/MWh)": 40.8909
		},
		"22:00:00": {
			"DAM_lmp($/MWh)": 40.6489,
			"RTM_lmp($/MWh)": 31.12033
		},
		"23:00:00": {
			"DAM_lmp($/MWh)": 33.82499,
			"RTM_lmp($/MWh)": 32.36477
		}
	}
}