{
	"2023-05-22": {
		"00:00:00": {
			"DAM_lmp($/MWh)": 19.27388,
			"RTM_lmp($/MWh)": 23.29204
		},
		"01:00:00": {
			"DAM_lmp($/MWh)": 15.67356,
			"RTM_lmp($/MWh)": 20.06944
		},
		"02:00:00": {
			"DAM_lmp($/MWh)": 13.10119,
			"RTM_lmp($/MWh)": 16.63998
		},
		"03:00:00": {
			"DAM_lmp($/MWh)": 10.8988,
			"RTM_lmp($/MWh)": 5.21122
		},
		"04:00:00": {
			"DAM_lmp($/MWh)": 14.82537,
			"RTM_lmp($/MWh)": 0.88932
		},
		"05:00:00": {
			"DAM_lmp($/MWh)": 25.50831,
			"RTM_lmp($/MWh)": 30.81135
		},
		"06:00:00": {
			"DAM_lmp($/MWh)": 24.57603,
			"RTM_lmp($/MWh)": 72.0
		},
		"07:00:00": {
			"DAM_lmp($/MWh)": 22.85536,
			"RTM_lmp($/MWh)": 18.0208
		},
		"08:00:00": {
			"DAM_lmp($/MWh)": 11.64347,
			"RTM_lmp($/MWh)": 12.8688
		},
		"09:00:00": {
			"DAM_lmp($/MWh)": 9.41673,
			"RTM_lmp($/MWh)": 12.94
		},
		"10:00:00": {
			"DAM_lmp($/MWh)": 6.7398,
			"RTM_lmp($/MWh)": 15.4
		},
		"11:00:00": {
			"DAM_lmp($/MWh)": 5.03225,
			"RTM_lmp($/MWh)": 14.7764
		},
		"12:00:00": {
			"DAM_lmp($/MWh)": 3.61008,
			"RTM_lmp($/MWh)": 13.24984
		},
		"13:00:00": {
			"DAM_lmp($/MWh)": 3.31162,
			"RTM_lmp($/MWh)": 13.4733
		},
		"14:00:00": {
			"DAM_lmp($/MWh)": 4.30506,
			"RTM_lmp($/MWh)": 9.9976
		},
		"15:00:00": {
			"DAM_lmp($/MWh)": 6.94672,
			"RTM_lmp($/MWh)": 4.9988
		},
		"16:00:00": {
			"DAM_lmp($/MWh)": 10.80192,
			"RTM_lmp($/MWh)": 4.95
		},
		"17:00:00": {
			"DAM_lmp($/MWh)": 21.99558,
			"RTM_lmp($/MWh)": 0.0
		},
		"18:00:00": {
			"DAM_lmp($/MWh)": 39.78429,
			"RTM_lmp($/MWh)": 11.87114
		},
		"19:00:00": {
			"DAM_lmp($/MWh)": 58.36343,
			"RTM_lmp($/MWh)": 23.0356
		},
		"20:00:00": {
			"DAM_lmp($/MWh)": 58.2512,
			"RTM_lmp($/MWh)": 40.0
		},
		"21:00:00": {
			"DAM_lmp($/MWh)": 44.26411,
			"RTM_lmp($/MWh)": 34.72265
		},
		"22:00:00": {
			"DAM_lmp($/MWh)": 33.01641,
			"RTM_lmp($/MWh)": 26.43763
		},
		"23:00:00": {
			"DAM_lmp($/MWh)": 22.52457,
			"RTM_lmp($/MWh)": 27.47501
		}
	},
	"2023-05-23": {
		"00:00:00": {
			"DAM_lmp($/MWh)": 19.27388,
			"RTM_lmp($/MWh)": 23.29204
		},
		"01:00:00": {
			"DAM_lmp($/MWh)": 15.67356,
			"RTM_lmp($/MWh)": 20.06944
		},
		"02:00:00": {
			"DAM_lmp($/MWh)": 13.10119,
			"RTM_lmp($/MWh)": 16.63998
		},
		"03:00:00": {
			"DAM_lmp($/MWh)": 10.8988,
			"RTM_lmp($/MWh)": 5.21122
		},
		"04:00:00": {
			"DAM_lmp($/MWh)": 14.82537,
			"RTM_lmp($/MWh)": 0.88932
		},
		"05:00:00": {
			"DAM_lmp($/MWh)": 25.50831,
			"RTM_lmp($/MWh)": 30.81135
		},
		"06:00:00": {
			"DAM_lmp($/MWh)": 24.57603,
			"RTM_lmp($/MWh)": 72.0
		},
		"07:00:00": {
			"DAM_lmp($/MWh)": 22.85536,
			"RTM_lmp($/MWh)": 18.0208
		},
		"08:00:00": {
			"DAM_lmp($/MWh)": 11.64347,
			"RTM_lmp($/MWh)": 12.8688
		},
		"09:00:00": {
			"DAM_lmp($/MWh)": 9.41673,
			"RTM_lmp($/MWh)": 12.94
		},
		"10:00:00": {
			"DAM_lmp($/MWh)": 6.7398,
			"RTM_lmp($/MWh)": 15.4
		},
		"11:00:00": {
			"DAM_lmp($/MWh)": 5.03225,
			"RTM_lmp($/MWh)": 14.7764
		},
		"12:00:00": {
			"DAM_lmp($/MWh)": 3.61008,
			"RTM_lmp($/MWh)": 13.24984
		},
		"13:00:00": {
			"DAM_lmp($/MWh)": 3.31162,
			"RTM_lmp($/MWh)": 13.4733
		},
		"14:00:00": {
			"DAM_lmp($/MWh)": 4.30506,
			"RTM_lmp($/MWh)": 9.9976
		},
		"15:00:00": {
			"DAM_lmp($/MWh)": 6.94672,
			"RTM_lmp($/MWh)": 4.9988
		},
		"16:00:00": {
			"DAM_lmp($/MWh)": 10.80192,
			"RTM_lmp($/MWh)": 4.95
		},
		"17:00:00": {
			"DAM_lmp($/MWh)": 21.99558,
			"RTM_lmp($/MWh)": 0.0
		},
		"18:00:00": {
			"DAM_lmp($/MWh)": 39.78429,
			"RTM_lmp($/MWh)": 11.87114
		},
		"19:00:00": {
			"DAM_lmp($/MWh)": 58.36343,
			"RTM_lmp($/MWh)": 23.0356
		},
		"20:00:00": {
			"DAM_lmp($/MWh)": 58.2512,
			"RTM_lmp($/MWh)": 40.0
		},
		"21:00:00": {
			"DAM_lmp($/MWh)": 44.26411,
			"RTM_lmp($/MWh)": 34.72265
		},
		"22:00:00": {
			"DAM_lmp($/MWh)": 33.01641,
			"RTM_lmp($/MWh)": 26.43763
		},
		"23:00:00": {
			"DAM_lmp($/MWh)": 22.52457,
			"RTM_lmp($/MWh)": 27.47501
		}
	}
}