{
	"2023-05-22": {
		"00:00:00": {
			"DAM_lmp($/MWh)": 19.07844,
			"RTM_lmp($/MWh)": 25.7991
		},
		"01:00:00": {
			"DAM_lmp($/MWh)": 16.26893,
			"RTM_lmp($/MWh)": 21.38976
		},
		"02:00:00": {
			"DAM_lmp($/MWh)": 14.48719,
			"RTM_lmp($/MWh)": 18.12192
		},
		"03:00:00": {
			"DAM_lmp($/MWh)": 11.69491,
			"RTM_lmp($/MWh)": 6.46154
		},
		"04:00:00": {
			"DAM_lmp($/MWh)": 16.7921,
			"RTM_lmp($/MWh)": 1.3818
		},
		"05:00:00": {
			"DAM_lmp($/MWh)": 26.59417,
			"RTM_lmp($/MWh)": 30.81135
		},
		"06:00:00": {
			"DAM_lmp($/MWh)": 26.4164,
			"RTM_lmp($/MWh)": 72.0
		},
		"07:00:00": {
			"DAM_lmp($/MWh)": 22.78807,
			"RTM_lmp($/MWh)": 18.0208
		},
		"08:00:00": {
			"DAM_lmp($/MWh)": 15.01405,
			"RTM_lmp($/MWh)": 12.8688
		},
		"09:00:00": {
			"DAM_lmp($/MWh)": 12.99199,
			"RTM_lmp($/MWh)": 12.94
		},
		"10:00:00": {
			"DAM_lmp($/MWh)": 8.55584,
			"RTM_lmp($/MWh)": 15.4
		},
		"11:00:00": {
			"DAM_lmp($/MWh)": 6.68218,
			"RTM_lmp($/MWh)": 14.7764
		},
		"12:00:00": {
			"DAM_lmp($/MWh)": 5.23461,
			"RTM_lmp($/MWh)": 13.57474
		},
		"13:00:00": {
			"DAM_lmp($/MWh)": 5.124,
			"RTM_lmp($/MWh)": 13.82331
		},
		"14:00:00": {
			"DAM_lmp($/MWh)": 6.18604,
			"RTM_lmp($/MWh)": 9.9976
		},
		"15:00:00": {
			"DAM_lmp($/MWh)": 9.45553,
			"RTM_lmp($/MWh)": 4.9988
		},
		"16:00:00": {
			"DAM_lmp($/MWh)": 13.55763,
			"RTM_lmp($/MWh)": 4.95
		},
		"17:00:00": {
			"DAM_lmp($/MWh)": 23.78311,
			"RTM_lmp($/MWh)": 0.0
		},
		"18:00:00": {
			"DAM_lmp($/MWh)": 39.01689,
			"RTM_lmp($/MWh)": 12.28955
		},
		"19:00:00": {
			"DAM_lmp($/MWh)": 57.84122,
			"RTM_lmp($/MWh)": 23.23364
		},
		"20:00:00": {
			"DAM_lmp($/MWh)": 52.54097,
			"RTM_lmp($/MWh)": 40.0
		},
		"21:00:00": {
			"DAM_lmp($/MWh)": 43.06197,
			"RTM_lmp($/MWh)": 34.37437
		},
		"22:00:00": {
			"DAM_lmp($/MWh)": 33.41269,
			"RTM_lmp($/MWh)": 26.19252
		},
		"23:00:00": {
			"DAM_lmp($/MWh)": 23.46443,
			"RTM_lmp($/MWh)": 27.49162
		}
	},
	"2023-05-23": {
		"00:00:00": {
			"DAM_lmp($/MWh)": 19.07844,
			"RTM_lmp($/MWh)": 25.7991
		},
		"01:00:00": {
			"DAM_lmp($/MWh)": 16.26893,
			"RTM_lmp($/MWh)": 21.38976
		},
		"02:00:00": {
			"DAM_lmp($/MWh)": 14.48719,
			"RTM_lmp($/MWh)": 18.12192
		},
		"03:00:00": {
			"DAM_lmp($/MWh)": 11.69491,
			"RTM_lmp($/MWh)": 6.46154
		},
		"04:00:00": {
			"DAM_lmp($/MWh)": 16.7921,
			"RTM_lmp($/MWh)": 1.3818
		},
		"05:00:00": {
			"DAM_lmp($/MWh)": 26.59417,
			"RTM_lmp($/MWh)": 30.81135
		},
		"06:00:00": {
			"DAM_lmp($/MWh)": 26.4164,
			"RTM_lmp($/MWh)": 72.0
		},
		"07:00:00": {
			"DAM_lmp($/MWh)": 22.78807,
			"RTM_lmp($/MWh)": 18.0208
		},
		"08:00:00": {
			"DAM_lmp($/MWh)": 15.01405,
			"RTM_lmp($/MWh)": 12.8688
		},
		"09:00:00": {
			"DAM_lmp($/MWh)": 12.99199,
			"RTM_lmp($/MWh)": 12.94
		},
		"10:00:00": {
			"DAM_lmp($/MWh)": 8.55584,
			"RTM_lmp($/MWh)": 15.4
		},
		"11:00:00": {
			"DAM_lmp($/MWh)": 6.68218,
			"RTM_lmp($/MWh)": 14.7764
		},
		"12:00:00": {
			"DAM_lmp($/MWh)": 5.23461,
			"RTM_lmp($/MWh)": 13.57474
		},
		"13:00:00": {
			"DAM_lmp($/MWh)": 5.124,
			"RTM_lmp($/MWh)": 13.82331
		},
		"14:00:00": {
			"DAM_lmp($/MWh)": 6.18604,
			"RTM_lmp($/MWh)": 9.9976
		},
		"15:00:00": {
			"DAM_lmp($/MWh)": 9.45553,
			"RTM_lmp($/MWh)": 4.9988
		},
		"16:00:00": {
			"DAM_lmp($/MWh)": 13.55763,
			"RTM_lmp($/MWh)": 4.95
		},
		"17:00:00": {
			"DAM_lmp($/MWh)": 23.78311,
			"RTM_lmp($/MWh)": 0.0
		},
		"18:00:00": {
			"DAM_lmp($/MWh)": 39.01689,
			"RTM_lmp($/MWh)": 12.28955
		},
		"19:00:00": {
			"DAM_lmp($/MWh)": 57.84122,
			"RTM_lmp($/MWh)": 23.23364
		},
		"20:00:00": {
			"DAM_lmp($/MWh)": 52.54097,
			"RTM_lmp($/MWh)": 40.0
		},
		"21:00:00": {
			"DAM_lmp($/MWh)": 43.06197,
			"RTM_lmp($/MWh)": 34.37437
		},
		"22:00:00": {
			"DAM_lmp($/MWh)": 33.41269,
			"RTM_lmp($/MWh)": 26.19252
		},
		"23:00:00": {
			"DAM_lmp($/MWh)": 23.46443,
			"RTM_lmp($/MWh)": 27.49162
		}
	}
}