{
	"2023-05-22": {
		"00:00:00": {
			"DAM_lmp($/MWh)": 29.03532,
			"RTM_lmp($/MWh)": 28.36307
		},
		"01:00:00": {
			"DAM_lmp($/MWh)": 25.43381,
			"RTM_lmp($/MWh)": 24.72519
		},
		"02:00:00": {
			"DAM_lmp($/MWh)": 24.20254,
			"RTM_lmp($/MWh)": 20.53571
		},
		"03:00:00": {
			"DAM_lmp($/MWh)": 22.43149,
			"RTM_lmp($/MWh)": 23.85274
		},
		"04:00:00": {
			"DAM_lmp($/MWh)": 25.92709,
			"RTM_lmp($/MWh)": 20.6876
		},
		"05:00:00": {
			"DAM_lmp($/MWh)": 33.70829,
			"RTM_lmp($/MWh)": 30.81135
		},
		"06:00:00": {
			"DAM_lmp($/MWh)": 34.68372,
			"RTM_lmp($/MWh)": 72.0
		},
		"07:00:00": {
			"DAM_lmp($/MWh)": 24.03811,
			"RTM_lmp($/MWh)": 18.0208
		},
		"08:00:00": {
			"DAM_lmp($/MWh)": 10.06275,
			"RTM_lmp($/MWh)": 12.8688
		},
		"09:00:00": {
			"DAM_lmp($/MWh)": 7.30398,
			"RTM_lmp($/MWh)": 12.94
		},
		"10:00:00": {
			"DAM_lmp($/MWh)": 5.42998,
			"RTM_lmp($/MWh)": 15.4
		},
		"11:00:00": {
			"DAM_lmp($/MWh)": 4.08907,
			"RTM_lmp($/MWh)": 14.7764
		},
		"12:00:00": {
			"DAM_lmp($/MWh)": 2.15543,
			"RTM_lmp($/MWh)": 13.97816
		},
		"13:00:00": {
			"DAM_lmp($/MWh)": 1.71912,
			"RTM_lmp($/MWh)": 14.18589
		},
		"14:00:00": {
			"DAM_lmp($/MWh)": 2.68344,
			"RTM_lmp($/MWh)": 9.9976
		},
		"15:00:00": {
			"DAM_lmp($/MWh)": 5.44204,
			"RTM_lmp($/MWh)": 4.9988
		},
		"16:00:00": {
			"DAM_lmp($/MWh)": 9.44604,
			"RTM_lmp($/MWh)": 4.95
		},
		"17:00:00": {
			"DAM_lmp($/MWh)": 22.57815,
			"RTM_lmp($/MWh)": 0.0
		},
		"18:00:00": {
			"DAM_lmp($/MWh)": 41.09163,
			"RTM_lmp($/MWh)": 13.16921
		},
		"19:00:00": {
			"DAM_lmp($/MWh)": 62.5983,
			"RTM_lmp($/MWh)": 26.51226
		},
		"20:00:00": {
			"DAM_lmp($/MWh)": 62.96996,
			"RTM_lmp($/MWh)": 40.0
		},
		"21:00:00": {
			"DAM_lmp($/MWh)": 48.59724,
			"RTM_lmp($/MWh)": 40.96224
		},
		"22:00:00": {
			"DAM_lmp($/MWh)": 39.46355,
			"RTM_lmp($/MWh)": 31.32406
		},
		"23:00:00": {
			"DAM_lmp($/MWh)": 31.11569,
			"RTM_lmp($/MWh)": 32.85972
		}
	},
	"2023-05-23": {
		"00:00:00": {
			"DAM_lmp($/MWh)": 29.03532,
			"RTM_lmp($/MWh)": 28.36307
		},
		"01:00:00": {
			"DAM_lmp($/MWh)": 25.43381,
			"RTM_lmp($/MWh)": 24.72519
		},
		"02:00:00": {
			"DAM_lmp($/MWh)": 24.20254,
			"RTM_lmp($/MWh)": 20.53571
		},
		"03:00:00": {
			"DAM_lmp($/MWh)": 22.43149,
			"RTM_lmp($/MWh)": 23.85274
		},
		"04:00:00": {
			"DAM_lmp($/MWh)": 25.92709,
			"RTM_lmp($/MWh)": 20.6876
		},
		"05:00:00": {
			"DAM_lmp($/MWh)": 33.70829,
			"RTM_lmp($/MWh)": 30.81135
		},
		"06:00:00": {
			"DAM_lmp($/MWh)": 34.68372,
			"RTM_lmp($/MWh)": 72.0
		},
		"07:00:00": {
			"DAM_lmp($/MWh)": 24.03811,
			"RTM_lmp($/MWh)": 18.0208
		},
		"08:00:00": {
			"DAM_lmp($/MWh)": 10.06275,
			"RTM_lmp($/MWh)": 12.8688
		},
		"09:00:00": {
			"DAM_lmp($/MWh)": 7.30398,
			"RTM_lmp($/MWh)": 12.94
		},
		"10:00:00": {
			"DAM_lmp($/MWh)": 5.42998,
			"RTM_lmp($/MWh)": 15.4
		},
		"11:00:00": {
			"DAM_lmp($/MWh)": 4.08907,
			"RTM_lmp($/MWh)": 14.7764
		},
		"12:00:00": {
			"DAM_lmp($/MWh)": 2.15543,
			"RTM_lmp($/MWh)": 13.97816
		},
		"13:00:00": {
			"DAM_lmp($/MWh)": 1.71912,
			"RTM_lmp($/MWh)": 14.18589
		},
		"14:00:00": {
			"DAM_lmp($/MWh)": 2.68344,
			"RTM_lmp($/MWh)": 9.9976
		},
		"15:00:00": {
			"DAM_lmp($/MWh)": 5.44204,
			"RTM_lmp($/MWh)": 4.9988
		},
		"16:00:00": {
			"DAM_lmp($/MWh)": 9.44604,
			"RTM_lmp($/MWh)": 4.95
		},
		"17:00:00": {
			"DAM_lmp($/MWh)": 22.57815,
			"RTM_lmp($/MWh)": 0.0
		},
		"18:00:00": {
			"DAM_lmp($/MWh)": 41.09163,
			"RTM_lmp($/MWh)": 13.16921
		},
		"19:00:00": {
			"DAM_lmp($/MWh)": 62.5983,
			"RTM_lmp($/MWh)": 26.51226
		},
		"20:00:00": {
			"DAM_lmp($/MWh)": 62.96996,
			"RTM_lmp($/MWh)": 40.0
		},
		"21:00:00": {
			"DAM_lmp($/MWh)": 48.59724,
			"RTM_lmp($/MWh)": 40.96224
		},
		"22:00:00": {
			"DAM_lmp($/MWh)": 39.46355,
			"RTM_lmp($/MWh)": 31.32406
		},
		"23:00:00": {
			"DAM_lmp($/MWh)": 31.11569,
			"RTM_lmp($/MWh)": 32.85972
		}
	}
}