{
	"2023-05-22": {
		"00:00:00": {
			"DAM_lmp($/MWh)": 33.81003,
			"RTM_lmp($/MWh)": 31.39374
		},
		"01:00:00": {
			"DAM_lmp($/MWh)": 27.95004,
			"RTM_lmp($/MWh)": 27.71446
		},
		"02:00:00": {
			"DAM_lmp($/MWh)": 26.52031,
			"RTM_lmp($/MWh)": 22.06486
		},
		"03:00:00": {
			"DAM_lmp($/MWh)": 24.51846,
			"RTM_lmp($/MWh)": 23.76958
		},
		"04:00:00": {
			"DAM_lmp($/MWh)": 28.70019,
			"RTM_lmp($/MWh)": 20.8737
		},
		"05:00:00": {
			"DAM_lmp($/MWh)": 38.63301,
			"RTM_lmp($/MWh)": 30.81135
		},
		"06:00:00": {
			"DAM_lmp($/MWh)": 36.43212,
			"RTM_lmp($/MWh)": 72.0
		},
		"07:00:00": {
			"DAM_lmp($/MWh)": 21.6519,
			"RTM_lmp($/MWh)": 18.0208
		},
		"08:00:00": {
			"DAM_lmp($/MWh)": 3.37,
			"RTM_lmp($/MWh)": 12.8688
		},
		"09:00:00": {
			"DAM_lmp($/MWh)": -1.36782,
			"RTM_lmp($/MWh)": 12.94
		},
		"10:00:00": {
			"DAM_lmp($/MWh)": -4.93845,
			"RTM_lmp($/MWh)": 15.4
		},
		"11:00:00": {
			"DAM_lmp($/MWh)": -6.04,
			"RTM_lmp($/MWh)": 14.7764
		},
		"12:00:00": {
			"DAM_lmp($/MWh)": -1.27,
			"RTM_lmp($/MWh)": 12.79561
		},
		"13:00:00": {
			"DAM_lmp($/MWh)": -0.58486,
			"RTM_lmp($/MWh)": -26.5
		},
		"14:00:00": {
			"DAM_lmp($/MWh)": -0.56742,
			"RTM_lmp($/MWh)": 9.9976
		},
		"15:00:00": {
			"DAM_lmp($/MWh)": 0.5,
			"RTM_lmp($/MWh)": 4.9988
		},
		"16:00:00": {
			"DAM_lmp($/MWh)": 3.9924,
			"RTM_lmp($/MWh)": 4.95
		},
		"17:00:00": {
			"DAM_lmp($/MWh)": 16.48747,
			"RTM_lmp($/MWh)": 0.0
		},
		"18:00:00": {
			"DAM_lmp($/MWh)": 41.96378,
			"RTM_lmp($/MWh)": 13.34914
		},
		"19:00:00": {
			"DAM_lmp($/MWh)": 66.85123,
			"RTM_lmp($/MWh)": 29.53783
		},
		"20:00:00": {
			"DAM_lmp($/MWh)": 73.25566,
			"RTM_lmp($/MWh)": 40.0
		},
		"21:00:00": {
			"DAM_lmp($/MWh)": 57.30831,
			"RTM_lmp($/MWh)": 45.87166
		},
		"22:00:00": {
			"DAM_lmp($/MWh)": 44.15448,
			"RTM_lmp($/MWh)": 34.78117
		},
		"23:00:00": {
			"DAM_lmp($/MWh)": 35.06498,
			"RTM_lmp($/MWh)": 36.51708
		}
	},
	"2023-05-23": {
		"00:00:00": {
			"DAM_lmp($/MWh)": 33.81003,
			"RTM_lmp($/MWh)": 31.39374
		},
		"01:00:00": {
			"DAM_lmp($/MWh)": 27.95004,
			"RTM_lmp($/MWh)": 27.71446
		},
		"02:00:00": {
			"DAM_lmp($/MWh)": 26.52031,
			"RTM_lmp($/MWh)": 22.06486
		},
		"03:00:00": {
			"DAM_lmp($/MWh)": 24.51846,
			"RTM_lmp($/MWh)": 23.76958
		},
		"04:00:00": {
			"DAM_lmp($/MWh)": 28.70019,
			"RTM_lmp($/MWh)": 20.8737
		},
		"05:00:00": {
			"DAM_lmp($/MWh)": 38.63301,
			"RTM_lmp($/MWh)": 30.81135
		},
		"06:00:00": {
			"DAM_lmp($/MWh)": 36.43212,
			"RTM_lmp($/MWh)": 72.0
		},
		"07:00:00": {
			"DAM_lmp($/MWh)": 21.6519,
			"RTM_lmp($/MWh)": 18.0208
		},
		"08:00:00": {
			"DAM_lmp($/MWh)": 3.37,
			"RTM_lmp($/MWh)": 12.8688
		},
		"09:00:00": {
			"DAM_lmp($/MWh)": -1.36782,
			"RTM_lmp($/MWh)": 12.94
		},
		"10:00:00": {
			"DAM_lmp($/MWh)": -4.93845,
			"RTM_lmp($/MWh)": 15.4
		},
		"11:00:00": {
			"DAM_lmp($/MWh)": -6.04,
			"RTM_lmp($/MWh)": 14.7764
		},
		"12:00:00": {
			"DAM_lmp($/MWh)": -1.27,
			"RTM_lmp($/MWh)": 12.79561
		},
		"13:00:00": {
			"DAM_lmp($/MWh)": -0.58486,
			"RTM_lmp($/MWh)": -26.5
		},
		"14:00:00": {
			"DAM_lmp($/MWh)": -0.56742,
			"RTM_lmp($/MWh)": 9.9976
		},
		"15:00:00": {
			"DAM_lmp($/MWh)": 0.5,
			"RTM_lmp($/MWh)": 4.9988
		},
		"16:00:00": {
			"DAM_lmp($/MWh)": 3.9924,
			"RTM_lmp($/MWh)": 4.95
		},
		"17:00:00": {
			"DAM_lmp($/MWh)": 16.48747,
			"RTM_lmp($/MWh)": 0.0
		},
		"18:00:00": {
			"DAM_lmp($/MWh)": 41.96378,
			"RTM_lmp($/MWh)": 13.34914
		},
		"19:00:00": {
			"DAM_lmp($/MWh)": 66.85123,
			"RTM_lmp($/MWh)": 29.53783
		},
		"20:00:00": {
			"DAM_lmp($/MWh)": 73.25566,
			"RTM_lmp($/MWh)": 40.0
		},
		"21:00:00": {
			"DAM_lmp($/MWh)": 57.30831,
			"RTM_lmp($/MWh)": 45.87166
		},
		"22:00:00": {
			"DAM_lmp($/MWh)": 44.15448,
			"RTM_lmp($/MWh)": 34.78117
		},
		"23:00:00": {
			"DAM_lmp($/MWh)": 35.06498,
			"RTM_lmp($/MWh)": 36.51708
		}
	}
}