{
	"2023-05-22": {
		"00:00:00": {
			"DAM_lmp($/MWh)": 43.6451,
			"RTM_lmp($/MWh)": 28.05858
		},
		"01:00:00": {
			"DAM_lmp($/MWh)": 41.54468,
			"RTM_lmp($/MWh)": 24.17134
		},
		"02:00:00": {
			"DAM_lmp($/MWh)": 43.69671,
			"RTM_lmp($/MWh)": 20.13957
		},
		"03:00:00": {
			"DAM_lmp($/MWh)": 43.52005,
			"RTM_lmp($/MWh)": 6.35835
		},
		"04:00:00": {
			"DAM_lmp($/MWh)": 44.38852,
			"RTM_lmp($/MWh)": 1.59418
		},
		"05:00:00": {
			"DAM_lmp($/MWh)": 42.29038,
			"RTM_lmp($/MWh)": 30.81135
		},
		"06:00:00": {
			"DAM_lmp($/MWh)": 50.49383,
			"RTM_lmp($/MWh)": 72.0
		},
		"07:00:00": {
			"DAM_lmp($/MWh)": 25.33733,
			"RTM_lmp($/MWh)": 18.0208
		},
		"08:00:00": {
			"DAM_lmp($/MWh)": 5.41238,
			"RTM_lmp($/MWh)": 12.8688
		},
		"09:00:00": {
			"DAM_lmp($/MWh)": 1.96312,
			"RTM_lmp($/MWh)": 12.94
		},
		"10:00:00": {
			"DAM_lmp($/MWh)": 2.17585,
			"RTM_lmp($/MWh)": 15.4
		},
		"11:00:00": {
			"DAM_lmp($/MWh)": 1.13007,
			"RTM_lmp($/MWh)": 3.67262
		},
		"12:00:00": {
			"DAM_lmp($/MWh)": -1.07469,
			"RTM_lmp($/MWh)": 14.56328
		},
		"13:00:00": {
			"DAM_lmp($/MWh)": -1.80415,
			"RTM_lmp($/MWh)": 14.79332
		},
		"14:00:00": {
			"DAM_lmp($/MWh)": -0.78635,
			"RTM_lmp($/MWh)": 9.9976
		},
		"15:00:00": {
			"DAM_lmp($/MWh)": 2.3103,
			"RTM_lmp($/MWh)": 4.9988
		},
		"16:00:00": {
			"DAM_lmp($/MWh)": 7.34001,
			"RTM_lmp($/MWh)": 4.95
		},
		"17:00:00": {
			"DAM_lmp($/MWh)": 23.99971,
			"RTM_lmp($/MWh)": 0.0
		},
		"18:00:00": {
			"DAM_lmp($/MWh)": 43.15585,
			"RTM_lmp($/MWh)": 13.36342
		},
		"19:00:00": {
			"DAM_lmp($/MWh)": 61.68049,
			"RTM_lmp($/MWh)": 26.50676
		},
		"20:00:00": {
			"DAM_lmp($/MWh)": 61.97958,
			"RTM_lmp($/MWh)": 40.0
		},
		"21:00:00": {
			"DAM_lmp($/MWh)": 48.9367,
			"RTM_lmp($/MWh)": 42.09098
		},
		"22:00:00": {
			"DAM_lmp($/MWh)": 45.83129,
			"RTM_lmp($/MWh)": 31.81111
		},
		"23:00:00": {
			"DAM_lmp($/MWh)": 43.88636,
			"RTM_lmp($/MWh)": 32.92284
		}
	},
	"2023-05-23": {
		"00:00:00": {
			"DAM_lmp($/MWh)": 43.6451,
			"RTM_lmp($/MWh)": 28.05858
		},
		"01:00:00": {
			"DAM_lmp($/MWh)": 41.54468,
			"RTM_lmp($/MWh)": 24.17134
		},
		"02:00:00": {
			"DAM_lmp($/MWh)": 43.69671,
			"RTM_lmp($/MWh)": 20.13957
		},
		"03:00:00": {
			"DAM_lmp($/MWh)": 43.52005,
			"RTM_lmp($/MWh)": 6.35835
		},
		"04:00:00": {
			"DAM_lmp($/MWh)": 44.38852,
			"RTM_lmp($/MWh)": 1.59418
		},
		"05:00:00": {
			"DAM_lmp($/MWh)": 42.29038,
			"RTM_lmp($/MWh)": 30.81135
		},
		"06:00:00": {
			"DAM_lmp($/MWh)": 50.49383,
			"RTM_lmp($/MWh)": 72.0
		},
		"07:00:00": {
			"DAM_lmp($/MWh)": 25.33733,
			"RTM_lmp($/MWh)": 18.0208
		},
		"08:00:00": {
			"DAM_lmp($/MWh)": 5.41238,
			"RTM_lmp($/MWh)": 12.8688
		},
		"09:00:00": {
			"DAM_lmp($/MWh)": 1.96312,
			"RTM_lmp($/MWh)": 12.94
		},
		"10:00:00": {
			"DAM_lmp($/MWh)": 2.17585,
			"RTM_lmp($/MWh)": 15.4
		},
		"11:00:00": {
			"DAM_lmp($/MWh)": 1.13007,
			"RTM_lmp($/MWh)": 3.67262
		},
		"12:00:00": {
			"DAM_lmp($/MWh)": -1.07469,
			"RTM_lmp($/MWh)": 14.56328
		},
		"13:00:00": {
			"DAM_lmp($/MWh)": -1.80415,
			"RTM_lmp($/MWh)": 14.79332
		},
		"14:00:00": {
			"DAM_lmp($/MWh)": -0.78635,
			"RTM_lmp($/MWh)": 9.9976
		},
		"15:00:00": {
			"DAM_lmp($/MWh)": 2.3103,
			"RTM_lmp($/MWh)": 4.9988
		},
		"16:00:00": {
			"DAM_lmp($/MWh)": 7.34001,
			"RTM_lmp($/MWh)": 4.95
		},
		"17:00:00": {
			"DAM_lmp($/MWh)": 23.99971,
			"RTM_lmp($/MWh)": 0.0
		},
		"18:00:00": {
			"DAM_lmp($/MWh)": 43.15585,
			"RTM_lmp($/MWh)": 13.36342
		},
		"19:00:00": {
			"DAM_lmp($/MWh)": 61.68049,
			"RTM_lmp($/MWh)": 26.50676
		},
		"20:00:00": {
			"DAM_lmp($/MWh)": 61.97958,
			"RTM_lmp($/MWh)": 40.0
		},
		"21:00:00": {
			"DAM_lmp($/MWh)": 48.9367,
			"RTM_lmp($/MWh)": 42.09098
		},
		"22:00:00": {
			"DAM_lmp($/MWh)": 45.83129,
			"RTM_lmp($/MWh)": 31.81111
		},
		"23:00:00": {
			"DAM_lmp($/MWh)": 43.88636,
			"RTM_lmp($/MWh)": 32.92284
		}
	}
}