{
	"2023-05-22": {
		"00:00:00": {
			"DAM_lmp($/MWh)": 25.47539,
			"RTM_lmp($/MWh)": 26.43938
		},
		"01:00:00": {
			"DAM_lmp($/MWh)": 21.66336,
			"RTM_lmp($/MWh)": 22.78921
		},
		"02:00:00": {
			"DAM_lmp($/MWh)": 19.73957,
			"RTM_lmp($/MWh)": 18.88136
		},
		"03:00:00": {
			"DAM_lmp($/MWh)": 17.66927,
			"RTM_lmp($/MWh)": 6.45501
		},
		"04:00:00": {
			"DAM_lmp($/MWh)": 21.45294,
			"RTM_lmp($/MWh)": 1.53936
		},
		"05:00:00": {
			"DAM_lmp($/MWh)": 30.92775,
			"RTM_lmp($/MWh)": -17.96238
		},
		"06:00:00": {
			"DAM_lmp($/MWh)": 31.721,
			"RTM_lmp($/MWh)": 72.0
		},
		"07:00:00": {
			"DAM_lmp($/MWh)": 25.53661,
			"RTM_lmp($/MWh)": 18.0208
		},
		"08:00:00": {
			"DAM_lmp($/MWh)": 16.24841,
			"RTM_lmp($/MWh)": 12.8688
		},
		"09:00:00": {
			"DAM_lmp($/MWh)": 13.83466,
			"RTM_lmp($/MWh)": 12.94
		},
		"10:00:00": {
			"DAM_lmp($/MWh)": 9.71696,
			"RTM_lmp($/MWh)": 15.4
		},
		"11:00:00": {
			"DAM_lmp($/MWh)": 7.83439,
			"RTM_lmp($/MWh)": 14.7764
		},
		"12:00:00": {
			"DAM_lmp($/MWh)": 5.92846,
			"RTM_lmp($/MWh)": 14.72342
		},
		"13:00:00": {
			"DAM_lmp($/MWh)": 5.75262,
			"RTM_lmp($/MWh)": 14.95498
		},
		"14:00:00": {
			"DAM_lmp($/MWh)": 6.86777,
			"RTM_lmp($/MWh)": 9.9976
		},
		"15:00:00": {
			"DAM_lmp($/MWh)": 9.84375,
			"RTM_lmp($/MWh)": 4.9988
		},
		"16:00:00": {
			"DAM_lmp($/MWh)": 13.81483,
			"RTM_lmp($/MWh)": 4.95
		},
		"17:00:00": {
			"DAM_lmp($/MWh)": 24.60717,
			"RTM_lmp($/MWh)": 0.0
		},
		"18:00:00": {
			"DAM_lmp($/MWh)": 43.22159,
			"RTM_lmp($/MWh)": 13.53336
		},
		"19:00:00": {
			"DAM_lmp($/MWh)": 63.50318,
			"RTM_lmp($/MWh)": 26.46825
		},
		"20:00:00": {
			"DAM_lmp($/MWh)": 63.682,
			"RTM_lmp($/MWh)": 40.0
		},
		"21:00:00": {
			"DAM_lmp($/MWh)": 48.9367,
			"RTM_lmp($/MWh)": 40.21113
		},
		"22:00:00": {
			"DAM_lmp($/MWh)": 38.07229,
			"RTM_lmp($/MWh)": 30.42636
		},
		"23:00:00": {
			"DAM_lmp($/MWh)": 28.12929,
			"RTM_lmp($/MWh)": 31.54427
		}
	},
	"2023-05-23": {
		"00:00:00": {
			"DAM_lmp($/MWh)": 25.47539,
			"RTM_lmp($/MWh)": 26.43938
		},
		"01:00:00": {
			"DAM_lmp($/MWh)": 21.66336,
			"RTM_lmp($/MWh)": 22.78921
		},
		"02:00:00": {
			"DAM_lmp($/MWh)": 19.73957,
			"RTM_lmp($/MWh)": 18.88136
		},
		"03:00:00": {
			"DAM_lmp($/MWh)": 17.66927,
			"RTM_lmp($/MWh)": 6.45501
		},
		"04:00:00": {
			"DAM_lmp($/MWh)": 21.45294,
			"RTM_lmp($/MWh)": 1.53936
		},
		"05:00:00": {
			"DAM_lmp($/MWh)": 30.92775,
			"RTM_lmp($/MWh)": -17.96238
		},
		"06:00:00": {
			"DAM_lmp($/MWh)": 31.721,
			"RTM_lmp($/MWh)": 72.0
		},
		"07:00:00": {
			"DAM_lmp($/MWh)": 25.53661,
			"RTM_lmp($/MWh)": 18.0208
		},
		"08:00:00": {
			"DAM_lmp($/MWh)": 16.24841,
			"RTM_lmp($/MWh)": 12.8688
		},
		"09:00:00": {
			"DAM_lmp($/MWh)": 13.83466,
			"RTM_lmp($/MWh)": 12.94
		},
		"10:00:00": {
			"DAM_lmp($/MWh)": 9.71696,
			"RTM_lmp($/MWh)": 15.4
		},
		"11:00:00": {
			"DAM_lmp($/MWh)": 7.83439,
			"RTM_lmp($/MWh)": 14.7764
		},
		"12:00:00": {
			"DAM_lmp($/MWh)": 5.92846,
			"RTM_lmp($/MWh)": 14.72342
		},
		"13:00:00": {
			"DAM_lmp($/MWh)": 5.75262,
			"RTM_lmp($/MWh)": 14.95498
		},
		"14:00:00": {
			"DAM_lmp($/MWh)": 6.86777,
			"RTM_lmp($/MWh)": 9.9976
		},
		"15:00:00": {
			"DAM_lmp($/MWh)": 9.84375,
			"RTM_lmp($/MWh)": 4.9988
		},
		"16:00:00": {
			"DAM_lmp($/MWh)": 13.81483,
			"RTM_lmp($/MWh)": 4.95
		},
		"17:00:00": {
			"DAM_lmp($/MWh)": 24.60717,
			"RTM_lmp($/MWh)": 0.0
		},
		"18:00:00": {
			"DAM_lmp($/MWh)": 43.22159,
			"RTM_lmp($/MWh)": 13.53336
		},
		"19:00:00": {
			"DAM_lmp($/MWh)": 63.50318,
			"RTM_lmp($/MWh)": 26.46825
		},
		"20:00:00": {
			"DAM_lmp($/MWh)": 63.682,
			"RTM_lmp($/MWh)": 40.0
		},
		"21:00:00": {
			"DAM_lmp($/MWh)": 48.9367,
			"RTM_lmp($/MWh)": 40.21113
		},
		"22:00:00": {
			"DAM_lmp($/MWh)": 38.07229,
			"RTM_lmp($/MWh)": 30.42636
		},
		"23:00:00": {
			"DAM_lmp($/MWh)": 28.12929,
			"RTM_lmp($/MWh)": 31.54427
		}
	}
}