{
	"2023-05-22": {
		"00:00:00": {
			"DAM_lmp($/MWh)": 49.48573,
			"RTM_lmp($/MWh)": 28.0102
		},
		"01:00:00": {
			"DAM_lmp($/MWh)": 47.80342,
			"RTM_lmp($/MWh)": 24.1392
		},
		"02:00:00": {
			"DAM_lmp($/MWh)": 51.44799,
			"RTM_lmp($/MWh)": 20.12521
		},
		"03:00:00": {
			"DAM_lmp($/MWh)": 51.86774,
			"RTM_lmp($/MWh)": 6.32312
		},
		"04:00:00": {
			"DAM_lmp($/MWh)": 51.74009,
			"RTM_lmp($/MWh)": 1.55212
		},
		"05:00:00": {
			"DAM_lmp($/MWh)": 45.69939,
			"RTM_lmp($/MWh)": 30.81135
		},
		"06:00:00": {
			"DAM_lmp($/MWh)": 56.65504,
			"RTM_lmp($/MWh)": 72.0
		},
		"07:00:00": {
			"DAM_lmp($/MWh)": 25.83424,
			"RTM_lmp($/MWh)": 18.0208
		},
		"08:00:00": {
			"DAM_lmp($/MWh)": 6.37657,
			"RTM_lmp($/MWh)": 12.8688
		},
		"09:00:00": {
			"DAM_lmp($/MWh)": 2.93078,
			"RTM_lmp($/MWh)": 12.94
		},
		"10:00:00": {
			"DAM_lmp($/MWh)": 2.69195,
			"RTM_lmp($/MWh)": 15.4
		},
		"11:00:00": {
			"DAM_lmp($/MWh)": 1.64108,
			"RTM_lmp($/MWh)": 3.94679
		},
		"12:00:00": {
			"DAM_lmp($/MWh)": -0.59572,
			"RTM_lmp($/MWh)": 14.77885
		},
		"13:00:00": {
			"DAM_lmp($/MWh)": -1.37161,
			"RTM_lmp($/MWh)": 15.00835
		},
		"14:00:00": {
			"DAM_lmp($/MWh)": -0.24872,
			"RTM_lmp($/MWh)": 9.9976
		},
		"15:00:00": {
			"DAM_lmp($/MWh)": 2.85327,
			"RTM_lmp($/MWh)": 4.9988
		},
		"16:00:00": {
			"DAM_lmp($/MWh)": 7.95103,
			"RTM_lmp($/MWh)": 4.95
		},
		"17:00:00": {
			"DAM_lmp($/MWh)": 24.32585,
			"RTM_lmp($/MWh)": 0.0
		},
		"18:00:00": {
			"DAM_lmp($/MWh)": 43.44072,
			"RTM_lmp($/MWh)": 13.39912
		},
		"19:00:00": {
			"DAM_lmp($/MWh)": 61.70634,
			"RTM_lmp($/MWh)": 26.37474
		},
		"20:00:00": {
			"DAM_lmp($/MWh)": 61.63004,
			"RTM_lmp($/MWh)": 40.0
		},
		"21:00:00": {
			"DAM_lmp($/MWh)": 49.26617,
			"RTM_lmp($/MWh)": 41.95671
		},
		"22:00:00": {
			"DAM_lmp($/MWh)": 48.38284,
			"RTM_lmp($/MWh)": 31.85249
		},
		"23:00:00": {
			"DAM_lmp($/MWh)": 48.61071,
			"RTM_lmp($/MWh)": 33.09225
		}
	},
	"2023-05-23": {
		"00:00:00": {
			"DAM_lmp($/MWh)": 49.48573,
			"RTM_lmp($/MWh)": 28.0102
		},
		"01:00:00": {
			"DAM_lmp($/MWh)": 47.80342,
			"RTM_lmp($/MWh)": 24.1392
		},
		"02:00:00": {
			"DAM_lmp($/MWh)": 51.44799,
			"RTM_lmp($/MWh)": 20.12521
		},
		"03:00:00": {
			"DAM_lmp($/MWh)": 51.86774,
			"RTM_lmp($/MWh)": 6.32312
		},
		"04:00:00": {
			"DAM_lmp($/MWh)": 51.74009,
			"RTM_lmp($/MWh)": 1.55212
		},
		"05:00:00": {
			"DAM_lmp($/MWh)": 45.69939,
			"RTM_lmp($/MWh)": 30.81135
		},
		"06:00:00": {
			"DAM_lmp($/MWh)": 56.65504,
			"RTM_lmp($/MWh)": 72.0
		},
		"07:00:00": {
			"DAM_lmp($/MWh)": 25.83424,
			"RTM_lmp($/MWh)": 18.0208
		},
		"08:00:00": {
			"DAM_lmp($/MWh)": 6.37657,
			"RTM_lmp($/MWh)": 12.8688
		},
		"09:00:00": {
			"DAM_lmp($/MWh)": 2.93078,
			"RTM_lmp($/MWh)": 12.94
		},
		"10:00:00": {
			"DAM_lmp($/MWh)": 2.69195,
			"RTM_lmp($/MWh)": 15.4
		},
		"11:00:00": {
			"DAM_lmp($/MWh)": 1.64108,
			"RTM_lmp($/MWh)": 3.94679
		},
		"12:00:00": {
			"DAM_lmp($/MWh)": -0.59572,
			"RTM_lmp($/MWh)": 14.77885
		},
		"13:00:00": {
			"DAM_lmp($/MWh)": -1.37161,
			"RTM_lmp($/MWh)": 15.00835
		},
		"14:00:00": {
			"DAM_lmp($/MWh)": -0.24872,
			"RTM_lmp($/MWh)": 9.9976
		},
		"15:00:00": {
			"DAM_lmp($/MWh)": 2.85327,
			"RTM_lmp($/MWh)": 4.9988
		},
		"16:00:00": {
			"DAM_lmp($/MWh)": 7.95103,
			"RTM_lmp($/MWh)": 4.95
		},
		"17:00:00": {
			"DAM_lmp($/MWh)": 24.32585,
			"RTM_lmp($/MWh)": 0.0
		},
		"18:00:00": {
			"DAM_lmp($/MWh)": 43.44072,
			"RTM_lmp($/MWh)": 13.39912
		},
		"19:00:00": {
			"DAM_lmp($/MWh)": 61.70634,
			"RTM_lmp($/MWh)": 26.37474
		},
		"20:00:00": {
			"DAM_lmp($/MWh)": 61.63004,
			"RTM_lmp($/MWh)": 40.0
		},
		"21:00:00": {
			"DAM_lmp($/MWh)": 49.26617,
			"RTM_lmp($/MWh)": 41.95671
		},
		"22:00:00": {
			"DAM_lmp($/MWh)": 48.38284,
			"RTM_lmp($/MWh)": 31.85249
		},
		"23:00:00": {
			"DAM_lmp($/MWh)": 48.61071,
			"RTM_lmp($/MWh)": 33.09225
		}
	}
}