{
	"2023-05-22": {
		"00:00:00": {
			"DAM_lmp($/MWh)": 45.08071,
			"RTM_lmp($/MWh)": 28.1781
		},
		"01:00:00": {
			"DAM_lmp($/MWh)": 42.94546,
			"RTM_lmp($/MWh)": 24.75239
		},
		"02:00:00": {
			"DAM_lmp($/MWh)": 45.49166,
			"RTM_lmp($/MWh)": 20.59934
		},
		"03:00:00": {
			"DAM_lmp($/MWh)": 45.38889,
			"RTM_lmp($/MWh)": 6.67817
		},
		"04:00:00": {
			"DAM_lmp($/MWh)": 45.79712,
			"RTM_lmp($/MWh)": 1.84266
		},
		"05:00:00": {
			"DAM_lmp($/MWh)": 43.54302,
			"RTM_lmp($/MWh)": 30.81135
		},
		"06:00:00": {
			"DAM_lmp($/MWh)": 52.29702,
			"RTM_lmp($/MWh)": 72.0
		},
		"07:00:00": {
			"DAM_lmp($/MWh)": 25.96882,
			"RTM_lmp($/MWh)": 18.0208
		},
		"08:00:00": {
			"DAM_lmp($/MWh)": 5.06309,
			"RTM_lmp($/MWh)": 12.8688
		},
		"09:00:00": {
			"DAM_lmp($/MWh)": 1.50521,
			"RTM_lmp($/MWh)": 12.94
		},
		"10:00:00": {
			"DAM_lmp($/MWh)": 1.72846,
			"RTM_lmp($/MWh)": 15.4
		},
		"11:00:00": {
			"DAM_lmp($/MWh)": 0.74607,
			"RTM_lmp($/MWh)": 2.02762
		},
		"12:00:00": {
			"DAM_lmp($/MWh)": -1.53234,
			"RTM_lmp($/MWh)": 14.61717
		},
		"13:00:00": {
			"DAM_lmp($/MWh)": -2.30684,
			"RTM_lmp($/MWh)": 14.82628
		},
		"14:00:00": {
			"DAM_lmp($/MWh)": -1.28295,
			"RTM_lmp($/MWh)": 9.9976
		},
		"15:00:00": {
			"DAM_lmp($/MWh)": 1.87564,
			"RTM_lmp($/MWh)": 4.9988
		},
		"16:00:00": {
			"DAM_lmp($/MWh)": 7.01213,
			"RTM_lmp($/MWh)": 4.95
		},
		"17:00:00": {
			"DAM_lmp($/MWh)": 24.08436,
			"RTM_lmp($/MWh)": 0.0
		},
		"18:00:00": {
			"DAM_lmp($/MWh)": 43.76942,
			"RTM_lmp($/MWh)": 13.33772
		},
		"19:00:00": {
			"DAM_lmp($/MWh)": 62.63708,
			"RTM_lmp($/MWh)": 26.90834
		},
		"20:00:00": {
			"DAM_lmp($/MWh)": 62.87286,
			"RTM_lmp($/MWh)": 40.0
		},
		"21:00:00": {
			"DAM_lmp($/MWh)": 49.75539,
			"RTM_lmp($/MWh)": 43.08965
		},
		"22:00:00": {
			"DAM_lmp($/MWh)": 46.9629,
			"RTM_lmp($/MWh)": 32.56238
		},
		"23:00:00": {
			"DAM_lmp($/MWh)": 45.0794,
			"RTM_lmp($/MWh)": 33.71012
		}
	},
	"2023-05-23": {
		"00:00:00": {
			"DAM_lmp($/MWh)": 45.08071,
			"RTM_lmp($/MWh)": 28.1781
		},
		"01:00:00": {
			"DAM_lmp($/MWh)": 42.94546,
			"RTM_lmp($/MWh)": 24.75239
		},
		"02:00:00": {
			"DAM_lmp($/MWh)": 45.49166,
			"RTM_lmp($/MWh)": 20.59934
		},
		"03:00:00": {
			"DAM_lmp($/MWh)": 45.38889,
			"RTM_lmp($/MWh)": 6.67817
		},
		"04:00:00": {
			"DAM_lmp($/MWh)": 45.79712,
			"RTM_lmp($/MWh)": 1.84266
		},
		"05:00:00": {
			"DAM_lmp($/MWh)": 43.54302,
			"RTM_lmp($/MWh)": 30.81135
		},
		"06:00:00": {
			"DAM_lmp($/MWh)": 52.29702,
			"RTM_lmp($/MWh)": 72.0
		},
		"07:00:00": {
			"DAM_lmp($/MWh)": 25.96882,
			"RTM_lmp($/MWh)": 18.0208
		},
		"08:00:00": {
			"DAM_lmp($/MWh)": 5.06309,
			"RTM_lmp($/MWh)": 12.8688
		},
		"09:00:00": {
			"DAM_lmp($/MWh)": 1.50521,
			"RTM_lmp($/MWh)": 12.94
		},
		"10:00:00": {
			"DAM_lmp($/MWh)": 1.72846,
			"RTM_lmp($/MWh)": 15.4
		},
		"11:00:00": {
			"DAM_lmp($/MWh)": 0.74607,
			"RTM_lmp($/MWh)": 2.02762
		},
		"12:00:00": {
			"DAM_lmp($/MWh)": -1.53234,
			"RTM_lmp($/MWh)": 14.61717
		},
		"13:00:00": {
			"DAM_lmp($/MWh)": -2.30684,
			"RTM_lmp($/MWh)": 14.82628
		},
		"14:00:00": {
			"DAM_lmp($/MWh)": -1.28295,
			"RTM_lmp($/MWh)": 9.9976
		},
		"15:00:00": {
			"DAM_lmp($/MWh)": 1.87564,
			"RTM_lmp($/MWh)": 4.9988
		},
		"16:00:00": {
			"DAM_lmp($/MWh)": 7.01213,
			"RTM_lmp($/MWh)": 4.95
		},
		"17:00:00": {
			"DAM_lmp($/MWh)": 24.08436,
			"RTM_lmp($/MWh)": 0.0
		},
		"18:00:00": {
			"DAM_lmp($/MWh)": 43.76942,
			"RTM_lmp($/MWh)": 13.33772
		},
		"19:00:00": {
			"DAM_lmp($/MWh)": 62.63708,
			"RTM_lmp($/MWh)": 26.90834
		},
		"20:00:00": {
			"DAM_lmp($/MWh)": 62.87286,
			"RTM_lmp($/MWh)": 40.0
		},
		"21:00:00": {
			"DAM_lmp($/MWh)": 49.75539,
			"RTM_lmp($/MWh)": 43.08965
		},
		"22:00:00": {
			"DAM_lmp($/MWh)": 46.9629,
			"RTM_lmp($/MWh)": 32.56238
		},
		"23:00:00": {
			"DAM_lmp($/MWh)": 45.0794,
			"RTM_lmp($/MWh)": 33.71012
		}
	}
}