{
	"2023-05-22": {
		"00:00:00": {
			"DAM_lmp($/MWh)": 29.03827,
			"RTM_lmp($/MWh)": 28.36307
		},
		"01:00:00": {
			"DAM_lmp($/MWh)": 25.43123,
			"RTM_lmp($/MWh)": 24.72519
		},
		"02:00:00": {
			"DAM_lmp($/MWh)": 24.19763,
			"RTM_lmp($/MWh)": 20.53571
		},
		"03:00:00": {
			"DAM_lmp($/MWh)": 22.42467,
			"RTM_lmp($/MWh)": 23.85274
		},
		"04:00:00": {
			"DAM_lmp($/MWh)": 25.92182,
			"RTM_lmp($/MWh)": 20.6876
		},
		"05:00:00": {
			"DAM_lmp($/MWh)": 33.69114,
			"RTM_lmp($/MWh)": 30.81135
		},
		"06:00:00": {
			"DAM_lmp($/MWh)": 34.93195,
			"RTM_lmp($/MWh)": 72.0
		},
		"07:00:00": {
			"DAM_lmp($/MWh)": 24.53244,
			"RTM_lmp($/MWh)": 18.0208
		},
		"08:00:00": {
			"DAM_lmp($/MWh)": 10.40422,
			"RTM_lmp($/MWh)": 12.8688
		},
		"09:00:00": {
			"DAM_lmp($/MWh)": 7.60134,
			"RTM_lmp($/MWh)": 12.94
		},
		"10:00:00": {
			"DAM_lmp($/MWh)": 5.64664,
			"RTM_lmp($/MWh)": 15.4
		},
		"11:00:00": {
			"DAM_lmp($/MWh)": 4.26165,
			"RTM_lmp($/MWh)": 14.7764
		},
		"12:00:00": {
			"DAM_lmp($/MWh)": 2.26893,
			"RTM_lmp($/MWh)": 14.39852
		},
		"13:00:00": {
			"DAM_lmp($/MWh)": 1.82338,
			"RTM_lmp($/MWh)": 14.63636
		},
		"14:00:00": {
			"DAM_lmp($/MWh)": 2.82098,
			"RTM_lmp($/MWh)": 9.9976
		},
		"15:00:00": {
			"DAM_lmp($/MWh)": 5.66419,
			"RTM_lmp($/MWh)": 4.9988
		},
		"16:00:00": {
			"DAM_lmp($/MWh)": 9.79038,
			"RTM_lmp($/MWh)": 4.95
		},
		"17:00:00": {
			"DAM_lmp($/MWh)": 23.20802,
			"RTM_lmp($/MWh)": 0.0
		},
		"18:00:00": {
			"DAM_lmp($/MWh)": 41.7315,
			"RTM_lmp($/MWh)": 13.47766
		},
		"19:00:00": {
			"DAM_lmp($/MWh)": 62.75342,
			"RTM_lmp($/MWh)": 26.64979
		},
		"20:00:00": {
			"DAM_lmp($/MWh)": 62.95054,
			"RTM_lmp($/MWh)": 40.0
		},
		"21:00:00": {
			"DAM_lmp($/MWh)": 48.60723,
			"RTM_lmp($/MWh)": 40.96224
		},
		"22:00:00": {
			"DAM_lmp($/MWh)": 39.47161,
			"RTM_lmp($/MWh)": 31.32406
		},
		"23:00:00": {
			"DAM_lmp($/MWh)": 31.11886,
			"RTM_lmp($/MWh)": 32.85972
		}
	},
	"2023-05-23": {
		"00:00:00": {
			"DAM_lmp($/MWh)": 29.03827,
			"RTM_lmp($/MWh)": 28.36307
		},
		"01:00:00": {
			"DAM_lmp($/MWh)": 25.43123,
			"RTM_lmp($/MWh)": 24.72519
		},
		"02:00:00": {
			"DAM_lmp($/MWh)": 24.19763,
			"RTM_lmp($/MWh)": 20.53571
		},
		"03:00:00": {
			"DAM_lmp($/MWh)": 22.42467,
			"RTM_lmp($/MWh)": 23.85274
		},
		"04:00:00": {
			"DAM_lmp($/MWh)": 25.92182,
			"RTM_lmp($/MWh)": 20.6876
		},
		"05:00:00": {
			"DAM_lmp($/MWh)": 33.69114,
			"RTM_lmp($/MWh)": 30.81135
		},
		"06:00:00": {
			"DAM_lmp($/MWh)": 34.93195,
			"RTM_lmp($/MWh)": 72.0
		},
		"07:00:00": {
			"DAM_lmp($/MWh)": 24.53244,
			"RTM_lmp($/MWh)": 18.0208
		},
		"08:00:00": {
			"DAM_lmp($/MWh)": 10.40422,
			"RTM_lmp($/MWh)": 12.8688
		},
		"09:00:00": {
			"DAM_lmp($/MWh)": 7.60134,
			"RTM_lmp($/MWh)": 12.94
		},
		"10:00:00": {
			"DAM_lmp($/MWh)": 5.64664,
			"RTM_lmp($/MWh)": 15.4
		},
		"11:00:00": {
			"DAM_lmp($/MWh)": 4.26165,
			"RTM_lmp($/MWh)": 14.7764
		},
		"12:00:00": {
			"DAM_lmp($/MWh)": 2.26893,
			"RTM_lmp($/MWh)": 14.39852
		},
		"13:00:00": {
			"DAM_lmp($/MWh)": 1.82338,
			"RTM_lmp($/MWh)": 14.63636
		},
		"14:00:00": {
			"DAM_lmp($/MWh)": 2.82098,
			"RTM_lmp($/MWh)": 9.9976
		},
		"15:00:00": {
			"DAM_lmp($/MWh)": 5.66419,
			"RTM_lmp($/MWh)": 4.9988
		},
		"16:00:00": {
			"DAM_lmp($/MWh)": 9.79038,
			"RTM_lmp($/MWh)": 4.95
		},
		"17:00:00": {
			"DAM_lmp($/MWh)": 23.20802,
			"RTM_lmp($/MWh)": 0.0
		},
		"18:00:00": {
			"DAM_lmp($/MWh)": 41.7315,
			"RTM_lmp($/MWh)": 13.47766
		},
		"19:00:00": {
			"DAM_lmp($/MWh)": 62.75342,
			"RTM_lmp($/MWh)": 26.64979
		},
		"20:00:00": {
			"DAM_lmp($/MWh)": 62.95054,
			"RTM_lmp($/MWh)": 40.0
		},
		"21:00:00": {
			"DAM_lmp($/MWh)": 48.60723,
			"RTM_lmp($/MWh)": 40.96224
		},
		"22:00:00": {
			"DAM_lmp($/MWh)": 39.47161,
			"RTM_lmp($/MWh)": 31.32406
		},
		"23:00:00": {
			"DAM_lmp($/MWh)": 31.11886,
			"RTM_lmp($/MWh)": 32.85972
		}
	}
}