{
	"2023-05-22": {
		"00:00:00": {
			"DAM_lmp($/MWh)": 17.93869,
			"RTM_lmp($/MWh)": 24.87709
		},
		"01:00:00": {
			"DAM_lmp($/MWh)": 15.13628,
			"RTM_lmp($/MWh)": 20.89278
		},
		"02:00:00": {
			"DAM_lmp($/MWh)": 12.9454,
			"RTM_lmp($/MWh)": 17.65599
		},
		"03:00:00": {
			"DAM_lmp($/MWh)": 10.68375,
			"RTM_lmp($/MWh)": 6.09409
		},
		"04:00:00": {
			"DAM_lmp($/MWh)": 16.25668,
			"RTM_lmp($/MWh)": 1.16484
		},
		"05:00:00": {
			"DAM_lmp($/MWh)": 26.54014,
			"RTM_lmp($/MWh)": 30.81135
		},
		"06:00:00": {
			"DAM_lmp($/MWh)": 26.48445,
			"RTM_lmp($/MWh)": 72.0
		},
		"07:00:00": {
			"DAM_lmp($/MWh)": 22.86312,
			"RTM_lmp($/MWh)": 18.0208
		},
		"08:00:00": {
			"DAM_lmp($/MWh)": 15.00243,
			"RTM_lmp($/MWh)": 12.8688
		},
		"09:00:00": {
			"DAM_lmp($/MWh)": 12.61294,
			"RTM_lmp($/MWh)": 12.94
		},
		"10:00:00": {
			"DAM_lmp($/MWh)": 8.42971,
			"RTM_lmp($/MWh)": 15.4
		},
		"11:00:00": {
			"DAM_lmp($/MWh)": 6.5965,
			"RTM_lmp($/MWh)": 14.7764
		},
		"12:00:00": {
			"DAM_lmp($/MWh)": 5.19638,
			"RTM_lmp($/MWh)": 13.41306
		},
		"13:00:00": {
			"DAM_lmp($/MWh)": 5.16844,
			"RTM_lmp($/MWh)": 13.65537
		},
		"14:00:00": {
			"DAM_lmp($/MWh)": 6.19556,
			"RTM_lmp($/MWh)": 9.9976
		},
		"15:00:00": {
			"DAM_lmp($/MWh)": 9.2795,
			"RTM_lmp($/MWh)": 4.9988
		},
		"16:00:00": {
			"DAM_lmp($/MWh)": 13.25648,
			"RTM_lmp($/MWh)": 4.95
		},
		"17:00:00": {
			"DAM_lmp($/MWh)": 23.94494,
			"RTM_lmp($/MWh)": 0.0
		},
		"18:00:00": {
			"DAM_lmp($/MWh)": 38.96682,
			"RTM_lmp($/MWh)": 12.10533
		},
		"19:00:00": {
			"DAM_lmp($/MWh)": 57.25951,
			"RTM_lmp($/MWh)": 22.88983
		},
		"20:00:00": {
			"DAM_lmp($/MWh)": 52.73264,
			"RTM_lmp($/MWh)": 40.0
		},
		"21:00:00": {
			"DAM_lmp($/MWh)": 42.16693,
			"RTM_lmp($/MWh)": 33.90021
		},
		"22:00:00": {
			"DAM_lmp($/MWh)": 31.7303,
			"RTM_lmp($/MWh)": 25.91557
		},
		"23:00:00": {
			"DAM_lmp($/MWh)": 22.8209,
			"RTM_lmp($/MWh)": 27.17272
		}
	},
	"2023-05-23": {
		"00:00:00": {
			"DAM_lmp($/MWh)": 17.93869,
			"RTM_lmp($/MWh)": 24.87709
		},
		"01:00:00": {
			"DAM_lmp($/MWh)": 15.13628,
			"RTM_lmp($/MWh)": 20.89278
		},
		"02:00:00": {
			"DAM_lmp($/MWh)": 12.9454,
			"RTM_lmp($/MWh)": 17.65599
		},
		"03:00:00": {
			"DAM_lmp($/MWh)": 10.68375,
			"RTM_lmp($/MWh)": 6.09409
		},
		"04:00:00": {
			"DAM_lmp($/MWh)": 16.25668,
			"RTM_lmp($/MWh)": 1.16484
		},
		"05:00:00": {
			"DAM_lmp($/MWh)": 26.54014,
			"RTM_lmp($/MWh)": 30.81135
		},
		"06:00:00": {
			"DAM_lmp($/MWh)": 26.48445,
			"RTM_lmp($/MWh)": 72.0
		},
		"07:00:00": {
			"DAM_lmp($/MWh)": 22.86312,
			"RTM_lmp($/MWh)": 18.0208
		},
		"08:00:00": {
			"DAM_lmp($/MWh)": 15.00243,
			"RTM_lmp($/MWh)": 12.8688
		},
		"09:00:00": {
			"DAM_lmp($/MWh)": 12.61294,
			"RTM_lmp($/MWh)": 12.94
		},
		"10:00:00": {
			"DAM_lmp($/MWh)": 8.42971,
			"RTM_lmp($/MWh)": 15.4
		},
		"11:00:00": {
			"DAM_lmp($/MWh)": 6.5965,
			"RTM_lmp($/MWh)": 14.7764
		},
		"12:00:00": {
			"DAM_lmp($/MWh)": 5.19638,
			"RTM_lmp($/MWh)": 13.41306
		},
		"13:00:00": {
			"DAM_lmp($/MWh)": 5.16844,
			"RTM_lmp($/MWh)": 13.65537
		},
		"14:00:00": {
			"DAM_lmp($/MWh)": 6.19556,
			"RTM_lmp($/MWh)": 9.9976
		},
		"15:00:00": {
			"DAM_lmp($/MWh)": 9.2795,
			"RTM_lmp($/MWh)": 4.9988
		},
		"16:00:00": {
			"DAM_lmp($/MWh)": 13.25648,
			"RTM_lmp($/MWh)": 4.95
		},
		"17:00:00": {
			"DAM_lmp($/MWh)": 23.94494,
			"RTM_lmp($/MWh)": 0.0
		},
		"18:00:00": {
			"DAM_lmp($/MWh)": 38.96682,
			"RTM_lmp($/MWh)": 12.10533
		},
		"19:00:00": {
			"DAM_lmp($/MWh)": 57.25951,
			"RTM_lmp($/MWh)": 22.88983
		},
		"20:00:00": {
			"DAM_lmp($/MWh)": 52.73264,
			"RTM_lmp($/MWh)": 40.0
		},
		"21:00:00": {
			"DAM_lmp($/MWh)": 42.16693,
			"RTM_lmp($/MWh)": 33.90021
		},
		"22:00:00": {
			"DAM_lmp($/MWh)": 31.7303,
			"RTM_lmp($/MWh)": 25.91557
		},
		"23:00:00": {
			"DAM_lmp($/MWh)": 22.8209,
			"RTM_lmp($/MWh)": 27.17272
		}
	}
}