{
	"2023-05-22": {
		"00:00:00": {
			"DAM_lmp($/MWh)": 49.52646,
			"RTM_lmp($/MWh)": 27.85084
		},
		"01:00:00": {
			"DAM_lmp($/MWh)": 47.93583,
			"RTM_lmp($/MWh)": 24.00816
		},
		"02:00:00": {
			"DAM_lmp($/MWh)": 51.63253,
			"RTM_lmp($/MWh)": 20.02053
		},
		"03:00:00": {
			"DAM_lmp($/MWh)": 52.13458,
			"RTM_lmp($/MWh)": 6.25387
		},
		"04:00:00": {
			"DAM_lmp($/MWh)": 51.9842,
			"RTM_lmp($/MWh)": 1.50008
		},
		"05:00:00": {
			"DAM_lmp($/MWh)": 45.70103,
			"RTM_lmp($/MWh)": 30.81135
		},
		"06:00:00": {
			"DAM_lmp($/MWh)": 56.75992,
			"RTM_lmp($/MWh)": 72.0
		},
		"07:00:00": {
			"DAM_lmp($/MWh)": 25.64013,
			"RTM_lmp($/MWh)": 18.0208
		},
		"08:00:00": {
			"DAM_lmp($/MWh)": 6.30038,
			"RTM_lmp($/MWh)": 12.8688
		},
		"09:00:00": {
			"DAM_lmp($/MWh)": 2.8785,
			"RTM_lmp($/MWh)": 12.94
		},
		"10:00:00": {
			"DAM_lmp($/MWh)": 2.73343,
			"RTM_lmp($/MWh)": 15.4
		},
		"11:00:00": {
			"DAM_lmp($/MWh)": 1.61981,
			"RTM_lmp($/MWh)": 3.94679
		},
		"12:00:00": {
			"DAM_lmp($/MWh)": -0.609,
			"RTM_lmp($/MWh)": 14.72496
		},
		"13:00:00": {
			"DAM_lmp($/MWh)": -1.30955,
			"RTM_lmp($/MWh)": 14.95341
		},
		"14:00:00": {
			"DAM_lmp($/MWh)": -0.26871,
			"RTM_lmp($/MWh)": 9.9976
		},
		"15:00:00": {
			"DAM_lmp($/MWh)": 2.88396,
			"RTM_lmp($/MWh)": 4.9988
		},
		"16:00:00": {
			"DAM_lmp($/MWh)": 7.94629,
			"RTM_lmp($/MWh)": 4.95
		},
		"17:00:00": {
			"DAM_lmp($/MWh)": 24.16402,
			"RTM_lmp($/MWh)": 0.0
		},
		"18:00:00": {
			"DAM_lmp($/MWh)": 43.14709,
			"RTM_lmp($/MWh)": 13.32058
		},
		"19:00:00": {
			"DAM_lmp($/MWh)": 61.04061,
			"RTM_lmp($/MWh)": 26.22896
		},
		"20:00:00": {
			"DAM_lmp($/MWh)": 61.18987,
			"RTM_lmp($/MWh)": 40.0
		},
		"21:00:00": {
			"DAM_lmp($/MWh)": 48.83686,
			"RTM_lmp($/MWh)": 41.7553
		},
		"22:00:00": {
			"DAM_lmp($/MWh)": 48.16345,
			"RTM_lmp($/MWh)": 31.66786
		},
		"23:00:00": {
			"DAM_lmp($/MWh)": 48.63182,
			"RTM_lmp($/MWh)": 32.9162
		}
	},
	"2023-05-23": {
		"00:00:00": {
			"DAM_lmp($/MWh)": 49.52646,
			"RTM_lmp($/MWh)": 27.85084
		},
		"01:00:00": {
			"DAM_lmp($/MWh)": 47.93583,
			"RTM_lmp($/MWh)": 24.00816
		},
		"02:00:00": {
			"DAM_lmp($/MWh)": 51.63253,
			"RTM_lmp($/MWh)": 20.02053
		},
		"03:00:00": {
			"DAM_lmp($/MWh)": 52.13458,
			"RTM_lmp($/MWh)": 6.25387
		},
		"04:00:00": {
			"DAM_lmp($/MWh)": 51.9842,
			"RTM_lmp($/MWh)": 1.50008
		},
		"05:00:00": {
			"DAM_lmp($/MWh)": 45.70103,
			"RTM_lmp($/MWh)": 30.81135
		},
		"06:00:00": {
			"DAM_lmp($/MWh)": 56.75992,
			"RTM_lmp($/MWh)": 72.0
		},
		"07:00:00": {
			"DAM_lmp($/MWh)": 25.64013,
			"RTM_lmp($/MWh)": 18.0208
		},
		"08:00:00": {
			"DAM_lmp($/MWh)": 6.30038,
			"RTM_lmp($/MWh)": 12.8688
		},
		"09:00:00": {
			"DAM_lmp($/MWh)": 2.8785,
			"RTM_lmp($/MWh)": 12.94
		},
		"10:00:00": {
			"DAM_lmp($/MWh)": 2.73343,
			"RTM_lmp($/MWh)": 15.4
		},
		"11:00:00": {
			"DAM_lmp($/MWh)": 1.61981,
			"RTM_lmp($/MWh)": 3.94679
		},
		"12:00:00": {
			"DAM_lmp($/MWh)": -0.609,
			"RTM_lmp($/MWh)": 14.72496
		},
		"13:00:00": {
			"DAM_lmp($/MWh)": -1.30955,
			"RTM_lmp($/MWh)": 14.95341
		},
		"14:00:00": {
			"DAM_lmp($/MWh)": -0.26871,
			"RTM_lmp($/MWh)": 9.9976
		},
		"15:00:00": {
			"DAM_lmp($/MWh)": 2.88396,
			"RTM_lmp($/MWh)": 4.9988
		},
		"16:00:00": {
			"DAM_lmp($/MWh)": 7.94629,
			"RTM_lmp($/MWh)": 4.95
		},
		"17:00:00": {
			"DAM_lmp($/MWh)": 24.16402,
			"RTM_lmp($/MWh)": 0.0
		},
		"18:00:00": {
			"DAM_lmp($/MWh)": 43.14709,
			"RTM_lmp($/MWh)": 13.32058
		},
		"19:00:00": {
			"DAM_lmp($/MWh)": 61.04061,
			"RTM_lmp($/MWh)": 26.22896
		},
		"20:00:00": {
			"DAM_lmp($/MWh)": 61.18987,
			"RTM_lmp($/MWh)": 40.0
		},
		"21:00:00": {
			"DAM_lmp($/MWh)": 48.83686,
			"RTM_lmp($/MWh)": 41.7553
		},
		"22:00:00": {
			"DAM_lmp($/MWh)": 48.16345,
			"RTM_lmp($/MWh)": 31.66786
		},
		"23:00:00": {
			"DAM_lmp($/MWh)": 48.63182,
			"RTM_lmp($/MWh)": 32.9162
		}
	}
}