{
	"2023-05-22": {
		"00:00:00": {
			"DAM_lmp($/MWh)": 28.4503,
			"RTM_lmp($/MWh)": 28.2464
		},
		"01:00:00": {
			"DAM_lmp($/MWh)": 24.98125,
			"RTM_lmp($/MWh)": 24.38893
		},
		"02:00:00": {
			"DAM_lmp($/MWh)": 24.08948,
			"RTM_lmp($/MWh)": 20.35099
		},
		"03:00:00": {
			"DAM_lmp($/MWh)": 22.37921,
			"RTM_lmp($/MWh)": 23.4213
		},
		"04:00:00": {
			"DAM_lmp($/MWh)": 25.99292,
			"RTM_lmp($/MWh)": 20.65637
		},
		"05:00:00": {
			"DAM_lmp($/MWh)": 33.79403,
			"RTM_lmp($/MWh)": 30.81135
		},
		"06:00:00": {
			"DAM_lmp($/MWh)": 35.05427,
			"RTM_lmp($/MWh)": 72.0
		},
		"07:00:00": {
			"DAM_lmp($/MWh)": 24.90253,
			"RTM_lmp($/MWh)": 18.0208
		},
		"08:00:00": {
			"DAM_lmp($/MWh)": 12.82053,
			"RTM_lmp($/MWh)": 12.8688
		},
		"09:00:00": {
			"DAM_lmp($/MWh)": 7.88425,
			"RTM_lmp($/MWh)": 12.94
		},
		"10:00:00": {
			"DAM_lmp($/MWh)": 5.68455,
			"RTM_lmp($/MWh)": 15.4
		},
		"11:00:00": {
			"DAM_lmp($/MWh)": 4.28413,
			"RTM_lmp($/MWh)": 14.7764
		},
		"12:00:00": {
			"DAM_lmp($/MWh)": 2.23915,
			"RTM_lmp($/MWh)": 14.67876
		},
		"13:00:00": {
			"DAM_lmp($/MWh)": 1.87,
			"RTM_lmp($/MWh)": 14.87493
		},
		"14:00:00": {
			"DAM_lmp($/MWh)": 2.86286,
			"RTM_lmp($/MWh)": 9.9976
		},
		"15:00:00": {
			"DAM_lmp($/MWh)": 7.3054,
			"RTM_lmp($/MWh)": 4.9988
		},
		"16:00:00": {
			"DAM_lmp($/MWh)": 10.17317,
			"RTM_lmp($/MWh)": 4.95
		},
		"17:00:00": {
			"DAM_lmp($/MWh)": 24.16402,
			"RTM_lmp($/MWh)": 0.0
		},
		"18:00:00": {
			"DAM_lmp($/MWh)": 42.95863,
			"RTM_lmp($/MWh)": 14.24737
		},
		"19:00:00": {
			"DAM_lmp($/MWh)": 64.18184,
			"RTM_lmp($/MWh)": 27.78025
		},
		"20:00:00": {
			"DAM_lmp($/MWh)": 63.8244,
			"RTM_lmp($/MWh)": 40.0
		},
		"21:00:00": {
			"DAM_lmp($/MWh)": 48.68211,
			"RTM_lmp($/MWh)": 41.76369
		},
		"22:00:00": {
			"DAM_lmp($/MWh)": 39.03197,
			"RTM_lmp($/MWh)": 31.35908
		},
		"23:00:00": {
			"DAM_lmp($/MWh)": 30.41204,
			"RTM_lmp($/MWh)": 32.89959
		}
	},
	"2023-05-23": {
		"00:00:00": {
			"DAM_lmp($/MWh)": 28.4503,
			"RTM_lmp($/MWh)": 28.2464
		},
		"01:00:00": {
			"DAM_lmp($/MWh)": 24.98125,
			"RTM_lmp($/MWh)": 24.38893
		},
		"02:00:00": {
			"DAM_lmp($/MWh)": 24.08948,
			"RTM_lmp($/MWh)": 20.35099
		},
		"03:00:00": {
			"DAM_lmp($/MWh)": 22.37921,
			"RTM_lmp($/MWh)": 23.4213
		},
		"04:00:00": {
			"DAM_lmp($/MWh)": 25.99292,
			"RTM_lmp($/MWh)": 20.65637
		},
		"05:00:00": {
			"DAM_lmp($/MWh)": 33.79403,
			"RTM_lmp($/MWh)": 30.81135
		},
		"06:00:00": {
			"DAM_lmp($/MWh)": 35.05427,
			"RTM_lmp($/MWh)": 72.0
		},
		"07:00:00": {
			"DAM_lmp($/MWh)": 24.90253,
			"RTM_lmp($/MWh)": 18.0208
		},
		"08:00:00": {
			"DAM_lmp($/MWh)": 12.82053,
			"RTM_lmp($/MWh)": 12.8688
		},
		"09:00:00": {
			"DAM_lmp($/MWh)": 7.88425,
			"RTM_lmp($/MWh)": 12.94
		},
		"10:00:00": {
			"DAM_lmp($/MWh)": 5.68455,
			"RTM_lmp($/MWh)": 15.4
		},
		"11:00:00": {
			"DAM_lmp($/MWh)": 4.28413,
			"RTM_lmp($/MWh)": 14.7764
		},
		"12:00:00": {
			"DAM_lmp($/MWh)": 2.23915,
			"RTM_lmp($/MWh)": 14.67876
		},
		"13:00:00": {
			"DAM_lmp($/MWh)": 1.87,
			"RTM_lmp($/MWh)": 14.87493
		},
		"14:00:00": {
			"DAM_lmp($/MWh)": 2.86286,
			"RTM_lmp($/MWh)": 9.9976
		},
		"15:00:00": {
			"DAM_lmp($/MWh)": 7.3054,
			"RTM_lmp($/MWh)": 4.9988
		},
		"16:00:00": {
			"DAM_lmp($/MWh)": 10.17317,
			"RTM_lmp($/MWh)": 4.95
		},
		"17:00:00": {
			"DAM_lmp($/MWh)": 24.16402,
			"RTM_lmp($/MWh)": 0.0
		},
		"18:00:00": {
			"DAM_lmp($/MWh)": 42.95863,
			"RTM_lmp($/MWh)": 14.24737
		},
		"19:00:00": {
			"DAM_lmp($/MWh)": 64.18184,
			"RTM_lmp($/MWh)": 27.78025
		},
		"20:00:00": {
			"DAM_lmp($/MWh)": 63.8244,
			"RTM_lmp($/MWh)": 40.0
		},
		"21:00:00": {
			"DAM_lmp($/MWh)": 48.68211,
			"RTM_lmp($/MWh)": 41.76369
		},
		"22:00:00": {
			"DAM_lmp($/MWh)": 39.03197,
			"RTM_lmp($/MWh)": 31.35908
		},
		"23:00:00": {
			"DAM_lmp($/MWh)": 30.41204,
			"RTM_lmp($/MWh)": 32.89959
		}
	}
}