{
	"2023-05-22": {
		"00:00:00": {
			"DAM_lmp($/MWh)": 29.18896,
			"RTM_lmp($/MWh)": 28.32038
		},
		"01:00:00": {
			"DAM_lmp($/MWh)": 25.51139,
			"RTM_lmp($/MWh)": 24.29003
		},
		"02:00:00": {
			"DAM_lmp($/MWh)": 24.20009,
			"RTM_lmp($/MWh)": 20.10673
		},
		"03:00:00": {
			"DAM_lmp($/MWh)": 22.42922,
			"RTM_lmp($/MWh)": 6.87942
		},
		"04:00:00": {
			"DAM_lmp($/MWh)": 25.80068,
			"RTM_lmp($/MWh)": 1.90808
		},
		"05:00:00": {
			"DAM_lmp($/MWh)": 33.9072,
			"RTM_lmp($/MWh)": 30.81135
		},
		"06:00:00": {
			"DAM_lmp($/MWh)": 35.79176,
			"RTM_lmp($/MWh)": 72.0
		},
		"07:00:00": {
			"DAM_lmp($/MWh)": 26.11893,
			"RTM_lmp($/MWh)": 18.0208
		},
		"08:00:00": {
			"DAM_lmp($/MWh)": 32.37315,
			"RTM_lmp($/MWh)": 12.8688
		},
		"09:00:00": {
			"DAM_lmp($/MWh)": 30.94236,
			"RTM_lmp($/MWh)": 12.94
		},
		"10:00:00": {
			"DAM_lmp($/MWh)": 19.83253,
			"RTM_lmp($/MWh)": 15.4
		},
		"11:00:00": {
			"DAM_lmp($/MWh)": 16.77347,
			"RTM_lmp($/MWh)": 30.26685
		},
		"12:00:00": {
			"DAM_lmp($/MWh)": 15.4525,
			"RTM_lmp($/MWh)": 15.15917
		},
		"13:00:00": {
			"DAM_lmp($/MWh)": 16.05085,
			"RTM_lmp($/MWh)": 15.4337
		},
		"14:00:00": {
			"DAM_lmp($/MWh)": 17.33151,
			"RTM_lmp($/MWh)": 9.9976
		},
		"15:00:00": {
			"DAM_lmp($/MWh)": 19.89186,
			"RTM_lmp($/MWh)": 4.9988
		},
		"16:00:00": {
			"DAM_lmp($/MWh)": 22.48484,
			"RTM_lmp($/MWh)": 4.95
		},
		"17:00:00": {
			"DAM_lmp($/MWh)": 24.94327,
			"RTM_lmp($/MWh)": 0.0
		},
		"18:00:00": {
			"DAM_lmp($/MWh)": 44.52762,
			"RTM_lmp($/MWh)": 14.01603
		},
		"19:00:00": {
			"DAM_lmp($/MWh)": 65.28708,
			"RTM_lmp($/MWh)": 27.99479
		},
		"20:00:00": {
			"DAM_lmp($/MWh)": 65.56566,
			"RTM_lmp($/MWh)": 40.0
		},
		"21:00:00": {
			"DAM_lmp($/MWh)": 50.21965,
			"RTM_lmp($/MWh)": 42.94699
		},
		"22:00:00": {
			"DAM_lmp($/MWh)": 40.20167,
			"RTM_lmp($/MWh)": 32.10398
		},
		"23:00:00": {
			"DAM_lmp($/MWh)": 31.27417,
			"RTM_lmp($/MWh)": 32.98928
		}
	},
	"2023-05-23": {
		"00:00:00": {
			"DAM_lmp($/MWh)": 29.18896,
			"RTM_lmp($/MWh)": 28.32038
		},
		"01:00:00": {
			"DAM_lmp($/MWh)": 25.51139,
			"RTM_lmp($/MWh)": 24.29003
		},
		"02:00:00": {
			"DAM_lmp($/MWh)": 24.20009,
			"RTM_lmp($/MWh)": 20.10673
		},
		"03:00:00": {
			"DAM_lmp($/MWh)": 22.42922,
			"RTM_lmp($/MWh)": 6.87942
		},
		"04:00:00": {
			"DAM_lmp($/MWh)": 25.80068,
			"RTM_lmp($/MWh)": 1.90808
		},
		"05:00:00": {
			"DAM_lmp($/MWh)": 33.9072,
			"RTM_lmp($/MWh)": 30.81135
		},
		"06:00:00": {
			"DAM_lmp($/MWh)": 35.79176,
			"RTM_lmp($/MWh)": 72.0
		},
		"07:00:00": {
			"DAM_lmp($/MWh)": 26.11893,
			"RTM_lmp($/MWh)": 18.0208
		},
		"08:00:00": {
			"DAM_lmp($/MWh)": 32.37315,
			"RTM_lmp($/MWh)": 12.8688
		},
		"09:00:00": {
			"DAM_lmp($/MWh)": 30.94236,
			"RTM_lmp($/MWh)": 12.94
		},
		"10:00:00": {
			"DAM_lmp($/MWh)": 19.83253,
			"RTM_lmp($/MWh)": 15.4
		},
		"11:00:00": {
			"DAM_lmp($/MWh)": 16.77347,
			"RTM_lmp($/MWh)": 30.26685
		},
		"12:00:00": {
			"DAM_lmp($/MWh)": 15.4525,
			"RTM_lmp($/MWh)": 15.15917
		},
		"13:00:00": {
			"DAM_lmp($/MWh)": 16.05085,
			"RTM_lmp($/MWh)": 15.4337
		},
		"14:00:00": {
			"DAM_lmp($/MWh)": 17.33151,
			"RTM_lmp($/MWh)": 9.9976
		},
		"15:00:00": {
			"DAM_lmp($/MWh)": 19.89186,
			"RTM_lmp($/MWh)": 4.9988
		},
		"16:00:00": {
			"DAM_lmp($/MWh)": 22.48484,
			"RTM_lmp($/MWh)": 4.95
		},
		"17:00:00": {
			"DAM_lmp($/MWh)": 24.94327,
			"RTM_lmp($/MWh)": 0.0
		},
		"18:00:00": {
			"DAM_lmp($/MWh)": 44.52762,
			"RTM_lmp($/MWh)": 14.01603
		},
		"19:00:00": {
			"DAM_lmp($/MWh)": 65.28708,
			"RTM_lmp($/MWh)": 27.99479
		},
		"20:00:00": {
			"DAM_lmp($/MWh)": 65.56566,
			"RTM_lmp($/MWh)": 40.0
		},
		"21:00:00": {
			"DAM_lmp($/MWh)": 50.21965,
			"RTM_lmp($/MWh)": 42.94699
		},
		"22:00:00": {
			"DAM_lmp($/MWh)": 40.20167,
			"RTM_lmp($/MWh)": 32.10398
		},
		"23:00:00": {
			"DAM_lmp($/MWh)": 31.27417,
			"RTM_lmp($/MWh)": 32.98928
		}
	}
}