{
	"2023-05-22": {
		"00:00:00": {
			"DAM_lmp($/MWh)": 26.88553,
			"RTM_lmp($/MWh)": 28.0785
		},
		"01:00:00": {
			"DAM_lmp($/MWh)": 22.91777,
			"RTM_lmp($/MWh)": 24.2381
		},
		"02:00:00": {
			"DAM_lmp($/MWh)": 20.95628,
			"RTM_lmp($/MWh)": 20.06773
		},
		"03:00:00": {
			"DAM_lmp($/MWh)": 18.75018,
			"RTM_lmp($/MWh)": 7.17323
		},
		"04:00:00": {
			"DAM_lmp($/MWh)": 22.68252,
			"RTM_lmp($/MWh)": 2.10034
		},
		"05:00:00": {
			"DAM_lmp($/MWh)": 32.41897,
			"RTM_lmp($/MWh)": 61.79701
		},
		"06:00:00": {
			"DAM_lmp($/MWh)": 33.50676,
			"RTM_lmp($/MWh)": 72.0
		},
		"07:00:00": {
			"DAM_lmp($/MWh)": 26.65466,
			"RTM_lmp($/MWh)": 18.0208
		},
		"08:00:00": {
			"DAM_lmp($/MWh)": 19.47564,
			"RTM_lmp($/MWh)": 12.8688
		},
		"09:00:00": {
			"DAM_lmp($/MWh)": 16.83016,
			"RTM_lmp($/MWh)": 12.94
		},
		"10:00:00": {
			"DAM_lmp($/MWh)": 11.41336,
			"RTM_lmp($/MWh)": 15.4
		},
		"11:00:00": {
			"DAM_lmp($/MWh)": 9.32912,
			"RTM_lmp($/MWh)": 18.06641
		},
		"12:00:00": {
			"DAM_lmp($/MWh)": 7.42093,
			"RTM_lmp($/MWh)": 15.5472
		},
		"13:00:00": {
			"DAM_lmp($/MWh)": 7.34105,
			"RTM_lmp($/MWh)": 15.75861
		},
		"14:00:00": {
			"DAM_lmp($/MWh)": 8.52481,
			"RTM_lmp($/MWh)": 9.9976
		},
		"15:00:00": {
			"DAM_lmp($/MWh)": 11.62165,
			"RTM_lmp($/MWh)": 4.9988
		},
		"16:00:00": {
			"DAM_lmp($/MWh)": 15.57951,
			"RTM_lmp($/MWh)": 4.95
		},
		"17:00:00": {
			"DAM_lmp($/MWh)": 26.01628,
			"RTM_lmp($/MWh)": 0.0
		},
		"18:00:00": {
			"DAM_lmp($/MWh)": 45.53563,
			"RTM_lmp($/MWh)": 14.71433
		},
		"19:00:00": {
			"DAM_lmp($/MWh)": 67.03221,
			"RTM_lmp($/MWh)": 28.68517
		},
		"20:00:00": {
			"DAM_lmp($/MWh)": 67.46874,
			"RTM_lmp($/MWh)": 40.0
		},
		"21:00:00": {
			"DAM_lmp($/MWh)": 51.46765,
			"RTM_lmp($/MWh)": 43.81138
		},
		"22:00:00": {
			"DAM_lmp($/MWh)": 40.01589,
			"RTM_lmp($/MWh)": 32.64515
		},
		"23:00:00": {
			"DAM_lmp($/MWh)": 29.58096,
			"RTM_lmp($/MWh)": 33.49088
		}
	},
	"2023-05-23": {
		"00:00:00": {
			"DAM_lmp($/MWh)": 26.88553,
			"RTM_lmp($/MWh)": 28.0785
		},
		"01:00:00": {
			"DAM_lmp($/MWh)": 22.91777,
			"RTM_lmp($/MWh)": 24.2381
		},
		"02:00:00": {
			"DAM_lmp($/MWh)": 20.95628,
			"RTM_lmp($/MWh)": 20.06773
		},
		"03:00:00": {
			"DAM_lmp($/MWh)": 18.75018,
			"RTM_lmp($/MWh)": 7.17323
		},
		"04:00:00": {
			"DAM_lmp($/MWh)": 22.68252,
			"RTM_lmp($/MWh)": 2.10034
		},
		"05:00:00": {
			"DAM_lmp($/MWh)": 32.41897,
			"RTM_lmp($/MWh)": 61.79701
		},
		"06:00:00": {
			"DAM_lmp($/MWh)": 33.50676,
			"RTM_lmp($/MWh)": 72.0
		},
		"07:00:00": {
			"DAM_lmp($/MWh)": 26.65466,
			"RTM_lmp($/MWh)": 18.0208
		},
		"08:00:00": {
			"DAM_lmp($/MWh)": 19.47564,
			"RTM_lmp($/MWh)": 12.8688
		},
		"09:00:00": {
			"DAM_lmp($/MWh)": 16.83016,
			"RTM_lmp($/MWh)": 12.94
		},
		"10:00:00": {
			"DAM_lmp($/MWh)": 11.41336,
			"RTM_lmp($/MWh)": 15.4
		},
		"11:00:00": {
			"DAM_lmp($/MWh)": 9.32912,
			"RTM_lmp($/MWh)": 18.06641
		},
		"12:00:00": {
			"DAM_lmp($/MWh)": 7.42093,
			"RTM_lmp($/MWh)": 15.5472
		},
		"13:00:00": {
			"DAM_lmp($/MWh)": 7.34105,
			"RTM_lmp($/MWh)": 15.75861
		},
		"14:00:00": {
			"DAM_lmp($/MWh)": 8.52481,
			"RTM_lmp($/MWh)": 9.9976
		},
		"15:00:00": {
			"DAM_lmp($/MWh)": 11.62165,
			"RTM_lmp($/MWh)": 4.9988
		},
		"16:00:00": {
			"DAM_lmp($/MWh)": 15.57951,
			"RTM_lmp($/MWh)": 4.95
		},
		"17:00:00": {
			"DAM_lmp($/MWh)": 26.01628,
			"RTM_lmp($/MWh)": 0.0
		},
		"18:00:00": {
			"DAM_lmp($/MWh)": 45.53563,
			"RTM_lmp($/MWh)": 14.71433
		},
		"19:00:00": {
			"DAM_lmp($/MWh)": 67.03221,
			"RTM_lmp($/MWh)": 28.68517
		},
		"20:00:00": {
			"DAM_lmp($/MWh)": 67.46874,
			"RTM_lmp($/MWh)": 40.0
		},
		"21:00:00": {
			"DAM_lmp($/MWh)": 51.46765,
			"RTM_lmp($/MWh)": 43.81138
		},
		"22:00:00": {
			"DAM_lmp($/MWh)": 40.01589,
			"RTM_lmp($/MWh)": 32.64515
		},
		"23:00:00": {
			"DAM_lmp($/MWh)": 29.58096,
			"RTM_lmp($/MWh)": 33.49088
		}
	}
}