{
	"2023-05-22": {
		"00:00:00": {
			"DAM_lmp($/MWh)": 26.9174,
			"RTM_lmp($/MWh)": 28.03012
		},
		"01:00:00": {
			"DAM_lmp($/MWh)": 23.06828,
			"RTM_lmp($/MWh)": 24.19112
		},
		"02:00:00": {
			"DAM_lmp($/MWh)": 21.25394,
			"RTM_lmp($/MWh)": 20.06773
		},
		"03:00:00": {
			"DAM_lmp($/MWh)": 19.12718,
			"RTM_lmp($/MWh)": 7.1127
		},
		"04:00:00": {
			"DAM_lmp($/MWh)": 22.86869,
			"RTM_lmp($/MWh)": 2.08381
		},
		"05:00:00": {
			"DAM_lmp($/MWh)": 32.3726,
			"RTM_lmp($/MWh)": 60.07559
		},
		"06:00:00": {
			"DAM_lmp($/MWh)": 33.43896,
			"RTM_lmp($/MWh)": 72.0
		},
		"07:00:00": {
			"DAM_lmp($/MWh)": 26.32339,
			"RTM_lmp($/MWh)": 18.0208
		},
		"08:00:00": {
			"DAM_lmp($/MWh)": 20.20386,
			"RTM_lmp($/MWh)": 12.8688
		},
		"09:00:00": {
			"DAM_lmp($/MWh)": 17.59878,
			"RTM_lmp($/MWh)": 12.94
		},
		"10:00:00": {
			"DAM_lmp($/MWh)": 11.82454,
			"RTM_lmp($/MWh)": 15.4
		},
		"11:00:00": {
			"DAM_lmp($/MWh)": 9.7417,
			"RTM_lmp($/MWh)": 18.47766
		},
		"12:00:00": {
			"DAM_lmp($/MWh)": 7.82383,
			"RTM_lmp($/MWh)": 16.02915
		},
		"13:00:00": {
			"DAM_lmp($/MWh)": 7.77359,
			"RTM_lmp($/MWh)": 16.24832
		},
		"14:00:00": {
			"DAM_lmp($/MWh)": 8.97307,
			"RTM_lmp($/MWh)": 9.9976
		},
		"15:00:00": {
			"DAM_lmp($/MWh)": 12.10755,
			"RTM_lmp($/MWh)": 4.9988
		},
		"16:00:00": {
			"DAM_lmp($/MWh)": 16.0861,
			"RTM_lmp($/MWh)": 4.95
		},
		"17:00:00": {
			"DAM_lmp($/MWh)": 26.39719,
			"RTM_lmp($/MWh)": 0.0
		},
		"18:00:00": {
			"DAM_lmp($/MWh)": 46.28944,
			"RTM_lmp($/MWh)": 15.14131
		},
		"19:00:00": {
			"DAM_lmp($/MWh)": 68.1116,
			"RTM_lmp($/MWh)": 29.49107
		},
		"20:00:00": {
			"DAM_lmp($/MWh)": 68.54974,
			"RTM_lmp($/MWh)": 40.0
		},
		"21:00:00": {
			"DAM_lmp($/MWh)": 52.24141,
			"RTM_lmp($/MWh)": 44.98209
		},
		"22:00:00": {
			"DAM_lmp($/MWh)": 40.63599,
			"RTM_lmp($/MWh)": 33.35821
		},
		"23:00:00": {
			"DAM_lmp($/MWh)": 30.08639,
			"RTM_lmp($/MWh)": 34.13864
		}
	},
	"2023-05-23": {
		"00:00:00": {
			"DAM_lmp($/MWh)": 26.9174,
			"RTM_lmp($/MWh)": 28.03012
		},
		"01:00:00": {
			"DAM_lmp($/MWh)": 23.06828,
			"RTM_lmp($/MWh)": 24.19112
		},
		"02:00:00": {
			"DAM_lmp($/MWh)": 21.25394,
			"RTM_lmp($/MWh)": 20.06773
		},
		"03:00:00": {
			"DAM_lmp($/MWh)": 19.12718,
			"RTM_lmp($/MWh)": 7.1127
		},
		"04:00:00": {
			"DAM_lmp($/MWh)": 22.86869,
			"RTM_lmp($/MWh)": 2.08381
		},
		"05:00:00": {
			"DAM_lmp($/MWh)": 32.3726,
			"RTM_lmp($/MWh)": 60.07559
		},
		"06:00:00": {
			"DAM_lmp($/MWh)": 33.43896,
			"RTM_lmp($/MWh)": 72.0
		},
		"07:00:00": {
			"DAM_lmp($/MWh)": 26.32339,
			"RTM_lmp($/MWh)": 18.0208
		},
		"08:00:00": {
			"DAM_lmp($/MWh)": 20.20386,
			"RTM_lmp($/MWh)": 12.8688
		},
		"09:00:00": {
			"DAM_lmp($/MWh)": 17.59878,
			"RTM_lmp($/MWh)": 12.94
		},
		"10:00:00": {
			"DAM_lmp($/MWh)": 11.82454,
			"RTM_lmp($/MWh)": 15.4
		},
		"11:00:00": {
			"DAM_lmp($/MWh)": 9.7417,
			"RTM_lmp($/MWh)": 18.47766
		},
		"12:00:00": {
			"DAM_lmp($/MWh)": 7.82383,
			"RTM_lmp($/MWh)": 16.02915
		},
		"13:00:00": {
			"DAM_lmp($/MWh)": 7.77359,
			"RTM_lmp($/MWh)": 16.24832
		},
		"14:00:00": {
			"DAM_lmp($/MWh)": 8.97307,
			"RTM_lmp($/MWh)": 9.9976
		},
		"15:00:00": {
			"DAM_lmp($/MWh)": 12.10755,
			"RTM_lmp($/MWh)": 4.9988
		},
		"16:00:00": {
			"DAM_lmp($/MWh)": 16.0861,
			"RTM_lmp($/MWh)": 4.95
		},
		"17:00:00": {
			"DAM_lmp($/MWh)": 26.39719,
			"RTM_lmp($/MWh)": 0.0
		},
		"18:00:00": {
			"DAM_lmp($/MWh)": 46.28944,
			"RTM_lmp($/MWh)": 15.14131
		},
		"19:00:00": {
			"DAM_lmp($/MWh)": 68.1116,
			"RTM_lmp($/MWh)": 29.49107
		},
		"20:00:00": {
			"DAM_lmp($/MWh)": 68.54974,
			"RTM_lmp($/MWh)": 40.0
		},
		"21:00:00": {
			"DAM_lmp($/MWh)": 52.24141,
			"RTM_lmp($/MWh)": 44.98209
		},
		"22:00:00": {
			"DAM_lmp($/MWh)": 40.63599,
			"RTM_lmp($/MWh)": 33.35821
		},
		"23:00:00": {
			"DAM_lmp($/MWh)": 30.08639,
			"RTM_lmp($/MWh)": 34.13864
		}
	}
}