{
	"2023-05-22": {
		"00:00:00": {
			"DAM_lmp($/MWh)": 29.27169,
			"RTM_lmp($/MWh)": 28.70455
		},
		"01:00:00": {
			"DAM_lmp($/MWh)": 25.78293,
			"RTM_lmp($/MWh)": 25.04167
		},
		"02:00:00": {
			"DAM_lmp($/MWh)": 24.47291,
			"RTM_lmp($/MWh)": 20.79844
		},
		"03:00:00": {
			"DAM_lmp($/MWh)": 22.62928,
			"RTM_lmp($/MWh)": 6.06048
		},
		"04:00:00": {
			"DAM_lmp($/MWh)": 26.13777,
			"RTM_lmp($/MWh)": 1.62944
		},
		"05:00:00": {
			"DAM_lmp($/MWh)": 33.94492,
			"RTM_lmp($/MWh)": 30.81135
		},
		"06:00:00": {
			"DAM_lmp($/MWh)": 35.47518,
			"RTM_lmp($/MWh)": 72.0
		},
		"07:00:00": {
			"DAM_lmp($/MWh)": 25.17687,
			"RTM_lmp($/MWh)": 18.0208
		},
		"08:00:00": {
			"DAM_lmp($/MWh)": 9.74697,
			"RTM_lmp($/MWh)": 12.8688
		},
		"09:00:00": {
			"DAM_lmp($/MWh)": 6.7413,
			"RTM_lmp($/MWh)": 12.94
		},
		"10:00:00": {
			"DAM_lmp($/MWh)": 5.04156,
			"RTM_lmp($/MWh)": 15.4
		},
		"11:00:00": {
			"DAM_lmp($/MWh)": 3.75613,
			"RTM_lmp($/MWh)": 11.34931
		},
		"12:00:00": {
			"DAM_lmp($/MWh)": 1.63578,
			"RTM_lmp($/MWh)": 14.49245
		},
		"13:00:00": {
			"DAM_lmp($/MWh)": 1.13708,
			"RTM_lmp($/MWh)": 14.72582
		},
		"14:00:00": {
			"DAM_lmp($/MWh)": 2.24463,
			"RTM_lmp($/MWh)": 9.9976
		},
		"15:00:00": {
			"DAM_lmp($/MWh)": 5.15289,
			"RTM_lmp($/MWh)": 4.9988
		},
		"16:00:00": {
			"DAM_lmp($/MWh)": 9.61712,
			"RTM_lmp($/MWh)": 4.95
		},
		"17:00:00": {
			"DAM_lmp($/MWh)": 24.18394,
			"RTM_lmp($/MWh)": 0.0
		},
		"18:00:00": {
			"DAM_lmp($/MWh)": 43.12956,
			"RTM_lmp($/MWh)": 13.97033
		},
		"19:00:00": {
			"DAM_lmp($/MWh)": 64.35635,
			"RTM_lmp($/MWh)": 27.51345
		},
		"20:00:00": {
			"DAM_lmp($/MWh)": 64.56233,
			"RTM_lmp($/MWh)": 40.0
		},
		"21:00:00": {
			"DAM_lmp($/MWh)": 49.6256,
			"RTM_lmp($/MWh)": 42.19589
		},
		"22:00:00": {
			"DAM_lmp($/MWh)": 40.11294,
			"RTM_lmp($/MWh)": 32.05623
		},
		"23:00:00": {
			"DAM_lmp($/MWh)": 32.0319,
			"RTM_lmp($/MWh)": 33.31814
		}
	},
	"2023-05-23": {
		"00:00:00": {
			"DAM_lmp($/MWh)": 29.27169,
			"RTM_lmp($/MWh)": 28.70455
		},
		"01:00:00": {
			"DAM_lmp($/MWh)": 25.78293,
			"RTM_lmp($/MWh)": 25.04167
		},
		"02:00:00": {
			"DAM_lmp($/MWh)": 24.47291,
			"RTM_lmp($/MWh)": 20.79844
		},
		"03:00:00": {
			"DAM_lmp($/MWh)": 22.62928,
			"RTM_lmp($/MWh)": 6.06048
		},
		"04:00:00": {
			"DAM_lmp($/MWh)": 26.13777,
			"RTM_lmp($/MWh)": 1.62944
		},
		"05:00:00": {
			"DAM_lmp($/MWh)": 33.94492,
			"RTM_lmp($/MWh)": 30.81135
		},
		"06:00:00": {
			"DAM_lmp($/MWh)": 35.47518,
			"RTM_lmp($/MWh)": 72.0
		},
		"07:00:00": {
			"DAM_lmp($/MWh)": 25.17687,
			"RTM_lmp($/MWh)": 18.0208
		},
		"08:00:00": {
			"DAM_lmp($/MWh)": 9.74697,
			"RTM_lmp($/MWh)": 12.8688
		},
		"09:00:00": {
			"DAM_lmp($/MWh)": 6.7413,
			"RTM_lmp($/MWh)": 12.94
		},
		"10:00:00": {
			"DAM_lmp($/MWh)": 5.04156,
			"RTM_lmp($/MWh)": 15.4
		},
		"11:00:00": {
			"DAM_lmp($/MWh)": 3.75613,
			"RTM_lmp($/MWh)": 11.34931
		},
		"12:00:00": {
			"DAM_lmp($/MWh)": 1.63578,
			"RTM_lmp($/MWh)": 14.49245
		},
		"13:00:00": {
			"DAM_lmp($/MWh)": 1.13708,
			"RTM_lmp($/MWh)": 14.72582
		},
		"14:00:00": {
			"DAM_lmp($/MWh)": 2.24463,
			"RTM_lmp($/MWh)": 9.9976
		},
		"15:00:00": {
			"DAM_lmp($/MWh)": 5.15289,
			"RTM_lmp($/MWh)": 4.9988
		},
		"16:00:00": {
			"DAM_lmp($/MWh)": 9.61712,
			"RTM_lmp($/MWh)": 4.95
		},
		"17:00:00": {
			"DAM_lmp($/MWh)": 24.18394,
			"RTM_lmp($/MWh)": 0.0
		},
		"18:00:00": {
			"DAM_lmp($/MWh)": 43.12956,
			"RTM_lmp($/MWh)": 13.97033
		},
		"19:00:00": {
			"DAM_lmp($/MWh)": 64.35635,
			"RTM_lmp($/MWh)": 27.51345
		},
		"20:00:00": {
			"DAM_lmp($/MWh)": 64.56233,
			"RTM_lmp($/MWh)": 40.0
		},
		"21:00:00": {
			"DAM_lmp($/MWh)": 49.6256,
			"RTM_lmp($/MWh)": 42.19589
		},
		"22:00:00": {
			"DAM_lmp($/MWh)": 40.11294,
			"RTM_lmp($/MWh)": 32.05623
		},
		"23:00:00": {
			"DAM_lmp($/MWh)": 32.0319,
			"RTM_lmp($/MWh)": 33.31814
		}
	}
}