{
	"2023-05-22": {
		"00:00:00": {
			"DAM_lmp($/MWh)": 29.23032,
			"RTM_lmp($/MWh)": 28.35169
		},
		"01:00:00": {
			"DAM_lmp($/MWh)": 25.43123,
			"RTM_lmp($/MWh)": 24.74744
		},
		"02:00:00": {
			"DAM_lmp($/MWh)": 24.19271,
			"RTM_lmp($/MWh)": 20.7656
		},
		"03:00:00": {
			"DAM_lmp($/MWh)": 22.42013,
			"RTM_lmp($/MWh)": 24.01922
		},
		"04:00:00": {
			"DAM_lmp($/MWh)": 25.91392,
			"RTM_lmp($/MWh)": 20.57268
		},
		"05:00:00": {
			"DAM_lmp($/MWh)": 33.69114,
			"RTM_lmp($/MWh)": 30.81135
		},
		"06:00:00": {
			"DAM_lmp($/MWh)": 35.05067,
			"RTM_lmp($/MWh)": 72.0
		},
		"07:00:00": {
			"DAM_lmp($/MWh)": 24.78348,
			"RTM_lmp($/MWh)": 18.0208
		},
		"08:00:00": {
			"DAM_lmp($/MWh)": 10.60012,
			"RTM_lmp($/MWh)": 12.8688
		},
		"09:00:00": {
			"DAM_lmp($/MWh)": 7.7473,
			"RTM_lmp($/MWh)": 12.94
		},
		"10:00:00": {
			"DAM_lmp($/MWh)": 5.7511,
			"RTM_lmp($/MWh)": 15.4
		},
		"11:00:00": {
			"DAM_lmp($/MWh)": 4.3455,
			"RTM_lmp($/MWh)": 14.7764
		},
		"12:00:00": {
			"DAM_lmp($/MWh)": 2.32447,
			"RTM_lmp($/MWh)": 14.77885
		},
		"13:00:00": {
			"DAM_lmp($/MWh)": 1.87404,
			"RTM_lmp($/MWh)": 14.98323
		},
		"14:00:00": {
			"DAM_lmp($/MWh)": 2.88855,
			"RTM_lmp($/MWh)": 9.9976
		},
		"15:00:00": {
			"DAM_lmp($/MWh)": 5.77295,
			"RTM_lmp($/MWh)": 4.9988
		},
		"16:00:00": {
			"DAM_lmp($/MWh)": 10.06393,
			"RTM_lmp($/MWh)": 4.95
		},
		"17:00:00": {
			"DAM_lmp($/MWh)": 23.52918,
			"RTM_lmp($/MWh)": 0.0
		},
		"18:00:00": {
			"DAM_lmp($/MWh)": 42.04266,
			"RTM_lmp($/MWh)": 13.54335
		},
		"19:00:00": {
			"DAM_lmp($/MWh)": 62.77281,
			"RTM_lmp($/MWh)": 26.46825
		},
		"20:00:00": {
			"DAM_lmp($/MWh)": 62.93112,
			"RTM_lmp($/MWh)": 40.0
		},
		"21:00:00": {
			"DAM_lmp($/MWh)": 48.61721,
			"RTM_lmp($/MWh)": 40.54263
		},
		"22:00:00": {
			"DAM_lmp($/MWh)": 39.47968,
			"RTM_lmp($/MWh)": 31.31769
		},
		"23:00:00": {
			"DAM_lmp($/MWh)": 31.11886,
			"RTM_lmp($/MWh)": 32.88962
		}
	},
	"2023-05-23": {
		"00:00:00": {
			"DAM_lmp($/MWh)": 29.23032,
			"RTM_lmp($/MWh)": 28.35169
		},
		"01:00:00": {
			"DAM_lmp($/MWh)": 25.43123,
			"RTM_lmp($/MWh)": 24.74744
		},
		"02:00:00": {
			"DAM_lmp($/MWh)": 24.19271,
			"RTM_lmp($/MWh)": 20.7656
		},
		"03:00:00": {
			"DAM_lmp($/MWh)": 22.42013,
			"RTM_lmp($/MWh)": 24.01922
		},
		"04:00:00": {
			"DAM_lmp($/MWh)": 25.91392,
			"RTM_lmp($/MWh)": 20.57268
		},
		"05:00:00": {
			"DAM_lmp($/MWh)": 33.69114,
			"RTM_lmp($/MWh)": 30.81135
		},
		"06:00:00": {
			"DAM_lmp($/MWh)": 35.05067,
			"RTM_lmp($/MWh)": 72.0
		},
		"07:00:00": {
			"DAM_lmp($/MWh)": 24.78348,
			"RTM_lmp($/MWh)": 18.0208
		},
		"08:00:00": {
			"DAM_lmp($/MWh)": 10.60012,
			"RTM_lmp($/MWh)": 12.8688
		},
		"09:00:00": {
			"DAM_lmp($/MWh)": 7.7473,
			"RTM_lmp($/MWh)": 12.94
		},
		"10:00:00": {
			"DAM_lmp($/MWh)": 5.7511,
			"RTM_lmp($/MWh)": 15.4
		},
		"11:00:00": {
			"DAM_lmp($/MWh)": 4.3455,
			"RTM_lmp($/MWh)": 14.7764
		},
		"12:00:00": {
			"DAM_lmp($/MWh)": 2.32447,
			"RTM_lmp($/MWh)": 14.77885
		},
		"13:00:00": {
			"DAM_lmp($/MWh)": 1.87404,
			"RTM_lmp($/MWh)": 14.98323
		},
		"14:00:00": {
			"DAM_lmp($/MWh)": 2.88855,
			"RTM_lmp($/MWh)": 9.9976
		},
		"15:00:00": {
			"DAM_lmp($/MWh)": 5.77295,
			"RTM_lmp($/MWh)": 4.9988
		},
		"16:00:00": {
			"DAM_lmp($/MWh)": 10.06393,
			"RTM_lmp($/MWh)": 4.95
		},
		"17:00:00": {
			"DAM_lmp($/MWh)": 23.52918,
			"RTM_lmp($/MWh)": 0.0
		},
		"18:00:00": {
			"DAM_lmp($/MWh)": 42.04266,
			"RTM_lmp($/MWh)": 13.54335
		},
		"19:00:00": {
			"DAM_lmp($/MWh)": 62.77281,
			"RTM_lmp($/MWh)": 26.46825
		},
		"20:00:00": {
			"DAM_lmp($/MWh)": 62.93112,
			"RTM_lmp($/MWh)": 40.0
		},
		"21:00:00": {
			"DAM_lmp($/MWh)": 48.61721,
			"RTM_lmp($/MWh)": 40.54263
		},
		"22:00:00": {
			"DAM_lmp($/MWh)": 39.47968,
			"RTM_lmp($/MWh)": 31.31769
		},
		"23:00:00": {
			"DAM_lmp($/MWh)": 31.11886,
			"RTM_lmp($/MWh)": 32.88962
		}
	}
}