{
	"2023-05-22": {
		"00:00:00": {
			"DAM_lmp($/MWh)": 22.31899,
			"RTM_lmp($/MWh)": 25.78202
		},
		"01:00:00": {
			"DAM_lmp($/MWh)": 18.41374,
			"RTM_lmp($/MWh)": 22.12657
		},
		"02:00:00": {
			"DAM_lmp($/MWh)": 15.84967,
			"RTM_lmp($/MWh)": 18.32512
		},
		"03:00:00": {
			"DAM_lmp($/MWh)": 13.55214,
			"RTM_lmp($/MWh)": 7.10182
		},
		"04:00:00": {
			"DAM_lmp($/MWh)": 17.61711,
			"RTM_lmp($/MWh)": 2.86881
		},
		"05:00:00": {
			"DAM_lmp($/MWh)": 28.44199,
			"RTM_lmp($/MWh)": 30.81135
		},
		"06:00:00": {
			"DAM_lmp($/MWh)": 28.31248,
			"RTM_lmp($/MWh)": 72.0
		},
		"07:00:00": {
			"DAM_lmp($/MWh)": 24.54796,
			"RTM_lmp($/MWh)": 18.0208
		},
		"08:00:00": {
			"DAM_lmp($/MWh)": 12.32412,
			"RTM_lmp($/MWh)": 12.8688
		},
		"09:00:00": {
			"DAM_lmp($/MWh)": 10.01034,
			"RTM_lmp($/MWh)": 12.94
		},
		"10:00:00": {
			"DAM_lmp($/MWh)": 7.15824,
			"RTM_lmp($/MWh)": 15.4
		},
		"11:00:00": {
			"DAM_lmp($/MWh)": 5.37123,
			"RTM_lmp($/MWh)": 14.7764
		},
		"12:00:00": {
			"DAM_lmp($/MWh)": 3.74067,
			"RTM_lmp($/MWh)": 15.19151
		},
		"13:00:00": {
			"DAM_lmp($/MWh)": 3.54767,
			"RTM_lmp($/MWh)": 14.85139
		},
		"14:00:00": {
			"DAM_lmp($/MWh)": 4.5887,
			"RTM_lmp($/MWh)": 9.9976
		},
		"15:00:00": {
			"DAM_lmp($/MWh)": 7.38562,
			"RTM_lmp($/MWh)": 4.9988
		},
		"16:00:00": {
			"DAM_lmp($/MWh)": 11.38043,
			"RTM_lmp($/MWh)": 4.95
		},
		"17:00:00": {
			"DAM_lmp($/MWh)": 23.36237,
			"RTM_lmp($/MWh)": 0.0
		},
		"18:00:00": {
			"DAM_lmp($/MWh)": 43.87969,
			"RTM_lmp($/MWh)": 13.01927
		},
		"19:00:00": {
			"DAM_lmp($/MWh)": 63.30822,
			"RTM_lmp($/MWh)": 25.59634
		},
		"20:00:00": {
			"DAM_lmp($/MWh)": 64.43086,
			"RTM_lmp($/MWh)": 40.0
		},
		"21:00:00": {
			"DAM_lmp($/MWh)": 47.90594,
			"RTM_lmp($/MWh)": 38.59564
		},
		"22:00:00": {
			"DAM_lmp($/MWh)": 36.23341,
			"RTM_lmp($/MWh)": 29.26126
		},
		"23:00:00": {
			"DAM_lmp($/MWh)": 25.62678,
			"RTM_lmp($/MWh)": 30.30854
		}
	},
	"2023-05-23": {
		"00:00:00": {
			"DAM_lmp($/MWh)": 22.31899,
			"RTM_lmp($/MWh)": 25.78202
		},
		"01:00:00": {
			"DAM_lmp($/MWh)": 18.41374,
			"RTM_lmp($/MWh)": 22.12657
		},
		"02:00:00": {
			"DAM_lmp($/MWh)": 15.84967,
			"RTM_lmp($/MWh)": 18.32512
		},
		"03:00:00": {
			"DAM_lmp($/MWh)": 13.55214,
			"RTM_lmp($/MWh)": 7.10182
		},
		"04:00:00": {
			"DAM_lmp($/MWh)": 17.61711,
			"RTM_lmp($/MWh)": 2.86881
		},
		"05:00:00": {
			"DAM_lmp($/MWh)": 28.44199,
			"RTM_lmp($/MWh)": 30.81135
		},
		"06:00:00": {
			"DAM_lmp($/MWh)": 28.31248,
			"RTM_lmp($/MWh)": 72.0
		},
		"07:00:00": {
			"DAM_lmp($/MWh)": 24.54796,
			"RTM_lmp($/MWh)": 18.0208
		},
		"08:00:00": {
			"DAM_lmp($/MWh)": 12.32412,
			"RTM_lmp($/MWh)": 12.8688
		},
		"09:00:00": {
			"DAM_lmp($/MWh)": 10.01034,
			"RTM_lmp($/MWh)": 12.94
		},
		"10:00:00": {
			"DAM_lmp($/MWh)": 7.15824,
			"RTM_lmp($/MWh)": 15.4
		},
		"11:00:00": {
			"DAM_lmp($/MWh)": 5.37123,
			"RTM_lmp($/MWh)": 14.7764
		},
		"12:00:00": {
			"DAM_lmp($/MWh)": 3.74067,
			"RTM_lmp($/MWh)": 15.19151
		},
		"13:00:00": {
			"DAM_lmp($/MWh)": 3.54767,
			"RTM_lmp($/MWh)": 14.85139
		},
		"14:00:00": {
			"DAM_lmp($/MWh)": 4.5887,
			"RTM_lmp($/MWh)": 9.9976
		},
		"15:00:00": {
			"DAM_lmp($/MWh)": 7.38562,
			"RTM_lmp($/MWh)": 4.9988
		},
		"16:00:00": {
			"DAM_lmp($/MWh)": 11.38043,
			"RTM_lmp($/MWh)": 4.95
		},
		"17:00:00": {
			"DAM_lmp($/MWh)": 23.36237,
			"RTM_lmp($/MWh)": 0.0
		},
		"18:00:00": {
			"DAM_lmp($/MWh)": 43.87969,
			"RTM_lmp($/MWh)": 13.01927
		},
		"19:00:00": {
			"DAM_lmp($/MWh)": 63.30822,
			"RTM_lmp($/MWh)": 25.59634
		},
		"20:00:00": {
			"DAM_lmp($/MWh)": 64.43086,
			"RTM_lmp($/MWh)": 40.0
		},
		"21:00:00": {
			"DAM_lmp($/MWh)": 47.90594,
			"RTM_lmp($/MWh)": 38.59564
		},
		"22:00:00": {
			"DAM_lmp($/MWh)": 36.23341,
			"RTM_lmp($/MWh)": 29.26126
		},
		"23:00:00": {
			"DAM_lmp($/MWh)": 25.62678,
			"RTM_lmp($/MWh)": 30.30854
		}
	}
}