{
	"2023-05-22": {
		"00:00:00": {
			"DAM_lmp($/MWh)": 29.05009,
			"RTM_lmp($/MWh)": 28.20656
		},
		"01:00:00": {
			"DAM_lmp($/MWh)": 25.60966,
			"RTM_lmp($/MWh)": 24.67079
		},
		"02:00:00": {
			"DAM_lmp($/MWh)": 24.33281,
			"RTM_lmp($/MWh)": 20.4844
		},
		"03:00:00": {
			"DAM_lmp($/MWh)": 22.53152,
			"RTM_lmp($/MWh)": 5.84194
		},
		"04:00:00": {
			"DAM_lmp($/MWh)": 26.01926,
			"RTM_lmp($/MWh)": 1.49718
		},
		"05:00:00": {
			"DAM_lmp($/MWh)": 33.86604,
			"RTM_lmp($/MWh)": 30.81135
		},
		"06:00:00": {
			"DAM_lmp($/MWh)": 35.40323,
			"RTM_lmp($/MWh)": 72.0
		},
		"07:00:00": {
			"DAM_lmp($/MWh)": 25.1924,
			"RTM_lmp($/MWh)": 18.0208
		},
		"08:00:00": {
			"DAM_lmp($/MWh)": 9.78234,
			"RTM_lmp($/MWh)": 12.8688
		},
		"09:00:00": {
			"DAM_lmp($/MWh)": 6.7914,
			"RTM_lmp($/MWh)": 12.94
		},
		"10:00:00": {
			"DAM_lmp($/MWh)": 5.08644,
			"RTM_lmp($/MWh)": 15.4
		},
		"11:00:00": {
			"DAM_lmp($/MWh)": 3.80535,
			"RTM_lmp($/MWh)": 11.34931
		},
		"12:00:00": {
			"DAM_lmp($/MWh)": 1.66919,
			"RTM_lmp($/MWh)": 14.58638
		},
		"13:00:00": {
			"DAM_lmp($/MWh)": 1.16351,
			"RTM_lmp($/MWh)": 14.82314
		},
		"14:00:00": {
			"DAM_lmp($/MWh)": 2.26415,
			"RTM_lmp($/MWh)": 9.9976
		},
		"15:00:00": {
			"DAM_lmp($/MWh)": 5.16832,
			"RTM_lmp($/MWh)": 4.9988
		},
		"16:00:00": {
			"DAM_lmp($/MWh)": 9.57032,
			"RTM_lmp($/MWh)": 4.95
		},
		"17:00:00": {
			"DAM_lmp($/MWh)": 23.88519,
			"RTM_lmp($/MWh)": 0.0
		},
		"18:00:00": {
			"DAM_lmp($/MWh)": 42.50284,
			"RTM_lmp($/MWh)": 13.68187
		},
		"19:00:00": {
			"DAM_lmp($/MWh)": 63.3222,
			"RTM_lmp($/MWh)": 26.93859
		},
		"20:00:00": {
			"DAM_lmp($/MWh)": 63.46839,
			"RTM_lmp($/MWh)": 40.0
		},
		"21:00:00": {
			"DAM_lmp($/MWh)": 48.97165,
			"RTM_lmp($/MWh)": 41.20561
		},
		"22:00:00": {
			"DAM_lmp($/MWh)": 39.70152,
			"RTM_lmp($/MWh)": 31.47368
		},
		"23:00:00": {
			"DAM_lmp($/MWh)": 31.79101,
			"RTM_lmp($/MWh)": 32.82983
		}
	},
	"2023-05-23": {
		"00:00:00": {
			"DAM_lmp($/MWh)": 29.05009,
			"RTM_lmp($/MWh)": 28.20656
		},
		"01:00:00": {
			"DAM_lmp($/MWh)": 25.60966,
			"RTM_lmp($/MWh)": 24.67079
		},
		"02:00:00": {
			"DAM_lmp($/MWh)": 24.33281,
			"RTM_lmp($/MWh)": 20.4844
		},
		"03:00:00": {
			"DAM_lmp($/MWh)": 22.53152,
			"RTM_lmp($/MWh)": 5.84194
		},
		"04:00:00": {
			"DAM_lmp($/MWh)": 26.01926,
			"RTM_lmp($/MWh)": 1.49718
		},
		"05:00:00": {
			"DAM_lmp($/MWh)": 33.86604,
			"RTM_lmp($/MWh)": 30.81135
		},
		"06:00:00": {
			"DAM_lmp($/MWh)": 35.40323,
			"RTM_lmp($/MWh)": 72.0
		},
		"07:00:00": {
			"DAM_lmp($/MWh)": 25.1924,
			"RTM_lmp($/MWh)": 18.0208
		},
		"08:00:00": {
			"DAM_lmp($/MWh)": 9.78234,
			"RTM_lmp($/MWh)": 12.8688
		},
		"09:00:00": {
			"DAM_lmp($/MWh)": 6.7914,
			"RTM_lmp($/MWh)": 12.94
		},
		"10:00:00": {
			"DAM_lmp($/MWh)": 5.08644,
			"RTM_lmp($/MWh)": 15.4
		},
		"11:00:00": {
			"DAM_lmp($/MWh)": 3.80535,
			"RTM_lmp($/MWh)": 11.34931
		},
		"12:00:00": {
			"DAM_lmp($/MWh)": 1.66919,
			"RTM_lmp($/MWh)": 14.58638
		},
		"13:00:00": {
			"DAM_lmp($/MWh)": 1.16351,
			"RTM_lmp($/MWh)": 14.82314
		},
		"14:00:00": {
			"DAM_lmp($/MWh)": 2.26415,
			"RTM_lmp($/MWh)": 9.9976
		},
		"15:00:00": {
			"DAM_lmp($/MWh)": 5.16832,
			"RTM_lmp($/MWh)": 4.9988
		},
		"16:00:00": {
			"DAM_lmp($/MWh)": 9.57032,
			"RTM_lmp($/MWh)": 4.95
		},
		"17:00:00": {
			"DAM_lmp($/MWh)": 23.88519,
			"RTM_lmp($/MWh)": 0.0
		},
		"18:00:00": {
			"DAM_lmp($/MWh)": 42.50284,
			"RTM_lmp($/MWh)": 13.68187
		},
		"19:00:00": {
			"DAM_lmp($/MWh)": 63.3222,
			"RTM_lmp($/MWh)": 26.93859
		},
		"20:00:00": {
			"DAM_lmp($/MWh)": 63.46839,
			"RTM_lmp($/MWh)": 40.0
		},
		"21:00:00": {
			"DAM_lmp($/MWh)": 48.97165,
			"RTM_lmp($/MWh)": 41.20561
		},
		"22:00:00": {
			"DAM_lmp($/MWh)": 39.70152,
			"RTM_lmp($/MWh)": 31.47368
		},
		"23:00:00": {
			"DAM_lmp($/MWh)": 31.79101,
			"RTM_lmp($/MWh)": 32.82983
		}
	}
}