{
	"2023-05-22": {
		"00:00:00": {
			"DAM_lmp($/MWh)": 22.09845,
			"RTM_lmp($/MWh)": 24.99661
		},
		"01:00:00": {
			"DAM_lmp($/MWh)": 18.49028,
			"RTM_lmp($/MWh)": 21.4763
		},
		"02:00:00": {
			"DAM_lmp($/MWh)": 16.36401,
			"RTM_lmp($/MWh)": 17.83456
		},
		"03:00:00": {
			"DAM_lmp($/MWh)": 14.09909,
			"RTM_lmp($/MWh)": 8.31965
		},
		"04:00:00": {
			"DAM_lmp($/MWh)": 17.90173,
			"RTM_lmp($/MWh)": 4.70455
		},
		"05:00:00": {
			"DAM_lmp($/MWh)": 27.96335,
			"RTM_lmp($/MWh)": 30.81135
		},
		"06:00:00": {
			"DAM_lmp($/MWh)": 28.26959,
			"RTM_lmp($/MWh)": 72.0
		},
		"07:00:00": {
			"DAM_lmp($/MWh)": 0.64,
			"RTM_lmp($/MWh)": 18.0208
		},
		"08:00:00": {
			"DAM_lmp($/MWh)": 11.39009,
			"RTM_lmp($/MWh)": 12.8688
		},
		"09:00:00": {
			"DAM_lmp($/MWh)": 9.44315,
			"RTM_lmp($/MWh)": 12.94
		},
		"10:00:00": {
			"DAM_lmp($/MWh)": 6.83074,
			"RTM_lmp($/MWh)": 15.4
		},
		"11:00:00": {
			"DAM_lmp($/MWh)": 4.87732,
			"RTM_lmp($/MWh)": 14.7764
		},
		"12:00:00": {
			"DAM_lmp($/MWh)": 3.67978,
			"RTM_lmp($/MWh)": 14.8466
		},
		"13:00:00": {
			"DAM_lmp($/MWh)": 3.44355,
			"RTM_lmp($/MWh)": 15.01149
		},
		"14:00:00": {
			"DAM_lmp($/MWh)": 4.5097,
			"RTM_lmp($/MWh)": 9.9976
		},
		"15:00:00": {
			"DAM_lmp($/MWh)": 7.19047,
			"RTM_lmp($/MWh)": 4.9988
		},
		"16:00:00": {
			"DAM_lmp($/MWh)": 10.61718,
			"RTM_lmp($/MWh)": 4.95
		},
		"17:00:00": {
			"DAM_lmp($/MWh)": 22.28936,
			"RTM_lmp($/MWh)": 0.0
		},
		"18:00:00": {
			"DAM_lmp($/MWh)": 27.389,
			"RTM_lmp($/MWh)": 12.49518
		},
		"19:00:00": {
			"DAM_lmp($/MWh)": 31.65591,
			"RTM_lmp($/MWh)": 24.00654
		},
		"20:00:00": {
			"DAM_lmp($/MWh)": 37.86122,
			"RTM_lmp($/MWh)": 40.0
		},
		"21:00:00": {
			"DAM_lmp($/MWh)": 31.56882,
			"RTM_lmp($/MWh)": 35.79265
		},
		"22:00:00": {
			"DAM_lmp($/MWh)": 21.91615,
			"RTM_lmp($/MWh)": 27.51679
		},
		"23:00:00": {
			"DAM_lmp($/MWh)": 20.36967,
			"RTM_lmp($/MWh)": 29.01967
		}
	},
	"2023-05-23": {
		"00:00:00": {
			"DAM_lmp($/MWh)": 22.09845,
			"RTM_lmp($/MWh)": 24.99661
		},
		"01:00:00": {
			"DAM_lmp($/MWh)": 18.49028,
			"RTM_lmp($/MWh)": 21.4763
		},
		"02:00:00": {
			"DAM_lmp($/MWh)": 16.36401,
			"RTM_lmp($/MWh)": 17.83456
		},
		"03:00:00": {
			"DAM_lmp($/MWh)": 14.09909,
			"RTM_lmp($/MWh)": 8.31965
		},
		"04:00:00": {
			"DAM_lmp($/MWh)": 17.90173,
			"RTM_lmp($/MWh)": 4.70455
		},
		"05:00:00": {
			"DAM_lmp($/MWh)": 27.96335,
			"RTM_lmp($/MWh)": 30.81135
		},
		"06:00:00": {
			"DAM_lmp($/MWh)": 28.26959,
			"RTM_lmp($/MWh)": 72.0
		},
		"07:00:00": {
			"DAM_lmp($/MWh)": 0.64,
			"RTM_lmp($/MWh)": 18.0208
		},
		"08:00:00": {
			"DAM_lmp($/MWh)": 11.39009,
			"RTM_lmp($/MWh)": 12.8688
		},
		"09:00:00": {
			"DAM_lmp($/MWh)": 9.44315,
			"RTM_lmp($/MWh)": 12.94
		},
		"10:00:00": {
			"DAM_lmp($/MWh)": 6.83074,
			"RTM_lmp($/MWh)": 15.4
		},
		"11:00:00": {
			"DAM_lmp($/MWh)": 4.87732,
			"RTM_lmp($/MWh)": 14.7764
		},
		"12:00:00": {
			"DAM_lmp($/MWh)": 3.67978,
			"RTM_lmp($/MWh)": 14.8466
		},
		"13:00:00": {
			"DAM_lmp($/MWh)": 3.44355,
			"RTM_lmp($/MWh)": 15.01149
		},
		"14:00:00": {
			"DAM_lmp($/MWh)": 4.5097,
			"RTM_lmp($/MWh)": 9.9976
		},
		"15:00:00": {
			"DAM_lmp($/MWh)": 7.19047,
			"RTM_lmp($/MWh)": 4.9988
		},
		"16:00:00": {
			"DAM_lmp($/MWh)": 10.61718,
			"RTM_lmp($/MWh)": 4.95
		},
		"17:00:00": {
			"DAM_lmp($/MWh)": 22.28936,
			"RTM_lmp($/MWh)": 0.0
		},
		"18:00:00": {
			"DAM_lmp($/MWh)": 27.389,
			"RTM_lmp($/MWh)": 12.49518
		},
		"19:00:00": {
			"DAM_lmp($/MWh)": 31.65591,
			"RTM_lmp($/MWh)": 24.00654
		},
		"20:00:00": {
			"DAM_lmp($/MWh)": 37.86122,
			"RTM_lmp($/MWh)": 40.0
		},
		"21:00:00": {
			"DAM_lmp($/MWh)": 31.56882,
			"RTM_lmp($/MWh)": 35.79265
		},
		"22:00:00": {
			"DAM_lmp($/MWh)": 21.91615,
			"RTM_lmp($/MWh)": 27.51679
		},
		"23:00:00": {
			"DAM_lmp($/MWh)": 20.36967,
			"RTM_lmp($/MWh)": 29.01967
		}
	}
}