{
	"2023-05-22": {
		"00:00:00": {
			"DAM_lmp($/MWh)": 25.08601,
			"RTM_lmp($/MWh)": 26.39954
		},
		"01:00:00": {
			"DAM_lmp($/MWh)": 21.34993,
			"RTM_lmp($/MWh)": 22.78921
		},
		"02:00:00": {
			"DAM_lmp($/MWh)": 19.41746,
			"RTM_lmp($/MWh)": 18.87521
		},
		"03:00:00": {
			"DAM_lmp($/MWh)": 17.40575,
			"RTM_lmp($/MWh)": 6.44912
		},
		"04:00:00": {
			"DAM_lmp($/MWh)": 21.07452,
			"RTM_lmp($/MWh)": 1.53408
		},
		"05:00:00": {
			"DAM_lmp($/MWh)": 30.91239,
			"RTM_lmp($/MWh)": -32.3076
		},
		"06:00:00": {
			"DAM_lmp($/MWh)": 31.36429,
			"RTM_lmp($/MWh)": 72.0
		},
		"07:00:00": {
			"DAM_lmp($/MWh)": 25.19757,
			"RTM_lmp($/MWh)": 18.0208
		},
		"08:00:00": {
			"DAM_lmp($/MWh)": 15.60687,
			"RTM_lmp($/MWh)": 12.8688
		},
		"09:00:00": {
			"DAM_lmp($/MWh)": 10.31808,
			"RTM_lmp($/MWh)": 12.94
		},
		"10:00:00": {
			"DAM_lmp($/MWh)": 7.60473,
			"RTM_lmp($/MWh)": 15.4
		},
		"11:00:00": {
			"DAM_lmp($/MWh)": 5.96722,
			"RTM_lmp($/MWh)": 14.7764
		},
		"12:00:00": {
			"DAM_lmp($/MWh)": 3.98437,
			"RTM_lmp($/MWh)": 14.76807
		},
		"13:00:00": {
			"DAM_lmp($/MWh)": 3.64385,
			"RTM_lmp($/MWh)": 15.03189
		},
		"14:00:00": {
			"DAM_lmp($/MWh)": 4.69007,
			"RTM_lmp($/MWh)": 9.9976
		},
		"15:00:00": {
			"DAM_lmp($/MWh)": 9.11014,
			"RTM_lmp($/MWh)": 4.9988
		},
		"16:00:00": {
			"DAM_lmp($/MWh)": 13.11006,
			"RTM_lmp($/MWh)": 4.95
		},
		"17:00:00": {
			"DAM_lmp($/MWh)": 24.25863,
			"RTM_lmp($/MWh)": 0.0
		},
		"18:00:00": {
			"DAM_lmp($/MWh)": 42.43272,
			"RTM_lmp($/MWh)": 13.64046
		},
		"19:00:00": {
			"DAM_lmp($/MWh)": 62.4561,
			"RTM_lmp($/MWh)": 26.66629
		},
		"20:00:00": {
			"DAM_lmp($/MWh)": 63.26772,
			"RTM_lmp($/MWh)": 40.0
		},
		"21:00:00": {
			"DAM_lmp($/MWh)": 48.16793,
			"RTM_lmp($/MWh)": 40.45451
		},
		"22:00:00": {
			"DAM_lmp($/MWh)": 37.53286,
			"RTM_lmp($/MWh)": 30.60144
		},
		"23:00:00": {
			"DAM_lmp($/MWh)": 27.75381,
			"RTM_lmp($/MWh)": 31.59742
		}
	},
	"2023-05-23": {
		"00:00:00": {
			"DAM_lmp($/MWh)": 25.08601,
			"RTM_lmp($/MWh)": 26.39954
		},
		"01:00:00": {
			"DAM_lmp($/MWh)": 21.34993,
			"RTM_lmp($/MWh)": 22.78921
		},
		"02:00:00": {
			"DAM_lmp($/MWh)": 19.41746,
			"RTM_lmp($/MWh)": 18.87521
		},
		"03:00:00": {
			"DAM_lmp($/MWh)": 17.40575,
			"RTM_lmp($/MWh)": 6.44912
		},
		"04:00:00": {
			"DAM_lmp($/MWh)": 21.07452,
			"RTM_lmp($/MWh)": 1.53408
		},
		"05:00:00": {
			"DAM_lmp($/MWh)": 30.91239,
			"RTM_lmp($/MWh)": -32.3076
		},
		"06:00:00": {
			"DAM_lmp($/MWh)": 31.36429,
			"RTM_lmp($/MWh)": 72.0
		},
		"07:00:00": {
			"DAM_lmp($/MWh)": 25.19757,
			"RTM_lmp($/MWh)": 18.0208
		},
		"08:00:00": {
			"DAM_lmp($/MWh)": 15.60687,
			"RTM_lmp($/MWh)": 12.8688
		},
		"09:00:00": {
			"DAM_lmp($/MWh)": 10.31808,
			"RTM_lmp($/MWh)": 12.94
		},
		"10:00:00": {
			"DAM_lmp($/MWh)": 7.60473,
			"RTM_lmp($/MWh)": 15.4
		},
		"11:00:00": {
			"DAM_lmp($/MWh)": 5.96722,
			"RTM_lmp($/MWh)": 14.7764
		},
		"12:00:00": {
			"DAM_lmp($/MWh)": 3.98437,
			"RTM_lmp($/MWh)": 14.76807
		},
		"13:00:00": {
			"DAM_lmp($/MWh)": 3.64385,
			"RTM_lmp($/MWh)": 15.03189
		},
		"14:00:00": {
			"DAM_lmp($/MWh)": 4.69007,
			"RTM_lmp($/MWh)": 9.9976
		},
		"15:00:00": {
			"DAM_lmp($/MWh)": 9.11014,
			"RTM_lmp($/MWh)": 4.9988
		},
		"16:00:00": {
			"DAM_lmp($/MWh)": 13.11006,
			"RTM_lmp($/MWh)": 4.95
		},
		"17:00:00": {
			"DAM_lmp($/MWh)": 24.25863,
			"RTM_lmp($/MWh)": 0.0
		},
		"18:00:00": {
			"DAM_lmp($/MWh)": 42.43272,
			"RTM_lmp($/MWh)": 13.64046
		},
		"19:00:00": {
			"DAM_lmp($/MWh)": 62.4561,
			"RTM_lmp($/MWh)": 26.66629
		},
		"20:00:00": {
			"DAM_lmp($/MWh)": 63.26772,
			"RTM_lmp($/MWh)": 40.0
		},
		"21:00:00": {
			"DAM_lmp($/MWh)": 48.16793,
			"RTM_lmp($/MWh)": 40.45451
		},
		"22:00:00": {
			"DAM_lmp($/MWh)": 37.53286,
			"RTM_lmp($/MWh)": 30.60144
		},
		"23:00:00": {
			"DAM_lmp($/MWh)": 27.75381,
			"RTM_lmp($/MWh)": 31.59742
		}
	}
}