{
	"2023-05-22": {
		"00:00:00": {
			"DAM_lmp($/MWh)": 29.71784,
			"RTM_lmp($/MWh)": 28.70171
		},
		"01:00:00": {
			"DAM_lmp($/MWh)": 25.97688,
			"RTM_lmp($/MWh)": 25.07876
		},
		"02:00:00": {
			"DAM_lmp($/MWh)": 24.68428,
			"RTM_lmp($/MWh)": 20.75534
		},
		"03:00:00": {
			"DAM_lmp($/MWh)": 22.82024,
			"RTM_lmp($/MWh)": 22.98986
		},
		"04:00:00": {
			"DAM_lmp($/MWh)": 26.60917,
			"RTM_lmp($/MWh)": 20.30208
		},
		"05:00:00": {
			"DAM_lmp($/MWh)": 34.5828,
			"RTM_lmp($/MWh)": 30.81135
		},
		"06:00:00": {
			"DAM_lmp($/MWh)": 35.8709,
			"RTM_lmp($/MWh)": 72.0
		},
		"07:00:00": {
			"DAM_lmp($/MWh)": 25.1691,
			"RTM_lmp($/MWh)": 18.0208
		},
		"08:00:00": {
			"DAM_lmp($/MWh)": 11.79681,
			"RTM_lmp($/MWh)": 12.8688
		},
		"09:00:00": {
			"DAM_lmp($/MWh)": 9.69583,
			"RTM_lmp($/MWh)": 12.94
		},
		"10:00:00": {
			"DAM_lmp($/MWh)": 7.06776,
			"RTM_lmp($/MWh)": 15.4
		},
		"11:00:00": {
			"DAM_lmp($/MWh)": 4.95551,
			"RTM_lmp($/MWh)": 14.7764
		},
		"12:00:00": {
			"DAM_lmp($/MWh)": 3.65772,
			"RTM_lmp($/MWh)": 15.1176
		},
		"13:00:00": {
			"DAM_lmp($/MWh)": 3.4476,
			"RTM_lmp($/MWh)": 15.46981
		},
		"14:00:00": {
			"DAM_lmp($/MWh)": 4.61011,
			"RTM_lmp($/MWh)": 9.9976
		},
		"15:00:00": {
			"DAM_lmp($/MWh)": 7.42804,
			"RTM_lmp($/MWh)": 4.9988
		},
		"16:00:00": {
			"DAM_lmp($/MWh)": 11.52043,
			"RTM_lmp($/MWh)": 4.95
		},
		"17:00:00": {
			"DAM_lmp($/MWh)": 24.19888,
			"RTM_lmp($/MWh)": 0.0
		},
		"18:00:00": {
			"DAM_lmp($/MWh)": 42.87954,
			"RTM_lmp($/MWh)": 14.13455
		},
		"19:00:00": {
			"DAM_lmp($/MWh)": 63.26504,
			"RTM_lmp($/MWh)": 26.85333
		},
		"20:00:00": {
			"DAM_lmp($/MWh)": 63.88819,
			"RTM_lmp($/MWh)": 40.0
		},
		"21:00:00": {
			"DAM_lmp($/MWh)": 49.26906,
			"RTM_lmp($/MWh)": 40.76922
		},
		"22:00:00": {
			"DAM_lmp($/MWh)": 40.4043,
			"RTM_lmp($/MWh)": 31.40364
		},
		"23:00:00": {
			"DAM_lmp($/MWh)": 31.80349,
			"RTM_lmp($/MWh)": 33.17198
		}
	},
	"2023-05-23": {
		"00:00:00": {
			"DAM_lmp($/MWh)": 29.71784,
			"RTM_lmp($/MWh)": 28.70171
		},
		"01:00:00": {
			"DAM_lmp($/MWh)": 25.97688,
			"RTM_lmp($/MWh)": 25.07876
		},
		"02:00:00": {
			"DAM_lmp($/MWh)": 24.68428,
			"RTM_lmp($/MWh)": 20.75534
		},
		"03:00:00": {
			"DAM_lmp($/MWh)": 22.82024,
			"RTM_lmp($/MWh)": 22.98986
		},
		"04:00:00": {
			"DAM_lmp($/MWh)": 26.60917,
			"RTM_lmp($/MWh)": 20.30208
		},
		"05:00:00": {
			"DAM_lmp($/MWh)": 34.5828,
			"RTM_lmp($/MWh)": 30.81135
		},
		"06:00:00": {
			"DAM_lmp($/MWh)": 35.8709,
			"RTM_lmp($/MWh)": 72.0
		},
		"07:00:00": {
			"DAM_lmp($/MWh)": 25.1691,
			"RTM_lmp($/MWh)": 18.0208
		},
		"08:00:00": {
			"DAM_lmp($/MWh)": 11.79681,
			"RTM_lmp($/MWh)": 12.8688
		},
		"09:00:00": {
			"DAM_lmp($/MWh)": 9.69583,
			"RTM_lmp($/MWh)": 12.94
		},
		"10:00:00": {
			"DAM_lmp($/MWh)": 7.06776,
			"RTM_lmp($/MWh)": 15.4
		},
		"11:00:00": {
			"DAM_lmp($/MWh)": 4.95551,
			"RTM_lmp($/MWh)": 14.7764
		},
		"12:00:00": {
			"DAM_lmp($/MWh)": 3.65772,
			"RTM_lmp($/MWh)": 15.1176
		},
		"13:00:00": {
			"DAM_lmp($/MWh)": 3.4476,
			"RTM_lmp($/MWh)": 15.46981
		},
		"14:00:00": {
			"DAM_lmp($/MWh)": 4.61011,
			"RTM_lmp($/MWh)": 9.9976
		},
		"15:00:00": {
			"DAM_lmp($/MWh)": 7.42804,
			"RTM_lmp($/MWh)": 4.9988
		},
		"16:00:00": {
			"DAM_lmp($/MWh)": 11.52043,
			"RTM_lmp($/MWh)": 4.95
		},
		"17:00:00": {
			"DAM_lmp($/MWh)": 24.19888,
			"RTM_lmp($/MWh)": 0.0
		},
		"18:00:00": {
			"DAM_lmp($/MWh)": 42.87954,
			"RTM_lmp($/MWh)": 14.13455
		},
		"19:00:00": {
			"DAM_lmp($/MWh)": 63.26504,
			"RTM_lmp($/MWh)": 26.85333
		},
		"20:00:00": {
			"DAM_lmp($/MWh)": 63.88819,
			"RTM_lmp($/MWh)": 40.0
		},
		"21:00:00": {
			"DAM_lmp($/MWh)": 49.26906,
			"RTM_lmp($/MWh)": 40.76922
		},
		"22:00:00": {
			"DAM_lmp($/MWh)": 40.4043,
			"RTM_lmp($/MWh)": 31.40364
		},
		"23:00:00": {
			"DAM_lmp($/MWh)": 31.80349,
			"RTM_lmp($/MWh)": 33.17198
		}
	}
}