{
	"2023-05-22": {
		"00:00:00": {
			"DAM_lmp($/MWh)": 21.9097,
			"RTM_lmp($/MWh)": 25.21288
		},
		"01:00:00": {
			"DAM_lmp($/MWh)": 18.02549,
			"RTM_lmp($/MWh)": 21.73839
		},
		"02:00:00": {
			"DAM_lmp($/MWh)": 15.54968,
			"RTM_lmp($/MWh)": 18.00903
		},
		"03:00:00": {
			"DAM_lmp($/MWh)": 13.41014,
			"RTM_lmp($/MWh)": 6.32428
		},
		"04:00:00": {
			"DAM_lmp($/MWh)": 17.36483,
			"RTM_lmp($/MWh)": 1.73956
		},
		"05:00:00": {
			"DAM_lmp($/MWh)": 28.14825,
			"RTM_lmp($/MWh)": 30.81135
		},
		"06:00:00": {
			"DAM_lmp($/MWh)": 27.79249,
			"RTM_lmp($/MWh)": 72.0
		},
		"07:00:00": {
			"DAM_lmp($/MWh)": 24.49361,
			"RTM_lmp($/MWh)": 18.0208
		},
		"08:00:00": {
			"DAM_lmp($/MWh)": 12.31143,
			"RTM_lmp($/MWh)": 12.8688
		},
		"09:00:00": {
			"DAM_lmp($/MWh)": 9.93956,
			"RTM_lmp($/MWh)": 12.94
		},
		"10:00:00": {
			"DAM_lmp($/MWh)": 7.12128,
			"RTM_lmp($/MWh)": 15.4
		},
		"11:00:00": {
			"DAM_lmp($/MWh)": 5.35006,
			"RTM_lmp($/MWh)": 14.7764
		},
		"12:00:00": {
			"DAM_lmp($/MWh)": 3.81493,
			"RTM_lmp($/MWh)": 14.12906
		},
		"13:00:00": {
			"DAM_lmp($/MWh)": 3.4893,
			"RTM_lmp($/MWh)": 14.34755
		},
		"14:00:00": {
			"DAM_lmp($/MWh)": 4.55491,
			"RTM_lmp($/MWh)": 9.9976
		},
		"15:00:00": {
			"DAM_lmp($/MWh)": 7.40105,
			"RTM_lmp($/MWh)": 4.9988
		},
		"16:00:00": {
			"DAM_lmp($/MWh)": 11.52453,
			"RTM_lmp($/MWh)": 4.95
		},
		"17:00:00": {
			"DAM_lmp($/MWh)": 23.55407,
			"RTM_lmp($/MWh)": 0.0
		},
		"18:00:00": {
			"DAM_lmp($/MWh)": 43.46235,
			"RTM_lmp($/MWh)": 13.03498
		},
		"19:00:00": {
			"DAM_lmp($/MWh)": 64.47715,
			"RTM_lmp($/MWh)": 25.66235
		},
		"20:00:00": {
			"DAM_lmp($/MWh)": 64.22913,
			"RTM_lmp($/MWh)": 40.0
		},
		"21:00:00": {
			"DAM_lmp($/MWh)": 48.45897,
			"RTM_lmp($/MWh)": 38.72152
		},
		"22:00:00": {
			"DAM_lmp($/MWh)": 36.74493,
			"RTM_lmp($/MWh)": 29.28672
		},
		"23:00:00": {
			"DAM_lmp($/MWh)": 25.48267,
			"RTM_lmp($/MWh)": 30.21885
		}
	},
	"2023-05-23": {
		"00:00:00": {
			"DAM_lmp($/MWh)": 21.9097,
			"RTM_lmp($/MWh)": 25.21288
		},
		"01:00:00": {
			"DAM_lmp($/MWh)": 18.02549,
			"RTM_lmp($/MWh)": 21.73839
		},
		"02:00:00": {
			"DAM_lmp($/MWh)": 15.54968,
			"RTM_lmp($/MWh)": 18.00903
		},
		"03:00:00": {
			"DAM_lmp($/MWh)": 13.41014,
			"RTM_lmp($/MWh)": 6.32428
		},
		"04:00:00": {
			"DAM_lmp($/MWh)": 17.36483,
			"RTM_lmp($/MWh)": 1.73956
		},
		"05:00:00": {
			"DAM_lmp($/MWh)": 28.14825,
			"RTM_lmp($/MWh)": 30.81135
		},
		"06:00:00": {
			"DAM_lmp($/MWh)": 27.79249,
			"RTM_lmp($/MWh)": 72.0
		},
		"07:00:00": {
			"DAM_lmp($/MWh)": 24.49361,
			"RTM_lmp($/MWh)": 18.0208
		},
		"08:00:00": {
			"DAM_lmp($/MWh)": 12.31143,
			"RTM_lmp($/MWh)": 12.8688
		},
		"09:00:00": {
			"DAM_lmp($/MWh)": 9.93956,
			"RTM_lmp($/MWh)": 12.94
		},
		"10:00:00": {
			"DAM_lmp($/MWh)": 7.12128,
			"RTM_lmp($/MWh)": 15.4
		},
		"11:00:00": {
			"DAM_lmp($/MWh)": 5.35006,
			"RTM_lmp($/MWh)": 14.7764
		},
		"12:00:00": {
			"DAM_lmp($/MWh)": 3.81493,
			"RTM_lmp($/MWh)": 14.12906
		},
		"13:00:00": {
			"DAM_lmp($/MWh)": 3.4893,
			"RTM_lmp($/MWh)": 14.34755
		},
		"14:00:00": {
			"DAM_lmp($/MWh)": 4.55491,
			"RTM_lmp($/MWh)": 9.9976
		},
		"15:00:00": {
			"DAM_lmp($/MWh)": 7.40105,
			"RTM_lmp($/MWh)": 4.9988
		},
		"16:00:00": {
			"DAM_lmp($/MWh)": 11.52453,
			"RTM_lmp($/MWh)": 4.95
		},
		"17:00:00": {
			"DAM_lmp($/MWh)": 23.55407,
			"RTM_lmp($/MWh)": 0.0
		},
		"18:00:00": {
			"DAM_lmp($/MWh)": 43.46235,
			"RTM_lmp($/MWh)": 13.03498
		},
		"19:00:00": {
			"DAM_lmp($/MWh)": 64.47715,
			"RTM_lmp($/MWh)": 25.66235
		},
		"20:00:00": {
			"DAM_lmp($/MWh)": 64.22913,
			"RTM_lmp($/MWh)": 40.0
		},
		"21:00:00": {
			"DAM_lmp($/MWh)": 48.45897,
			"RTM_lmp($/MWh)": 38.72152
		},
		"22:00:00": {
			"DAM_lmp($/MWh)": 36.74493,
			"RTM_lmp($/MWh)": 29.28672
		},
		"23:00:00": {
			"DAM_lmp($/MWh)": 25.48267,
			"RTM_lmp($/MWh)": 30.21885
		}
	}
}