{
	"2023-05-22": {
		"00:00:00": {
			"DAM_lmp($/MWh)": 30.84356,
			"RTM_lmp($/MWh)": 29.27369
		},
		"01:00:00": {
			"DAM_lmp($/MWh)": 26.99579,
			"RTM_lmp($/MWh)": 25.76612
		},
		"02:00:00": {
			"DAM_lmp($/MWh)": 25.6576,
			"RTM_lmp($/MWh)": 21.41215
		},
		"03:00:00": {
			"DAM_lmp($/MWh)": 23.77507,
			"RTM_lmp($/MWh)": 23.40372
		},
		"04:00:00": {
			"DAM_lmp($/MWh)": 27.58621,
			"RTM_lmp($/MWh)": 20.65102
		},
		"05:00:00": {
			"DAM_lmp($/MWh)": 35.78998,
			"RTM_lmp($/MWh)": 30.81135
		},
		"06:00:00": {
			"DAM_lmp($/MWh)": 37.44302,
			"RTM_lmp($/MWh)": 72.0
		},
		"07:00:00": {
			"DAM_lmp($/MWh)": 26.59773,
			"RTM_lmp($/MWh)": 18.0208
		},
		"08:00:00": {
			"DAM_lmp($/MWh)": 19.25931,
			"RTM_lmp($/MWh)": 12.8688
		},
		"09:00:00": {
			"DAM_lmp($/MWh)": 14.57425,
			"RTM_lmp($/MWh)": 12.94
		},
		"10:00:00": {
			"DAM_lmp($/MWh)": 9.74614,
			"RTM_lmp($/MWh)": 15.4
		},
		"11:00:00": {
			"DAM_lmp($/MWh)": 9.95423,
			"RTM_lmp($/MWh)": 14.7764
		},
		"12:00:00": {
			"DAM_lmp($/MWh)": 5.16966,
			"RTM_lmp($/MWh)": 15.88595
		},
		"13:00:00": {
			"DAM_lmp($/MWh)": 4.55125,
			"RTM_lmp($/MWh)": 16.30325
		},
		"14:00:00": {
			"DAM_lmp($/MWh)": 4.80857,
			"RTM_lmp($/MWh)": 9.9976
		},
		"15:00:00": {
			"DAM_lmp($/MWh)": 7.79057,
			"RTM_lmp($/MWh)": 4.9988
		},
		"16:00:00": {
			"DAM_lmp($/MWh)": 12.13593,
			"RTM_lmp($/MWh)": 4.95
		},
		"17:00:00": {
			"DAM_lmp($/MWh)": 25.32666,
			"RTM_lmp($/MWh)": 0.0
		},
		"18:00:00": {
			"DAM_lmp($/MWh)": 44.19892,
			"RTM_lmp($/MWh)": 14.79144
		},
		"19:00:00": {
			"DAM_lmp($/MWh)": 64.69245,
			"RTM_lmp($/MWh)": 27.65648
		},
		"20:00:00": {
			"DAM_lmp($/MWh)": 64.34872,
			"RTM_lmp($/MWh)": 40.0
		},
		"21:00:00": {
			"DAM_lmp($/MWh)": 50.33946,
			"RTM_lmp($/MWh)": 41.95671
		},
		"22:00:00": {
			"DAM_lmp($/MWh)": 40.9519,
			"RTM_lmp($/MWh)": 32.02439
		},
		"23:00:00": {
			"DAM_lmp($/MWh)": 32.74802,
			"RTM_lmp($/MWh)": 33.86292
		}
	},
	"2023-05-23": {
		"00:00:00": {
			"DAM_lmp($/MWh)": 30.84356,
			"RTM_lmp($/MWh)": 29.27369
		},
		"01:00:00": {
			"DAM_lmp($/MWh)": 26.99579,
			"RTM_lmp($/MWh)": 25.76612
		},
		"02:00:00": {
			"DAM_lmp($/MWh)": 25.6576,
			"RTM_lmp($/MWh)": 21.41215
		},
		"03:00:00": {
			"DAM_lmp($/MWh)": 23.77507,
			"RTM_lmp($/MWh)": 23.40372
		},
		"04:00:00": {
			"DAM_lmp($/MWh)": 27.58621,
			"RTM_lmp($/MWh)": 20.65102
		},
		"05:00:00": {
			"DAM_lmp($/MWh)": 35.78998,
			"RTM_lmp($/MWh)": 30.81135
		},
		"06:00:00": {
			"DAM_lmp($/MWh)": 37.44302,
			"RTM_lmp($/MWh)": 72.0
		},
		"07:00:00": {
			"DAM_lmp($/MWh)": 26.59773,
			"RTM_lmp($/MWh)": 18.0208
		},
		"08:00:00": {
			"DAM_lmp($/MWh)": 19.25931,
			"RTM_lmp($/MWh)": 12.8688
		},
		"09:00:00": {
			"DAM_lmp($/MWh)": 14.57425,
			"RTM_lmp($/MWh)": 12.94
		},
		"10:00:00": {
			"DAM_lmp($/MWh)": 9.74614,
			"RTM_lmp($/MWh)": 15.4
		},
		"11:00:00": {
			"DAM_lmp($/MWh)": 9.95423,
			"RTM_lmp($/MWh)": 14.7764
		},
		"12:00:00": {
			"DAM_lmp($/MWh)": 5.16966,
			"RTM_lmp($/MWh)": 15.88595
		},
		"13:00:00": {
			"DAM_lmp($/MWh)": 4.55125,
			"RTM_lmp($/MWh)": 16.30325
		},
		"14:00:00": {
			"DAM_lmp($/MWh)": 4.80857,
			"RTM_lmp($/MWh)": 9.9976
		},
		"15:00:00": {
			"DAM_lmp($/MWh)": 7.79057,
			"RTM_lmp($/MWh)": 4.9988
		},
		"16:00:00": {
			"DAM_lmp($/MWh)": 12.13593,
			"RTM_lmp($/MWh)": 4.95
		},
		"17:00:00": {
			"DAM_lmp($/MWh)": 25.32666,
			"RTM_lmp($/MWh)": 0.0
		},
		"18:00:00": {
			"DAM_lmp($/MWh)": 44.19892,
			"RTM_lmp($/MWh)": 14.79144
		},
		"19:00:00": {
			"DAM_lmp($/MWh)": 64.69245,
			"RTM_lmp($/MWh)": 27.65648
		},
		"20:00:00": {
			"DAM_lmp($/MWh)": 64.34872,
			"RTM_lmp($/MWh)": 40.0
		},
		"21:00:00": {
			"DAM_lmp($/MWh)": 50.33946,
			"RTM_lmp($/MWh)": 41.95671
		},
		"22:00:00": {
			"DAM_lmp($/MWh)": 40.9519,
			"RTM_lmp($/MWh)": 32.02439
		},
		"23:00:00": {
			"DAM_lmp($/MWh)": 32.74802,
			"RTM_lmp($/MWh)": 33.86292
		}
	}
}