{
	"2023-05-22": {
		"00:00:00": {
			"DAM_lmp($/MWh)": 28.4503,
			"RTM_lmp($/MWh)": 28.24355
		},
		"01:00:00": {
			"DAM_lmp($/MWh)": 24.98125,
			"RTM_lmp($/MWh)": 24.38645
		},
		"02:00:00": {
			"DAM_lmp($/MWh)": 24.08948,
			"RTM_lmp($/MWh)": 20.35099
		},
		"03:00:00": {
			"DAM_lmp($/MWh)": 22.37921,
			"RTM_lmp($/MWh)": 23.41983
		},
		"04:00:00": {
			"DAM_lmp($/MWh)": 25.99292,
			"RTM_lmp($/MWh)": 20.65529
		},
		"05:00:00": {
			"DAM_lmp($/MWh)": 33.79403,
			"RTM_lmp($/MWh)": 30.81135
		},
		"06:00:00": {
			"DAM_lmp($/MWh)": 35.05427,
			"RTM_lmp($/MWh)": 72.0
		},
		"07:00:00": {
			"DAM_lmp($/MWh)": 24.90253,
			"RTM_lmp($/MWh)": 18.0208
		},
		"08:00:00": {
			"DAM_lmp($/MWh)": 12.82189,
			"RTM_lmp($/MWh)": 12.8688
		},
		"09:00:00": {
			"DAM_lmp($/MWh)": 7.88534,
			"RTM_lmp($/MWh)": 12.94
		},
		"10:00:00": {
			"DAM_lmp($/MWh)": 5.68533,
			"RTM_lmp($/MWh)": 15.4
		},
		"11:00:00": {
			"DAM_lmp($/MWh)": 4.28474,
			"RTM_lmp($/MWh)": 14.7764
		},
		"12:00:00": {
			"DAM_lmp($/MWh)": 2.23955,
			"RTM_lmp($/MWh)": 14.67722
		},
		"13:00:00": {
			"DAM_lmp($/MWh)": 1.86927,
			"RTM_lmp($/MWh)": 14.87336
		},
		"14:00:00": {
			"DAM_lmp($/MWh)": 2.86286,
			"RTM_lmp($/MWh)": 9.9976
		},
		"15:00:00": {
			"DAM_lmp($/MWh)": 7.30463,
			"RTM_lmp($/MWh)": 4.9988
		},
		"16:00:00": {
			"DAM_lmp($/MWh)": 10.17077,
			"RTM_lmp($/MWh)": 4.95
		},
		"17:00:00": {
			"DAM_lmp($/MWh)": 24.16153,
			"RTM_lmp($/MWh)": 0.0
		},
		"18:00:00": {
			"DAM_lmp($/MWh)": 42.94987,
			"RTM_lmp($/MWh)": 14.24594
		},
		"19:00:00": {
			"DAM_lmp($/MWh)": 64.16891,
			"RTM_lmp($/MWh)": 27.77475
		},
		"20:00:00": {
			"DAM_lmp($/MWh)": 63.81146,
			"RTM_lmp($/MWh)": 40.0
		},
		"21:00:00": {
			"DAM_lmp($/MWh)": 48.66713,
			"RTM_lmp($/MWh)": 41.75949
		},
		"22:00:00": {
			"DAM_lmp($/MWh)": 39.02793,
			"RTM_lmp($/MWh)": 31.35589
		},
		"23:00:00": {
			"DAM_lmp($/MWh)": 30.40887,
			"RTM_lmp($/MWh)": 32.89959
		}
	},
	"2023-05-23": {
		"00:00:00": {
			"DAM_lmp($/MWh)": 28.4503,
			"RTM_lmp($/MWh)": 28.24355
		},
		"01:00:00": {
			"DAM_lmp($/MWh)": 24.98125,
			"RTM_lmp($/MWh)": 24.38645
		},
		"02:00:00": {
			"DAM_lmp($/MWh)": 24.08948,
			"RTM_lmp($/MWh)": 20.35099
		},
		"03:00:00": {
			"DAM_lmp($/MWh)": 22.37921,
			"RTM_lmp($/MWh)": 23.41983
		},
		"04:00:00": {
			"DAM_lmp($/MWh)": 25.99292,
			"RTM_lmp($/MWh)": 20.65529
		},
		"05:00:00": {
			"DAM_lmp($/MWh)": 33.79403,
			"RTM_lmp($/MWh)": 30.81135
		},
		"06:00:00": {
			"DAM_lmp($/MWh)": 35.05427,
			"RTM_lmp($/MWh)": 72.0
		},
		"07:00:00": {
			"DAM_lmp($/MWh)": 24.90253,
			"RTM_lmp($/MWh)": 18.0208
		},
		"08:00:00": {
			"DAM_lmp($/MWh)": 12.82189,
			"RTM_lmp($/MWh)": 12.8688
		},
		"09:00:00": {
			"DAM_lmp($/MWh)": 7.88534,
			"RTM_lmp($/MWh)": 12.94
		},
		"10:00:00": {
			"DAM_lmp($/MWh)": 5.68533,
			"RTM_lmp($/MWh)": 15.4
		},
		"11:00:00": {
			"DAM_lmp($/MWh)": 4.28474,
			"RTM_lmp($/MWh)": 14.7764
		},
		"12:00:00": {
			"DAM_lmp($/MWh)": 2.23955,
			"RTM_lmp($/MWh)": 14.67722
		},
		"13:00:00": {
			"DAM_lmp($/MWh)": 1.86927,
			"RTM_lmp($/MWh)": 14.87336
		},
		"14:00:00": {
			"DAM_lmp($/MWh)": 2.86286,
			"RTM_lmp($/MWh)": 9.9976
		},
		"15:00:00": {
			"DAM_lmp($/MWh)": 7.30463,
			"RTM_lmp($/MWh)": 4.9988
		},
		"16:00:00": {
			"DAM_lmp($/MWh)": 10.17077,
			"RTM_lmp($/MWh)": 4.95
		},
		"17:00:00": {
			"DAM_lmp($/MWh)": 24.16153,
			"RTM_lmp($/MWh)": 0.0
		},
		"18:00:00": {
			"DAM_lmp($/MWh)": 42.94987,
			"RTM_lmp($/MWh)": 14.24594
		},
		"19:00:00": {
			"DAM_lmp($/MWh)": 64.16891,
			"RTM_lmp($/MWh)": 27.77475
		},
		"20:00:00": {
			"DAM_lmp($/MWh)": 63.81146,
			"RTM_lmp($/MWh)": 40.0
		},
		"21:00:00": {
			"DAM_lmp($/MWh)": 48.66713,
			"RTM_lmp($/MWh)": 41.75949
		},
		"22:00:00": {
			"DAM_lmp($/MWh)": 39.02793,
			"RTM_lmp($/MWh)": 31.35589
		},
		"23:00:00": {
			"DAM_lmp($/MWh)": 30.40887,
			"RTM_lmp($/MWh)": 32.89959
		}
	}
}