{
	"2023-05-22": {
		"00:00:00": {
			"DAM_lmp($/MWh)": 28.85804,
			"RTM_lmp($/MWh)": 28.11265
		},
		"01:00:00": {
			"DAM_lmp($/MWh)": 25.42606,
			"RTM_lmp($/MWh)": 24.56695
		},
		"02:00:00": {
			"DAM_lmp($/MWh)": 24.14847,
			"RTM_lmp($/MWh)": 20.39614
		},
		"03:00:00": {
			"DAM_lmp($/MWh)": 22.34738,
			"RTM_lmp($/MWh)": 5.77122
		},
		"04:00:00": {
			"DAM_lmp($/MWh)": 25.81121,
			"RTM_lmp($/MWh)": 1.43972
		},
		"05:00:00": {
			"DAM_lmp($/MWh)": 33.58483,
			"RTM_lmp($/MWh)": 30.81135
		},
		"06:00:00": {
			"DAM_lmp($/MWh)": 35.06506,
			"RTM_lmp($/MWh)": 72.0
		},
		"07:00:00": {
			"DAM_lmp($/MWh)": 24.90771,
			"RTM_lmp($/MWh)": 18.0208
		},
		"08:00:00": {
			"DAM_lmp($/MWh)": 9.62726,
			"RTM_lmp($/MWh)": 12.8688
		},
		"09:00:00": {
			"DAM_lmp($/MWh)": 6.65851,
			"RTM_lmp($/MWh)": 12.94
		},
		"10:00:00": {
			"DAM_lmp($/MWh)": 4.98739,
			"RTM_lmp($/MWh)": 15.4
		},
		"11:00:00": {
			"DAM_lmp($/MWh)": 3.72757,
			"RTM_lmp($/MWh)": 11.34931
		},
		"12:00:00": {
			"DAM_lmp($/MWh)": 1.61325,
			"RTM_lmp($/MWh)": 14.40776
		},
		"13:00:00": {
			"DAM_lmp($/MWh)": 1.11396,
			"RTM_lmp($/MWh)": 14.62537
		},
		"14:00:00": {
			"DAM_lmp($/MWh)": 2.20466,
			"RTM_lmp($/MWh)": 9.9976
		},
		"15:00:00": {
			"DAM_lmp($/MWh)": 5.07344,
			"RTM_lmp($/MWh)": 4.9988
		},
		"16:00:00": {
			"DAM_lmp($/MWh)": 9.45994,
			"RTM_lmp($/MWh)": 4.95
		},
		"17:00:00": {
			"DAM_lmp($/MWh)": 23.72585,
			"RTM_lmp($/MWh)": 0.0
		},
		"18:00:00": {
			"DAM_lmp($/MWh)": 42.30124,
			"RTM_lmp($/MWh)": 13.64474
		},
		"19:00:00": {
			"DAM_lmp($/MWh)": 63.10245,
			"RTM_lmp($/MWh)": 26.89183
		},
		"20:00:00": {
			"DAM_lmp($/MWh)": 63.29361,
			"RTM_lmp($/MWh)": 40.0
		},
		"21:00:00": {
			"DAM_lmp($/MWh)": 48.752,
			"RTM_lmp($/MWh)": 41.15526
		},
		"22:00:00": {
			"DAM_lmp($/MWh)": 39.43128,
			"RTM_lmp($/MWh)": 31.38136
		},
		"23:00:00": {
			"DAM_lmp($/MWh)": 31.57231,
			"RTM_lmp($/MWh)": 32.69031
		}
	},
	"2023-05-23": {
		"00:00:00": {
			"DAM_lmp($/MWh)": 28.85804,
			"RTM_lmp($/MWh)": 28.11265
		},
		"01:00:00": {
			"DAM_lmp($/MWh)": 25.42606,
			"RTM_lmp($/MWh)": 24.56695
		},
		"02:00:00": {
			"DAM_lmp($/MWh)": 24.14847,
			"RTM_lmp($/MWh)": 20.39614
		},
		"03:00:00": {
			"DAM_lmp($/MWh)": 22.34738,
			"RTM_lmp($/MWh)": 5.77122
		},
		"04:00:00": {
			"DAM_lmp($/MWh)": 25.81121,
			"RTM_lmp($/MWh)": 1.43972
		},
		"05:00:00": {
			"DAM_lmp($/MWh)": 33.58483,
			"RTM_lmp($/MWh)": 30.81135
		},
		"06:00:00": {
			"DAM_lmp($/MWh)": 35.06506,
			"RTM_lmp($/MWh)": 72.0
		},
		"07:00:00": {
			"DAM_lmp($/MWh)": 24.90771,
			"RTM_lmp($/MWh)": 18.0208
		},
		"08:00:00": {
			"DAM_lmp($/MWh)": 9.62726,
			"RTM_lmp($/MWh)": 12.8688
		},
		"09:00:00": {
			"DAM_lmp($/MWh)": 6.65851,
			"RTM_lmp($/MWh)": 12.94
		},
		"10:00:00": {
			"DAM_lmp($/MWh)": 4.98739,
			"RTM_lmp($/MWh)": 15.4
		},
		"11:00:00": {
			"DAM_lmp($/MWh)": 3.72757,
			"RTM_lmp($/MWh)": 11.34931
		},
		"12:00:00": {
			"DAM_lmp($/MWh)": 1.61325,
			"RTM_lmp($/MWh)": 14.40776
		},
		"13:00:00": {
			"DAM_lmp($/MWh)": 1.11396,
			"RTM_lmp($/MWh)": 14.62537
		},
		"14:00:00": {
			"DAM_lmp($/MWh)": 2.20466,
			"RTM_lmp($/MWh)": 9.9976
		},
		"15:00:00": {
			"DAM_lmp($/MWh)": 5.07344,
			"RTM_lmp($/MWh)": 4.9988
		},
		"16:00:00": {
			"DAM_lmp($/MWh)": 9.45994,
			"RTM_lmp($/MWh)": 4.95
		},
		"17:00:00": {
			"DAM_lmp($/MWh)": 23.72585,
			"RTM_lmp($/MWh)": 0.0
		},
		"18:00:00": {
			"DAM_lmp($/MWh)": 42.30124,
			"RTM_lmp($/MWh)": 13.64474
		},
		"19:00:00": {
			"DAM_lmp($/MWh)": 63.10245,
			"RTM_lmp($/MWh)": 26.89183
		},
		"20:00:00": {
			"DAM_lmp($/MWh)": 63.29361,
			"RTM_lmp($/MWh)": 40.0
		},
		"21:00:00": {
			"DAM_lmp($/MWh)": 48.752,
			"RTM_lmp($/MWh)": 41.15526
		},
		"22:00:00": {
			"DAM_lmp($/MWh)": 39.43128,
			"RTM_lmp($/MWh)": 31.38136
		},
		"23:00:00": {
			"DAM_lmp($/MWh)": 31.57231,
			"RTM_lmp($/MWh)": 32.69031
		}
	}
}