{
	"2023-05-22": {
		"00:00:00": {
			"DAM_lmp($/MWh)": 26.70748,
			"RTM_lmp($/MWh)": 27.98744
		},
		"01:00:00": {
			"DAM_lmp($/MWh)": 22.84536,
			"RTM_lmp($/MWh)": 24.16887
		},
		"02:00:00": {
			"DAM_lmp($/MWh)": 20.87271,
			"RTM_lmp($/MWh)": 20.02053
		},
		"03:00:00": {
			"DAM_lmp($/MWh)": 18.67288,
			"RTM_lmp($/MWh)": 7.13492
		},
		"04:00:00": {
			"DAM_lmp($/MWh)": 22.59825,
			"RTM_lmp($/MWh)": 2.07324
		},
		"05:00:00": {
			"DAM_lmp($/MWh)": 32.30923,
			"RTM_lmp($/MWh)": 60.6494
		},
		"06:00:00": {
			"DAM_lmp($/MWh)": 33.21038,
			"RTM_lmp($/MWh)": 72.0
		},
		"07:00:00": {
			"DAM_lmp($/MWh)": 26.5382,
			"RTM_lmp($/MWh)": 18.0208
		},
		"08:00:00": {
			"DAM_lmp($/MWh)": 19.28864,
			"RTM_lmp($/MWh)": 12.8688
		},
		"09:00:00": {
			"DAM_lmp($/MWh)": 16.79203,
			"RTM_lmp($/MWh)": 12.94
		},
		"10:00:00": {
			"DAM_lmp($/MWh)": 11.30302,
			"RTM_lmp($/MWh)": 15.4
		},
		"11:00:00": {
			"DAM_lmp($/MWh)": 9.23251,
			"RTM_lmp($/MWh)": 18.06641
		},
		"12:00:00": {
			"DAM_lmp($/MWh)": 7.32674,
			"RTM_lmp($/MWh)": 15.51025
		},
		"13:00:00": {
			"DAM_lmp($/MWh)": 7.24485,
			"RTM_lmp($/MWh)": 15.70524
		},
		"14:00:00": {
			"DAM_lmp($/MWh)": 8.49055,
			"RTM_lmp($/MWh)": 9.9976
		},
		"15:00:00": {
			"DAM_lmp($/MWh)": 11.493,
			"RTM_lmp($/MWh)": 4.9988
		},
		"16:00:00": {
			"DAM_lmp($/MWh)": 15.49433,
			"RTM_lmp($/MWh)": 4.95
		},
		"17:00:00": {
			"DAM_lmp($/MWh)": 25.84948,
			"RTM_lmp($/MWh)": 0.0
		},
		"18:00:00": {
			"DAM_lmp($/MWh)": 45.27705,
			"RTM_lmp($/MWh)": 14.5701
		},
		"19:00:00": {
			"DAM_lmp($/MWh)": 66.63794,
			"RTM_lmp($/MWh)": 28.40462
		},
		"20:00:00": {
			"DAM_lmp($/MWh)": 67.10625,
			"RTM_lmp($/MWh)": 40.0
		},
		"21:00:00": {
			"DAM_lmp($/MWh)": 51.21306,
			"RTM_lmp($/MWh)": 43.34981
		},
		"22:00:00": {
			"DAM_lmp($/MWh)": 39.83035,
			"RTM_lmp($/MWh)": 32.4064
		},
		"23:00:00": {
			"DAM_lmp($/MWh)": 29.47319,
			"RTM_lmp($/MWh)": 33.28824
		}
	},
	"2023-05-23": {
		"00:00:00": {
			"DAM_lmp($/MWh)": 26.70748,
			"RTM_lmp($/MWh)": 27.98744
		},
		"01:00:00": {
			"DAM_lmp($/MWh)": 22.84536,
			"RTM_lmp($/MWh)": 24.16887
		},
		"02:00:00": {
			"DAM_lmp($/MWh)": 20.87271,
			"RTM_lmp($/MWh)": 20.02053
		},
		"03:00:00": {
			"DAM_lmp($/MWh)": 18.67288,
			"RTM_lmp($/MWh)": 7.13492
		},
		"04:00:00": {
			"DAM_lmp($/MWh)": 22.59825,
			"RTM_lmp($/MWh)": 2.07324
		},
		"05:00:00": {
			"DAM_lmp($/MWh)": 32.30923,
			"RTM_lmp($/MWh)": 60.6494
		},
		"06:00:00": {
			"DAM_lmp($/MWh)": 33.21038,
			"RTM_lmp($/MWh)": 72.0
		},
		"07:00:00": {
			"DAM_lmp($/MWh)": 26.5382,
			"RTM_lmp($/MWh)": 18.0208
		},
		"08:00:00": {
			"DAM_lmp($/MWh)": 19.28864,
			"RTM_lmp($/MWh)": 12.8688
		},
		"09:00:00": {
			"DAM_lmp($/MWh)": 16.79203,
			"RTM_lmp($/MWh)": 12.94
		},
		"10:00:00": {
			"DAM_lmp($/MWh)": 11.30302,
			"RTM_lmp($/MWh)": 15.4
		},
		"11:00:00": {
			"DAM_lmp($/MWh)": 9.23251,
			"RTM_lmp($/MWh)": 18.06641
		},
		"12:00:00": {
			"DAM_lmp($/MWh)": 7.32674,
			"RTM_lmp($/MWh)": 15.51025
		},
		"13:00:00": {
			"DAM_lmp($/MWh)": 7.24485,
			"RTM_lmp($/MWh)": 15.70524
		},
		"14:00:00": {
			"DAM_lmp($/MWh)": 8.49055,
			"RTM_lmp($/MWh)": 9.9976
		},
		"15:00:00": {
			"DAM_lmp($/MWh)": 11.493,
			"RTM_lmp($/MWh)": 4.9988
		},
		"16:00:00": {
			"DAM_lmp($/MWh)": 15.49433,
			"RTM_lmp($/MWh)": 4.95
		},
		"17:00:00": {
			"DAM_lmp($/MWh)": 25.84948,
			"RTM_lmp($/MWh)": 0.0
		},
		"18:00:00": {
			"DAM_lmp($/MWh)": 45.27705,
			"RTM_lmp($/MWh)": 14.5701
		},
		"19:00:00": {
			"DAM_lmp($/MWh)": 66.63794,
			"RTM_lmp($/MWh)": 28.40462
		},
		"20:00:00": {
			"DAM_lmp($/MWh)": 67.10625,
			"RTM_lmp($/MWh)": 40.0
		},
		"21:00:00": {
			"DAM_lmp($/MWh)": 51.21306,
			"RTM_lmp($/MWh)": 43.34981
		},
		"22:00:00": {
			"DAM_lmp($/MWh)": 39.83035,
			"RTM_lmp($/MWh)": 32.4064
		},
		"23:00:00": {
			"DAM_lmp($/MWh)": 29.47319,
			"RTM_lmp($/MWh)": 33.28824
		}
	}
}