{
	"2023-05-22": {
		"00:00:00": {
			"DAM_lmp($/MWh)": 23.5356,
			"RTM_lmp($/MWh)": 23.17821
		},
		"01:00:00": {
			"DAM_lmp($/MWh)": 20.10897,
			"RTM_lmp($/MWh)": 19.98537
		},
		"02:00:00": {
			"DAM_lmp($/MWh)": 18.25987,
			"RTM_lmp($/MWh)": 16.72414
		},
		"03:00:00": {
			"DAM_lmp($/MWh)": 9.06,
			"RTM_lmp($/MWh)": 5.66708
		},
		"04:00:00": {
			"DAM_lmp($/MWh)": 19.93103,
			"RTM_lmp($/MWh)": 0.87668
		},
		"05:00:00": {
			"DAM_lmp($/MWh)": 28.89869,
			"RTM_lmp($/MWh)": 30.81135
		},
		"06:00:00": {
			"DAM_lmp($/MWh)": 29.53454,
			"RTM_lmp($/MWh)": 72.0
		},
		"07:00:00": {
			"DAM_lmp($/MWh)": 24.15975,
			"RTM_lmp($/MWh)": 18.0208
		},
		"08:00:00": {
			"DAM_lmp($/MWh)": 14.61273,
			"RTM_lmp($/MWh)": 12.8688
		},
		"09:00:00": {
			"DAM_lmp($/MWh)": 12.27937,
			"RTM_lmp($/MWh)": 12.94
		},
		"10:00:00": {
			"DAM_lmp($/MWh)": 7.06711,
			"RTM_lmp($/MWh)": 15.4
		},
		"11:00:00": {
			"DAM_lmp($/MWh)": 5.27861,
			"RTM_lmp($/MWh)": 14.7764
		},
		"12:00:00": {
			"DAM_lmp($/MWh)": 3.67251,
			"RTM_lmp($/MWh)": 13.73026
		},
		"13:00:00": {
			"DAM_lmp($/MWh)": 3.457,
			"RTM_lmp($/MWh)": 13.98812
		},
		"14:00:00": {
			"DAM_lmp($/MWh)": 4.48876,
			"RTM_lmp($/MWh)": 9.9976
		},
		"15:00:00": {
			"DAM_lmp($/MWh)": 8.81455,
			"RTM_lmp($/MWh)": 4.9988
		},
		"16:00:00": {
			"DAM_lmp($/MWh)": 12.52695,
			"RTM_lmp($/MWh)": 4.95
		},
		"17:00:00": {
			"DAM_lmp($/MWh)": 22.88935,
			"RTM_lmp($/MWh)": 0.0
		},
		"18:00:00": {
			"DAM_lmp($/MWh)": 39.99159,
			"RTM_lmp($/MWh)": 11.83687
		},
		"19:00:00": {
			"DAM_lmp($/MWh)": 58.55219,
			"RTM_lmp($/MWh)": 22.54876
		},
		"20:00:00": {
			"DAM_lmp($/MWh)": 58.48413,
			"RTM_lmp($/MWh)": 40.0
		},
		"21:00:00": {
			"DAM_lmp($/MWh)": 45.05791,
			"RTM_lmp($/MWh)": 33.76594
		},
		"22:00:00": {
			"DAM_lmp($/MWh)": 35.06384,
			"RTM_lmp($/MWh)": 26.05245
		},
		"23:00:00": {
			"DAM_lmp($/MWh)": 25.93448,
			"RTM_lmp($/MWh)": 27.41521
		}
	},
	"2023-05-23": {
		"00:00:00": {
			"DAM_lmp($/MWh)": 23.5356,
			"RTM_lmp($/MWh)": 23.17821
		},
		"01:00:00": {
			"DAM_lmp($/MWh)": 20.10897,
			"RTM_lmp($/MWh)": 19.98537
		},
		"02:00:00": {
			"DAM_lmp($/MWh)": 18.25987,
			"RTM_lmp($/MWh)": 16.72414
		},
		"03:00:00": {
			"DAM_lmp($/MWh)": 9.06,
			"RTM_lmp($/MWh)": 5.66708
		},
		"04:00:00": {
			"DAM_lmp($/MWh)": 19.93103,
			"RTM_lmp($/MWh)": 0.87668
		},
		"05:00:00": {
			"DAM_lmp($/MWh)": 28.89869,
			"RTM_lmp($/MWh)": 30.81135
		},
		"06:00:00": {
			"DAM_lmp($/MWh)": 29.53454,
			"RTM_lmp($/MWh)": 72.0
		},
		"07:00:00": {
			"DAM_lmp($/MWh)": 24.15975,
			"RTM_lmp($/MWh)": 18.0208
		},
		"08:00:00": {
			"DAM_lmp($/MWh)": 14.61273,
			"RTM_lmp($/MWh)": 12.8688
		},
		"09:00:00": {
			"DAM_lmp($/MWh)": 12.27937,
			"RTM_lmp($/MWh)": 12.94
		},
		"10:00:00": {
			"DAM_lmp($/MWh)": 7.06711,
			"RTM_lmp($/MWh)": 15.4
		},
		"11:00:00": {
			"DAM_lmp($/MWh)": 5.27861,
			"RTM_lmp($/MWh)": 14.7764
		},
		"12:00:00": {
			"DAM_lmp($/MWh)": 3.67251,
			"RTM_lmp($/MWh)": 13.73026
		},
		"13:00:00": {
			"DAM_lmp($/MWh)": 3.457,
			"RTM_lmp($/MWh)": 13.98812
		},
		"14:00:00": {
			"DAM_lmp($/MWh)": 4.48876,
			"RTM_lmp($/MWh)": 9.9976
		},
		"15:00:00": {
			"DAM_lmp($/MWh)": 8.81455,
			"RTM_lmp($/MWh)": 4.9988
		},
		"16:00:00": {
			"DAM_lmp($/MWh)": 12.52695,
			"RTM_lmp($/MWh)": 4.95
		},
		"17:00:00": {
			"DAM_lmp($/MWh)": 22.88935,
			"RTM_lmp($/MWh)": 0.0
		},
		"18:00:00": {
			"DAM_lmp($/MWh)": 39.99159,
			"RTM_lmp($/MWh)": 11.83687
		},
		"19:00:00": {
			"DAM_lmp($/MWh)": 58.55219,
			"RTM_lmp($/MWh)": 22.54876
		},
		"20:00:00": {
			"DAM_lmp($/MWh)": 58.48413,
			"RTM_lmp($/MWh)": 40.0
		},
		"21:00:00": {
			"DAM_lmp($/MWh)": 45.05791,
			"RTM_lmp($/MWh)": 33.76594
		},
		"22:00:00": {
			"DAM_lmp($/MWh)": 35.06384,
			"RTM_lmp($/MWh)": 26.05245
		},
		"23:00:00": {
			"DAM_lmp($/MWh)": 25.93448,
			"RTM_lmp($/MWh)": 27.41521
		}
	}
}