{
	"2023-05-22": {
		"00:00:00": {
			"DAM_lmp($/MWh)": 25.99028,
			"RTM_lmp($/MWh)": 27.22764
		},
		"01:00:00": {
			"DAM_lmp($/MWh)": 22.09282,
			"RTM_lmp($/MWh)": 23.4469
		},
		"02:00:00": {
			"DAM_lmp($/MWh)": 20.16976,
			"RTM_lmp($/MWh)": 19.42529
		},
		"03:00:00": {
			"DAM_lmp($/MWh)": 18.0818,
			"RTM_lmp($/MWh)": 6.86213
		},
		"04:00:00": {
			"DAM_lmp($/MWh)": 21.88456,
			"RTM_lmp($/MWh)": 1.8806
		},
		"05:00:00": {
			"DAM_lmp($/MWh)": 31.39699,
			"RTM_lmp($/MWh)": 30.81135
		},
		"06:00:00": {
			"DAM_lmp($/MWh)": 32.34836,
			"RTM_lmp($/MWh)": 72.0
		},
		"07:00:00": {
			"DAM_lmp($/MWh)": 25.91706,
			"RTM_lmp($/MWh)": 18.0208
		},
		"08:00:00": {
			"DAM_lmp($/MWh)": 16.68091,
			"RTM_lmp($/MWh)": 12.8688
		},
		"09:00:00": {
			"DAM_lmp($/MWh)": 14.20986,
			"RTM_lmp($/MWh)": 12.94
		},
		"10:00:00": {
			"DAM_lmp($/MWh)": 9.76155,
			"RTM_lmp($/MWh)": 15.4
		},
		"11:00:00": {
			"DAM_lmp($/MWh)": 8.02458,
			"RTM_lmp($/MWh)": 14.7764
		},
		"12:00:00": {
			"DAM_lmp($/MWh)": 6.10717,
			"RTM_lmp($/MWh)": 15.01751
		},
		"13:00:00": {
			"DAM_lmp($/MWh)": 5.94355,
			"RTM_lmp($/MWh)": 15.22652
		},
		"14:00:00": {
			"DAM_lmp($/MWh)": 7.08362,
			"RTM_lmp($/MWh)": 9.9976
		},
		"15:00:00": {
			"DAM_lmp($/MWh)": 10.10799,
			"RTM_lmp($/MWh)": 4.9988
		},
		"16:00:00": {
			"DAM_lmp($/MWh)": 14.16888,
			"RTM_lmp($/MWh)": 4.95
		},
		"17:00:00": {
			"DAM_lmp($/MWh)": 25.13995,
			"RTM_lmp($/MWh)": 0.0
		},
		"18:00:00": {
			"DAM_lmp($/MWh)": 44.06744,
			"RTM_lmp($/MWh)": 14.10885
		},
		"19:00:00": {
			"DAM_lmp($/MWh)": 65.31294,
			"RTM_lmp($/MWh)": 27.56021
		},
		"20:00:00": {
			"DAM_lmp($/MWh)": 65.2679,
			"RTM_lmp($/MWh)": 40.0
		},
		"21:00:00": {
			"DAM_lmp($/MWh)": 50.01997,
			"RTM_lmp($/MWh)": 41.94832
		},
		"22:00:00": {
			"DAM_lmp($/MWh)": 38.79778,
			"RTM_lmp($/MWh)": 31.52779
		},
		"23:00:00": {
			"DAM_lmp($/MWh)": 28.69726,
			"RTM_lmp($/MWh)": 32.43453
		}
	},
	"2023-05-23": {
		"00:00:00": {
			"DAM_lmp($/MWh)": 25.99028,
			"RTM_lmp($/MWh)": 27.22764
		},
		"01:00:00": {
			"DAM_lmp($/MWh)": 22.09282,
			"RTM_lmp($/MWh)": 23.4469
		},
		"02:00:00": {
			"DAM_lmp($/MWh)": 20.16976,
			"RTM_lmp($/MWh)": 19.42529
		},
		"03:00:00": {
			"DAM_lmp($/MWh)": 18.0818,
			"RTM_lmp($/MWh)": 6.86213
		},
		"04:00:00": {
			"DAM_lmp($/MWh)": 21.88456,
			"RTM_lmp($/MWh)": 1.8806
		},
		"05:00:00": {
			"DAM_lmp($/MWh)": 31.39699,
			"RTM_lmp($/MWh)": 30.81135
		},
		"06:00:00": {
			"DAM_lmp($/MWh)": 32.34836,
			"RTM_lmp($/MWh)": 72.0
		},
		"07:00:00": {
			"DAM_lmp($/MWh)": 25.91706,
			"RTM_lmp($/MWh)": 18.0208
		},
		"08:00:00": {
			"DAM_lmp($/MWh)": 16.68091,
			"RTM_lmp($/MWh)": 12.8688
		},
		"09:00:00": {
			"DAM_lmp($/MWh)": 14.20986,
			"RTM_lmp($/MWh)": 12.94
		},
		"10:00:00": {
			"DAM_lmp($/MWh)": 9.76155,
			"RTM_lmp($/MWh)": 15.4
		},
		"11:00:00": {
			"DAM_lmp($/MWh)": 8.02458,
			"RTM_lmp($/MWh)": 14.7764
		},
		"12:00:00": {
			"DAM_lmp($/MWh)": 6.10717,
			"RTM_lmp($/MWh)": 15.01751
		},
		"13:00:00": {
			"DAM_lmp($/MWh)": 5.94355,
			"RTM_lmp($/MWh)": 15.22652
		},
		"14:00:00": {
			"DAM_lmp($/MWh)": 7.08362,
			"RTM_lmp($/MWh)": 9.9976
		},
		"15:00:00": {
			"DAM_lmp($/MWh)": 10.10799,
			"RTM_lmp($/MWh)": 4.9988
		},
		"16:00:00": {
			"DAM_lmp($/MWh)": 14.16888,
			"RTM_lmp($/MWh)": 4.95
		},
		"17:00:00": {
			"DAM_lmp($/MWh)": 25.13995,
			"RTM_lmp($/MWh)": 0.0
		},
		"18:00:00": {
			"DAM_lmp($/MWh)": 44.06744,
			"RTM_lmp($/MWh)": 14.10885
		},
		"19:00:00": {
			"DAM_lmp($/MWh)": 65.31294,
			"RTM_lmp($/MWh)": 27.56021
		},
		"20:00:00": {
			"DAM_lmp($/MWh)": 65.2679,
			"RTM_lmp($/MWh)": 40.0
		},
		"21:00:00": {
			"DAM_lmp($/MWh)": 50.01997,
			"RTM_lmp($/MWh)": 41.94832
		},
		"22:00:00": {
			"DAM_lmp($/MWh)": 38.79778,
			"RTM_lmp($/MWh)": 31.52779
		},
		"23:00:00": {
			"DAM_lmp($/MWh)": 28.69726,
			"RTM_lmp($/MWh)": 32.43453
		}
	}
}