{
	"2023-05-22": {
		"00:00:00": {
			"DAM_lmp($/MWh)": 26.64839,
			"RTM_lmp($/MWh)": 27.91914
		},
		"01:00:00": {
			"DAM_lmp($/MWh)": 22.79622,
			"RTM_lmp($/MWh)": 24.09222
		},
		"02:00:00": {
			"DAM_lmp($/MWh)": 20.81864,
			"RTM_lmp($/MWh)": 19.96305
		},
		"03:00:00": {
			"DAM_lmp($/MWh)": 18.60468,
			"RTM_lmp($/MWh)": 7.09072
		},
		"04:00:00": {
			"DAM_lmp($/MWh)": 22.56401,
			"RTM_lmp($/MWh)": 2.06296
		},
		"05:00:00": {
			"DAM_lmp($/MWh)": 32.26465,
			"RTM_lmp($/MWh)": 58.92797
		},
		"06:00:00": {
			"DAM_lmp($/MWh)": 33.1744,
			"RTM_lmp($/MWh)": 72.0
		},
		"07:00:00": {
			"DAM_lmp($/MWh)": 26.52785,
			"RTM_lmp($/MWh)": 18.0208
		},
		"08:00:00": {
			"DAM_lmp($/MWh)": 19.25599,
			"RTM_lmp($/MWh)": 12.8688
		},
		"09:00:00": {
			"DAM_lmp($/MWh)": 16.28344,
			"RTM_lmp($/MWh)": 12.94
		},
		"10:00:00": {
			"DAM_lmp($/MWh)": 11.28755,
			"RTM_lmp($/MWh)": 15.4
		},
		"11:00:00": {
			"DAM_lmp($/MWh)": 9.21975,
			"RTM_lmp($/MWh)": 18.06641
		},
		"12:00:00": {
			"DAM_lmp($/MWh)": 7.3195,
			"RTM_lmp($/MWh)": 15.48869
		},
		"13:00:00": {
			"DAM_lmp($/MWh)": 7.23898,
			"RTM_lmp($/MWh)": 15.69112
		},
		"14:00:00": {
			"DAM_lmp($/MWh)": 8.40213,
			"RTM_lmp($/MWh)": 9.9976
		},
		"15:00:00": {
			"DAM_lmp($/MWh)": 11.46909,
			"RTM_lmp($/MWh)": 4.9988
		},
		"16:00:00": {
			"DAM_lmp($/MWh)": 15.39349,
			"RTM_lmp($/MWh)": 4.95
		},
		"17:00:00": {
			"DAM_lmp($/MWh)": 25.82458,
			"RTM_lmp($/MWh)": 0.0
		},
		"18:00:00": {
			"DAM_lmp($/MWh)": 45.24199,
			"RTM_lmp($/MWh)": 14.53154
		},
		"19:00:00": {
			"DAM_lmp($/MWh)": 66.39879,
			"RTM_lmp($/MWh)": 28.33861
		},
		"20:00:00": {
			"DAM_lmp($/MWh)": 67.05446,
			"RTM_lmp($/MWh)": 40.0
		},
		"21:00:00": {
			"DAM_lmp($/MWh)": 51.04832,
			"RTM_lmp($/MWh)": 43.24491
		},
		"22:00:00": {
			"DAM_lmp($/MWh)": 39.69725,
			"RTM_lmp($/MWh)": 32.3109
		},
		"23:00:00": {
			"DAM_lmp($/MWh)": 29.41931,
			"RTM_lmp($/MWh)": 33.19855
		}
	},
	"2023-05-23": {
		"00:00:00": {
			"DAM_lmp($/MWh)": 26.64839,
			"RTM_lmp($/MWh)": 27.91914
		},
		"01:00:00": {
			"DAM_lmp($/MWh)": 22.79622,
			"RTM_lmp($/MWh)": 24.09222
		},
		"02:00:00": {
			"DAM_lmp($/MWh)": 20.81864,
			"RTM_lmp($/MWh)": 19.96305
		},
		"03:00:00": {
			"DAM_lmp($/MWh)": 18.60468,
			"RTM_lmp($/MWh)": 7.09072
		},
		"04:00:00": {
			"DAM_lmp($/MWh)": 22.56401,
			"RTM_lmp($/MWh)": 2.06296
		},
		"05:00:00": {
			"DAM_lmp($/MWh)": 32.26465,
			"RTM_lmp($/MWh)": 58.92797
		},
		"06:00:00": {
			"DAM_lmp($/MWh)": 33.1744,
			"RTM_lmp($/MWh)": 72.0
		},
		"07:00:00": {
			"DAM_lmp($/MWh)": 26.52785,
			"RTM_lmp($/MWh)": 18.0208
		},
		"08:00:00": {
			"DAM_lmp($/MWh)": 19.25599,
			"RTM_lmp($/MWh)": 12.8688
		},
		"09:00:00": {
			"DAM_lmp($/MWh)": 16.28344,
			"RTM_lmp($/MWh)": 12.94
		},
		"10:00:00": {
			"DAM_lmp($/MWh)": 11.28755,
			"RTM_lmp($/MWh)": 15.4
		},
		"11:00:00": {
			"DAM_lmp($/MWh)": 9.21975,
			"RTM_lmp($/MWh)": 18.06641
		},
		"12:00:00": {
			"DAM_lmp($/MWh)": 7.3195,
			"RTM_lmp($/MWh)": 15.48869
		},
		"13:00:00": {
			"DAM_lmp($/MWh)": 7.23898,
			"RTM_lmp($/MWh)": 15.69112
		},
		"14:00:00": {
			"DAM_lmp($/MWh)": 8.40213,
			"RTM_lmp($/MWh)": 9.9976
		},
		"15:00:00": {
			"DAM_lmp($/MWh)": 11.46909,
			"RTM_lmp($/MWh)": 4.9988
		},
		"16:00:00": {
			"DAM_lmp($/MWh)": 15.39349,
			"RTM_lmp($/MWh)": 4.95
		},
		"17:00:00": {
			"DAM_lmp($/MWh)": 25.82458,
			"RTM_lmp($/MWh)": 0.0
		},
		"18:00:00": {
			"DAM_lmp($/MWh)": 45.24199,
			"RTM_lmp($/MWh)": 14.53154
		},
		"19:00:00": {
			"DAM_lmp($/MWh)": 66.39879,
			"RTM_lmp($/MWh)": 28.33861
		},
		"20:00:00": {
			"DAM_lmp($/MWh)": 67.05446,
			"RTM_lmp($/MWh)": 40.0
		},
		"21:00:00": {
			"DAM_lmp($/MWh)": 51.04832,
			"RTM_lmp($/MWh)": 43.24491
		},
		"22:00:00": {
			"DAM_lmp($/MWh)": 39.69725,
			"RTM_lmp($/MWh)": 32.3109
		},
		"23:00:00": {
			"DAM_lmp($/MWh)": 29.41931,
			"RTM_lmp($/MWh)": 33.19855
		}
	}
}