{
	"2023-05-22": {
		"00:00:00": {
			"DAM_lmp($/MWh)": 19.69863,
			"RTM_lmp($/MWh)": 20.25568
		},
		"01:00:00": {
			"DAM_lmp($/MWh)": 17.26448,
			"RTM_lmp($/MWh)": 18.18785
		},
		"02:00:00": {
			"DAM_lmp($/MWh)": 16.46766,
			"RTM_lmp($/MWh)": 15.0
		},
		"03:00:00": {
			"DAM_lmp($/MWh)": 15.39991,
			"RTM_lmp($/MWh)": 18.32271
		},
		"04:00:00": {
			"DAM_lmp($/MWh)": 17.33652,
			"RTM_lmp($/MWh)": 16.86071
		},
		"05:00:00": {
			"DAM_lmp($/MWh)": 22.94317,
			"RTM_lmp($/MWh)": 30.81135
		},
		"06:00:00": {
			"DAM_lmp($/MWh)": 24.08182,
			"RTM_lmp($/MWh)": 72.0
		},
		"07:00:00": {
			"DAM_lmp($/MWh)": 16.77078,
			"RTM_lmp($/MWh)": 18.0208
		},
		"08:00:00": {
			"DAM_lmp($/MWh)": 8.22431,
			"RTM_lmp($/MWh)": 12.8688
		},
		"09:00:00": {
			"DAM_lmp($/MWh)": 6.75302,
			"RTM_lmp($/MWh)": 12.94
		},
		"10:00:00": {
			"DAM_lmp($/MWh)": 4.61131,
			"RTM_lmp($/MWh)": 15.4
		},
		"11:00:00": {
			"DAM_lmp($/MWh)": 4.32654,
			"RTM_lmp($/MWh)": 14.7764
		},
		"12:00:00": {
			"DAM_lmp($/MWh)": 2.85949,
			"RTM_lmp($/MWh)": 10.96788
		},
		"13:00:00": {
			"DAM_lmp($/MWh)": 2.63432,
			"RTM_lmp($/MWh)": 11.13305
		},
		"14:00:00": {
			"DAM_lmp($/MWh)": 3.40083,
			"RTM_lmp($/MWh)": 9.9976
		},
		"15:00:00": {
			"DAM_lmp($/MWh)": 5.58145,
			"RTM_lmp($/MWh)": 4.9988
		},
		"16:00:00": {
			"DAM_lmp($/MWh)": 8.71411,
			"RTM_lmp($/MWh)": 4.95
		},
		"17:00:00": {
			"DAM_lmp($/MWh)": 17.96742,
			"RTM_lmp($/MWh)": 0.0
		},
		"18:00:00": {
			"DAM_lmp($/MWh)": 31.74346,
			"RTM_lmp($/MWh)": 6.6303
		},
		"19:00:00": {
			"DAM_lmp($/MWh)": 47.97802,
			"RTM_lmp($/MWh)": 13.7746
		},
		"20:00:00": {
			"DAM_lmp($/MWh)": 44.72887,
			"RTM_lmp($/MWh)": 40.0
		},
		"21:00:00": {
			"DAM_lmp($/MWh)": 35.85264,
			"RTM_lmp($/MWh)": 21.12732
		},
		"22:00:00": {
			"DAM_lmp($/MWh)": 29.42019,
			"RTM_lmp($/MWh)": 15.98673
		},
		"23:00:00": {
			"DAM_lmp($/MWh)": 22.68146,
			"RTM_lmp($/MWh)": 15.98473
		}
	},
	"2023-05-23": {
		"00:00:00": {
			"DAM_lmp($/MWh)": 19.69863,
			"RTM_lmp($/MWh)": 20.25568
		},
		"01:00:00": {
			"DAM_lmp($/MWh)": 17.26448,
			"RTM_lmp($/MWh)": 18.18785
		},
		"02:00:00": {
			"DAM_lmp($/MWh)": 16.46766,
			"RTM_lmp($/MWh)": 15.0
		},
		"03:00:00": {
			"DAM_lmp($/MWh)": 15.39991,
			"RTM_lmp($/MWh)": 18.32271
		},
		"04:00:00": {
			"DAM_lmp($/MWh)": 17.33652,
			"RTM_lmp($/MWh)": 16.86071
		},
		"05:00:00": {
			"DAM_lmp($/MWh)": 22.94317,
			"RTM_lmp($/MWh)": 30.81135
		},
		"06:00:00": {
			"DAM_lmp($/MWh)": 24.08182,
			"RTM_lmp($/MWh)": 72.0
		},
		"07:00:00": {
			"DAM_lmp($/MWh)": 16.77078,
			"RTM_lmp($/MWh)": 18.0208
		},
		"08:00:00": {
			"DAM_lmp($/MWh)": 8.22431,
			"RTM_lmp($/MWh)": 12.8688
		},
		"09:00:00": {
			"DAM_lmp($/MWh)": 6.75302,
			"RTM_lmp($/MWh)": 12.94
		},
		"10:00:00": {
			"DAM_lmp($/MWh)": 4.61131,
			"RTM_lmp($/MWh)": 15.4
		},
		"11:00:00": {
			"DAM_lmp($/MWh)": 4.32654,
			"RTM_lmp($/MWh)": 14.7764
		},
		"12:00:00": {
			"DAM_lmp($/MWh)": 2.85949,
			"RTM_lmp($/MWh)": 10.96788
		},
		"13:00:00": {
			"DAM_lmp($/MWh)": 2.63432,
			"RTM_lmp($/MWh)": 11.13305
		},
		"14:00:00": {
			"DAM_lmp($/MWh)": 3.40083,
			"RTM_lmp($/MWh)": 9.9976
		},
		"15:00:00": {
			"DAM_lmp($/MWh)": 5.58145,
			"RTM_lmp($/MWh)": 4.9988
		},
		"16:00:00": {
			"DAM_lmp($/MWh)": 8.71411,
			"RTM_lmp($/MWh)": 4.95
		},
		"17:00:00": {
			"DAM_lmp($/MWh)": 17.96742,
			"RTM_lmp($/MWh)": 0.0
		},
		"18:00:00": {
			"DAM_lmp($/MWh)": 31.74346,
			"RTM_lmp($/MWh)": 6.6303
		},
		"19:00:00": {
			"DAM_lmp($/MWh)": 47.97802,
			"RTM_lmp($/MWh)": 13.7746
		},
		"20:00:00": {
			"DAM_lmp($/MWh)": 44.72887,
			"RTM_lmp($/MWh)": 40.0
		},
		"21:00:00": {
			"DAM_lmp($/MWh)": 35.85264,
			"RTM_lmp($/MWh)": 21.12732
		},
		"22:00:00": {
			"DAM_lmp($/MWh)": 29.42019,
			"RTM_lmp($/MWh)": 15.98673
		},
		"23:00:00": {
			"DAM_lmp($/MWh)": 22.68146,
			"RTM_lmp($/MWh)": 15.98473
		}
	}
}