{
	"2023-05-22": {
		"00:00:00": {
			"DAM_lmp($/MWh)": 22.08831,
			"RTM_lmp($/MWh)": 23.08999
		},
		"01:00:00": {
			"DAM_lmp($/MWh)": 18.5689,
			"RTM_lmp($/MWh)": 19.9557
		},
		"02:00:00": {
			"DAM_lmp($/MWh)": 16.62494,
			"RTM_lmp($/MWh)": 16.58251
		},
		"03:00:00": {
			"DAM_lmp($/MWh)": 14.60777,
			"RTM_lmp($/MWh)": 5.67887
		},
		"04:00:00": {
			"DAM_lmp($/MWh)": 18.28724,
			"RTM_lmp($/MWh)": 1.34984
		},
		"05:00:00": {
			"DAM_lmp($/MWh)": 27.75743,
			"RTM_lmp($/MWh)": 30.81135
		},
		"06:00:00": {
			"DAM_lmp($/MWh)": 28.01029,
			"RTM_lmp($/MWh)": 72.0
		},
		"07:00:00": {
			"DAM_lmp($/MWh)": 23.38591,
			"RTM_lmp($/MWh)": 18.0208
		},
		"08:00:00": {
			"DAM_lmp($/MWh)": 14.1278,
			"RTM_lmp($/MWh)": 12.8688
		},
		"09:00:00": {
			"DAM_lmp($/MWh)": 9.63893,
			"RTM_lmp($/MWh)": 12.94
		},
		"10:00:00": {
			"DAM_lmp($/MWh)": 6.90617,
			"RTM_lmp($/MWh)": 15.4
		},
		"11:00:00": {
			"DAM_lmp($/MWh)": 5.17956,
			"RTM_lmp($/MWh)": 14.7764
		},
		"12:00:00": {
			"DAM_lmp($/MWh)": 3.60248,
			"RTM_lmp($/MWh)": 13.47927
		},
		"13:00:00": {
			"DAM_lmp($/MWh)": 3.43791,
			"RTM_lmp($/MWh)": 13.74326
		},
		"14:00:00": {
			"DAM_lmp($/MWh)": 4.42261,
			"RTM_lmp($/MWh)": 9.9976
		},
		"15:00:00": {
			"DAM_lmp($/MWh)": 7.14882,
			"RTM_lmp($/MWh)": 4.9988
		},
		"16:00:00": {
			"DAM_lmp($/MWh)": 11.1269,
			"RTM_lmp($/MWh)": 4.95
		},
		"17:00:00": {
			"DAM_lmp($/MWh)": 22.5906,
			"RTM_lmp($/MWh)": 0.0
		},
		"18:00:00": {
			"DAM_lmp($/MWh)": 39.22463,
			"RTM_lmp($/MWh)": 11.92398
		},
		"19:00:00": {
			"DAM_lmp($/MWh)": 57.35646,
			"RTM_lmp($/MWh)": 22.68079
		},
		"20:00:00": {
			"DAM_lmp($/MWh)": 57.42902,
			"RTM_lmp($/MWh)": 40.0
		},
		"21:00:00": {
			"DAM_lmp($/MWh)": 43.45048,
			"RTM_lmp($/MWh)": 34.22331
		},
		"22:00:00": {
			"DAM_lmp($/MWh)": 33.59586,
			"RTM_lmp($/MWh)": 25.83917
		},
		"23:00:00": {
			"DAM_lmp($/MWh)": 24.70269,
			"RTM_lmp($/MWh)": 27.76733
		}
	},
	"2023-05-23": {
		"00:00:00": {
			"DAM_lmp($/MWh)": 22.08831,
			"RTM_lmp($/MWh)": 23.08999
		},
		"01:00:00": {
			"DAM_lmp($/MWh)": 18.5689,
			"RTM_lmp($/MWh)": 19.9557
		},
		"02:00:00": {
			"DAM_lmp($/MWh)": 16.62494,
			"RTM_lmp($/MWh)": 16.58251
		},
		"03:00:00": {
			"DAM_lmp($/MWh)": 14.60777,
			"RTM_lmp($/MWh)": 5.67887
		},
		"04:00:00": {
			"DAM_lmp($/MWh)": 18.28724,
			"RTM_lmp($/MWh)": 1.34984
		},
		"05:00:00": {
			"DAM_lmp($/MWh)": 27.75743,
			"RTM_lmp($/MWh)": 30.81135
		},
		"06:00:00": {
			"DAM_lmp($/MWh)": 28.01029,
			"RTM_lmp($/MWh)": 72.0
		},
		"07:00:00": {
			"DAM_lmp($/MWh)": 23.38591,
			"RTM_lmp($/MWh)": 18.0208
		},
		"08:00:00": {
			"DAM_lmp($/MWh)": 14.1278,
			"RTM_lmp($/MWh)": 12.8688
		},
		"09:00:00": {
			"DAM_lmp($/MWh)": 9.63893,
			"RTM_lmp($/MWh)": 12.94
		},
		"10:00:00": {
			"DAM_lmp($/MWh)": 6.90617,
			"RTM_lmp($/MWh)": 15.4
		},
		"11:00:00": {
			"DAM_lmp($/MWh)": 5.17956,
			"RTM_lmp($/MWh)": 14.7764
		},
		"12:00:00": {
			"DAM_lmp($/MWh)": 3.60248,
			"RTM_lmp($/MWh)": 13.47927
		},
		"13:00:00": {
			"DAM_lmp($/MWh)": 3.43791,
			"RTM_lmp($/MWh)": 13.74326
		},
		"14:00:00": {
			"DAM_lmp($/MWh)": 4.42261,
			"RTM_lmp($/MWh)": 9.9976
		},
		"15:00:00": {
			"DAM_lmp($/MWh)": 7.14882,
			"RTM_lmp($/MWh)": 4.9988
		},
		"16:00:00": {
			"DAM_lmp($/MWh)": 11.1269,
			"RTM_lmp($/MWh)": 4.95
		},
		"17:00:00": {
			"DAM_lmp($/MWh)": 22.5906,
			"RTM_lmp($/MWh)": 0.0
		},
		"18:00:00": {
			"DAM_lmp($/MWh)": 39.22463,
			"RTM_lmp($/MWh)": 11.92398
		},
		"19:00:00": {
			"DAM_lmp($/MWh)": 57.35646,
			"RTM_lmp($/MWh)": 22.68079
		},
		"20:00:00": {
			"DAM_lmp($/MWh)": 57.42902,
			"RTM_lmp($/MWh)": 40.0
		},
		"21:00:00": {
			"DAM_lmp($/MWh)": 43.45048,
			"RTM_lmp($/MWh)": 34.22331
		},
		"22:00:00": {
			"DAM_lmp($/MWh)": 33.59586,
			"RTM_lmp($/MWh)": 25.83917
		},
		"23:00:00": {
			"DAM_lmp($/MWh)": 24.70269,
			"RTM_lmp($/MWh)": 27.76733
		}
	}
}