{
	"2023-05-22": {
		"00:00:00": {
			"DAM_lmp($/MWh)": -7.68772,
			"RTM_lmp($/MWh)": 1.18212
		},
		"01:00:00": {
			"DAM_lmp($/MWh)": -7.575,
			"RTM_lmp($/MWh)": 1.13352
		},
		"02:00:00": {
			"DAM_lmp($/MWh)": -9.14246,
			"RTM_lmp($/MWh)": 1.06568
		},
		"03:00:00": {
			"DAM_lmp($/MWh)": -9.29544,
			"RTM_lmp($/MWh)": 0.99263
		},
		"04:00:00": {
			"DAM_lmp($/MWh)": -7.52634,
			"RTM_lmp($/MWh)": 0.9935
		},
		"05:00:00": {
			"DAM_lmp($/MWh)": -5.7225,
			"RTM_lmp($/MWh)": 1.0
		},
		"06:00:00": {
			"DAM_lmp($/MWh)": -5.61946,
			"RTM_lmp($/MWh)": 1.0
		},
		"07:00:00": {
			"DAM_lmp($/MWh)": -5.72343,
			"RTM_lmp($/MWh)": 18.0208
		},
		"08:00:00": {
			"DAM_lmp($/MWh)": -5.91701,
			"RTM_lmp($/MWh)": 12.8688
		},
		"09:00:00": {
			"DAM_lmp($/MWh)": -8.6297,
			"RTM_lmp($/MWh)": 1.0
		},
		"10:00:00": {
			"DAM_lmp($/MWh)": -18.27154,
			"RTM_lmp($/MWh)": 0.01
		},
		"11:00:00": {
			"DAM_lmp($/MWh)": -20.02795,
			"RTM_lmp($/MWh)": 0.01
		},
		"12:00:00": {
			"DAM_lmp($/MWh)": -39.74766,
			"RTM_lmp($/MWh)": 0.07621
		},
		"13:00:00": {
			"DAM_lmp($/MWh)": -34.59338,
			"RTM_lmp($/MWh)": 0.09005
		},
		"14:00:00": {
			"DAM_lmp($/MWh)": -12.52621,
			"RTM_lmp($/MWh)": 9.9976
		},
		"15:00:00": {
			"DAM_lmp($/MWh)": -14.37176,
			"RTM_lmp($/MWh)": 4.9988
		},
		"16:00:00": {
			"DAM_lmp($/MWh)": -4.41963,
			"RTM_lmp($/MWh)": 4.95
		},
		"17:00:00": {
			"DAM_lmp($/MWh)": 0.28128,
			"RTM_lmp($/MWh)": 0.0
		},
		"18:00:00": {
			"DAM_lmp($/MWh)": 1.53895,
			"RTM_lmp($/MWh)": 11.47129
		},
		"19:00:00": {
			"DAM_lmp($/MWh)": 35.88196,
			"RTM_lmp($/MWh)": 22.45249
		},
		"20:00:00": {
			"DAM_lmp($/MWh)": 29.23623,
			"RTM_lmp($/MWh)": 40.0
		},
		"21:00:00": {
			"DAM_lmp($/MWh)": 9.536,
			"RTM_lmp($/MWh)": 33.74076
		},
		"22:00:00": {
			"DAM_lmp($/MWh)": -5.53615,
			"RTM_lmp($/MWh)": 25.61315
		},
		"23:00:00": {
			"DAM_lmp($/MWh)": -5.79349,
			"RTM_lmp($/MWh)": -150.0
		}
	},
	"2023-05-23": {
		"00:00:00": {
			"DAM_lmp($/MWh)": -7.68772,
			"RTM_lmp($/MWh)": 1.18212
		},
		"01:00:00": {
			"DAM_lmp($/MWh)": -7.575,
			"RTM_lmp($/MWh)": 1.13352
		},
		"02:00:00": {
			"DAM_lmp($/MWh)": -9.14246,
			"RTM_lmp($/MWh)": 1.06568
		},
		"03:00:00": {
			"DAM_lmp($/MWh)": -9.29544,
			"RTM_lmp($/MWh)": 0.99263
		},
		"04:00:00": {
			"DAM_lmp($/MWh)": -7.52634,
			"RTM_lmp($/MWh)": 0.9935
		},
		"05:00:00": {
			"DAM_lmp($/MWh)": -5.7225,
			"RTM_lmp($/MWh)": 1.0
		},
		"06:00:00": {
			"DAM_lmp($/MWh)": -5.61946,
			"RTM_lmp($/MWh)": 1.0
		},
		"07:00:00": {
			"DAM_lmp($/MWh)": -5.72343,
			"RTM_lmp($/MWh)": 18.0208
		},
		"08:00:00": {
			"DAM_lmp($/MWh)": -5.91701,
			"RTM_lmp($/MWh)": 12.8688
		},
		"09:00:00": {
			"DAM_lmp($/MWh)": -8.6297,
			"RTM_lmp($/MWh)": 1.0
		},
		"10:00:00": {
			"DAM_lmp($/MWh)": -18.27154,
			"RTM_lmp($/MWh)": 0.01
		},
		"11:00:00": {
			"DAM_lmp($/MWh)": -20.02795,
			"RTM_lmp($/MWh)": 0.01
		},
		"12:00:00": {
			"DAM_lmp($/MWh)": -39.74766,
			"RTM_lmp($/MWh)": 0.07621
		},
		"13:00:00": {
			"DAM_lmp($/MWh)": -34.59338,
			"RTM_lmp($/MWh)": 0.09005
		},
		"14:00:00": {
			"DAM_lmp($/MWh)": -12.52621,
			"RTM_lmp($/MWh)": 9.9976
		},
		"15:00:00": {
			"DAM_lmp($/MWh)": -14.37176,
			"RTM_lmp($/MWh)": 4.9988
		},
		"16:00:00": {
			"DAM_lmp($/MWh)": -4.41963,
			"RTM_lmp($/MWh)": 4.95
		},
		"17:00:00": {
			"DAM_lmp($/MWh)": 0.28128,
			"RTM_lmp($/MWh)": 0.0
		},
		"18:00:00": {
			"DAM_lmp($/MWh)": 1.53895,
			"RTM_lmp($/MWh)": 11.47129
		},
		"19:00:00": {
			"DAM_lmp($/MWh)": 35.88196,
			"RTM_lmp($/MWh)": 22.45249
		},
		"20:00:00": {
			"DAM_lmp($/MWh)": 29.23623,
			"RTM_lmp($/MWh)": 40.0
		},
		"21:00:00": {
			"DAM_lmp($/MWh)": 9.536,
			"RTM_lmp($/MWh)": 33.74076
		},
		"22:00:00": {
			"DAM_lmp($/MWh)": -5.53615,
			"RTM_lmp($/MWh)": 25.61315
		},
		"23:00:00": {
			"DAM_lmp($/MWh)": -5.79349,
			"RTM_lmp($/MWh)": -150.0
		}
	}
}