{
	"2023-05-22": {
		"00:00:00": {
			"DAM_lmp($/MWh)": 29.63806,
			"RTM_lmp($/MWh)": 28.51674
		},
		"01:00:00": {
			"DAM_lmp($/MWh)": 25.96913,
			"RTM_lmp($/MWh)": 24.9675
		},
		"02:00:00": {
			"DAM_lmp($/MWh)": 24.67445,
			"RTM_lmp($/MWh)": 20.72865
		},
		"03:00:00": {
			"DAM_lmp($/MWh)": 22.82479,
			"RTM_lmp($/MWh)": 23.3497
		},
		"04:00:00": {
			"DAM_lmp($/MWh)": 26.90676,
			"RTM_lmp($/MWh)": 20.38844
		},
		"05:00:00": {
			"DAM_lmp($/MWh)": 34.53479,
			"RTM_lmp($/MWh)": 30.81135
		},
		"06:00:00": {
			"DAM_lmp($/MWh)": 35.89249,
			"RTM_lmp($/MWh)": 72.0
		},
		"07:00:00": {
			"DAM_lmp($/MWh)": 25.31921,
			"RTM_lmp($/MWh)": 18.0208
		},
		"08:00:00": {
			"DAM_lmp($/MWh)": 13.14975,
			"RTM_lmp($/MWh)": 12.8688
		},
		"09:00:00": {
			"DAM_lmp($/MWh)": 10.11766,
			"RTM_lmp($/MWh)": 12.94
		},
		"10:00:00": {
			"DAM_lmp($/MWh)": 7.43837,
			"RTM_lmp($/MWh)": 15.4
		},
		"11:00:00": {
			"DAM_lmp($/MWh)": 5.82078,
			"RTM_lmp($/MWh)": 14.7764
		},
		"12:00:00": {
			"DAM_lmp($/MWh)": 3.85679,
			"RTM_lmp($/MWh)": 14.61871
		},
		"13:00:00": {
			"DAM_lmp($/MWh)": 3.50619,
			"RTM_lmp($/MWh)": 14.99736
		},
		"14:00:00": {
			"DAM_lmp($/MWh)": 4.54872,
			"RTM_lmp($/MWh)": 9.9976
		},
		"15:00:00": {
			"DAM_lmp($/MWh)": 7.35708,
			"RTM_lmp($/MWh)": 4.9988
		},
		"16:00:00": {
			"DAM_lmp($/MWh)": 11.45204,
			"RTM_lmp($/MWh)": 4.95
		},
		"17:00:00": {
			"DAM_lmp($/MWh)": 24.12419,
			"RTM_lmp($/MWh)": 0.0
		},
		"18:00:00": {
			"DAM_lmp($/MWh)": 42.90604,
			"RTM_lmp($/MWh)": 13.53764
		},
		"19:00:00": {
			"DAM_lmp($/MWh)": 63.89745,
			"RTM_lmp($/MWh)": 26.17945
		},
		"20:00:00": {
			"DAM_lmp($/MWh)": 64.3293,
			"RTM_lmp($/MWh)": 40.0
		},
		"21:00:00": {
			"DAM_lmp($/MWh)": 49.47085,
			"RTM_lmp($/MWh)": 40.95804
		},
		"22:00:00": {
			"DAM_lmp($/MWh)": 40.06857,
			"RTM_lmp($/MWh)": 30.90068
		},
		"23:00:00": {
			"DAM_lmp($/MWh)": 31.64501,
			"RTM_lmp($/MWh)": 32.80325
		}
	},
	"2023-05-23": {
		"00:00:00": {
			"DAM_lmp($/MWh)": 29.63806,
			"RTM_lmp($/MWh)": 28.51674
		},
		"01:00:00": {
			"DAM_lmp($/MWh)": 25.96913,
			"RTM_lmp($/MWh)": 24.9675
		},
		"02:00:00": {
			"DAM_lmp($/MWh)": 24.67445,
			"RTM_lmp($/MWh)": 20.72865
		},
		"03:00:00": {
			"DAM_lmp($/MWh)": 22.82479,
			"RTM_lmp($/MWh)": 23.3497
		},
		"04:00:00": {
			"DAM_lmp($/MWh)": 26.90676,
			"RTM_lmp($/MWh)": 20.38844
		},
		"05:00:00": {
			"DAM_lmp($/MWh)": 34.53479,
			"RTM_lmp($/MWh)": 30.81135
		},
		"06:00:00": {
			"DAM_lmp($/MWh)": 35.89249,
			"RTM_lmp($/MWh)": 72.0
		},
		"07:00:00": {
			"DAM_lmp($/MWh)": 25.31921,
			"RTM_lmp($/MWh)": 18.0208
		},
		"08:00:00": {
			"DAM_lmp($/MWh)": 13.14975,
			"RTM_lmp($/MWh)": 12.8688
		},
		"09:00:00": {
			"DAM_lmp($/MWh)": 10.11766,
			"RTM_lmp($/MWh)": 12.94
		},
		"10:00:00": {
			"DAM_lmp($/MWh)": 7.43837,
			"RTM_lmp($/MWh)": 15.4
		},
		"11:00:00": {
			"DAM_lmp($/MWh)": 5.82078,
			"RTM_lmp($/MWh)": 14.7764
		},
		"12:00:00": {
			"DAM_lmp($/MWh)": 3.85679,
			"RTM_lmp($/MWh)": 14.61871
		},
		"13:00:00": {
			"DAM_lmp($/MWh)": 3.50619,
			"RTM_lmp($/MWh)": 14.99736
		},
		"14:00:00": {
			"DAM_lmp($/MWh)": 4.54872,
			"RTM_lmp($/MWh)": 9.9976
		},
		"15:00:00": {
			"DAM_lmp($/MWh)": 7.35708,
			"RTM_lmp($/MWh)": 4.9988
		},
		"16:00:00": {
			"DAM_lmp($/MWh)": 11.45204,
			"RTM_lmp($/MWh)": 4.95
		},
		"17:00:00": {
			"DAM_lmp($/MWh)": 24.12419,
			"RTM_lmp($/MWh)": 0.0
		},
		"18:00:00": {
			"DAM_lmp($/MWh)": 42.90604,
			"RTM_lmp($/MWh)": 13.53764
		},
		"19:00:00": {
			"DAM_lmp($/MWh)": 63.89745,
			"RTM_lmp($/MWh)": 26.17945
		},
		"20:00:00": {
			"DAM_lmp($/MWh)": 64.3293,
			"RTM_lmp($/MWh)": 40.0
		},
		"21:00:00": {
			"DAM_lmp($/MWh)": 49.47085,
			"RTM_lmp($/MWh)": 40.95804
		},
		"22:00:00": {
			"DAM_lmp($/MWh)": 40.06857,
			"RTM_lmp($/MWh)": 30.90068
		},
		"23:00:00": {
			"DAM_lmp($/MWh)": 31.64501,
			"RTM_lmp($/MWh)": 32.80325
		}
	}
}