{
	"2023-05-22": {
		"00:00:00": {
			"DAM_lmp($/MWh)": 26.98599,
			"RTM_lmp($/MWh)": 28.08134
		},
		"01:00:00": {
			"DAM_lmp($/MWh)": 23.01604,
			"RTM_lmp($/MWh)": 24.22079
		},
		"02:00:00": {
			"DAM_lmp($/MWh)": 21.02264,
			"RTM_lmp($/MWh)": 20.05952
		},
		"03:00:00": {
			"DAM_lmp($/MWh)": 18.7138,
			"RTM_lmp($/MWh)": 7.15702
		},
		"04:00:00": {
			"DAM_lmp($/MWh)": 22.79313,
			"RTM_lmp($/MWh)": 2.09384
		},
		"05:00:00": {
			"DAM_lmp($/MWh)": 32.55615,
			"RTM_lmp($/MWh)": 58.35416
		},
		"06:00:00": {
			"DAM_lmp($/MWh)": 33.61828,
			"RTM_lmp($/MWh)": 72.0
		},
		"07:00:00": {
			"DAM_lmp($/MWh)": 26.81512,
			"RTM_lmp($/MWh)": 18.0208
		},
		"08:00:00": {
			"DAM_lmp($/MWh)": 19.5198,
			"RTM_lmp($/MWh)": 12.8688
		},
		"09:00:00": {
			"DAM_lmp($/MWh)": 16.90611,
			"RTM_lmp($/MWh)": 12.94
		},
		"10:00:00": {
			"DAM_lmp($/MWh)": 11.41646,
			"RTM_lmp($/MWh)": 15.4
		},
		"11:00:00": {
			"DAM_lmp($/MWh)": 9.399,
			"RTM_lmp($/MWh)": 18.20349
		},
		"12:00:00": {
			"DAM_lmp($/MWh)": 7.49096,
			"RTM_lmp($/MWh)": 15.63651
		},
		"13:00:00": {
			"DAM_lmp($/MWh)": 7.34546,
			"RTM_lmp($/MWh)": 15.83395
		},
		"14:00:00": {
			"DAM_lmp($/MWh)": 8.5742,
			"RTM_lmp($/MWh)": 9.9976
		},
		"15:00:00": {
			"DAM_lmp($/MWh)": 11.58154,
			"RTM_lmp($/MWh)": 4.9988
		},
		"16:00:00": {
			"DAM_lmp($/MWh)": 15.58916,
			"RTM_lmp($/MWh)": 4.95
		},
		"17:00:00": {
			"DAM_lmp($/MWh)": 26.0611,
			"RTM_lmp($/MWh)": 0.0
		},
		"18:00:00": {
			"DAM_lmp($/MWh)": 45.66711,
			"RTM_lmp($/MWh)": 14.67292
		},
		"19:00:00": {
			"DAM_lmp($/MWh)": 66.50867,
			"RTM_lmp($/MWh)": 28.50089
		},
		"20:00:00": {
			"DAM_lmp($/MWh)": 67.88949,
			"RTM_lmp($/MWh)": 40.0
		},
		"21:00:00": {
			"DAM_lmp($/MWh)": 51.23802,
			"RTM_lmp($/MWh)": 43.71907
		},
		"22:00:00": {
			"DAM_lmp($/MWh)": 39.83439,
			"RTM_lmp($/MWh)": 32.55283
		},
		"23:00:00": {
			"DAM_lmp($/MWh)": 29.77187,
			"RTM_lmp($/MWh)": 33.39786
		}
	},
	"2023-05-23": {
		"00:00:00": {
			"DAM_lmp($/MWh)": 26.98599,
			"RTM_lmp($/MWh)": 28.08134
		},
		"01:00:00": {
			"DAM_lmp($/MWh)": 23.01604,
			"RTM_lmp($/MWh)": 24.22079
		},
		"02:00:00": {
			"DAM_lmp($/MWh)": 21.02264,
			"RTM_lmp($/MWh)": 20.05952
		},
		"03:00:00": {
			"DAM_lmp($/MWh)": 18.7138,
			"RTM_lmp($/MWh)": 7.15702
		},
		"04:00:00": {
			"DAM_lmp($/MWh)": 22.79313,
			"RTM_lmp($/MWh)": 2.09384
		},
		"05:00:00": {
			"DAM_lmp($/MWh)": 32.55615,
			"RTM_lmp($/MWh)": 58.35416
		},
		"06:00:00": {
			"DAM_lmp($/MWh)": 33.61828,
			"RTM_lmp($/MWh)": 72.0
		},
		"07:00:00": {
			"DAM_lmp($/MWh)": 26.81512,
			"RTM_lmp($/MWh)": 18.0208
		},
		"08:00:00": {
			"DAM_lmp($/MWh)": 19.5198,
			"RTM_lmp($/MWh)": 12.8688
		},
		"09:00:00": {
			"DAM_lmp($/MWh)": 16.90611,
			"RTM_lmp($/MWh)": 12.94
		},
		"10:00:00": {
			"DAM_lmp($/MWh)": 11.41646,
			"RTM_lmp($/MWh)": 15.4
		},
		"11:00:00": {
			"DAM_lmp($/MWh)": 9.399,
			"RTM_lmp($/MWh)": 18.20349
		},
		"12:00:00": {
			"DAM_lmp($/MWh)": 7.49096,
			"RTM_lmp($/MWh)": 15.63651
		},
		"13:00:00": {
			"DAM_lmp($/MWh)": 7.34546,
			"RTM_lmp($/MWh)": 15.83395
		},
		"14:00:00": {
			"DAM_lmp($/MWh)": 8.5742,
			"RTM_lmp($/MWh)": 9.9976
		},
		"15:00:00": {
			"DAM_lmp($/MWh)": 11.58154,
			"RTM_lmp($/MWh)": 4.9988
		},
		"16:00:00": {
			"DAM_lmp($/MWh)": 15.58916,
			"RTM_lmp($/MWh)": 4.95
		},
		"17:00:00": {
			"DAM_lmp($/MWh)": 26.0611,
			"RTM_lmp($/MWh)": 0.0
		},
		"18:00:00": {
			"DAM_lmp($/MWh)": 45.66711,
			"RTM_lmp($/MWh)": 14.67292
		},
		"19:00:00": {
			"DAM_lmp($/MWh)": 66.50867,
			"RTM_lmp($/MWh)": 28.50089
		},
		"20:00:00": {
			"DAM_lmp($/MWh)": 67.88949,
			"RTM_lmp($/MWh)": 40.0
		},
		"21:00:00": {
			"DAM_lmp($/MWh)": 51.23802,
			"RTM_lmp($/MWh)": 43.71907
		},
		"22:00:00": {
			"DAM_lmp($/MWh)": 39.83439,
			"RTM_lmp($/MWh)": 32.55283
		},
		"23:00:00": {
			"DAM_lmp($/MWh)": 29.77187,
			"RTM_lmp($/MWh)": 33.39786
		}
	}
}