{
	"2023-05-22": {
		"00:00:00": {
			"DAM_lmp($/MWh)": 29.63806,
			"RTM_lmp($/MWh)": 28.89521
		},
		"01:00:00": {
			"DAM_lmp($/MWh)": 26.02861,
			"RTM_lmp($/MWh)": 25.13068
		},
		"02:00:00": {
			"DAM_lmp($/MWh)": 24.71378,
			"RTM_lmp($/MWh)": 20.90107
		},
		"03:00:00": {
			"DAM_lmp($/MWh)": 22.8157,
			"RTM_lmp($/MWh)": 22.74073
		},
		"04:00:00": {
			"DAM_lmp($/MWh)": 26.68554,
			"RTM_lmp($/MWh)": 20.10691
		},
		"05:00:00": {
			"DAM_lmp($/MWh)": 34.53136,
			"RTM_lmp($/MWh)": 30.81135
		},
		"06:00:00": {
			"DAM_lmp($/MWh)": 35.81334,
			"RTM_lmp($/MWh)": 72.0
		},
		"07:00:00": {
			"DAM_lmp($/MWh)": 25.18463,
			"RTM_lmp($/MWh)": 18.0208
		},
		"08:00:00": {
			"DAM_lmp($/MWh)": 11.47198,
			"RTM_lmp($/MWh)": 12.8688
		},
		"09:00:00": {
			"DAM_lmp($/MWh)": 9.40707,
			"RTM_lmp($/MWh)": 12.94
		},
		"10:00:00": {
			"DAM_lmp($/MWh)": 6.88279,
			"RTM_lmp($/MWh)": 15.4
		},
		"11:00:00": {
			"DAM_lmp($/MWh)": 4.68556,
			"RTM_lmp($/MWh)": 14.7764
		},
		"12:00:00": {
			"DAM_lmp($/MWh)": 3.55075,
			"RTM_lmp($/MWh)": 14.76807
		},
		"13:00:00": {
			"DAM_lmp($/MWh)": 3.28203,
			"RTM_lmp($/MWh)": 15.12764
		},
		"14:00:00": {
			"DAM_lmp($/MWh)": 4.56252,
			"RTM_lmp($/MWh)": 9.9976
		},
		"15:00:00": {
			"DAM_lmp($/MWh)": 7.37482,
			"RTM_lmp($/MWh)": 4.9988
		},
		"16:00:00": {
			"DAM_lmp($/MWh)": 11.50843,
			"RTM_lmp($/MWh)": 4.95
		},
		"17:00:00": {
			"DAM_lmp($/MWh)": 24.2412,
			"RTM_lmp($/MWh)": 0.0
		},
		"18:00:00": {
			"DAM_lmp($/MWh)": 43.12517,
			"RTM_lmp($/MWh)": 13.97747
		},
		"19:00:00": {
			"DAM_lmp($/MWh)": 64.16891,
			"RTM_lmp($/MWh)": 26.90559
		},
		"20:00:00": {
			"DAM_lmp($/MWh)": 64.44582,
			"RTM_lmp($/MWh)": 40.0
		},
		"21:00:00": {
			"DAM_lmp($/MWh)": 49.43091,
			"RTM_lmp($/MWh)": 41.26016
		},
		"22:00:00": {
			"DAM_lmp($/MWh)": 40.0847,
			"RTM_lmp($/MWh)": 31.39091
		},
		"23:00:00": {
			"DAM_lmp($/MWh)": 31.66719,
			"RTM_lmp($/MWh)": 33.16866
		}
	},
	"2023-05-23": {
		"00:00:00": {
			"DAM_lmp($/MWh)": 29.63806,
			"RTM_lmp($/MWh)": 28.89521
		},
		"01:00:00": {
			"DAM_lmp($/MWh)": 26.02861,
			"RTM_lmp($/MWh)": 25.13068
		},
		"02:00:00": {
			"DAM_lmp($/MWh)": 24.71378,
			"RTM_lmp($/MWh)": 20.90107
		},
		"03:00:00": {
			"DAM_lmp($/MWh)": 22.8157,
			"RTM_lmp($/MWh)": 22.74073
		},
		"04:00:00": {
			"DAM_lmp($/MWh)": 26.68554,
			"RTM_lmp($/MWh)": 20.10691
		},
		"05:00:00": {
			"DAM_lmp($/MWh)": 34.53136,
			"RTM_lmp($/MWh)": 30.81135
		},
		"06:00:00": {
			"DAM_lmp($/MWh)": 35.81334,
			"RTM_lmp($/MWh)": 72.0
		},
		"07:00:00": {
			"DAM_lmp($/MWh)": 25.18463,
			"RTM_lmp($/MWh)": 18.0208
		},
		"08:00:00": {
			"DAM_lmp($/MWh)": 11.47198,
			"RTM_lmp($/MWh)": 12.8688
		},
		"09:00:00": {
			"DAM_lmp($/MWh)": 9.40707,
			"RTM_lmp($/MWh)": 12.94
		},
		"10:00:00": {
			"DAM_lmp($/MWh)": 6.88279,
			"RTM_lmp($/MWh)": 15.4
		},
		"11:00:00": {
			"DAM_lmp($/MWh)": 4.68556,
			"RTM_lmp($/MWh)": 14.7764
		},
		"12:00:00": {
			"DAM_lmp($/MWh)": 3.55075,
			"RTM_lmp($/MWh)": 14.76807
		},
		"13:00:00": {
			"DAM_lmp($/MWh)": 3.28203,
			"RTM_lmp($/MWh)": 15.12764
		},
		"14:00:00": {
			"DAM_lmp($/MWh)": 4.56252,
			"RTM_lmp($/MWh)": 9.9976
		},
		"15:00:00": {
			"DAM_lmp($/MWh)": 7.37482,
			"RTM_lmp($/MWh)": 4.9988
		},
		"16:00:00": {
			"DAM_lmp($/MWh)": 11.50843,
			"RTM_lmp($/MWh)": 4.95
		},
		"17:00:00": {
			"DAM_lmp($/MWh)": 24.2412,
			"RTM_lmp($/MWh)": 0.0
		},
		"18:00:00": {
			"DAM_lmp($/MWh)": 43.12517,
			"RTM_lmp($/MWh)": 13.97747
		},
		"19:00:00": {
			"DAM_lmp($/MWh)": 64.16891,
			"RTM_lmp($/MWh)": 26.90559
		},
		"20:00:00": {
			"DAM_lmp($/MWh)": 64.44582,
			"RTM_lmp($/MWh)": 40.0
		},
		"21:00:00": {
			"DAM_lmp($/MWh)": 49.43091,
			"RTM_lmp($/MWh)": 41.26016
		},
		"22:00:00": {
			"DAM_lmp($/MWh)": 40.0847,
			"RTM_lmp($/MWh)": 31.39091
		},
		"23:00:00": {
			"DAM_lmp($/MWh)": 31.66719,
			"RTM_lmp($/MWh)": 33.16866
		}
	}
}