{
	"2023-05-22": {
		"00:00:00": {
			"DAM_lmp($/MWh)": 33.61993,
			"RTM_lmp($/MWh)": 27.66587
		},
		"01:00:00": {
			"DAM_lmp($/MWh)": 30.53538,
			"RTM_lmp($/MWh)": 23.90431
		},
		"02:00:00": {
			"DAM_lmp($/MWh)": 30.47129,
			"RTM_lmp($/MWh)": 19.84811
		},
		"03:00:00": {
			"DAM_lmp($/MWh)": 29.38615,
			"RTM_lmp($/MWh)": 6.33761
		},
		"04:00:00": {
			"DAM_lmp($/MWh)": 31.761,
			"RTM_lmp($/MWh)": 1.56584
		},
		"05:00:00": {
			"DAM_lmp($/MWh)": 36.08578,
			"RTM_lmp($/MWh)": 30.81135
		},
		"06:00:00": {
			"DAM_lmp($/MWh)": 39.79418,
			"RTM_lmp($/MWh)": 72.0
		},
		"07:00:00": {
			"DAM_lmp($/MWh)": 24.6489,
			"RTM_lmp($/MWh)": 18.0208
		},
		"08:00:00": {
			"DAM_lmp($/MWh)": -0.46396,
			"RTM_lmp($/MWh)": 12.8688
		},
		"09:00:00": {
			"DAM_lmp($/MWh)": -4.06186,
			"RTM_lmp($/MWh)": 12.94
		},
		"10:00:00": {
			"DAM_lmp($/MWh)": -1.47957,
			"RTM_lmp($/MWh)": 15.4
		},
		"11:00:00": {
			"DAM_lmp($/MWh)": -2.06412,
			"RTM_lmp($/MWh)": -5.10073
		},
		"12:00:00": {
			"DAM_lmp($/MWh)": -4.45933,
			"RTM_lmp($/MWh)": 14.04129
		},
		"13:00:00": {
			"DAM_lmp($/MWh)": -5.44922,
			"RTM_lmp($/MWh)": 14.25024
		},
		"14:00:00": {
			"DAM_lmp($/MWh)": -4.49926,
			"RTM_lmp($/MWh)": 9.9976
		},
		"15:00:00": {
			"DAM_lmp($/MWh)": -1.33428,
			"RTM_lmp($/MWh)": 4.9988
		},
		"16:00:00": {
			"DAM_lmp($/MWh)": 3.90242,
			"RTM_lmp($/MWh)": 4.95
		},
		"17:00:00": {
			"DAM_lmp($/MWh)": 23.33997,
			"RTM_lmp($/MWh)": 0.0
		},
		"18:00:00": {
			"DAM_lmp($/MWh)": 41.85859,
			"RTM_lmp($/MWh)": 13.10638
		},
		"19:00:00": {
			"DAM_lmp($/MWh)": 61.19573,
			"RTM_lmp($/MWh)": 26.22621
		},
		"20:00:00": {
			"DAM_lmp($/MWh)": 61.61709,
			"RTM_lmp($/MWh)": 40.0
		},
		"21:00:00": {
			"DAM_lmp($/MWh)": 47.76857,
			"RTM_lmp($/MWh)": 40.98741
		},
		"22:00:00": {
			"DAM_lmp($/MWh)": 41.20511,
			"RTM_lmp($/MWh)": 31.21264
		},
		"23:00:00": {
			"DAM_lmp($/MWh)": 35.18421,
			"RTM_lmp($/MWh)": 32.33487
		}
	},
	"2023-05-23": {
		"00:00:00": {
			"DAM_lmp($/MWh)": 33.61993,
			"RTM_lmp($/MWh)": 27.66587
		},
		"01:00:00": {
			"DAM_lmp($/MWh)": 30.53538,
			"RTM_lmp($/MWh)": 23.90431
		},
		"02:00:00": {
			"DAM_lmp($/MWh)": 30.47129,
			"RTM_lmp($/MWh)": 19.84811
		},
		"03:00:00": {
			"DAM_lmp($/MWh)": 29.38615,
			"RTM_lmp($/MWh)": 6.33761
		},
		"04:00:00": {
			"DAM_lmp($/MWh)": 31.761,
			"RTM_lmp($/MWh)": 1.56584
		},
		"05:00:00": {
			"DAM_lmp($/MWh)": 36.08578,
			"RTM_lmp($/MWh)": 30.81135
		},
		"06:00:00": {
			"DAM_lmp($/MWh)": 39.79418,
			"RTM_lmp($/MWh)": 72.0
		},
		"07:00:00": {
			"DAM_lmp($/MWh)": 24.6489,
			"RTM_lmp($/MWh)": 18.0208
		},
		"08:00:00": {
			"DAM_lmp($/MWh)": -0.46396,
			"RTM_lmp($/MWh)": 12.8688
		},
		"09:00:00": {
			"DAM_lmp($/MWh)": -4.06186,
			"RTM_lmp($/MWh)": 12.94
		},
		"10:00:00": {
			"DAM_lmp($/MWh)": -1.47957,
			"RTM_lmp($/MWh)": 15.4
		},
		"11:00:00": {
			"DAM_lmp($/MWh)": -2.06412,
			"RTM_lmp($/MWh)": -5.10073
		},
		"12:00:00": {
			"DAM_lmp($/MWh)": -4.45933,
			"RTM_lmp($/MWh)": 14.04129
		},
		"13:00:00": {
			"DAM_lmp($/MWh)": -5.44922,
			"RTM_lmp($/MWh)": 14.25024
		},
		"14:00:00": {
			"DAM_lmp($/MWh)": -4.49926,
			"RTM_lmp($/MWh)": 9.9976
		},
		"15:00:00": {
			"DAM_lmp($/MWh)": -1.33428,
			"RTM_lmp($/MWh)": 4.9988
		},
		"16:00:00": {
			"DAM_lmp($/MWh)": 3.90242,
			"RTM_lmp($/MWh)": 4.95
		},
		"17:00:00": {
			"DAM_lmp($/MWh)": 23.33997,
			"RTM_lmp($/MWh)": 0.0
		},
		"18:00:00": {
			"DAM_lmp($/MWh)": 41.85859,
			"RTM_lmp($/MWh)": 13.10638
		},
		"19:00:00": {
			"DAM_lmp($/MWh)": 61.19573,
			"RTM_lmp($/MWh)": 26.22621
		},
		"20:00:00": {
			"DAM_lmp($/MWh)": 61.61709,
			"RTM_lmp($/MWh)": 40.0
		},
		"21:00:00": {
			"DAM_lmp($/MWh)": 47.76857,
			"RTM_lmp($/MWh)": 40.98741
		},
		"22:00:00": {
			"DAM_lmp($/MWh)": 41.20511,
			"RTM_lmp($/MWh)": 31.21264
		},
		"23:00:00": {
			"DAM_lmp($/MWh)": 35.18421,
			"RTM_lmp($/MWh)": 32.33487
		}
	}
}