{
	"2023-05-22": {
		"00:00:00": {
			"DAM_lmp($/MWh)": 26.8664,
			"RTM_lmp($/MWh)": 28.08704
		},
		"01:00:00": {
			"DAM_lmp($/MWh)": 22.98276,
			"RTM_lmp($/MWh)": 24.2381
		},
		"02:00:00": {
			"DAM_lmp($/MWh)": 21.17522,
			"RTM_lmp($/MWh)": 20.08415
		},
		"03:00:00": {
			"DAM_lmp($/MWh)": 19.03293,
			"RTM_lmp($/MWh)": 7.16389
		},
		"04:00:00": {
			"DAM_lmp($/MWh)": 22.78996,
			"RTM_lmp($/MWh)": 2.10454
		},
		"05:00:00": {
			"DAM_lmp($/MWh)": 32.40406,
			"RTM_lmp($/MWh)": 65.23987
		},
		"06:00:00": {
			"DAM_lmp($/MWh)": 33.53471,
			"RTM_lmp($/MWh)": 72.0
		},
		"07:00:00": {
			"DAM_lmp($/MWh)": 26.51232,
			"RTM_lmp($/MWh)": 18.0208
		},
		"08:00:00": {
			"DAM_lmp($/MWh)": 20.26632,
			"RTM_lmp($/MWh)": 12.8688
		},
		"09:00:00": {
			"DAM_lmp($/MWh)": 17.68534,
			"RTM_lmp($/MWh)": 12.94
		},
		"10:00:00": {
			"DAM_lmp($/MWh)": 11.84713,
			"RTM_lmp($/MWh)": 15.4
		},
		"11:00:00": {
			"DAM_lmp($/MWh)": 9.77814,
			"RTM_lmp($/MWh)": 18.61474
		},
		"12:00:00": {
			"DAM_lmp($/MWh)": 7.90071,
			"RTM_lmp($/MWh)": 15.74891
		},
		"13:00:00": {
			"DAM_lmp($/MWh)": 7.79049,
			"RTM_lmp($/MWh)": 15.97992
		},
		"14:00:00": {
			"DAM_lmp($/MWh)": 9.03236,
			"RTM_lmp($/MWh)": 9.9976
		},
		"15:00:00": {
			"DAM_lmp($/MWh)": 12.03179,
			"RTM_lmp($/MWh)": 4.9988
		},
		"16:00:00": {
			"DAM_lmp($/MWh)": 15.96863,
			"RTM_lmp($/MWh)": 4.95
		},
		"17:00:00": {
			"DAM_lmp($/MWh)": 25.97396,
			"RTM_lmp($/MWh)": 0.0
		},
		"18:00:00": {
			"DAM_lmp($/MWh)": 45.46989,
			"RTM_lmp($/MWh)": 14.74574
		},
		"19:00:00": {
			"DAM_lmp($/MWh)": 66.94172,
			"RTM_lmp($/MWh)": 28.73743
		},
		"20:00:00": {
			"DAM_lmp($/MWh)": 67.37812,
			"RTM_lmp($/MWh)": 40.0
		},
		"21:00:00": {
			"DAM_lmp($/MWh)": 51.3778,
			"RTM_lmp($/MWh)": 43.83656
		},
		"22:00:00": {
			"DAM_lmp($/MWh)": 39.95433,
			"RTM_lmp($/MWh)": 32.60058
		},
		"23:00:00": {
			"DAM_lmp($/MWh)": 29.66241,
			"RTM_lmp($/MWh)": 33.4344
		}
	},
	"2023-05-23": {
		"00:00:00": {
			"DAM_lmp($/MWh)": 26.8664,
			"RTM_lmp($/MWh)": 28.08704
		},
		"01:00:00": {
			"DAM_lmp($/MWh)": 22.98276,
			"RTM_lmp($/MWh)": 24.2381
		},
		"02:00:00": {
			"DAM_lmp($/MWh)": 21.17522,
			"RTM_lmp($/MWh)": 20.08415
		},
		"03:00:00": {
			"DAM_lmp($/MWh)": 19.03293,
			"RTM_lmp($/MWh)": 7.16389
		},
		"04:00:00": {
			"DAM_lmp($/MWh)": 22.78996,
			"RTM_lmp($/MWh)": 2.10454
		},
		"05:00:00": {
			"DAM_lmp($/MWh)": 32.40406,
			"RTM_lmp($/MWh)": 65.23987
		},
		"06:00:00": {
			"DAM_lmp($/MWh)": 33.53471,
			"RTM_lmp($/MWh)": 72.0
		},
		"07:00:00": {
			"DAM_lmp($/MWh)": 26.51232,
			"RTM_lmp($/MWh)": 18.0208
		},
		"08:00:00": {
			"DAM_lmp($/MWh)": 20.26632,
			"RTM_lmp($/MWh)": 12.8688
		},
		"09:00:00": {
			"DAM_lmp($/MWh)": 17.68534,
			"RTM_lmp($/MWh)": 12.94
		},
		"10:00:00": {
			"DAM_lmp($/MWh)": 11.84713,
			"RTM_lmp($/MWh)": 15.4
		},
		"11:00:00": {
			"DAM_lmp($/MWh)": 9.77814,
			"RTM_lmp($/MWh)": 18.61474
		},
		"12:00:00": {
			"DAM_lmp($/MWh)": 7.90071,
			"RTM_lmp($/MWh)": 15.74891
		},
		"13:00:00": {
			"DAM_lmp($/MWh)": 7.79049,
			"RTM_lmp($/MWh)": 15.97992
		},
		"14:00:00": {
			"DAM_lmp($/MWh)": 9.03236,
			"RTM_lmp($/MWh)": 9.9976
		},
		"15:00:00": {
			"DAM_lmp($/MWh)": 12.03179,
			"RTM_lmp($/MWh)": 4.9988
		},
		"16:00:00": {
			"DAM_lmp($/MWh)": 15.96863,
			"RTM_lmp($/MWh)": 4.95
		},
		"17:00:00": {
			"DAM_lmp($/MWh)": 25.97396,
			"RTM_lmp($/MWh)": 0.0
		},
		"18:00:00": {
			"DAM_lmp($/MWh)": 45.46989,
			"RTM_lmp($/MWh)": 14.74574
		},
		"19:00:00": {
			"DAM_lmp($/MWh)": 66.94172,
			"RTM_lmp($/MWh)": 28.73743
		},
		"20:00:00": {
			"DAM_lmp($/MWh)": 67.37812,
			"RTM_lmp($/MWh)": 40.0
		},
		"21:00:00": {
			"DAM_lmp($/MWh)": 51.3778,
			"RTM_lmp($/MWh)": 43.83656
		},
		"22:00:00": {
			"DAM_lmp($/MWh)": 39.95433,
			"RTM_lmp($/MWh)": 32.60058
		},
		"23:00:00": {
			"DAM_lmp($/MWh)": 29.66241,
			"RTM_lmp($/MWh)": 33.4344
		}
	}
}