{
	"2023-05-22": {
		"00:00:00": {
			"DAM_lmp($/MWh)": 45.67283,
			"RTM_lmp($/MWh)": 27.9106
		},
		"01:00:00": {
			"DAM_lmp($/MWh)": 43.71317,
			"RTM_lmp($/MWh)": 24.02547
		},
		"02:00:00": {
			"DAM_lmp($/MWh)": 46.37973,
			"RTM_lmp($/MWh)": 20.02258
		},
		"03:00:00": {
			"DAM_lmp($/MWh)": 46.57097,
			"RTM_lmp($/MWh)": 6.26309
		},
		"04:00:00": {
			"DAM_lmp($/MWh)": 46.95526,
			"RTM_lmp($/MWh)": 1.52705
		},
		"05:00:00": {
			"DAM_lmp($/MWh)": 43.40151,
			"RTM_lmp($/MWh)": 30.81135
		},
		"06:00:00": {
			"DAM_lmp($/MWh)": 52.6388,
			"RTM_lmp($/MWh)": 72.0
		},
		"07:00:00": {
			"DAM_lmp($/MWh)": 25.38133,
			"RTM_lmp($/MWh)": 18.0208
		},
		"08:00:00": {
			"DAM_lmp($/MWh)": 5.69251,
			"RTM_lmp($/MWh)": 12.8688
		},
		"09:00:00": {
			"DAM_lmp($/MWh)": 2.249,
			"RTM_lmp($/MWh)": 12.94
		},
		"10:00:00": {
			"DAM_lmp($/MWh)": 2.2769,
			"RTM_lmp($/MWh)": 15.4
		},
		"11:00:00": {
			"DAM_lmp($/MWh)": 1.28927,
			"RTM_lmp($/MWh)": 3.67262
		},
		"12:00:00": {
			"DAM_lmp($/MWh)": -0.92335,
			"RTM_lmp($/MWh)": 14.52632
		},
		"13:00:00": {
			"DAM_lmp($/MWh)": -1.7197,
			"RTM_lmp($/MWh)": 14.74937
		},
		"14:00:00": {
			"DAM_lmp($/MWh)": -0.62856,
			"RTM_lmp($/MWh)": 9.9976
		},
		"15:00:00": {
			"DAM_lmp($/MWh)": 2.41426,
			"RTM_lmp($/MWh)": 4.9988
		},
		"16:00:00": {
			"DAM_lmp($/MWh)": 7.46969,
			"RTM_lmp($/MWh)": 4.95
		},
		"17:00:00": {
			"DAM_lmp($/MWh)": 23.94494,
			"RTM_lmp($/MWh)": 0.0
		},
		"18:00:00": {
			"DAM_lmp($/MWh)": 49.74,
			"RTM_lmp($/MWh)": 13.26917
		},
		"19:00:00": {
			"DAM_lmp($/MWh)": 61.16342,
			"RTM_lmp($/MWh)": 26.30872
		},
		"20:00:00": {
			"DAM_lmp($/MWh)": 61.47468,
			"RTM_lmp($/MWh)": 40.0
		},
		"21:00:00": {
			"DAM_lmp($/MWh)": 48.747,
			"RTM_lmp($/MWh)": 41.84341
		},
		"22:00:00": {
			"DAM_lmp($/MWh)": 46.53653,
			"RTM_lmp($/MWh)": 31.66786
		},
		"23:00:00": {
			"DAM_lmp($/MWh)": 45.49493,
			"RTM_lmp($/MWh)": 32.80657
		}
	},
	"2023-05-23": {
		"00:00:00": {
			"DAM_lmp($/MWh)": 45.67283,
			"RTM_lmp($/MWh)": 27.9106
		},
		"01:00:00": {
			"DAM_lmp($/MWh)": 43.71317,
			"RTM_lmp($/MWh)": 24.02547
		},
		"02:00:00": {
			"DAM_lmp($/MWh)": 46.37973,
			"RTM_lmp($/MWh)": 20.02258
		},
		"03:00:00": {
			"DAM_lmp($/MWh)": 46.57097,
			"RTM_lmp($/MWh)": 6.26309
		},
		"04:00:00": {
			"DAM_lmp($/MWh)": 46.95526,
			"RTM_lmp($/MWh)": 1.52705
		},
		"05:00:00": {
			"DAM_lmp($/MWh)": 43.40151,
			"RTM_lmp($/MWh)": 30.81135
		},
		"06:00:00": {
			"DAM_lmp($/MWh)": 52.6388,
			"RTM_lmp($/MWh)": 72.0
		},
		"07:00:00": {
			"DAM_lmp($/MWh)": 25.38133,
			"RTM_lmp($/MWh)": 18.0208
		},
		"08:00:00": {
			"DAM_lmp($/MWh)": 5.69251,
			"RTM_lmp($/MWh)": 12.8688
		},
		"09:00:00": {
			"DAM_lmp($/MWh)": 2.249,
			"RTM_lmp($/MWh)": 12.94
		},
		"10:00:00": {
			"DAM_lmp($/MWh)": 2.2769,
			"RTM_lmp($/MWh)": 15.4
		},
		"11:00:00": {
			"DAM_lmp($/MWh)": 1.28927,
			"RTM_lmp($/MWh)": 3.67262
		},
		"12:00:00": {
			"DAM_lmp($/MWh)": -0.92335,
			"RTM_lmp($/MWh)": 14.52632
		},
		"13:00:00": {
			"DAM_lmp($/MWh)": -1.7197,
			"RTM_lmp($/MWh)": 14.74937
		},
		"14:00:00": {
			"DAM_lmp($/MWh)": -0.62856,
			"RTM_lmp($/MWh)": 9.9976
		},
		"15:00:00": {
			"DAM_lmp($/MWh)": 2.41426,
			"RTM_lmp($/MWh)": 4.9988
		},
		"16:00:00": {
			"DAM_lmp($/MWh)": 7.46969,
			"RTM_lmp($/MWh)": 4.95
		},
		"17:00:00": {
			"DAM_lmp($/MWh)": 23.94494,
			"RTM_lmp($/MWh)": 0.0
		},
		"18:00:00": {
			"DAM_lmp($/MWh)": 49.74,
			"RTM_lmp($/MWh)": 13.26917
		},
		"19:00:00": {
			"DAM_lmp($/MWh)": 61.16342,
			"RTM_lmp($/MWh)": 26.30872
		},
		"20:00:00": {
			"DAM_lmp($/MWh)": 61.47468,
			"RTM_lmp($/MWh)": 40.0
		},
		"21:00:00": {
			"DAM_lmp($/MWh)": 48.747,
			"RTM_lmp($/MWh)": 41.84341
		},
		"22:00:00": {
			"DAM_lmp($/MWh)": 46.53653,
			"RTM_lmp($/MWh)": 31.66786
		},
		"23:00:00": {
			"DAM_lmp($/MWh)": 45.49493,
			"RTM_lmp($/MWh)": 32.80657
		}
	}
}