{
	"2023-05-22": {
		"00:00:00": {
			"DAM_lmp($/MWh)": 26.51916,
			"RTM_lmp($/MWh)": 27.49513
		},
		"01:00:00": {
			"DAM_lmp($/MWh)": 22.56606,
			"RTM_lmp($/MWh)": 23.72876
		},
		"02:00:00": {
			"DAM_lmp($/MWh)": 20.60972,
			"RTM_lmp($/MWh)": 19.67365
		},
		"03:00:00": {
			"DAM_lmp($/MWh)": 18.47737,
			"RTM_lmp($/MWh)": 7.02517
		},
		"04:00:00": {
			"DAM_lmp($/MWh)": 22.3349,
			"RTM_lmp($/MWh)": 1.96433
		},
		"05:00:00": {
			"DAM_lmp($/MWh)": 31.96285,
			"RTM_lmp($/MWh)": 17.03994
		},
		"06:00:00": {
			"DAM_lmp($/MWh)": 32.94914,
			"RTM_lmp($/MWh)": 72.0
		},
		"07:00:00": {
			"DAM_lmp($/MWh)": 26.31045,
			"RTM_lmp($/MWh)": 18.0208
		},
		"08:00:00": {
			"DAM_lmp($/MWh)": 17.25143,
			"RTM_lmp($/MWh)": 12.8688
		},
		"09:00:00": {
			"DAM_lmp($/MWh)": 14.78083,
			"RTM_lmp($/MWh)": 12.94
		},
		"10:00:00": {
			"DAM_lmp($/MWh)": 10.33752,
			"RTM_lmp($/MWh)": 15.4
		},
		"11:00:00": {
			"DAM_lmp($/MWh)": 8.35209,
			"RTM_lmp($/MWh)": 14.7764
		},
		"12:00:00": {
			"DAM_lmp($/MWh)": 6.40059,
			"RTM_lmp($/MWh)": 15.27466
		},
		"13:00:00": {
			"DAM_lmp($/MWh)": 6.2461,
			"RTM_lmp($/MWh)": 15.47608
		},
		"14:00:00": {
			"DAM_lmp($/MWh)": 7.41407,
			"RTM_lmp($/MWh)": 9.9976
		},
		"15:00:00": {
			"DAM_lmp($/MWh)": 10.50242,
			"RTM_lmp($/MWh)": 4.9988
		},
		"16:00:00": {
			"DAM_lmp($/MWh)": 14.54332,
			"RTM_lmp($/MWh)": 4.95
		},
		"17:00:00": {
			"DAM_lmp($/MWh)": 25.63537,
			"RTM_lmp($/MWh)": 0.0
		},
		"18:00:00": {
			"DAM_lmp($/MWh)": 44.82564,
			"RTM_lmp($/MWh)": 14.26593
		},
		"19:00:00": {
			"DAM_lmp($/MWh)": 66.27599,
			"RTM_lmp($/MWh)": 27.87927
		},
		"20:00:00": {
			"DAM_lmp($/MWh)": 66.31653,
			"RTM_lmp($/MWh)": 40.0
		},
		"21:00:00": {
			"DAM_lmp($/MWh)": 50.9385,
			"RTM_lmp($/MWh)": 42.38891
		},
		"22:00:00": {
			"DAM_lmp($/MWh)": 39.57624,
			"RTM_lmp($/MWh)": 31.85249
		},
		"23:00:00": {
			"DAM_lmp($/MWh)": 29.26462,
			"RTM_lmp($/MWh)": 32.78664
		}
	},
	"2023-05-23": {
		"00:00:00": {
			"DAM_lmp($/MWh)": 26.51916,
			"RTM_lmp($/MWh)": 27.49513
		},
		"01:00:00": {
			"DAM_lmp($/MWh)": 22.56606,
			"RTM_lmp($/MWh)": 23.72876
		},
		"02:00:00": {
			"DAM_lmp($/MWh)": 20.60972,
			"RTM_lmp($/MWh)": 19.67365
		},
		"03:00:00": {
			"DAM_lmp($/MWh)": 18.47737,
			"RTM_lmp($/MWh)": 7.02517
		},
		"04:00:00": {
			"DAM_lmp($/MWh)": 22.3349,
			"RTM_lmp($/MWh)": 1.96433
		},
		"05:00:00": {
			"DAM_lmp($/MWh)": 31.96285,
			"RTM_lmp($/MWh)": 17.03994
		},
		"06:00:00": {
			"DAM_lmp($/MWh)": 32.94914,
			"RTM_lmp($/MWh)": 72.0
		},
		"07:00:00": {
			"DAM_lmp($/MWh)": 26.31045,
			"RTM_lmp($/MWh)": 18.0208
		},
		"08:00:00": {
			"DAM_lmp($/MWh)": 17.25143,
			"RTM_lmp($/MWh)": 12.8688
		},
		"09:00:00": {
			"DAM_lmp($/MWh)": 14.78083,
			"RTM_lmp($/MWh)": 12.94
		},
		"10:00:00": {
			"DAM_lmp($/MWh)": 10.33752,
			"RTM_lmp($/MWh)": 15.4
		},
		"11:00:00": {
			"DAM_lmp($/MWh)": 8.35209,
			"RTM_lmp($/MWh)": 14.7764
		},
		"12:00:00": {
			"DAM_lmp($/MWh)": 6.40059,
			"RTM_lmp($/MWh)": 15.27466
		},
		"13:00:00": {
			"DAM_lmp($/MWh)": 6.2461,
			"RTM_lmp($/MWh)": 15.47608
		},
		"14:00:00": {
			"DAM_lmp($/MWh)": 7.41407,
			"RTM_lmp($/MWh)": 9.9976
		},
		"15:00:00": {
			"DAM_lmp($/MWh)": 10.50242,
			"RTM_lmp($/MWh)": 4.9988
		},
		"16:00:00": {
			"DAM_lmp($/MWh)": 14.54332,
			"RTM_lmp($/MWh)": 4.95
		},
		"17:00:00": {
			"DAM_lmp($/MWh)": 25.63537,
			"RTM_lmp($/MWh)": 0.0
		},
		"18:00:00": {
			"DAM_lmp($/MWh)": 44.82564,
			"RTM_lmp($/MWh)": 14.26593
		},
		"19:00:00": {
			"DAM_lmp($/MWh)": 66.27599,
			"RTM_lmp($/MWh)": 27.87927
		},
		"20:00:00": {
			"DAM_lmp($/MWh)": 66.31653,
			"RTM_lmp($/MWh)": 40.0
		},
		"21:00:00": {
			"DAM_lmp($/MWh)": 50.9385,
			"RTM_lmp($/MWh)": 42.38891
		},
		"22:00:00": {
			"DAM_lmp($/MWh)": 39.57624,
			"RTM_lmp($/MWh)": 31.85249
		},
		"23:00:00": {
			"DAM_lmp($/MWh)": 29.26462,
			"RTM_lmp($/MWh)": 32.78664
		}
	}
}