{
	"2023-05-22": {
		"00:00:00": {
			"DAM_lmp($/MWh)": 23.42522,
			"RTM_lmp($/MWh)": 24.7035
		},
		"01:00:00": {
			"DAM_lmp($/MWh)": 19.63659,
			"RTM_lmp($/MWh)": 21.31806
		},
		"02:00:00": {
			"DAM_lmp($/MWh)": 17.51695,
			"RTM_lmp($/MWh)": 17.65599
		},
		"03:00:00": {
			"DAM_lmp($/MWh)": 15.40487,
			"RTM_lmp($/MWh)": 6.0123
		},
		"04:00:00": {
			"DAM_lmp($/MWh)": 19.40439,
			"RTM_lmp($/MWh)": 1.36956
		},
		"05:00:00": {
			"DAM_lmp($/MWh)": 29.41849,
			"RTM_lmp($/MWh)": 30.81135
		},
		"06:00:00": {
			"DAM_lmp($/MWh)": 29.4897,
			"RTM_lmp($/MWh)": 72.0
		},
		"07:00:00": {
			"DAM_lmp($/MWh)": 24.70842,
			"RTM_lmp($/MWh)": 18.0208
		},
		"08:00:00": {
			"DAM_lmp($/MWh)": 14.85488,
			"RTM_lmp($/MWh)": 12.8688
		},
		"09:00:00": {
			"DAM_lmp($/MWh)": 10.07244,
			"RTM_lmp($/MWh)": 12.94
		},
		"10:00:00": {
			"DAM_lmp($/MWh)": 7.2327,
			"RTM_lmp($/MWh)": 15.4
		},
		"11:00:00": {
			"DAM_lmp($/MWh)": 5.43209,
			"RTM_lmp($/MWh)": 14.7764
		},
		"12:00:00": {
			"DAM_lmp($/MWh)": 3.8749,
			"RTM_lmp($/MWh)": 14.1306
		},
		"13:00:00": {
			"DAM_lmp($/MWh)": 3.53556,
			"RTM_lmp($/MWh)": 14.40406
		},
		"14:00:00": {
			"DAM_lmp($/MWh)": 4.60631,
			"RTM_lmp($/MWh)": 9.9976
		},
		"15:00:00": {
			"DAM_lmp($/MWh)": 8.95741,
			"RTM_lmp($/MWh)": 4.9988
		},
		"16:00:00": {
			"DAM_lmp($/MWh)": 12.8437,
			"RTM_lmp($/MWh)": 4.95
		},
		"17:00:00": {
			"DAM_lmp($/MWh)": 23.67606,
			"RTM_lmp($/MWh)": 0.0
		},
		"18:00:00": {
			"DAM_lmp($/MWh)": 41.43786,
			"RTM_lmp($/MWh)": 12.68083
		},
		"19:00:00": {
			"DAM_lmp($/MWh)": 60.67866,
			"RTM_lmp($/MWh)": 24.27334
		},
		"20:00:00": {
			"DAM_lmp($/MWh)": 60.63966,
			"RTM_lmp($/MWh)": 40.0
		},
		"21:00:00": {
			"DAM_lmp($/MWh)": 46.67033,
			"RTM_lmp($/MWh)": 36.64026
		},
		"22:00:00": {
			"DAM_lmp($/MWh)": 35.91267,
			"RTM_lmp($/MWh)": 27.95927
		},
		"23:00:00": {
			"DAM_lmp($/MWh)": 26.00379,
			"RTM_lmp($/MWh)": 29.21233
		}
	},
	"2023-05-23": {
		"00:00:00": {
			"DAM_lmp($/MWh)": 23.42522,
			"RTM_lmp($/MWh)": 24.7035
		},
		"01:00:00": {
			"DAM_lmp($/MWh)": 19.63659,
			"RTM_lmp($/MWh)": 21.31806
		},
		"02:00:00": {
			"DAM_lmp($/MWh)": 17.51695,
			"RTM_lmp($/MWh)": 17.65599
		},
		"03:00:00": {
			"DAM_lmp($/MWh)": 15.40487,
			"RTM_lmp($/MWh)": 6.0123
		},
		"04:00:00": {
			"DAM_lmp($/MWh)": 19.40439,
			"RTM_lmp($/MWh)": 1.36956
		},
		"05:00:00": {
			"DAM_lmp($/MWh)": 29.41849,
			"RTM_lmp($/MWh)": 30.81135
		},
		"06:00:00": {
			"DAM_lmp($/MWh)": 29.4897,
			"RTM_lmp($/MWh)": 72.0
		},
		"07:00:00": {
			"DAM_lmp($/MWh)": 24.70842,
			"RTM_lmp($/MWh)": 18.0208
		},
		"08:00:00": {
			"DAM_lmp($/MWh)": 14.85488,
			"RTM_lmp($/MWh)": 12.8688
		},
		"09:00:00": {
			"DAM_lmp($/MWh)": 10.07244,
			"RTM_lmp($/MWh)": 12.94
		},
		"10:00:00": {
			"DAM_lmp($/MWh)": 7.2327,
			"RTM_lmp($/MWh)": 15.4
		},
		"11:00:00": {
			"DAM_lmp($/MWh)": 5.43209,
			"RTM_lmp($/MWh)": 14.7764
		},
		"12:00:00": {
			"DAM_lmp($/MWh)": 3.8749,
			"RTM_lmp($/MWh)": 14.1306
		},
		"13:00:00": {
			"DAM_lmp($/MWh)": 3.53556,
			"RTM_lmp($/MWh)": 14.40406
		},
		"14:00:00": {
			"DAM_lmp($/MWh)": 4.60631,
			"RTM_lmp($/MWh)": 9.9976
		},
		"15:00:00": {
			"DAM_lmp($/MWh)": 8.95741,
			"RTM_lmp($/MWh)": 4.9988
		},
		"16:00:00": {
			"DAM_lmp($/MWh)": 12.8437,
			"RTM_lmp($/MWh)": 4.95
		},
		"17:00:00": {
			"DAM_lmp($/MWh)": 23.67606,
			"RTM_lmp($/MWh)": 0.0
		},
		"18:00:00": {
			"DAM_lmp($/MWh)": 41.43786,
			"RTM_lmp($/MWh)": 12.68083
		},
		"19:00:00": {
			"DAM_lmp($/MWh)": 60.67866,
			"RTM_lmp($/MWh)": 24.27334
		},
		"20:00:00": {
			"DAM_lmp($/MWh)": 60.63966,
			"RTM_lmp($/MWh)": 40.0
		},
		"21:00:00": {
			"DAM_lmp($/MWh)": 46.67033,
			"RTM_lmp($/MWh)": 36.64026
		},
		"22:00:00": {
			"DAM_lmp($/MWh)": 35.91267,
			"RTM_lmp($/MWh)": 27.95927
		},
		"23:00:00": {
			"DAM_lmp($/MWh)": 26.00379,
			"RTM_lmp($/MWh)": 29.21233
		}
	}
}