{
	"2023-05-22": {
		"00:00:00": {
			"DAM_lmp($/MWh)": 26.55089,
			"RTM_lmp($/MWh)": 27.86507
		},
		"01:00:00": {
			"DAM_lmp($/MWh)": 22.71606,
			"RTM_lmp($/MWh)": 24.05514
		},
		"02:00:00": {
			"DAM_lmp($/MWh)": 20.74244,
			"RTM_lmp($/MWh)": 19.94458
		},
		"03:00:00": {
			"DAM_lmp($/MWh)": 18.56148,
			"RTM_lmp($/MWh)": 7.11982
		},
		"04:00:00": {
			"DAM_lmp($/MWh)": 22.49291,
			"RTM_lmp($/MWh)": 2.06418
		},
		"05:00:00": {
			"DAM_lmp($/MWh)": 32.11092,
			"RTM_lmp($/MWh)": 54.3375
		},
		"06:00:00": {
			"DAM_lmp($/MWh)": 33.06288,
			"RTM_lmp($/MWh)": 72.0
		},
		"07:00:00": {
			"DAM_lmp($/MWh)": 26.43209,
			"RTM_lmp($/MWh)": 18.0208
		},
		"08:00:00": {
			"DAM_lmp($/MWh)": 18.90178,
			"RTM_lmp($/MWh)": 12.8688
		},
		"09:00:00": {
			"DAM_lmp($/MWh)": 15.91398,
			"RTM_lmp($/MWh)": 12.94
		},
		"10:00:00": {
			"DAM_lmp($/MWh)": 10.97309,
			"RTM_lmp($/MWh)": 15.4
		},
		"11:00:00": {
			"DAM_lmp($/MWh)": 9.00223,
			"RTM_lmp($/MWh)": 17.79224
		},
		"12:00:00": {
			"DAM_lmp($/MWh)": 7.09692,
			"RTM_lmp($/MWh)": 15.43326
		},
		"13:00:00": {
			"DAM_lmp($/MWh)": 6.92503,
			"RTM_lmp($/MWh)": 15.63932
		},
		"14:00:00": {
			"DAM_lmp($/MWh)": 8.16211,
			"RTM_lmp($/MWh)": 9.9976
		},
		"15:00:00": {
			"DAM_lmp($/MWh)": 11.15273,
			"RTM_lmp($/MWh)": 4.9988
		},
		"16:00:00": {
			"DAM_lmp($/MWh)": 15.16776,
			"RTM_lmp($/MWh)": 4.95
		},
		"17:00:00": {
			"DAM_lmp($/MWh)": 25.71504,
			"RTM_lmp($/MWh)": 0.0
		},
		"18:00:00": {
			"DAM_lmp($/MWh)": 45.02724,
			"RTM_lmp($/MWh)": 14.47014
		},
		"19:00:00": {
			"DAM_lmp($/MWh)": 66.2566,
			"RTM_lmp($/MWh)": 28.22309
		},
		"20:00:00": {
			"DAM_lmp($/MWh)": 66.69197,
			"RTM_lmp($/MWh)": 40.0
		},
		"21:00:00": {
			"DAM_lmp($/MWh)": 50.93351,
			"RTM_lmp($/MWh)": 42.99734
		},
		"22:00:00": {
			"DAM_lmp($/MWh)": 39.61255,
			"RTM_lmp($/MWh)": 32.20903
		},
		"23:00:00": {
			"DAM_lmp($/MWh)": 29.31788,
			"RTM_lmp($/MWh)": 33.12879
		}
	},
	"2023-05-23": {
		"00:00:00": {
			"DAM_lmp($/MWh)": 26.55089,
			"RTM_lmp($/MWh)": 27.86507
		},
		"01:00:00": {
			"DAM_lmp($/MWh)": 22.71606,
			"RTM_lmp($/MWh)": 24.05514
		},
		"02:00:00": {
			"DAM_lmp($/MWh)": 20.74244,
			"RTM_lmp($/MWh)": 19.94458
		},
		"03:00:00": {
			"DAM_lmp($/MWh)": 18.56148,
			"RTM_lmp($/MWh)": 7.11982
		},
		"04:00:00": {
			"DAM_lmp($/MWh)": 22.49291,
			"RTM_lmp($/MWh)": 2.06418
		},
		"05:00:00": {
			"DAM_lmp($/MWh)": 32.11092,
			"RTM_lmp($/MWh)": 54.3375
		},
		"06:00:00": {
			"DAM_lmp($/MWh)": 33.06288,
			"RTM_lmp($/MWh)": 72.0
		},
		"07:00:00": {
			"DAM_lmp($/MWh)": 26.43209,
			"RTM_lmp($/MWh)": 18.0208
		},
		"08:00:00": {
			"DAM_lmp($/MWh)": 18.90178,
			"RTM_lmp($/MWh)": 12.8688
		},
		"09:00:00": {
			"DAM_lmp($/MWh)": 15.91398,
			"RTM_lmp($/MWh)": 12.94
		},
		"10:00:00": {
			"DAM_lmp($/MWh)": 10.97309,
			"RTM_lmp($/MWh)": 15.4
		},
		"11:00:00": {
			"DAM_lmp($/MWh)": 9.00223,
			"RTM_lmp($/MWh)": 17.79224
		},
		"12:00:00": {
			"DAM_lmp($/MWh)": 7.09692,
			"RTM_lmp($/MWh)": 15.43326
		},
		"13:00:00": {
			"DAM_lmp($/MWh)": 6.92503,
			"RTM_lmp($/MWh)": 15.63932
		},
		"14:00:00": {
			"DAM_lmp($/MWh)": 8.16211,
			"RTM_lmp($/MWh)": 9.9976
		},
		"15:00:00": {
			"DAM_lmp($/MWh)": 11.15273,
			"RTM_lmp($/MWh)": 4.9988
		},
		"16:00:00": {
			"DAM_lmp($/MWh)": 15.16776,
			"RTM_lmp($/MWh)": 4.95
		},
		"17:00:00": {
			"DAM_lmp($/MWh)": 25.71504,
			"RTM_lmp($/MWh)": 0.0
		},
		"18:00:00": {
			"DAM_lmp($/MWh)": 45.02724,
			"RTM_lmp($/MWh)": 14.47014
		},
		"19:00:00": {
			"DAM_lmp($/MWh)": 66.2566,
			"RTM_lmp($/MWh)": 28.22309
		},
		"20:00:00": {
			"DAM_lmp($/MWh)": 66.69197,
			"RTM_lmp($/MWh)": 40.0
		},
		"21:00:00": {
			"DAM_lmp($/MWh)": 50.93351,
			"RTM_lmp($/MWh)": 42.99734
		},
		"22:00:00": {
			"DAM_lmp($/MWh)": 39.61255,
			"RTM_lmp($/MWh)": 32.20903
		},
		"23:00:00": {
			"DAM_lmp($/MWh)": 29.31788,
			"RTM_lmp($/MWh)": 33.12879
		}
	}
}