{
	"2023-05-22": {
		"00:00:00": {
			"DAM_lmp($/MWh)": 30.58953,
			"RTM_lmp($/MWh)": 27.89068
		},
		"01:00:00": {
			"DAM_lmp($/MWh)": 27.30231,
			"RTM_lmp($/MWh)": 23.69415
		},
		"02:00:00": {
			"DAM_lmp($/MWh)": 26.68655,
			"RTM_lmp($/MWh)": 19.73727
		},
		"03:00:00": {
			"DAM_lmp($/MWh)": 36.04,
			"RTM_lmp($/MWh)": 6.31563
		},
		"04:00:00": {
			"DAM_lmp($/MWh)": 28.04875,
			"RTM_lmp($/MWh)": 1.55795
		},
		"05:00:00": {
			"DAM_lmp($/MWh)": 34.39417,
			"RTM_lmp($/MWh)": 30.81135
		},
		"06:00:00": {
			"DAM_lmp($/MWh)": 36.89926,
			"RTM_lmp($/MWh)": 72.0
		},
		"07:00:00": {
			"DAM_lmp($/MWh)": 24.98017,
			"RTM_lmp($/MWh)": 18.0208
		},
		"08:00:00": {
			"DAM_lmp($/MWh)": 4.7235,
			"RTM_lmp($/MWh)": 12.8688
		},
		"09:00:00": {
			"DAM_lmp($/MWh)": 1.40304,
			"RTM_lmp($/MWh)": 12.94
		},
		"10:00:00": {
			"DAM_lmp($/MWh)": 1.80877,
			"RTM_lmp($/MWh)": 15.4
		},
		"11:00:00": {
			"DAM_lmp($/MWh)": 0.90647,
			"RTM_lmp($/MWh)": 3.26137
		},
		"12:00:00": {
			"DAM_lmp($/MWh)": -1.34758,
			"RTM_lmp($/MWh)": 14.36465
		},
		"13:00:00": {
			"DAM_lmp($/MWh)": -2.10155,
			"RTM_lmp($/MWh)": 14.6034
		},
		"14:00:00": {
			"DAM_lmp($/MWh)": -1.09681,
			"RTM_lmp($/MWh)": 9.9976
		},
		"15:00:00": {
			"DAM_lmp($/MWh)": 2.10484,
			"RTM_lmp($/MWh)": 4.9988
		},
		"16:00:00": {
			"DAM_lmp($/MWh)": 7.06509,
			"RTM_lmp($/MWh)": 4.95
		},
		"17:00:00": {
			"DAM_lmp($/MWh)": 23.92004,
			"RTM_lmp($/MWh)": 0.0
		},
		"18:00:00": {
			"DAM_lmp($/MWh)": 43.00684,
			"RTM_lmp($/MWh)": 13.46767
		},
		"19:00:00": {
			"DAM_lmp($/MWh)": 63.49025,
			"RTM_lmp($/MWh)": 26.90559
		},
		"20:00:00": {
			"DAM_lmp($/MWh)": 63.7532,
			"RTM_lmp($/MWh)": 40.0
		},
		"21:00:00": {
			"DAM_lmp($/MWh)": 48.67212,
			"RTM_lmp($/MWh)": 41.43639
		},
		"22:00:00": {
			"DAM_lmp($/MWh)": 40.10532,
			"RTM_lmp($/MWh)": 31.23174
		},
		"23:00:00": {
			"DAM_lmp($/MWh)": 32.49284,
			"RTM_lmp($/MWh)": 32.32158
		}
	},
	"2023-05-23": {
		"00:00:00": {
			"DAM_lmp($/MWh)": 30.58953,
			"RTM_lmp($/MWh)": 27.89068
		},
		"01:00:00": {
			"DAM_lmp($/MWh)": 27.30231,
			"RTM_lmp($/MWh)": 23.69415
		},
		"02:00:00": {
			"DAM_lmp($/MWh)": 26.68655,
			"RTM_lmp($/MWh)": 19.73727
		},
		"03:00:00": {
			"DAM_lmp($/MWh)": 36.04,
			"RTM_lmp($/MWh)": 6.31563
		},
		"04:00:00": {
			"DAM_lmp($/MWh)": 28.04875,
			"RTM_lmp($/MWh)": 1.55795
		},
		"05:00:00": {
			"DAM_lmp($/MWh)": 34.39417,
			"RTM_lmp($/MWh)": 30.81135
		},
		"06:00:00": {
			"DAM_lmp($/MWh)": 36.89926,
			"RTM_lmp($/MWh)": 72.0
		},
		"07:00:00": {
			"DAM_lmp($/MWh)": 24.98017,
			"RTM_lmp($/MWh)": 18.0208
		},
		"08:00:00": {
			"DAM_lmp($/MWh)": 4.7235,
			"RTM_lmp($/MWh)": 12.8688
		},
		"09:00:00": {
			"DAM_lmp($/MWh)": 1.40304,
			"RTM_lmp($/MWh)": 12.94
		},
		"10:00:00": {
			"DAM_lmp($/MWh)": 1.80877,
			"RTM_lmp($/MWh)": 15.4
		},
		"11:00:00": {
			"DAM_lmp($/MWh)": 0.90647,
			"RTM_lmp($/MWh)": 3.26137
		},
		"12:00:00": {
			"DAM_lmp($/MWh)": -1.34758,
			"RTM_lmp($/MWh)": 14.36465
		},
		"13:00:00": {
			"DAM_lmp($/MWh)": -2.10155,
			"RTM_lmp($/MWh)": 14.6034
		},
		"14:00:00": {
			"DAM_lmp($/MWh)": -1.09681,
			"RTM_lmp($/MWh)": 9.9976
		},
		"15:00:00": {
			"DAM_lmp($/MWh)": 2.10484,
			"RTM_lmp($/MWh)": 4.9988
		},
		"16:00:00": {
			"DAM_lmp($/MWh)": 7.06509,
			"RTM_lmp($/MWh)": 4.95
		},
		"17:00:00": {
			"DAM_lmp($/MWh)": 23.92004,
			"RTM_lmp($/MWh)": 0.0
		},
		"18:00:00": {
			"DAM_lmp($/MWh)": 43.00684,
			"RTM_lmp($/MWh)": 13.46767
		},
		"19:00:00": {
			"DAM_lmp($/MWh)": 63.49025,
			"RTM_lmp($/MWh)": 26.90559
		},
		"20:00:00": {
			"DAM_lmp($/MWh)": 63.7532,
			"RTM_lmp($/MWh)": 40.0
		},
		"21:00:00": {
			"DAM_lmp($/MWh)": 48.67212,
			"RTM_lmp($/MWh)": 41.43639
		},
		"22:00:00": {
			"DAM_lmp($/MWh)": 40.10532,
			"RTM_lmp($/MWh)": 31.23174
		},
		"23:00:00": {
			"DAM_lmp($/MWh)": 32.49284,
			"RTM_lmp($/MWh)": 32.32158
		}
	}
}