{
	"2023-05-22": {
		"00:00:00": {
			"DAM_lmp($/MWh)": 31.03853,
			"RTM_lmp($/MWh)": 32.07395
		},
		"01:00:00": {
			"DAM_lmp($/MWh)": 26.15314,
			"RTM_lmp($/MWh)": 27.83402
		},
		"02:00:00": {
			"DAM_lmp($/MWh)": 24.09052,
			"RTM_lmp($/MWh)": 23.16233
		},
		"03:00:00": {
			"DAM_lmp($/MWh)": 21.2603,
			"RTM_lmp($/MWh)": 7.92504
		},
		"04:00:00": {
			"DAM_lmp($/MWh)": 25.47429,
			"RTM_lmp($/MWh)": 1.89028
		},
		"05:00:00": {
			"DAM_lmp($/MWh)": 37.43552,
			"RTM_lmp($/MWh)": 37.36737
		},
		"06:00:00": {
			"DAM_lmp($/MWh)": 37.53757,
			"RTM_lmp($/MWh)": 87.61411
		},
		"07:00:00": {
			"DAM_lmp($/MWh)": 31.50212,
			"RTM_lmp($/MWh)": 18.0208
		},
		"08:00:00": {
			"DAM_lmp($/MWh)": 19.71374,
			"RTM_lmp($/MWh)": 12.8688
		},
		"09:00:00": {
			"DAM_lmp($/MWh)": 16.82478,
			"RTM_lmp($/MWh)": 15.57127
		},
		"10:00:00": {
			"DAM_lmp($/MWh)": 14.53327,
			"RTM_lmp($/MWh)": 18.79156
		},
		"11:00:00": {
			"DAM_lmp($/MWh)": 12.76177,
			"RTM_lmp($/MWh)": 18.03053
		},
		"12:00:00": {
			"DAM_lmp($/MWh)": 14.59346,
			"RTM_lmp($/MWh)": 17.73717
		},
		"13:00:00": {
			"DAM_lmp($/MWh)": 13.28747,
			"RTM_lmp($/MWh)": 17.97073
		},
		"14:00:00": {
			"DAM_lmp($/MWh)": 9.94775,
			"RTM_lmp($/MWh)": 9.9976
		},
		"15:00:00": {
			"DAM_lmp($/MWh)": 13.7956,
			"RTM_lmp($/MWh)": 4.9988
		},
		"16:00:00": {
			"DAM_lmp($/MWh)": 16.53129,
			"RTM_lmp($/MWh)": 4.95
		},
		"17:00:00": {
			"DAM_lmp($/MWh)": 29.15242,
			"RTM_lmp($/MWh)": 0.0
		},
		"18:00:00": {
			"DAM_lmp($/MWh)": 51.23209,
			"RTM_lmp($/MWh)": 13.79611
		},
		"19:00:00": {
			"DAM_lmp($/MWh)": 67.96302,
			"RTM_lmp($/MWh)": 26.94684
		},
		"20:00:00": {
			"DAM_lmp($/MWh)": 69.72805,
			"RTM_lmp($/MWh)": 40.0
		},
		"21:00:00": {
			"DAM_lmp($/MWh)": 55.96765,
			"RTM_lmp($/MWh)": 40.8909
		},
		"22:00:00": {
			"DAM_lmp($/MWh)": 45.91691,
			"RTM_lmp($/MWh)": 31.00891
		},
		"23:00:00": {
			"DAM_lmp($/MWh)": 33.89702,
			"RTM_lmp($/MWh)": 71.99841
		}
	},
	"2023-05-23": {
		"00:00:00": {
			"DAM_lmp($/MWh)": 31.03853,
			"RTM_lmp($/MWh)": 32.07395
		},
		"01:00:00": {
			"DAM_lmp($/MWh)": 26.15314,
			"RTM_lmp($/MWh)": 27.83402
		},
		"02:00:00": {
			"DAM_lmp($/MWh)": 24.09052,
			"RTM_lmp($/MWh)": 23.16233
		},
		"03:00:00": {
			"DAM_lmp($/MWh)": 21.2603,
			"RTM_lmp($/MWh)": 7.92504
		},
		"04:00:00": {
			"DAM_lmp($/MWh)": 25.47429,
			"RTM_lmp($/MWh)": 1.89028
		},
		"05:00:00": {
			"DAM_lmp($/MWh)": 37.43552,
			"RTM_lmp($/MWh)": 37.36737
		},
		"06:00:00": {
			"DAM_lmp($/MWh)": 37.53757,
			"RTM_lmp($/MWh)": 87.61411
		},
		"07:00:00": {
			"DAM_lmp($/MWh)": 31.50212,
			"RTM_lmp($/MWh)": 18.0208
		},
		"08:00:00": {
			"DAM_lmp($/MWh)": 19.71374,
			"RTM_lmp($/MWh)": 12.8688
		},
		"09:00:00": {
			"DAM_lmp($/MWh)": 16.82478,
			"RTM_lmp($/MWh)": 15.57127
		},
		"10:00:00": {
			"DAM_lmp($/MWh)": 14.53327,
			"RTM_lmp($/MWh)": 18.79156
		},
		"11:00:00": {
			"DAM_lmp($/MWh)": 12.76177,
			"RTM_lmp($/MWh)": 18.03053
		},
		"12:00:00": {
			"DAM_lmp($/MWh)": 14.59346,
			"RTM_lmp($/MWh)": 17.73717
		},
		"13:00:00": {
			"DAM_lmp($/MWh)": 13.28747,
			"RTM_lmp($/MWh)": 17.97073
		},
		"14:00:00": {
			"DAM_lmp($/MWh)": 9.94775,
			"RTM_lmp($/MWh)": 9.9976
		},
		"15:00:00": {
			"DAM_lmp($/MWh)": 13.7956,
			"RTM_lmp($/MWh)": 4.9988
		},
		"16:00:00": {
			"DAM_lmp($/MWh)": 16.53129,
			"RTM_lmp($/MWh)": 4.95
		},
		"17:00:00": {
			"DAM_lmp($/MWh)": 29.15242,
			"RTM_lmp($/MWh)": 0.0
		},
		"18:00:00": {
			"DAM_lmp($/MWh)": 51.23209,
			"RTM_lmp($/MWh)": 13.79611
		},
		"19:00:00": {
			"DAM_lmp($/MWh)": 67.96302,
			"RTM_lmp($/MWh)": 26.94684
		},
		"20:00:00": {
			"DAM_lmp($/MWh)": 69.72805,
			"RTM_lmp($/MWh)": 40.0
		},
		"21:00:00": {
			"DAM_lmp($/MWh)": 55.96765,
			"RTM_lmp($/MWh)": 40.8909
		},
		"22:00:00": {
			"DAM_lmp($/MWh)": 45.91691,
			"RTM_lmp($/MWh)": 31.00891
		},
		"23:00:00": {
			"DAM_lmp($/MWh)": 33.89702,
			"RTM_lmp($/MWh)": 71.99841
		}
	}
}