{
	"2023-05-22": {
		"00:00:00": {
			"DAM_lmp($/MWh)": 33.65954,
			"RTM_lmp($/MWh)": 28.82123
		},
		"01:00:00": {
			"DAM_lmp($/MWh)": 29.16643,
			"RTM_lmp($/MWh)": 24.22574
		},
		"02:00:00": {
			"DAM_lmp($/MWh)": 28.10873,
			"RTM_lmp($/MWh)": 20.03284
		},
		"03:00:00": {
			"DAM_lmp($/MWh)": 25.45301,
			"RTM_lmp($/MWh)": 7.30079
		},
		"04:00:00": {
			"DAM_lmp($/MWh)": 26.45965,
			"RTM_lmp($/MWh)": 2.17778
		},
		"05:00:00": {
			"DAM_lmp($/MWh)": 31.87369,
			"RTM_lmp($/MWh)": 30.81135
		},
		"06:00:00": {
			"DAM_lmp($/MWh)": 32.8866,
			"RTM_lmp($/MWh)": 72.0
		},
		"07:00:00": {
			"DAM_lmp($/MWh)": 26.39585,
			"RTM_lmp($/MWh)": 18.0208
		},
		"08:00:00": {
			"DAM_lmp($/MWh)": 16.81905,
			"RTM_lmp($/MWh)": 12.8688
		},
		"09:00:00": {
			"DAM_lmp($/MWh)": 14.39829,
			"RTM_lmp($/MWh)": 12.94
		},
		"10:00:00": {
			"DAM_lmp($/MWh)": 9.81603,
			"RTM_lmp($/MWh)": 15.4
		},
		"11:00:00": {
			"DAM_lmp($/MWh)": 8.05254,
			"RTM_lmp($/MWh)": 14.7764
		},
		"12:00:00": {
			"DAM_lmp($/MWh)": 6.11079,
			"RTM_lmp($/MWh)": 15.24386
		},
		"13:00:00": {
			"DAM_lmp($/MWh)": 5.95308,
			"RTM_lmp($/MWh)": 15.49963
		},
		"14:00:00": {
			"DAM_lmp($/MWh)": 7.14512,
			"RTM_lmp($/MWh)": 9.9976
		},
		"15:00:00": {
			"DAM_lmp($/MWh)": 10.29482,
			"RTM_lmp($/MWh)": 4.9988
		},
		"16:00:00": {
			"DAM_lmp($/MWh)": 14.54196,
			"RTM_lmp($/MWh)": 4.95
		},
		"17:00:00": {
			"DAM_lmp($/MWh)": 25.1499,
			"RTM_lmp($/MWh)": 0.0
		},
		"18:00:00": {
			"DAM_lmp($/MWh)": 47.17956,
			"RTM_lmp($/MWh)": 14.07743
		},
		"19:00:00": {
			"DAM_lmp($/MWh)": 68.33136,
			"RTM_lmp($/MWh)": 29.01799
		},
		"20:00:00": {
			"DAM_lmp($/MWh)": 72.1921,
			"RTM_lmp($/MWh)": 40.0
		},
		"21:00:00": {
			"DAM_lmp($/MWh)": 54.9518,
			"RTM_lmp($/MWh)": 44.03377
		},
		"22:00:00": {
			"DAM_lmp($/MWh)": 45.29609,
			"RTM_lmp($/MWh)": 32.79158
		},
		"23:00:00": {
			"DAM_lmp($/MWh)": 33.22787,
			"RTM_lmp($/MWh)": 33.51413
		}
	},
	"2023-05-23": {
		"00:00:00": {
			"DAM_lmp($/MWh)": 33.65954,
			"RTM_lmp($/MWh)": 28.82123
		},
		"01:00:00": {
			"DAM_lmp($/MWh)": 29.16643,
			"RTM_lmp($/MWh)": 24.22574
		},
		"02:00:00": {
			"DAM_lmp($/MWh)": 28.10873,
			"RTM_lmp($/MWh)": 20.03284
		},
		"03:00:00": {
			"DAM_lmp($/MWh)": 25.45301,
			"RTM_lmp($/MWh)": 7.30079
		},
		"04:00:00": {
			"DAM_lmp($/MWh)": 26.45965,
			"RTM_lmp($/MWh)": 2.17778
		},
		"05:00:00": {
			"DAM_lmp($/MWh)": 31.87369,
			"RTM_lmp($/MWh)": 30.81135
		},
		"06:00:00": {
			"DAM_lmp($/MWh)": 32.8866,
			"RTM_lmp($/MWh)": 72.0
		},
		"07:00:00": {
			"DAM_lmp($/MWh)": 26.39585,
			"RTM_lmp($/MWh)": 18.0208
		},
		"08:00:00": {
			"DAM_lmp($/MWh)": 16.81905,
			"RTM_lmp($/MWh)": 12.8688
		},
		"09:00:00": {
			"DAM_lmp($/MWh)": 14.39829,
			"RTM_lmp($/MWh)": 12.94
		},
		"10:00:00": {
			"DAM_lmp($/MWh)": 9.81603,
			"RTM_lmp($/MWh)": 15.4
		},
		"11:00:00": {
			"DAM_lmp($/MWh)": 8.05254,
			"RTM_lmp($/MWh)": 14.7764
		},
		"12:00:00": {
			"DAM_lmp($/MWh)": 6.11079,
			"RTM_lmp($/MWh)": 15.24386
		},
		"13:00:00": {
			"DAM_lmp($/MWh)": 5.95308,
			"RTM_lmp($/MWh)": 15.49963
		},
		"14:00:00": {
			"DAM_lmp($/MWh)": 7.14512,
			"RTM_lmp($/MWh)": 9.9976
		},
		"15:00:00": {
			"DAM_lmp($/MWh)": 10.29482,
			"RTM_lmp($/MWh)": 4.9988
		},
		"16:00:00": {
			"DAM_lmp($/MWh)": 14.54196,
			"RTM_lmp($/MWh)": 4.95
		},
		"17:00:00": {
			"DAM_lmp($/MWh)": 25.1499,
			"RTM_lmp($/MWh)": 0.0
		},
		"18:00:00": {
			"DAM_lmp($/MWh)": 47.17956,
			"RTM_lmp($/MWh)": 14.07743
		},
		"19:00:00": {
			"DAM_lmp($/MWh)": 68.33136,
			"RTM_lmp($/MWh)": 29.01799
		},
		"20:00:00": {
			"DAM_lmp($/MWh)": 72.1921,
			"RTM_lmp($/MWh)": 40.0
		},
		"21:00:00": {
			"DAM_lmp($/MWh)": 54.9518,
			"RTM_lmp($/MWh)": 44.03377
		},
		"22:00:00": {
			"DAM_lmp($/MWh)": 45.29609,
			"RTM_lmp($/MWh)": 32.79158
		},
		"23:00:00": {
			"DAM_lmp($/MWh)": 33.22787,
			"RTM_lmp($/MWh)": 33.51413
		}
	}
}