{
	"2023-05-22": {
		"00:00:00": {
			"DAM_lmp($/MWh)": 31.17153,
			"RTM_lmp($/MWh)": 29.34199
		},
		"01:00:00": {
			"DAM_lmp($/MWh)": 27.25957,
			"RTM_lmp($/MWh)": 25.89963
		},
		"02:00:00": {
			"DAM_lmp($/MWh)": 25.9083,
			"RTM_lmp($/MWh)": 21.54557
		},
		"03:00:00": {
			"DAM_lmp($/MWh)": 23.98649,
			"RTM_lmp($/MWh)": 23.43907
		},
		"04:00:00": {
			"DAM_lmp($/MWh)": 27.84956,
			"RTM_lmp($/MWh)": 20.6501
		},
		"05:00:00": {
			"DAM_lmp($/MWh)": 36.15693,
			"RTM_lmp($/MWh)": 30.81135
		},
		"06:00:00": {
			"DAM_lmp($/MWh)": 37.87113,
			"RTM_lmp($/MWh)": 72.0
		},
		"07:00:00": {
			"DAM_lmp($/MWh)": 26.84877,
			"RTM_lmp($/MWh)": 18.0208
		},
		"08:00:00": {
			"DAM_lmp($/MWh)": 20.67886,
			"RTM_lmp($/MWh)": 12.8688
		},
		"09:00:00": {
			"DAM_lmp($/MWh)": 15.53489,
			"RTM_lmp($/MWh)": 12.94
		},
		"10:00:00": {
			"DAM_lmp($/MWh)": 10.29109,
			"RTM_lmp($/MWh)": 15.4
		},
		"11:00:00": {
			"DAM_lmp($/MWh)": 10.99015,
			"RTM_lmp($/MWh)": 14.7764
		},
		"12:00:00": {
			"DAM_lmp($/MWh)": 5.49404,
			"RTM_lmp($/MWh)": 16.10922
		},
		"13:00:00": {
			"DAM_lmp($/MWh)": 4.8039,
			"RTM_lmp($/MWh)": 16.58892
		},
		"14:00:00": {
			"DAM_lmp($/MWh)": 4.85283,
			"RTM_lmp($/MWh)": 9.9976
		},
		"15:00:00": {
			"DAM_lmp($/MWh)": 7.84148,
			"RTM_lmp($/MWh)": 4.9988
		},
		"16:00:00": {
			"DAM_lmp($/MWh)": 12.22831,
			"RTM_lmp($/MWh)": 4.95
		},
		"17:00:00": {
			"DAM_lmp($/MWh)": 25.48849,
			"RTM_lmp($/MWh)": 0.0
		},
		"18:00:00": {
			"DAM_lmp($/MWh)": 44.33478,
			"RTM_lmp($/MWh)": 14.91425
		},
		"19:00:00": {
			"DAM_lmp($/MWh)": 65.11903,
			"RTM_lmp($/MWh)": 27.90678
		},
		"20:00:00": {
			"DAM_lmp($/MWh)": 64.763,
			"RTM_lmp($/MWh)": 40.0
		},
		"21:00:00": {
			"DAM_lmp($/MWh)": 50.60903,
			"RTM_lmp($/MWh)": 42.12455
		},
		"22:00:00": {
			"DAM_lmp($/MWh)": 41.11324,
			"RTM_lmp($/MWh)": 32.12626
		},
		"23:00:00": {
			"DAM_lmp($/MWh)": 32.95721,
			"RTM_lmp($/MWh)": 33.95261
		}
	},
	"2023-05-23": {
		"00:00:00": {
			"DAM_lmp($/MWh)": 31.17153,
			"RTM_lmp($/MWh)": 29.34199
		},
		"01:00:00": {
			"DAM_lmp($/MWh)": 27.25957,
			"RTM_lmp($/MWh)": 25.89963
		},
		"02:00:00": {
			"DAM_lmp($/MWh)": 25.9083,
			"RTM_lmp($/MWh)": 21.54557
		},
		"03:00:00": {
			"DAM_lmp($/MWh)": 23.98649,
			"RTM_lmp($/MWh)": 23.43907
		},
		"04:00:00": {
			"DAM_lmp($/MWh)": 27.84956,
			"RTM_lmp($/MWh)": 20.6501
		},
		"05:00:00": {
			"DAM_lmp($/MWh)": 36.15693,
			"RTM_lmp($/MWh)": 30.81135
		},
		"06:00:00": {
			"DAM_lmp($/MWh)": 37.87113,
			"RTM_lmp($/MWh)": 72.0
		},
		"07:00:00": {
			"DAM_lmp($/MWh)": 26.84877,
			"RTM_lmp($/MWh)": 18.0208
		},
		"08:00:00": {
			"DAM_lmp($/MWh)": 20.67886,
			"RTM_lmp($/MWh)": 12.8688
		},
		"09:00:00": {
			"DAM_lmp($/MWh)": 15.53489,
			"RTM_lmp($/MWh)": 12.94
		},
		"10:00:00": {
			"DAM_lmp($/MWh)": 10.29109,
			"RTM_lmp($/MWh)": 15.4
		},
		"11:00:00": {
			"DAM_lmp($/MWh)": 10.99015,
			"RTM_lmp($/MWh)": 14.7764
		},
		"12:00:00": {
			"DAM_lmp($/MWh)": 5.49404,
			"RTM_lmp($/MWh)": 16.10922
		},
		"13:00:00": {
			"DAM_lmp($/MWh)": 4.8039,
			"RTM_lmp($/MWh)": 16.58892
		},
		"14:00:00": {
			"DAM_lmp($/MWh)": 4.85283,
			"RTM_lmp($/MWh)": 9.9976
		},
		"15:00:00": {
			"DAM_lmp($/MWh)": 7.84148,
			"RTM_lmp($/MWh)": 4.9988
		},
		"16:00:00": {
			"DAM_lmp($/MWh)": 12.22831,
			"RTM_lmp($/MWh)": 4.95
		},
		"17:00:00": {
			"DAM_lmp($/MWh)": 25.48849,
			"RTM_lmp($/MWh)": 0.0
		},
		"18:00:00": {
			"DAM_lmp($/MWh)": 44.33478,
			"RTM_lmp($/MWh)": 14.91425
		},
		"19:00:00": {
			"DAM_lmp($/MWh)": 65.11903,
			"RTM_lmp($/MWh)": 27.90678
		},
		"20:00:00": {
			"DAM_lmp($/MWh)": 64.763,
			"RTM_lmp($/MWh)": 40.0
		},
		"21:00:00": {
			"DAM_lmp($/MWh)": 50.60903,
			"RTM_lmp($/MWh)": 42.12455
		},
		"22:00:00": {
			"DAM_lmp($/MWh)": 41.11324,
			"RTM_lmp($/MWh)": 32.12626
		},
		"23:00:00": {
			"DAM_lmp($/MWh)": 32.95721,
			"RTM_lmp($/MWh)": 33.95261
		}
	}
}