{
	"2023-05-22": {
		"00:00:00": {
			"DAM_lmp($/MWh)": 33.86932,
			"RTM_lmp($/MWh)": 27.99028
		},
		"01:00:00": {
			"DAM_lmp($/MWh)": 29.18194,
			"RTM_lmp($/MWh)": 24.47052
		},
		"02:00:00": {
			"DAM_lmp($/MWh)": 28.16527,
			"RTM_lmp($/MWh)": 20.0431
		},
		"03:00:00": {
			"DAM_lmp($/MWh)": 25.56213,
			"RTM_lmp($/MWh)": 7.4437
		},
		"04:00:00": {
			"DAM_lmp($/MWh)": 26.62029,
			"RTM_lmp($/MWh)": 2.29052
		},
		"05:00:00": {
			"DAM_lmp($/MWh)": 32.44641,
			"RTM_lmp($/MWh)": 30.81135
		},
		"06:00:00": {
			"DAM_lmp($/MWh)": 33.16721,
			"RTM_lmp($/MWh)": 72.0
		},
		"07:00:00": {
			"DAM_lmp($/MWh)": 26.60808,
			"RTM_lmp($/MWh)": 18.0208
		},
		"08:00:00": {
			"DAM_lmp($/MWh)": 16.94965,
			"RTM_lmp($/MWh)": 12.8688
		},
		"09:00:00": {
			"DAM_lmp($/MWh)": 14.52356,
			"RTM_lmp($/MWh)": 12.94
		},
		"10:00:00": {
			"DAM_lmp($/MWh)": 9.86787,
			"RTM_lmp($/MWh)": 15.4
		},
		"11:00:00": {
			"DAM_lmp($/MWh)": 8.03917,
			"RTM_lmp($/MWh)": 14.7764
		},
		"12:00:00": {
			"DAM_lmp($/MWh)": 6.09911,
			"RTM_lmp($/MWh)": 15.11606
		},
		"13:00:00": {
			"DAM_lmp($/MWh)": 5.92775,
			"RTM_lmp($/MWh)": 15.35993
		},
		"14:00:00": {
			"DAM_lmp($/MWh)": 7.09705,
			"RTM_lmp($/MWh)": 9.9976
		},
		"15:00:00": {
			"DAM_lmp($/MWh)": 10.193,
			"RTM_lmp($/MWh)": 4.9988
		},
		"16:00:00": {
			"DAM_lmp($/MWh)": 14.38358,
			"RTM_lmp($/MWh)": 4.95
		},
		"17:00:00": {
			"DAM_lmp($/MWh)": 25.90425,
			"RTM_lmp($/MWh)": 0.0
		},
		"18:00:00": {
			"DAM_lmp($/MWh)": 46.8684,
			"RTM_lmp($/MWh)": 14.38017
		},
		"19:00:00": {
			"DAM_lmp($/MWh)": 67.96294,
			"RTM_lmp($/MWh)": 28.5669
		},
		"20:00:00": {
			"DAM_lmp($/MWh)": 71.00106,
			"RTM_lmp($/MWh)": 40.0
		},
		"21:00:00": {
			"DAM_lmp($/MWh)": 54.18803,
			"RTM_lmp($/MWh)": 43.06028
		},
		"22:00:00": {
			"DAM_lmp($/MWh)": 45.61473,
			"RTM_lmp($/MWh)": 32.2345
		},
		"23:00:00": {
			"DAM_lmp($/MWh)": 33.68112,
			"RTM_lmp($/MWh)": 33.70015
		}
	},
	"2023-05-23": {
		"00:00:00": {
			"DAM_lmp($/MWh)": 33.86932,
			"RTM_lmp($/MWh)": 27.99028
		},
		"01:00:00": {
			"DAM_lmp($/MWh)": 29.18194,
			"RTM_lmp($/MWh)": 24.47052
		},
		"02:00:00": {
			"DAM_lmp($/MWh)": 28.16527,
			"RTM_lmp($/MWh)": 20.0431
		},
		"03:00:00": {
			"DAM_lmp($/MWh)": 25.56213,
			"RTM_lmp($/MWh)": 7.4437
		},
		"04:00:00": {
			"DAM_lmp($/MWh)": 26.62029,
			"RTM_lmp($/MWh)": 2.29052
		},
		"05:00:00": {
			"DAM_lmp($/MWh)": 32.44641,
			"RTM_lmp($/MWh)": 30.81135
		},
		"06:00:00": {
			"DAM_lmp($/MWh)": 33.16721,
			"RTM_lmp($/MWh)": 72.0
		},
		"07:00:00": {
			"DAM_lmp($/MWh)": 26.60808,
			"RTM_lmp($/MWh)": 18.0208
		},
		"08:00:00": {
			"DAM_lmp($/MWh)": 16.94965,
			"RTM_lmp($/MWh)": 12.8688
		},
		"09:00:00": {
			"DAM_lmp($/MWh)": 14.52356,
			"RTM_lmp($/MWh)": 12.94
		},
		"10:00:00": {
			"DAM_lmp($/MWh)": 9.86787,
			"RTM_lmp($/MWh)": 15.4
		},
		"11:00:00": {
			"DAM_lmp($/MWh)": 8.03917,
			"RTM_lmp($/MWh)": 14.7764
		},
		"12:00:00": {
			"DAM_lmp($/MWh)": 6.09911,
			"RTM_lmp($/MWh)": 15.11606
		},
		"13:00:00": {
			"DAM_lmp($/MWh)": 5.92775,
			"RTM_lmp($/MWh)": 15.35993
		},
		"14:00:00": {
			"DAM_lmp($/MWh)": 7.09705,
			"RTM_lmp($/MWh)": 9.9976
		},
		"15:00:00": {
			"DAM_lmp($/MWh)": 10.193,
			"RTM_lmp($/MWh)": 4.9988
		},
		"16:00:00": {
			"DAM_lmp($/MWh)": 14.38358,
			"RTM_lmp($/MWh)": 4.95
		},
		"17:00:00": {
			"DAM_lmp($/MWh)": 25.90425,
			"RTM_lmp($/MWh)": 0.0
		},
		"18:00:00": {
			"DAM_lmp($/MWh)": 46.8684,
			"RTM_lmp($/MWh)": 14.38017
		},
		"19:00:00": {
			"DAM_lmp($/MWh)": 67.96294,
			"RTM_lmp($/MWh)": 28.5669
		},
		"20:00:00": {
			"DAM_lmp($/MWh)": 71.00106,
			"RTM_lmp($/MWh)": 40.0
		},
		"21:00:00": {
			"DAM_lmp($/MWh)": 54.18803,
			"RTM_lmp($/MWh)": 43.06028
		},
		"22:00:00": {
			"DAM_lmp($/MWh)": 45.61473,
			"RTM_lmp($/MWh)": 32.2345
		},
		"23:00:00": {
			"DAM_lmp($/MWh)": 33.68112,
			"RTM_lmp($/MWh)": 33.70015
		}
	}
}