{
	"2023-05-22": {
		"00:00:00": {
			"DAM_lmp($/MWh)": 29.12986,
			"RTM_lmp($/MWh)": 28.49397
		},
		"01:00:00": {
			"DAM_lmp($/MWh)": 25.6588,
			"RTM_lmp($/MWh)": 24.87354
		},
		"02:00:00": {
			"DAM_lmp($/MWh)": 24.35985,
			"RTM_lmp($/MWh)": 20.65476
		},
		"03:00:00": {
			"DAM_lmp($/MWh)": 22.52925,
			"RTM_lmp($/MWh)": 5.96177
		},
		"04:00:00": {
			"DAM_lmp($/MWh)": 26.02189,
			"RTM_lmp($/MWh)": 1.56006
		},
		"05:00:00": {
			"DAM_lmp($/MWh)": 33.83518,
			"RTM_lmp($/MWh)": 30.81135
		},
		"06:00:00": {
			"DAM_lmp($/MWh)": 35.34207,
			"RTM_lmp($/MWh)": 72.0
		},
		"07:00:00": {
			"DAM_lmp($/MWh)": 25.06558,
			"RTM_lmp($/MWh)": 18.0208
		},
		"08:00:00": {
			"DAM_lmp($/MWh)": 9.70208,
			"RTM_lmp($/MWh)": 12.8688
		},
		"09:00:00": {
			"DAM_lmp($/MWh)": 6.70644,
			"RTM_lmp($/MWh)": 12.94
		},
		"10:00:00": {
			"DAM_lmp($/MWh)": 5.01525,
			"RTM_lmp($/MWh)": 15.4
		},
		"11:00:00": {
			"DAM_lmp($/MWh)": 3.74519,
			"RTM_lmp($/MWh)": 11.34931
		},
		"12:00:00": {
			"DAM_lmp($/MWh)": 1.62773,
			"RTM_lmp($/MWh)": 14.45703
		},
		"13:00:00": {
			"DAM_lmp($/MWh)": 1.12937,
			"RTM_lmp($/MWh)": 14.68815
		},
		"14:00:00": {
			"DAM_lmp($/MWh)": 2.22845,
			"RTM_lmp($/MWh)": 9.9976
		},
		"15:00:00": {
			"DAM_lmp($/MWh)": 5.12435,
			"RTM_lmp($/MWh)": 4.9988
		},
		"16:00:00": {
			"DAM_lmp($/MWh)": 9.56432,
			"RTM_lmp($/MWh)": 4.95
		},
		"17:00:00": {
			"DAM_lmp($/MWh)": 24.04452,
			"RTM_lmp($/MWh)": 0.0
		},
		"18:00:00": {
			"DAM_lmp($/MWh)": 42.88413,
			"RTM_lmp($/MWh)": 13.8618
		},
		"19:00:00": {
			"DAM_lmp($/MWh)": 64.00086,
			"RTM_lmp($/MWh)": 27.33192
		},
		"20:00:00": {
			"DAM_lmp($/MWh)": 64.21279,
			"RTM_lmp($/MWh)": 40.0
		},
		"21:00:00": {
			"DAM_lmp($/MWh)": 49.35603,
			"RTM_lmp($/MWh)": 41.88538
		},
		"22:00:00": {
			"DAM_lmp($/MWh)": 39.87496,
			"RTM_lmp($/MWh)": 31.83658
		},
		"23:00:00": {
			"DAM_lmp($/MWh)": 31.87025,
			"RTM_lmp($/MWh)": 33.10886
		}
	},
	"2023-05-23": {
		"00:00:00": {
			"DAM_lmp($/MWh)": 29.12986,
			"RTM_lmp($/MWh)": 28.49397
		},
		"01:00:00": {
			"DAM_lmp($/MWh)": 25.6588,
			"RTM_lmp($/MWh)": 24.87354
		},
		"02:00:00": {
			"DAM_lmp($/MWh)": 24.35985,
			"RTM_lmp($/MWh)": 20.65476
		},
		"03:00:00": {
			"DAM_lmp($/MWh)": 22.52925,
			"RTM_lmp($/MWh)": 5.96177
		},
		"04:00:00": {
			"DAM_lmp($/MWh)": 26.02189,
			"RTM_lmp($/MWh)": 1.56006
		},
		"05:00:00": {
			"DAM_lmp($/MWh)": 33.83518,
			"RTM_lmp($/MWh)": 30.81135
		},
		"06:00:00": {
			"DAM_lmp($/MWh)": 35.34207,
			"RTM_lmp($/MWh)": 72.0
		},
		"07:00:00": {
			"DAM_lmp($/MWh)": 25.06558,
			"RTM_lmp($/MWh)": 18.0208
		},
		"08:00:00": {
			"DAM_lmp($/MWh)": 9.70208,
			"RTM_lmp($/MWh)": 12.8688
		},
		"09:00:00": {
			"DAM_lmp($/MWh)": 6.70644,
			"RTM_lmp($/MWh)": 12.94
		},
		"10:00:00": {
			"DAM_lmp($/MWh)": 5.01525,
			"RTM_lmp($/MWh)": 15.4
		},
		"11:00:00": {
			"DAM_lmp($/MWh)": 3.74519,
			"RTM_lmp($/MWh)": 11.34931
		},
		"12:00:00": {
			"DAM_lmp($/MWh)": 1.62773,
			"RTM_lmp($/MWh)": 14.45703
		},
		"13:00:00": {
			"DAM_lmp($/MWh)": 1.12937,
			"RTM_lmp($/MWh)": 14.68815
		},
		"14:00:00": {
			"DAM_lmp($/MWh)": 2.22845,
			"RTM_lmp($/MWh)": 9.9976
		},
		"15:00:00": {
			"DAM_lmp($/MWh)": 5.12435,
			"RTM_lmp($/MWh)": 4.9988
		},
		"16:00:00": {
			"DAM_lmp($/MWh)": 9.56432,
			"RTM_lmp($/MWh)": 4.95
		},
		"17:00:00": {
			"DAM_lmp($/MWh)": 24.04452,
			"RTM_lmp($/MWh)": 0.0
		},
		"18:00:00": {
			"DAM_lmp($/MWh)": 42.88413,
			"RTM_lmp($/MWh)": 13.8618
		},
		"19:00:00": {
			"DAM_lmp($/MWh)": 64.00086,
			"RTM_lmp($/MWh)": 27.33192
		},
		"20:00:00": {
			"DAM_lmp($/MWh)": 64.21279,
			"RTM_lmp($/MWh)": 40.0
		},
		"21:00:00": {
			"DAM_lmp($/MWh)": 49.35603,
			"RTM_lmp($/MWh)": 41.88538
		},
		"22:00:00": {
			"DAM_lmp($/MWh)": 39.87496,
			"RTM_lmp($/MWh)": 31.83658
		},
		"23:00:00": {
			"DAM_lmp($/MWh)": 31.87025,
			"RTM_lmp($/MWh)": 33.10886
		}
	}
}