{
	"2023-05-22": {
		"00:00:00": {
			"DAM_lmp($/MWh)": 39.8173,
			"RTM_lmp($/MWh)": 28.14964
		},
		"01:00:00": {
			"DAM_lmp($/MWh)": 37.2622,
			"RTM_lmp($/MWh)": 24.14662
		},
		"02:00:00": {
			"DAM_lmp($/MWh)": 38.47826,
			"RTM_lmp($/MWh)": 20.09647
		},
		"03:00:00": {
			"DAM_lmp($/MWh)": 37.86797,
			"RTM_lmp($/MWh)": 6.35086
		},
		"04:00:00": {
			"DAM_lmp($/MWh)": 39.48626,
			"RTM_lmp($/MWh)": 1.61394
		},
		"05:00:00": {
			"DAM_lmp($/MWh)": 40.06408,
			"RTM_lmp($/MWh)": 30.81135
		},
		"06:00:00": {
			"DAM_lmp($/MWh)": 46.04394,
			"RTM_lmp($/MWh)": 72.0
		},
		"07:00:00": {
			"DAM_lmp($/MWh)": 23.94494,
			"RTM_lmp($/MWh)": 18.0208
		},
		"08:00:00": {
			"DAM_lmp($/MWh)": 4.10984,
			"RTM_lmp($/MWh)": 12.8688
		},
		"09:00:00": {
			"DAM_lmp($/MWh)": -12.90959,
			"RTM_lmp($/MWh)": 12.94
		},
		"10:00:00": {
			"DAM_lmp($/MWh)": -15.99458,
			"RTM_lmp($/MWh)": -19.11
		},
		"11:00:00": {
			"DAM_lmp($/MWh)": -15.99575,
			"RTM_lmp($/MWh)": -19.11
		},
		"12:00:00": {
			"DAM_lmp($/MWh)": -15.99718,
			"RTM_lmp($/MWh)": -19.11924
		},
		"13:00:00": {
			"DAM_lmp($/MWh)": -15.99706,
			"RTM_lmp($/MWh)": -19.11471
		},
		"14:00:00": {
			"DAM_lmp($/MWh)": -12.94242,
			"RTM_lmp($/MWh)": -19.11
		},
		"15:00:00": {
			"DAM_lmp($/MWh)": -12.91207,
			"RTM_lmp($/MWh)": 4.9988
		},
		"16:00:00": {
			"DAM_lmp($/MWh)": 6.223,
			"RTM_lmp($/MWh)": -19.11
		},
		"17:00:00": {
			"DAM_lmp($/MWh)": 22.22463,
			"RTM_lmp($/MWh)": 0.0
		},
		"18:00:00": {
			"DAM_lmp($/MWh)": 41.36774,
			"RTM_lmp($/MWh)": 12.65941
		},
		"19:00:00": {
			"DAM_lmp($/MWh)": 62.32683,
			"RTM_lmp($/MWh)": 26.46
		},
		"20:00:00": {
			"DAM_lmp($/MWh)": 62.87286,
			"RTM_lmp($/MWh)": 40.0
		},
		"21:00:00": {
			"DAM_lmp($/MWh)": 49.01158,
			"RTM_lmp($/MWh)": 41.88538
		},
		"22:00:00": {
			"DAM_lmp($/MWh)": 44.15247,
			"RTM_lmp($/MWh)": 31.58828
		},
		"23:00:00": {
			"DAM_lmp($/MWh)": 40.61816,
			"RTM_lmp($/MWh)": 32.51757
		}
	},
	"2023-05-23": {
		"00:00:00": {
			"DAM_lmp($/MWh)": 39.8173,
			"RTM_lmp($/MWh)": 28.14964
		},
		"01:00:00": {
			"DAM_lmp($/MWh)": 37.2622,
			"RTM_lmp($/MWh)": 24.14662
		},
		"02:00:00": {
			"DAM_lmp($/MWh)": 38.47826,
			"RTM_lmp($/MWh)": 20.09647
		},
		"03:00:00": {
			"DAM_lmp($/MWh)": 37.86797,
			"RTM_lmp($/MWh)": 6.35086
		},
		"04:00:00": {
			"DAM_lmp($/MWh)": 39.48626,
			"RTM_lmp($/MWh)": 1.61394
		},
		"05:00:00": {
			"DAM_lmp($/MWh)": 40.06408,
			"RTM_lmp($/MWh)": 30.81135
		},
		"06:00:00": {
			"DAM_lmp($/MWh)": 46.04394,
			"RTM_lmp($/MWh)": 72.0
		},
		"07:00:00": {
			"DAM_lmp($/MWh)": 23.94494,
			"RTM_lmp($/MWh)": 18.0208
		},
		"08:00:00": {
			"DAM_lmp($/MWh)": 4.10984,
			"RTM_lmp($/MWh)": 12.8688
		},
		"09:00:00": {
			"DAM_lmp($/MWh)": -12.90959,
			"RTM_lmp($/MWh)": 12.94
		},
		"10:00:00": {
			"DAM_lmp($/MWh)": -15.99458,
			"RTM_lmp($/MWh)": -19.11
		},
		"11:00:00": {
			"DAM_lmp($/MWh)": -15.99575,
			"RTM_lmp($/MWh)": -19.11
		},
		"12:00:00": {
			"DAM_lmp($/MWh)": -15.99718,
			"RTM_lmp($/MWh)": -19.11924
		},
		"13:00:00": {
			"DAM_lmp($/MWh)": -15.99706,
			"RTM_lmp($/MWh)": -19.11471
		},
		"14:00:00": {
			"DAM_lmp($/MWh)": -12.94242,
			"RTM_lmp($/MWh)": -19.11
		},
		"15:00:00": {
			"DAM_lmp($/MWh)": -12.91207,
			"RTM_lmp($/MWh)": 4.9988
		},
		"16:00:00": {
			"DAM_lmp($/MWh)": 6.223,
			"RTM_lmp($/MWh)": -19.11
		},
		"17:00:00": {
			"DAM_lmp($/MWh)": 22.22463,
			"RTM_lmp($/MWh)": 0.0
		},
		"18:00:00": {
			"DAM_lmp($/MWh)": 41.36774,
			"RTM_lmp($/MWh)": 12.65941
		},
		"19:00:00": {
			"DAM_lmp($/MWh)": 62.32683,
			"RTM_lmp($/MWh)": 26.46
		},
		"20:00:00": {
			"DAM_lmp($/MWh)": 62.87286,
			"RTM_lmp($/MWh)": 40.0
		},
		"21:00:00": {
			"DAM_lmp($/MWh)": 49.01158,
			"RTM_lmp($/MWh)": 41.88538
		},
		"22:00:00": {
			"DAM_lmp($/MWh)": 44.15247,
			"RTM_lmp($/MWh)": 31.58828
		},
		"23:00:00": {
			"DAM_lmp($/MWh)": 40.61816,
			"RTM_lmp($/MWh)": 32.51757
		}
	}
}