{
	"2023-05-22": {
		"00:00:00": {
			"DAM_lmp($/MWh)": 28.38529,
			"RTM_lmp($/MWh)": 28.14395
		},
		"01:00:00": {
			"DAM_lmp($/MWh)": 25.05884,
			"RTM_lmp($/MWh)": 24.60403
		},
		"02:00:00": {
			"DAM_lmp($/MWh)": 23.78471,
			"RTM_lmp($/MWh)": 20.43309
		},
		"03:00:00": {
			"DAM_lmp($/MWh)": 22.02456,
			"RTM_lmp($/MWh)": 6.02095
		},
		"04:00:00": {
			"DAM_lmp($/MWh)": 25.45042,
			"RTM_lmp($/MWh)": 1.73404
		},
		"05:00:00": {
			"DAM_lmp($/MWh)": 33.09098,
			"RTM_lmp($/MWh)": 30.81135
		},
		"06:00:00": {
			"DAM_lmp($/MWh)": 34.5686,
			"RTM_lmp($/MWh)": 72.0
		},
		"07:00:00": {
			"DAM_lmp($/MWh)": 24.58679,
			"RTM_lmp($/MWh)": 18.0208
		},
		"08:00:00": {
			"DAM_lmp($/MWh)": 9.43816,
			"RTM_lmp($/MWh)": 12.8688
		},
		"09:00:00": {
			"DAM_lmp($/MWh)": 6.50058,
			"RTM_lmp($/MWh)": 12.94
		},
		"10:00:00": {
			"DAM_lmp($/MWh)": 4.87984,
			"RTM_lmp($/MWh)": 15.4
		},
		"11:00:00": {
			"DAM_lmp($/MWh)": 3.57201,
			"RTM_lmp($/MWh)": 11.21222
		},
		"12:00:00": {
			"DAM_lmp($/MWh)": 1.54764,
			"RTM_lmp($/MWh)": 14.50323
		},
		"13:00:00": {
			"DAM_lmp($/MWh)": 1.05118,
			"RTM_lmp($/MWh)": 14.69286
		},
		"14:00:00": {
			"DAM_lmp($/MWh)": 2.12804,
			"RTM_lmp($/MWh)": 9.9976
		},
		"15:00:00": {
			"DAM_lmp($/MWh)": 4.96314,
			"RTM_lmp($/MWh)": 4.9988
		},
		"16:00:00": {
			"DAM_lmp($/MWh)": 9.25958,
			"RTM_lmp($/MWh)": 4.95
		},
		"17:00:00": {
			"DAM_lmp($/MWh)": 23.26528,
			"RTM_lmp($/MWh)": 0.0
		},
		"18:00:00": {
			"DAM_lmp($/MWh)": 41.56934,
			"RTM_lmp($/MWh)": 13.56763
		},
		"19:00:00": {
			"DAM_lmp($/MWh)": 62.30098,
			"RTM_lmp($/MWh)": 26.88358
		},
		"20:00:00": {
			"DAM_lmp($/MWh)": 62.46506,
			"RTM_lmp($/MWh)": 40.0
		},
		"21:00:00": {
			"DAM_lmp($/MWh)": 48.14796,
			"RTM_lmp($/MWh)": 41.35667
		},
		"22:00:00": {
			"DAM_lmp($/MWh)": 38.92709,
			"RTM_lmp($/MWh)": 31.55963
		},
		"23:00:00": {
			"DAM_lmp($/MWh)": 31.11272,
			"RTM_lmp($/MWh)": 32.87966
		}
	},
	"2023-05-23": {
		"00:00:00": {
			"DAM_lmp($/MWh)": 28.38529,
			"RTM_lmp($/MWh)": 28.14395
		},
		"01:00:00": {
			"DAM_lmp($/MWh)": 25.05884,
			"RTM_lmp($/MWh)": 24.60403
		},
		"02:00:00": {
			"DAM_lmp($/MWh)": 23.78471,
			"RTM_lmp($/MWh)": 20.43309
		},
		"03:00:00": {
			"DAM_lmp($/MWh)": 22.02456,
			"RTM_lmp($/MWh)": 6.02095
		},
		"04:00:00": {
			"DAM_lmp($/MWh)": 25.45042,
			"RTM_lmp($/MWh)": 1.73404
		},
		"05:00:00": {
			"DAM_lmp($/MWh)": 33.09098,
			"RTM_lmp($/MWh)": 30.81135
		},
		"06:00:00": {
			"DAM_lmp($/MWh)": 34.5686,
			"RTM_lmp($/MWh)": 72.0
		},
		"07:00:00": {
			"DAM_lmp($/MWh)": 24.58679,
			"RTM_lmp($/MWh)": 18.0208
		},
		"08:00:00": {
			"DAM_lmp($/MWh)": 9.43816,
			"RTM_lmp($/MWh)": 12.8688
		},
		"09:00:00": {
			"DAM_lmp($/MWh)": 6.50058,
			"RTM_lmp($/MWh)": 12.94
		},
		"10:00:00": {
			"DAM_lmp($/MWh)": 4.87984,
			"RTM_lmp($/MWh)": 15.4
		},
		"11:00:00": {
			"DAM_lmp($/MWh)": 3.57201,
			"RTM_lmp($/MWh)": 11.21222
		},
		"12:00:00": {
			"DAM_lmp($/MWh)": 1.54764,
			"RTM_lmp($/MWh)": 14.50323
		},
		"13:00:00": {
			"DAM_lmp($/MWh)": 1.05118,
			"RTM_lmp($/MWh)": 14.69286
		},
		"14:00:00": {
			"DAM_lmp($/MWh)": 2.12804,
			"RTM_lmp($/MWh)": 9.9976
		},
		"15:00:00": {
			"DAM_lmp($/MWh)": 4.96314,
			"RTM_lmp($/MWh)": 4.9988
		},
		"16:00:00": {
			"DAM_lmp($/MWh)": 9.25958,
			"RTM_lmp($/MWh)": 4.95
		},
		"17:00:00": {
			"DAM_lmp($/MWh)": 23.26528,
			"RTM_lmp($/MWh)": 0.0
		},
		"18:00:00": {
			"DAM_lmp($/MWh)": 41.56934,
			"RTM_lmp($/MWh)": 13.56763
		},
		"19:00:00": {
			"DAM_lmp($/MWh)": 62.30098,
			"RTM_lmp($/MWh)": 26.88358
		},
		"20:00:00": {
			"DAM_lmp($/MWh)": 62.46506,
			"RTM_lmp($/MWh)": 40.0
		},
		"21:00:00": {
			"DAM_lmp($/MWh)": 48.14796,
			"RTM_lmp($/MWh)": 41.35667
		},
		"22:00:00": {
			"DAM_lmp($/MWh)": 38.92709,
			"RTM_lmp($/MWh)": 31.55963
		},
		"23:00:00": {
			"DAM_lmp($/MWh)": 31.11272,
			"RTM_lmp($/MWh)": 32.87966
		}
	}
}