{
	"2023-05-22": {
		"00:00:00": {
			"DAM_lmp($/MWh)": 26.33597,
			"RTM_lmp($/MWh)": 27.36138
		},
		"01:00:00": {
			"DAM_lmp($/MWh)": 22.429,
			"RTM_lmp($/MWh)": 23.65706
		},
		"02:00:00": {
			"DAM_lmp($/MWh)": 20.47699,
			"RTM_lmp($/MWh)": 19.61412
		},
		"03:00:00": {
			"DAM_lmp($/MWh)": 18.33642,
			"RTM_lmp($/MWh)": 6.92044
		},
		"04:00:00": {
			"DAM_lmp($/MWh)": 22.19795,
			"RTM_lmp($/MWh)": 1.91432
		},
		"05:00:00": {
			"DAM_lmp($/MWh)": 31.79824,
			"RTM_lmp($/MWh)": 30.81135
		},
		"06:00:00": {
			"DAM_lmp($/MWh)": 32.74049,
			"RTM_lmp($/MWh)": 72.0
		},
		"07:00:00": {
			"DAM_lmp($/MWh)": 26.12411,
			"RTM_lmp($/MWh)": 18.0208
		},
		"08:00:00": {
			"DAM_lmp($/MWh)": 18.23206,
			"RTM_lmp($/MWh)": 12.8688
		},
		"09:00:00": {
			"DAM_lmp($/MWh)": 15.25101,
			"RTM_lmp($/MWh)": 12.94
		},
		"10:00:00": {
			"DAM_lmp($/MWh)": 10.61375,
			"RTM_lmp($/MWh)": 15.4
		},
		"11:00:00": {
			"DAM_lmp($/MWh)": 8.61457,
			"RTM_lmp($/MWh)": 14.7764
		},
		"12:00:00": {
			"DAM_lmp($/MWh)": 6.70971,
			"RTM_lmp($/MWh)": 15.17919
		},
		"13:00:00": {
			"DAM_lmp($/MWh)": 6.58429,
			"RTM_lmp($/MWh)": 15.40231
		},
		"14:00:00": {
			"DAM_lmp($/MWh)": 7.73526,
			"RTM_lmp($/MWh)": 9.9976
		},
		"15:00:00": {
			"DAM_lmp($/MWh)": 10.77465,
			"RTM_lmp($/MWh)": 4.9988
		},
		"16:00:00": {
			"DAM_lmp($/MWh)": 14.71277,
			"RTM_lmp($/MWh)": 4.95
		},
		"17:00:00": {
			"DAM_lmp($/MWh)": 25.37646,
			"RTM_lmp($/MWh)": 0.0
		},
		"18:00:00": {
			"DAM_lmp($/MWh)": 44.43558,
			"RTM_lmp($/MWh)": 14.1674
		},
		"19:00:00": {
			"DAM_lmp($/MWh)": 65.52623,
			"RTM_lmp($/MWh)": 27.62897
		},
		"20:00:00": {
			"DAM_lmp($/MWh)": 65.70159,
			"RTM_lmp($/MWh)": 40.0
		},
		"21:00:00": {
			"DAM_lmp($/MWh)": 50.41933,
			"RTM_lmp($/MWh)": 42.04063
		},
		"22:00:00": {
			"DAM_lmp($/MWh)": 39.21323,
			"RTM_lmp($/MWh)": 31.66149
		},
		"23:00:00": {
			"DAM_lmp($/MWh)": 29.03324,
			"RTM_lmp($/MWh)": 32.62719
		}
	},
	"2023-05-23": {
		"00:00:00": {
			"DAM_lmp($/MWh)": 26.33597,
			"RTM_lmp($/MWh)": 27.36138
		},
		"01:00:00": {
			"DAM_lmp($/MWh)": 22.429,
			"RTM_lmp($/MWh)": 23.65706
		},
		"02:00:00": {
			"DAM_lmp($/MWh)": 20.47699,
			"RTM_lmp($/MWh)": 19.61412
		},
		"03:00:00": {
			"DAM_lmp($/MWh)": 18.33642,
			"RTM_lmp($/MWh)": 6.92044
		},
		"04:00:00": {
			"DAM_lmp($/MWh)": 22.19795,
			"RTM_lmp($/MWh)": 1.91432
		},
		"05:00:00": {
			"DAM_lmp($/MWh)": 31.79824,
			"RTM_lmp($/MWh)": 30.81135
		},
		"06:00:00": {
			"DAM_lmp($/MWh)": 32.74049,
			"RTM_lmp($/MWh)": 72.0
		},
		"07:00:00": {
			"DAM_lmp($/MWh)": 26.12411,
			"RTM_lmp($/MWh)": 18.0208
		},
		"08:00:00": {
			"DAM_lmp($/MWh)": 18.23206,
			"RTM_lmp($/MWh)": 12.8688
		},
		"09:00:00": {
			"DAM_lmp($/MWh)": 15.25101,
			"RTM_lmp($/MWh)": 12.94
		},
		"10:00:00": {
			"DAM_lmp($/MWh)": 10.61375,
			"RTM_lmp($/MWh)": 15.4
		},
		"11:00:00": {
			"DAM_lmp($/MWh)": 8.61457,
			"RTM_lmp($/MWh)": 14.7764
		},
		"12:00:00": {
			"DAM_lmp($/MWh)": 6.70971,
			"RTM_lmp($/MWh)": 15.17919
		},
		"13:00:00": {
			"DAM_lmp($/MWh)": 6.58429,
			"RTM_lmp($/MWh)": 15.40231
		},
		"14:00:00": {
			"DAM_lmp($/MWh)": 7.73526,
			"RTM_lmp($/MWh)": 9.9976
		},
		"15:00:00": {
			"DAM_lmp($/MWh)": 10.77465,
			"RTM_lmp($/MWh)": 4.9988
		},
		"16:00:00": {
			"DAM_lmp($/MWh)": 14.71277,
			"RTM_lmp($/MWh)": 4.95
		},
		"17:00:00": {
			"DAM_lmp($/MWh)": 25.37646,
			"RTM_lmp($/MWh)": 0.0
		},
		"18:00:00": {
			"DAM_lmp($/MWh)": 44.43558,
			"RTM_lmp($/MWh)": 14.1674
		},
		"19:00:00": {
			"DAM_lmp($/MWh)": 65.52623,
			"RTM_lmp($/MWh)": 27.62897
		},
		"20:00:00": {
			"DAM_lmp($/MWh)": 65.70159,
			"RTM_lmp($/MWh)": 40.0
		},
		"21:00:00": {
			"DAM_lmp($/MWh)": 50.41933,
			"RTM_lmp($/MWh)": 42.04063
		},
		"22:00:00": {
			"DAM_lmp($/MWh)": 39.21323,
			"RTM_lmp($/MWh)": 31.66149
		},
		"23:00:00": {
			"DAM_lmp($/MWh)": 29.03324,
			"RTM_lmp($/MWh)": 32.62719
		}
	}
}