{
	"2023-05-22": {
		"00:00:00": {
			"DAM_lmp($/MWh)": 29.96308,
			"RTM_lmp($/MWh)": 28.96636
		},
		"01:00:00": {
			"DAM_lmp($/MWh)": 26.19411,
			"RTM_lmp($/MWh)": 25.31859
		},
		"02:00:00": {
			"DAM_lmp($/MWh)": 24.88829,
			"RTM_lmp($/MWh)": 20.95854
		},
		"03:00:00": {
			"DAM_lmp($/MWh)": 23.04758,
			"RTM_lmp($/MWh)": 23.35217
		},
		"04:00:00": {
			"DAM_lmp($/MWh)": 26.81195,
			"RTM_lmp($/MWh)": 20.54755
		},
		"05:00:00": {
			"DAM_lmp($/MWh)": 34.84344,
			"RTM_lmp($/MWh)": 30.81135
		},
		"06:00:00": {
			"DAM_lmp($/MWh)": 36.20907,
			"RTM_lmp($/MWh)": 72.0
		},
		"07:00:00": {
			"DAM_lmp($/MWh)": 25.55214,
			"RTM_lmp($/MWh)": 18.0208
		},
		"08:00:00": {
			"DAM_lmp($/MWh)": 13.37422,
			"RTM_lmp($/MWh)": 12.8688
		},
		"09:00:00": {
			"DAM_lmp($/MWh)": 10.71913,
			"RTM_lmp($/MWh)": 12.94
		},
		"10:00:00": {
			"DAM_lmp($/MWh)": 7.63182,
			"RTM_lmp($/MWh)": 15.4
		},
		"11:00:00": {
			"DAM_lmp($/MWh)": 5.99092,
			"RTM_lmp($/MWh)": 14.7764
		},
		"12:00:00": {
			"DAM_lmp($/MWh)": 3.96666,
			"RTM_lmp($/MWh)": 15.32855
		},
		"13:00:00": {
			"DAM_lmp($/MWh)": 3.60641,
			"RTM_lmp($/MWh)": 15.68798
		},
		"14:00:00": {
			"DAM_lmp($/MWh)": 4.68578,
			"RTM_lmp($/MWh)": 9.9976
		},
		"15:00:00": {
			"DAM_lmp($/MWh)": 7.57151,
			"RTM_lmp($/MWh)": 4.9988
		},
		"16:00:00": {
			"DAM_lmp($/MWh)": 11.77479,
			"RTM_lmp($/MWh)": 4.95
		},
		"17:00:00": {
			"DAM_lmp($/MWh)": 24.647,
			"RTM_lmp($/MWh)": 0.0
		},
		"18:00:00": {
			"DAM_lmp($/MWh)": 43.57659,
			"RTM_lmp($/MWh)": 14.32876
		},
		"19:00:00": {
			"DAM_lmp($/MWh)": 64.35635,
			"RTM_lmp($/MWh)": 27.28241
		},
		"20:00:00": {
			"DAM_lmp($/MWh)": 64.28399,
			"RTM_lmp($/MWh)": 40.0
		},
		"21:00:00": {
			"DAM_lmp($/MWh)": 49.70048,
			"RTM_lmp($/MWh)": 41.5329
		},
		"22:00:00": {
			"DAM_lmp($/MWh)": 40.51225,
			"RTM_lmp($/MWh)": 31.82066
		},
		"23:00:00": {
			"DAM_lmp($/MWh)": 32.08241,
			"RTM_lmp($/MWh)": 33.52077
		}
	},
	"2023-05-23": {
		"00:00:00": {
			"DAM_lmp($/MWh)": 29.96308,
			"RTM_lmp($/MWh)": 28.96636
		},
		"01:00:00": {
			"DAM_lmp($/MWh)": 26.19411,
			"RTM_lmp($/MWh)": 25.31859
		},
		"02:00:00": {
			"DAM_lmp($/MWh)": 24.88829,
			"RTM_lmp($/MWh)": 20.95854
		},
		"03:00:00": {
			"DAM_lmp($/MWh)": 23.04758,
			"RTM_lmp($/MWh)": 23.35217
		},
		"04:00:00": {
			"DAM_lmp($/MWh)": 26.81195,
			"RTM_lmp($/MWh)": 20.54755
		},
		"05:00:00": {
			"DAM_lmp($/MWh)": 34.84344,
			"RTM_lmp($/MWh)": 30.81135
		},
		"06:00:00": {
			"DAM_lmp($/MWh)": 36.20907,
			"RTM_lmp($/MWh)": 72.0
		},
		"07:00:00": {
			"DAM_lmp($/MWh)": 25.55214,
			"RTM_lmp($/MWh)": 18.0208
		},
		"08:00:00": {
			"DAM_lmp($/MWh)": 13.37422,
			"RTM_lmp($/MWh)": 12.8688
		},
		"09:00:00": {
			"DAM_lmp($/MWh)": 10.71913,
			"RTM_lmp($/MWh)": 12.94
		},
		"10:00:00": {
			"DAM_lmp($/MWh)": 7.63182,
			"RTM_lmp($/MWh)": 15.4
		},
		"11:00:00": {
			"DAM_lmp($/MWh)": 5.99092,
			"RTM_lmp($/MWh)": 14.7764
		},
		"12:00:00": {
			"DAM_lmp($/MWh)": 3.96666,
			"RTM_lmp($/MWh)": 15.32855
		},
		"13:00:00": {
			"DAM_lmp($/MWh)": 3.60641,
			"RTM_lmp($/MWh)": 15.68798
		},
		"14:00:00": {
			"DAM_lmp($/MWh)": 4.68578,
			"RTM_lmp($/MWh)": 9.9976
		},
		"15:00:00": {
			"DAM_lmp($/MWh)": 7.57151,
			"RTM_lmp($/MWh)": 4.9988
		},
		"16:00:00": {
			"DAM_lmp($/MWh)": 11.77479,
			"RTM_lmp($/MWh)": 4.95
		},
		"17:00:00": {
			"DAM_lmp($/MWh)": 24.647,
			"RTM_lmp($/MWh)": 0.0
		},
		"18:00:00": {
			"DAM_lmp($/MWh)": 43.57659,
			"RTM_lmp($/MWh)": 14.32876
		},
		"19:00:00": {
			"DAM_lmp($/MWh)": 64.35635,
			"RTM_lmp($/MWh)": 27.28241
		},
		"20:00:00": {
			"DAM_lmp($/MWh)": 64.28399,
			"RTM_lmp($/MWh)": 40.0
		},
		"21:00:00": {
			"DAM_lmp($/MWh)": 49.70048,
			"RTM_lmp($/MWh)": 41.5329
		},
		"22:00:00": {
			"DAM_lmp($/MWh)": 40.51225,
			"RTM_lmp($/MWh)": 31.82066
		},
		"23:00:00": {
			"DAM_lmp($/MWh)": 32.08241,
			"RTM_lmp($/MWh)": 33.52077
		}
	}
}