{
	"2023-05-22": {
		"00:00:00": {
			"DAM_lmp($/MWh)": 28.97918,
			"RTM_lmp($/MWh)": 29.08303
		},
		"01:00:00": {
			"DAM_lmp($/MWh)": 25.60708,
			"RTM_lmp($/MWh)": 25.45458
		},
		"02:00:00": {
			"DAM_lmp($/MWh)": 24.37214,
			"RTM_lmp($/MWh)": 21.57225
		},
		"03:00:00": {
			"DAM_lmp($/MWh)": 22.38375,
			"RTM_lmp($/MWh)": 6.53635
		},
		"04:00:00": {
			"DAM_lmp($/MWh)": 25.97976,
			"RTM_lmp($/MWh)": 1.83217
		},
		"05:00:00": {
			"DAM_lmp($/MWh)": 33.92435,
			"RTM_lmp($/MWh)": 30.81135
		},
		"06:00:00": {
			"DAM_lmp($/MWh)": 35.02549,
			"RTM_lmp($/MWh)": 72.0
		},
		"07:00:00": {
			"DAM_lmp($/MWh)": 24.34609,
			"RTM_lmp($/MWh)": 18.0208
		},
		"08:00:00": {
			"DAM_lmp($/MWh)": 8.92256,
			"RTM_lmp($/MWh)": 12.8688
		},
		"09:00:00": {
			"DAM_lmp($/MWh)": 6.03112,
			"RTM_lmp($/MWh)": 12.94
		},
		"10:00:00": {
			"DAM_lmp($/MWh)": 4.52699,
			"RTM_lmp($/MWh)": 15.4
		},
		"11:00:00": {
			"DAM_lmp($/MWh)": 1.43316,
			"RTM_lmp($/MWh)": 11.34931
		},
		"12:00:00": {
			"DAM_lmp($/MWh)": 0.95446,
			"RTM_lmp($/MWh)": 12.69398
		},
		"13:00:00": {
			"DAM_lmp($/MWh)": 0.87974,
			"RTM_lmp($/MWh)": 12.91923
		},
		"14:00:00": {
			"DAM_lmp($/MWh)": 1.93767,
			"RTM_lmp($/MWh)": 9.9976
		},
		"15:00:00": {
			"DAM_lmp($/MWh)": 4.71245,
			"RTM_lmp($/MWh)": 4.9988
		},
		"16:00:00": {
			"DAM_lmp($/MWh)": 8.87684,
			"RTM_lmp($/MWh)": 4.95
		},
		"17:00:00": {
			"DAM_lmp($/MWh)": 22.61549,
			"RTM_lmp($/MWh)": 0.0
		},
		"18:00:00": {
			"DAM_lmp($/MWh)": 41.38965,
			"RTM_lmp($/MWh)": 12.97643
		},
		"19:00:00": {
			"DAM_lmp($/MWh)": 63.93623,
			"RTM_lmp($/MWh)": 27.71974
		},
		"20:00:00": {
			"DAM_lmp($/MWh)": 64.4976,
			"RTM_lmp($/MWh)": 40.0
		},
		"21:00:00": {
			"DAM_lmp($/MWh)": 48.92672,
			"RTM_lmp($/MWh)": 42.92601
		},
		"22:00:00": {
			"DAM_lmp($/MWh)": 39.76202,
			"RTM_lmp($/MWh)": 32.51145
		},
		"23:00:00": {
			"DAM_lmp($/MWh)": 31.71494,
			"RTM_lmp($/MWh)": 33.77323
		}
	},
	"2023-05-23": {
		"00:00:00": {
			"DAM_lmp($/MWh)": 28.97918,
			"RTM_lmp($/MWh)": 29.08303
		},
		"01:00:00": {
			"DAM_lmp($/MWh)": 25.60708,
			"RTM_lmp($/MWh)": 25.45458
		},
		"02:00:00": {
			"DAM_lmp($/MWh)": 24.37214,
			"RTM_lmp($/MWh)": 21.57225
		},
		"03:00:00": {
			"DAM_lmp($/MWh)": 22.38375,
			"RTM_lmp($/MWh)": 6.53635
		},
		"04:00:00": {
			"DAM_lmp($/MWh)": 25.97976,
			"RTM_lmp($/MWh)": 1.83217
		},
		"05:00:00": {
			"DAM_lmp($/MWh)": 33.92435,
			"RTM_lmp($/MWh)": 30.81135
		},
		"06:00:00": {
			"DAM_lmp($/MWh)": 35.02549,
			"RTM_lmp($/MWh)": 72.0
		},
		"07:00:00": {
			"DAM_lmp($/MWh)": 24.34609,
			"RTM_lmp($/MWh)": 18.0208
		},
		"08:00:00": {
			"DAM_lmp($/MWh)": 8.92256,
			"RTM_lmp($/MWh)": 12.8688
		},
		"09:00:00": {
			"DAM_lmp($/MWh)": 6.03112,
			"RTM_lmp($/MWh)": 12.94
		},
		"10:00:00": {
			"DAM_lmp($/MWh)": 4.52699,
			"RTM_lmp($/MWh)": 15.4
		},
		"11:00:00": {
			"DAM_lmp($/MWh)": 1.43316,
			"RTM_lmp($/MWh)": 11.34931
		},
		"12:00:00": {
			"DAM_lmp($/MWh)": 0.95446,
			"RTM_lmp($/MWh)": 12.69398
		},
		"13:00:00": {
			"DAM_lmp($/MWh)": 0.87974,
			"RTM_lmp($/MWh)": 12.91923
		},
		"14:00:00": {
			"DAM_lmp($/MWh)": 1.93767,
			"RTM_lmp($/MWh)": 9.9976
		},
		"15:00:00": {
			"DAM_lmp($/MWh)": 4.71245,
			"RTM_lmp($/MWh)": 4.9988
		},
		"16:00:00": {
			"DAM_lmp($/MWh)": 8.87684,
			"RTM_lmp($/MWh)": 4.95
		},
		"17:00:00": {
			"DAM_lmp($/MWh)": 22.61549,
			"RTM_lmp($/MWh)": 0.0
		},
		"18:00:00": {
			"DAM_lmp($/MWh)": 41.38965,
			"RTM_lmp($/MWh)": 12.97643
		},
		"19:00:00": {
			"DAM_lmp($/MWh)": 63.93623,
			"RTM_lmp($/MWh)": 27.71974
		},
		"20:00:00": {
			"DAM_lmp($/MWh)": 64.4976,
			"RTM_lmp($/MWh)": 40.0
		},
		"21:00:00": {
			"DAM_lmp($/MWh)": 48.92672,
			"RTM_lmp($/MWh)": 42.92601
		},
		"22:00:00": {
			"DAM_lmp($/MWh)": 39.76202,
			"RTM_lmp($/MWh)": 32.51145
		},
		"23:00:00": {
			"DAM_lmp($/MWh)": 31.71494,
			"RTM_lmp($/MWh)": 33.77323
		}
	}
}