{
	"2023-05-22": {
		"00:00:00": {
			"DAM_lmp($/MWh)": 24.24176,
			"RTM_lmp($/MWh)": 25.13889
		},
		"01:00:00": {
			"DAM_lmp($/MWh)": 20.76307,
			"RTM_lmp($/MWh)": 21.68894
		},
		"02:00:00": {
			"DAM_lmp($/MWh)": 18.94555,
			"RTM_lmp($/MWh)": 18.13013
		},
		"03:00:00": {
			"DAM_lmp($/MWh)": 16.73055,
			"RTM_lmp($/MWh)": 6.58186
		},
		"04:00:00": {
			"DAM_lmp($/MWh)": 21.07162,
			"RTM_lmp($/MWh)": 1.52631
		},
		"05:00:00": {
			"DAM_lmp($/MWh)": 29.87266,
			"RTM_lmp($/MWh)": 30.81135
		},
		"06:00:00": {
			"DAM_lmp($/MWh)": 31.07428,
			"RTM_lmp($/MWh)": 72.0
		},
		"07:00:00": {
			"DAM_lmp($/MWh)": 25.61943,
			"RTM_lmp($/MWh)": 18.0208
		},
		"08:00:00": {
			"DAM_lmp($/MWh)": 15.07799,
			"RTM_lmp($/MWh)": 12.8688
		},
		"09:00:00": {
			"DAM_lmp($/MWh)": 12.78969,
			"RTM_lmp($/MWh)": 12.94
		},
		"10:00:00": {
			"DAM_lmp($/MWh)": 7.43853,
			"RTM_lmp($/MWh)": 15.4
		},
		"11:00:00": {
			"DAM_lmp($/MWh)": 5.46516,
			"RTM_lmp($/MWh)": 14.7764
		},
		"12:00:00": {
			"DAM_lmp($/MWh)": 3.80572,
			"RTM_lmp($/MWh)": 14.50477
		},
		"13:00:00": {
			"DAM_lmp($/MWh)": 3.58328,
			"RTM_lmp($/MWh)": 14.82471
		},
		"14:00:00": {
			"DAM_lmp($/MWh)": 4.75051,
			"RTM_lmp($/MWh)": 9.9976
		},
		"15:00:00": {
			"DAM_lmp($/MWh)": 9.15934,
			"RTM_lmp($/MWh)": 4.9988
		},
		"16:00:00": {
			"DAM_lmp($/MWh)": 13.33442,
			"RTM_lmp($/MWh)": 4.95
		},
		"17:00:00": {
			"DAM_lmp($/MWh)": 24.77397,
			"RTM_lmp($/MWh)": 0.0
		},
		"18:00:00": {
			"DAM_lmp($/MWh)": 43.6993,
			"RTM_lmp($/MWh)": 13.03355
		},
		"19:00:00": {
			"DAM_lmp($/MWh)": 63.60659,
			"RTM_lmp($/MWh)": 25.02698
		},
		"20:00:00": {
			"DAM_lmp($/MWh)": 63.83735,
			"RTM_lmp($/MWh)": 40.0
		},
		"21:00:00": {
			"DAM_lmp($/MWh)": 49.46585,
			"RTM_lmp($/MWh)": 37.47528
		},
		"22:00:00": {
			"DAM_lmp($/MWh)": 37.93621,
			"RTM_lmp($/MWh)": 28.76147
		},
		"23:00:00": {
			"DAM_lmp($/MWh)": 27.41455,
			"RTM_lmp($/MWh)": 29.87338
		}
	},
	"2023-05-23": {
		"00:00:00": {
			"DAM_lmp($/MWh)": 24.24176,
			"RTM_lmp($/MWh)": 25.13889
		},
		"01:00:00": {
			"DAM_lmp($/MWh)": 20.76307,
			"RTM_lmp($/MWh)": 21.68894
		},
		"02:00:00": {
			"DAM_lmp($/MWh)": 18.94555,
			"RTM_lmp($/MWh)": 18.13013
		},
		"03:00:00": {
			"DAM_lmp($/MWh)": 16.73055,
			"RTM_lmp($/MWh)": 6.58186
		},
		"04:00:00": {
			"DAM_lmp($/MWh)": 21.07162,
			"RTM_lmp($/MWh)": 1.52631
		},
		"05:00:00": {
			"DAM_lmp($/MWh)": 29.87266,
			"RTM_lmp($/MWh)": 30.81135
		},
		"06:00:00": {
			"DAM_lmp($/MWh)": 31.07428,
			"RTM_lmp($/MWh)": 72.0
		},
		"07:00:00": {
			"DAM_lmp($/MWh)": 25.61943,
			"RTM_lmp($/MWh)": 18.0208
		},
		"08:00:00": {
			"DAM_lmp($/MWh)": 15.07799,
			"RTM_lmp($/MWh)": 12.8688
		},
		"09:00:00": {
			"DAM_lmp($/MWh)": 12.78969,
			"RTM_lmp($/MWh)": 12.94
		},
		"10:00:00": {
			"DAM_lmp($/MWh)": 7.43853,
			"RTM_lmp($/MWh)": 15.4
		},
		"11:00:00": {
			"DAM_lmp($/MWh)": 5.46516,
			"RTM_lmp($/MWh)": 14.7764
		},
		"12:00:00": {
			"DAM_lmp($/MWh)": 3.80572,
			"RTM_lmp($/MWh)": 14.50477
		},
		"13:00:00": {
			"DAM_lmp($/MWh)": 3.58328,
			"RTM_lmp($/MWh)": 14.82471
		},
		"14:00:00": {
			"DAM_lmp($/MWh)": 4.75051,
			"RTM_lmp($/MWh)": 9.9976
		},
		"15:00:00": {
			"DAM_lmp($/MWh)": 9.15934,
			"RTM_lmp($/MWh)": 4.9988
		},
		"16:00:00": {
			"DAM_lmp($/MWh)": 13.33442,
			"RTM_lmp($/MWh)": 4.95
		},
		"17:00:00": {
			"DAM_lmp($/MWh)": 24.77397,
			"RTM_lmp($/MWh)": 0.0
		},
		"18:00:00": {
			"DAM_lmp($/MWh)": 43.6993,
			"RTM_lmp($/MWh)": 13.03355
		},
		"19:00:00": {
			"DAM_lmp($/MWh)": 63.60659,
			"RTM_lmp($/MWh)": 25.02698
		},
		"20:00:00": {
			"DAM_lmp($/MWh)": 63.83735,
			"RTM_lmp($/MWh)": 40.0
		},
		"21:00:00": {
			"DAM_lmp($/MWh)": 49.46585,
			"RTM_lmp($/MWh)": 37.47528
		},
		"22:00:00": {
			"DAM_lmp($/MWh)": 37.93621,
			"RTM_lmp($/MWh)": 28.76147
		},
		"23:00:00": {
			"DAM_lmp($/MWh)": 27.41455,
			"RTM_lmp($/MWh)": 29.87338
		}
	}
}