{
	"2023-05-22": {
		"00:00:00": {
			"DAM_lmp($/MWh)": 30.66333,
			"RTM_lmp($/MWh)": 29.41029
		},
		"01:00:00": {
			"DAM_lmp($/MWh)": 26.82511,
			"RTM_lmp($/MWh)": 25.77601
		},
		"02:00:00": {
			"DAM_lmp($/MWh)": 25.49292,
			"RTM_lmp($/MWh)": 21.38547
		},
		"03:00:00": {
			"DAM_lmp($/MWh)": 23.60911,
			"RTM_lmp($/MWh)": 23.50415
		},
		"04:00:00": {
			"DAM_lmp($/MWh)": 27.39659,
			"RTM_lmp($/MWh)": 20.71244
		},
		"05:00:00": {
			"DAM_lmp($/MWh)": 35.57049,
			"RTM_lmp($/MWh)": 30.81135
		},
		"06:00:00": {
			"DAM_lmp($/MWh)": 37.09406,
			"RTM_lmp($/MWh)": 72.0
		},
		"07:00:00": {
			"DAM_lmp($/MWh)": 26.35186,
			"RTM_lmp($/MWh)": 18.0208
		},
		"08:00:00": {
			"DAM_lmp($/MWh)": 17.09838,
			"RTM_lmp($/MWh)": 12.8688
		},
		"09:00:00": {
			"DAM_lmp($/MWh)": 13.16402,
			"RTM_lmp($/MWh)": 12.94
		},
		"10:00:00": {
			"DAM_lmp($/MWh)": 8.98827,
			"RTM_lmp($/MWh)": 15.4
		},
		"11:00:00": {
			"DAM_lmp($/MWh)": 8.46978,
			"RTM_lmp($/MWh)": 14.7764
		},
		"12:00:00": {
			"DAM_lmp($/MWh)": 4.74129,
			"RTM_lmp($/MWh)": 15.82436
		},
		"13:00:00": {
			"DAM_lmp($/MWh)": 4.22204,
			"RTM_lmp($/MWh)": 16.22164
		},
		"14:00:00": {
			"DAM_lmp($/MWh)": 4.79572,
			"RTM_lmp($/MWh)": 9.9976
		},
		"15:00:00": {
			"DAM_lmp($/MWh)": 7.78286,
			"RTM_lmp($/MWh)": 4.9988
		},
		"16:00:00": {
			"DAM_lmp($/MWh)": 12.09034,
			"RTM_lmp($/MWh)": 4.95
		},
		"17:00:00": {
			"DAM_lmp($/MWh)": 25.20965,
			"RTM_lmp($/MWh)": 0.0
		},
		"18:00:00": {
			"DAM_lmp($/MWh)": 44.14633,
			"RTM_lmp($/MWh)": 14.73289
		},
		"19:00:00": {
			"DAM_lmp($/MWh)": 64.94452,
			"RTM_lmp($/MWh)": 27.71974
		},
		"20:00:00": {
			"DAM_lmp($/MWh)": 64.78242,
			"RTM_lmp($/MWh)": 40.0
		},
		"21:00:00": {
			"DAM_lmp($/MWh)": 50.3744,
			"RTM_lmp($/MWh)": 42.13294
		},
		"22:00:00": {
			"DAM_lmp($/MWh)": 41.0124,
			"RTM_lmp($/MWh)": 32.16765
		},
		"23:00:00": {
			"DAM_lmp($/MWh)": 32.70365,
			"RTM_lmp($/MWh)": 33.95593
		}
	},
	"2023-05-23": {
		"00:00:00": {
			"DAM_lmp($/MWh)": 30.66333,
			"RTM_lmp($/MWh)": 29.41029
		},
		"01:00:00": {
			"DAM_lmp($/MWh)": 26.82511,
			"RTM_lmp($/MWh)": 25.77601
		},
		"02:00:00": {
			"DAM_lmp($/MWh)": 25.49292,
			"RTM_lmp($/MWh)": 21.38547
		},
		"03:00:00": {
			"DAM_lmp($/MWh)": 23.60911,
			"RTM_lmp($/MWh)": 23.50415
		},
		"04:00:00": {
			"DAM_lmp($/MWh)": 27.39659,
			"RTM_lmp($/MWh)": 20.71244
		},
		"05:00:00": {
			"DAM_lmp($/MWh)": 35.57049,
			"RTM_lmp($/MWh)": 30.81135
		},
		"06:00:00": {
			"DAM_lmp($/MWh)": 37.09406,
			"RTM_lmp($/MWh)": 72.0
		},
		"07:00:00": {
			"DAM_lmp($/MWh)": 26.35186,
			"RTM_lmp($/MWh)": 18.0208
		},
		"08:00:00": {
			"DAM_lmp($/MWh)": 17.09838,
			"RTM_lmp($/MWh)": 12.8688
		},
		"09:00:00": {
			"DAM_lmp($/MWh)": 13.16402,
			"RTM_lmp($/MWh)": 12.94
		},
		"10:00:00": {
			"DAM_lmp($/MWh)": 8.98827,
			"RTM_lmp($/MWh)": 15.4
		},
		"11:00:00": {
			"DAM_lmp($/MWh)": 8.46978,
			"RTM_lmp($/MWh)": 14.7764
		},
		"12:00:00": {
			"DAM_lmp($/MWh)": 4.74129,
			"RTM_lmp($/MWh)": 15.82436
		},
		"13:00:00": {
			"DAM_lmp($/MWh)": 4.22204,
			"RTM_lmp($/MWh)": 16.22164
		},
		"14:00:00": {
			"DAM_lmp($/MWh)": 4.79572,
			"RTM_lmp($/MWh)": 9.9976
		},
		"15:00:00": {
			"DAM_lmp($/MWh)": 7.78286,
			"RTM_lmp($/MWh)": 4.9988
		},
		"16:00:00": {
			"DAM_lmp($/MWh)": 12.09034,
			"RTM_lmp($/MWh)": 4.95
		},
		"17:00:00": {
			"DAM_lmp($/MWh)": 25.20965,
			"RTM_lmp($/MWh)": 0.0
		},
		"18:00:00": {
			"DAM_lmp($/MWh)": 44.14633,
			"RTM_lmp($/MWh)": 14.73289
		},
		"19:00:00": {
			"DAM_lmp($/MWh)": 64.94452,
			"RTM_lmp($/MWh)": 27.71974
		},
		"20:00:00": {
			"DAM_lmp($/MWh)": 64.78242,
			"RTM_lmp($/MWh)": 40.0
		},
		"21:00:00": {
			"DAM_lmp($/MWh)": 50.3744,
			"RTM_lmp($/MWh)": 42.13294
		},
		"22:00:00": {
			"DAM_lmp($/MWh)": 41.0124,
			"RTM_lmp($/MWh)": 32.16765
		},
		"23:00:00": {
			"DAM_lmp($/MWh)": 32.70365,
			"RTM_lmp($/MWh)": 33.95593
		}
	}
}