{
	"2023-05-22": {
		"00:00:00": {
			"DAM_lmp($/MWh)": 25.86618,
			"RTM_lmp($/MWh)": 26.7894
		},
		"01:00:00": {
			"DAM_lmp($/MWh)": 22.02817,
			"RTM_lmp($/MWh)": 23.10569
		},
		"02:00:00": {
			"DAM_lmp($/MWh)": 20.10586,
			"RTM_lmp($/MWh)": 19.14614
		},
		"03:00:00": {
			"DAM_lmp($/MWh)": 18.0045,
			"RTM_lmp($/MWh)": 6.60271
		},
		"04:00:00": {
			"DAM_lmp($/MWh)": 21.80819,
			"RTM_lmp($/MWh)": 1.66715
		},
		"05:00:00": {
			"DAM_lmp($/MWh)": 31.30439,
			"RTM_lmp($/MWh)": 365.9156
		},
		"06:00:00": {
			"DAM_lmp($/MWh)": 32.20446,
			"RTM_lmp($/MWh)": 72.0
		},
		"07:00:00": {
			"DAM_lmp($/MWh)": 25.81354,
			"RTM_lmp($/MWh)": 18.0208
		},
		"08:00:00": {
			"DAM_lmp($/MWh)": 17.85534,
			"RTM_lmp($/MWh)": 12.8688
		},
		"09:00:00": {
			"DAM_lmp($/MWh)": 14.90195,
			"RTM_lmp($/MWh)": 12.94
		},
		"10:00:00": {
			"DAM_lmp($/MWh)": 10.38611,
			"RTM_lmp($/MWh)": 15.4
		},
		"11:00:00": {
			"DAM_lmp($/MWh)": 8.4256,
			"RTM_lmp($/MWh)": 14.7764
		},
		"12:00:00": {
			"DAM_lmp($/MWh)": 6.53101,
			"RTM_lmp($/MWh)": 14.92205
		},
		"13:00:00": {
			"DAM_lmp($/MWh)": 6.39777,
			"RTM_lmp($/MWh)": 15.1449
		},
		"14:00:00": {
			"DAM_lmp($/MWh)": 7.53321,
			"RTM_lmp($/MWh)": 9.9976
		},
		"15:00:00": {
			"DAM_lmp($/MWh)": 10.53355,
			"RTM_lmp($/MWh)": 4.9988
		},
		"16:00:00": {
			"DAM_lmp($/MWh)": 14.48595,
			"RTM_lmp($/MWh)": 4.95
		},
		"17:00:00": {
			"DAM_lmp($/MWh)": 25.01049,
			"RTM_lmp($/MWh)": 0.0
		},
		"18:00:00": {
			"DAM_lmp($/MWh)": 43.81763,
			"RTM_lmp($/MWh)": 13.81753
		},
		"19:00:00": {
			"DAM_lmp($/MWh)": 64.47916,
			"RTM_lmp($/MWh)": 26.9826
		},
		"20:00:00": {
			"DAM_lmp($/MWh)": 64.68532,
			"RTM_lmp($/MWh)": 40.0
		},
		"21:00:00": {
			"DAM_lmp($/MWh)": 49.63059,
			"RTM_lmp($/MWh)": 41.07133
		},
		"22:00:00": {
			"DAM_lmp($/MWh)": 38.59208,
			"RTM_lmp($/MWh)": 30.96434
		},
		"23:00:00": {
			"DAM_lmp($/MWh)": 28.5578,
			"RTM_lmp($/MWh)": 31.98608
		}
	},
	"2023-05-23": {
		"00:00:00": {
			"DAM_lmp($/MWh)": 25.86618,
			"RTM_lmp($/MWh)": 26.7894
		},
		"01:00:00": {
			"DAM_lmp($/MWh)": 22.02817,
			"RTM_lmp($/MWh)": 23.10569
		},
		"02:00:00": {
			"DAM_lmp($/MWh)": 20.10586,
			"RTM_lmp($/MWh)": 19.14614
		},
		"03:00:00": {
			"DAM_lmp($/MWh)": 18.0045,
			"RTM_lmp($/MWh)": 6.60271
		},
		"04:00:00": {
			"DAM_lmp($/MWh)": 21.80819,
			"RTM_lmp($/MWh)": 1.66715
		},
		"05:00:00": {
			"DAM_lmp($/MWh)": 31.30439,
			"RTM_lmp($/MWh)": 365.9156
		},
		"06:00:00": {
			"DAM_lmp($/MWh)": 32.20446,
			"RTM_lmp($/MWh)": 72.0
		},
		"07:00:00": {
			"DAM_lmp($/MWh)": 25.81354,
			"RTM_lmp($/MWh)": 18.0208
		},
		"08:00:00": {
			"DAM_lmp($/MWh)": 17.85534,
			"RTM_lmp($/MWh)": 12.8688
		},
		"09:00:00": {
			"DAM_lmp($/MWh)": 14.90195,
			"RTM_lmp($/MWh)": 12.94
		},
		"10:00:00": {
			"DAM_lmp($/MWh)": 10.38611,
			"RTM_lmp($/MWh)": 15.4
		},
		"11:00:00": {
			"DAM_lmp($/MWh)": 8.4256,
			"RTM_lmp($/MWh)": 14.7764
		},
		"12:00:00": {
			"DAM_lmp($/MWh)": 6.53101,
			"RTM_lmp($/MWh)": 14.92205
		},
		"13:00:00": {
			"DAM_lmp($/MWh)": 6.39777,
			"RTM_lmp($/MWh)": 15.1449
		},
		"14:00:00": {
			"DAM_lmp($/MWh)": 7.53321,
			"RTM_lmp($/MWh)": 9.9976
		},
		"15:00:00": {
			"DAM_lmp($/MWh)": 10.53355,
			"RTM_lmp($/MWh)": 4.9988
		},
		"16:00:00": {
			"DAM_lmp($/MWh)": 14.48595,
			"RTM_lmp($/MWh)": 4.95
		},
		"17:00:00": {
			"DAM_lmp($/MWh)": 25.01049,
			"RTM_lmp($/MWh)": 0.0
		},
		"18:00:00": {
			"DAM_lmp($/MWh)": 43.81763,
			"RTM_lmp($/MWh)": 13.81753
		},
		"19:00:00": {
			"DAM_lmp($/MWh)": 64.47916,
			"RTM_lmp($/MWh)": 26.9826
		},
		"20:00:00": {
			"DAM_lmp($/MWh)": 64.68532,
			"RTM_lmp($/MWh)": 40.0
		},
		"21:00:00": {
			"DAM_lmp($/MWh)": 49.63059,
			"RTM_lmp($/MWh)": 41.07133
		},
		"22:00:00": {
			"DAM_lmp($/MWh)": 38.59208,
			"RTM_lmp($/MWh)": 30.96434
		},
		"23:00:00": {
			"DAM_lmp($/MWh)": 28.5578,
			"RTM_lmp($/MWh)": 31.98608
		}
	}
}