{
	"2023-05-22": {
		"00:00:00": {
			"DAM_lmp($/MWh)": 13.06,
			"RTM_lmp($/MWh)": 22.16317
		},
		"01:00:00": {
			"DAM_lmp($/MWh)": 9.3877,
			"RTM_lmp($/MWh)": 19.14926
		},
		"02:00:00": {
			"DAM_lmp($/MWh)": 6.00404,
			"RTM_lmp($/MWh)": 15.82927
		},
		"03:00:00": {
			"DAM_lmp($/MWh)": 3.67894,
			"RTM_lmp($/MWh)": 5.50927
		},
		"04:00:00": {
			"DAM_lmp($/MWh)": 8.00196,
			"RTM_lmp($/MWh)": 1.54321
		},
		"05:00:00": {
			"DAM_lmp($/MWh)": 20.33772,
			"RTM_lmp($/MWh)": 25.73971
		},
		"06:00:00": {
			"DAM_lmp($/MWh)": 18.07085,
			"RTM_lmp($/MWh)": 59.92116
		},
		"07:00:00": {
			"DAM_lmp($/MWh)": 19.93688,
			"RTM_lmp($/MWh)": 18.0208
		},
		"08:00:00": {
			"DAM_lmp($/MWh)": 9.43164,
			"RTM_lmp($/MWh)": 12.8688
		},
		"09:00:00": {
			"DAM_lmp($/MWh)": 7.00389,
			"RTM_lmp($/MWh)": 10.90449
		},
		"10:00:00": {
			"DAM_lmp($/MWh)": 3.10936,
			"RTM_lmp($/MWh)": 12.77634
		},
		"11:00:00": {
			"DAM_lmp($/MWh)": 1.45965,
			"RTM_lmp($/MWh)": 12.25905
		},
		"12:00:00": {
			"DAM_lmp($/MWh)": -3.51127,
			"RTM_lmp($/MWh)": 12.04662
		},
		"13:00:00": {
			"DAM_lmp($/MWh)": -2.89064,
			"RTM_lmp($/MWh)": 12.26095
		},
		"14:00:00": {
			"DAM_lmp($/MWh)": 1.75081,
			"RTM_lmp($/MWh)": 9.9976
		},
		"15:00:00": {
			"DAM_lmp($/MWh)": 3.92623,
			"RTM_lmp($/MWh)": 4.9988
		},
		"16:00:00": {
			"DAM_lmp($/MWh)": 9.14753,
			"RTM_lmp($/MWh)": 4.95
		},
		"17:00:00": {
			"DAM_lmp($/MWh)": 20.21346,
			"RTM_lmp($/MWh)": 0.0
		},
		"18:00:00": {
			"DAM_lmp($/MWh)": 35.75218,
			"RTM_lmp($/MWh)": 13.20063
		},
		"19:00:00": {
			"DAM_lmp($/MWh)": 58.44312,
			"RTM_lmp($/MWh)": 25.79438
		},
		"20:00:00": {
			"DAM_lmp($/MWh)": 57.06059,
			"RTM_lmp($/MWh)": 40.0
		},
		"21:00:00": {
			"DAM_lmp($/MWh)": 41.80423,
			"RTM_lmp($/MWh)": 38.69635
		},
		"22:00:00": {
			"DAM_lmp($/MWh)": 27.51174,
			"RTM_lmp($/MWh)": 29.59232
		},
		"23:00:00": {
			"DAM_lmp($/MWh)": 16.77183,
			"RTM_lmp($/MWh)": -0.18691
		}
	},
	"2023-05-23": {
		"00:00:00": {
			"DAM_lmp($/MWh)": 13.06,
			"RTM_lmp($/MWh)": 22.16317
		},
		"01:00:00": {
			"DAM_lmp($/MWh)": 9.3877,
			"RTM_lmp($/MWh)": 19.14926
		},
		"02:00:00": {
			"DAM_lmp($/MWh)": 6.00404,
			"RTM_lmp($/MWh)": 15.82927
		},
		"03:00:00": {
			"DAM_lmp($/MWh)": 3.67894,
			"RTM_lmp($/MWh)": 5.50927
		},
		"04:00:00": {
			"DAM_lmp($/MWh)": 8.00196,
			"RTM_lmp($/MWh)": 1.54321
		},
		"05:00:00": {
			"DAM_lmp($/MWh)": 20.33772,
			"RTM_lmp($/MWh)": 25.73971
		},
		"06:00:00": {
			"DAM_lmp($/MWh)": 18.07085,
			"RTM_lmp($/MWh)": 59.92116
		},
		"07:00:00": {
			"DAM_lmp($/MWh)": 19.93688,
			"RTM_lmp($/MWh)": 18.0208
		},
		"08:00:00": {
			"DAM_lmp($/MWh)": 9.43164,
			"RTM_lmp($/MWh)": 12.8688
		},
		"09:00:00": {
			"DAM_lmp($/MWh)": 7.00389,
			"RTM_lmp($/MWh)": 10.90449
		},
		"10:00:00": {
			"DAM_lmp($/MWh)": 3.10936,
			"RTM_lmp($/MWh)": 12.77634
		},
		"11:00:00": {
			"DAM_lmp($/MWh)": 1.45965,
			"RTM_lmp($/MWh)": 12.25905
		},
		"12:00:00": {
			"DAM_lmp($/MWh)": -3.51127,
			"RTM_lmp($/MWh)": 12.04662
		},
		"13:00:00": {
			"DAM_lmp($/MWh)": -2.89064,
			"RTM_lmp($/MWh)": 12.26095
		},
		"14:00:00": {
			"DAM_lmp($/MWh)": 1.75081,
			"RTM_lmp($/MWh)": 9.9976
		},
		"15:00:00": {
			"DAM_lmp($/MWh)": 3.92623,
			"RTM_lmp($/MWh)": 4.9988
		},
		"16:00:00": {
			"DAM_lmp($/MWh)": 9.14753,
			"RTM_lmp($/MWh)": 4.95
		},
		"17:00:00": {
			"DAM_lmp($/MWh)": 20.21346,
			"RTM_lmp($/MWh)": 0.0
		},
		"18:00:00": {
			"DAM_lmp($/MWh)": 35.75218,
			"RTM_lmp($/MWh)": 13.20063
		},
		"19:00:00": {
			"DAM_lmp($/MWh)": 58.44312,
			"RTM_lmp($/MWh)": 25.79438
		},
		"20:00:00": {
			"DAM_lmp($/MWh)": 57.06059,
			"RTM_lmp($/MWh)": 40.0
		},
		"21:00:00": {
			"DAM_lmp($/MWh)": 41.80423,
			"RTM_lmp($/MWh)": 38.69635
		},
		"22:00:00": {
			"DAM_lmp($/MWh)": 27.51174,
			"RTM_lmp($/MWh)": 29.59232
		},
		"23:00:00": {
			"DAM_lmp($/MWh)": 16.77183,
			"RTM_lmp($/MWh)": -0.18691
		}
	}
}