{
	"2023-05-22": {
		"00:00:00": {
			"DAM_lmp($/MWh)": 26.15869,
			"RTM_lmp($/MWh)": 27.4183
		},
		"01:00:00": {
			"DAM_lmp($/MWh)": 22.50659,
			"RTM_lmp($/MWh)": 23.61997
		},
		"02:00:00": {
			"DAM_lmp($/MWh)": 20.6515,
			"RTM_lmp($/MWh)": 19.91174
		},
		"03:00:00": {
			"DAM_lmp($/MWh)": 18.48646,
			"RTM_lmp($/MWh)": 7.23339
		},
		"04:00:00": {
			"DAM_lmp($/MWh)": 22.4297,
			"RTM_lmp($/MWh)": 2.13211
		},
		"05:00:00": {
			"DAM_lmp($/MWh)": 32.07603,
			"RTM_lmp($/MWh)": 30.81135
		},
		"06:00:00": {
			"DAM_lmp($/MWh)": 33.02829,
			"RTM_lmp($/MWh)": 72.0
		},
		"07:00:00": {
			"DAM_lmp($/MWh)": 26.41397,
			"RTM_lmp($/MWh)": 18.0208
		},
		"08:00:00": {
			"DAM_lmp($/MWh)": 16.90538,
			"RTM_lmp($/MWh)": 12.8688
		},
		"09:00:00": {
			"DAM_lmp($/MWh)": 14.35037,
			"RTM_lmp($/MWh)": 12.94
		},
		"10:00:00": {
			"DAM_lmp($/MWh)": 9.9194,
			"RTM_lmp($/MWh)": 15.4
		},
		"11:00:00": {
			"DAM_lmp($/MWh)": 8.09264,
			"RTM_lmp($/MWh)": 14.7764
		},
		"12:00:00": {
			"DAM_lmp($/MWh)": 6.15667,
			"RTM_lmp($/MWh)": 15.15148
		},
		"13:00:00": {
			"DAM_lmp($/MWh)": 6.02799,
			"RTM_lmp($/MWh)": 15.38976
		},
		"14:00:00": {
			"DAM_lmp($/MWh)": 7.20117,
			"RTM_lmp($/MWh)": 9.9976
		},
		"15:00:00": {
			"DAM_lmp($/MWh)": 10.31162,
			"RTM_lmp($/MWh)": 4.9988
		},
		"16:00:00": {
			"DAM_lmp($/MWh)": 14.47242,
			"RTM_lmp($/MWh)": 4.95
		},
		"17:00:00": {
			"DAM_lmp($/MWh)": 25.71006,
			"RTM_lmp($/MWh)": 0.0
		},
		"18:00:00": {
			"DAM_lmp($/MWh)": 44.88261,
			"RTM_lmp($/MWh)": 14.46728
		},
		"19:00:00": {
			"DAM_lmp($/MWh)": 66.60562,
			"RTM_lmp($/MWh)": 28.09106
		},
		"20:00:00": {
			"DAM_lmp($/MWh)": 66.64019,
			"RTM_lmp($/MWh)": 40.0
		},
		"21:00:00": {
			"DAM_lmp($/MWh)": 50.97843,
			"RTM_lmp($/MWh)": 42.83369
		},
		"22:00:00": {
			"DAM_lmp($/MWh)": 39.60851,
			"RTM_lmp($/MWh)": 32.1008
		},
		"23:00:00": {
			"DAM_lmp($/MWh)": 29.141,
			"RTM_lmp($/MWh)": 33.05904
		}
	},
	"2023-05-23": {
		"00:00:00": {
			"DAM_lmp($/MWh)": 26.15869,
			"RTM_lmp($/MWh)": 27.4183
		},
		"01:00:00": {
			"DAM_lmp($/MWh)": 22.50659,
			"RTM_lmp($/MWh)": 23.61997
		},
		"02:00:00": {
			"DAM_lmp($/MWh)": 20.6515,
			"RTM_lmp($/MWh)": 19.91174
		},
		"03:00:00": {
			"DAM_lmp($/MWh)": 18.48646,
			"RTM_lmp($/MWh)": 7.23339
		},
		"04:00:00": {
			"DAM_lmp($/MWh)": 22.4297,
			"RTM_lmp($/MWh)": 2.13211
		},
		"05:00:00": {
			"DAM_lmp($/MWh)": 32.07603,
			"RTM_lmp($/MWh)": 30.81135
		},
		"06:00:00": {
			"DAM_lmp($/MWh)": 33.02829,
			"RTM_lmp($/MWh)": 72.0
		},
		"07:00:00": {
			"DAM_lmp($/MWh)": 26.41397,
			"RTM_lmp($/MWh)": 18.0208
		},
		"08:00:00": {
			"DAM_lmp($/MWh)": 16.90538,
			"RTM_lmp($/MWh)": 12.8688
		},
		"09:00:00": {
			"DAM_lmp($/MWh)": 14.35037,
			"RTM_lmp($/MWh)": 12.94
		},
		"10:00:00": {
			"DAM_lmp($/MWh)": 9.9194,
			"RTM_lmp($/MWh)": 15.4
		},
		"11:00:00": {
			"DAM_lmp($/MWh)": 8.09264,
			"RTM_lmp($/MWh)": 14.7764
		},
		"12:00:00": {
			"DAM_lmp($/MWh)": 6.15667,
			"RTM_lmp($/MWh)": 15.15148
		},
		"13:00:00": {
			"DAM_lmp($/MWh)": 6.02799,
			"RTM_lmp($/MWh)": 15.38976
		},
		"14:00:00": {
			"DAM_lmp($/MWh)": 7.20117,
			"RTM_lmp($/MWh)": 9.9976
		},
		"15:00:00": {
			"DAM_lmp($/MWh)": 10.31162,
			"RTM_lmp($/MWh)": 4.9988
		},
		"16:00:00": {
			"DAM_lmp($/MWh)": 14.47242,
			"RTM_lmp($/MWh)": 4.95
		},
		"17:00:00": {
			"DAM_lmp($/MWh)": 25.71006,
			"RTM_lmp($/MWh)": 0.0
		},
		"18:00:00": {
			"DAM_lmp($/MWh)": 44.88261,
			"RTM_lmp($/MWh)": 14.46728
		},
		"19:00:00": {
			"DAM_lmp($/MWh)": 66.60562,
			"RTM_lmp($/MWh)": 28.09106
		},
		"20:00:00": {
			"DAM_lmp($/MWh)": 66.64019,
			"RTM_lmp($/MWh)": 40.0
		},
		"21:00:00": {
			"DAM_lmp($/MWh)": 50.97843,
			"RTM_lmp($/MWh)": 42.83369
		},
		"22:00:00": {
			"DAM_lmp($/MWh)": 39.60851,
			"RTM_lmp($/MWh)": 32.1008
		},
		"23:00:00": {
			"DAM_lmp($/MWh)": 29.141,
			"RTM_lmp($/MWh)": 33.05904
		}
	}
}