{
	"2023-05-22": {
		"00:00:00": {
			"DAM_lmp($/MWh)": 15.36745,
			"RTM_lmp($/MWh)": 24.34049
		},
		"01:00:00": {
			"DAM_lmp($/MWh)": 11.24905,
			"RTM_lmp($/MWh)": 21.04022
		},
		"02:00:00": {
			"DAM_lmp($/MWh)": 7.76072,
			"RTM_lmp($/MWh)": 17.43441
		},
		"03:00:00": {
			"DAM_lmp($/MWh)": 5.10886,
			"RTM_lmp($/MWh)": 5.90445
		},
		"04:00:00": {
			"DAM_lmp($/MWh)": 9.42638,
			"RTM_lmp($/MWh)": 1.45757
		},
		"05:00:00": {
			"DAM_lmp($/MWh)": 23.05267,
			"RTM_lmp($/MWh)": 28.89402
		},
		"06:00:00": {
			"DAM_lmp($/MWh)": 20.26028,
			"RTM_lmp($/MWh)": 67.43361
		},
		"07:00:00": {
			"DAM_lmp($/MWh)": 22.9067,
			"RTM_lmp($/MWh)": 18.0208
		},
		"08:00:00": {
			"DAM_lmp($/MWh)": 11.25659,
			"RTM_lmp($/MWh)": 12.8688
		},
		"09:00:00": {
			"DAM_lmp($/MWh)": 8.80935,
			"RTM_lmp($/MWh)": 12.14565
		},
		"10:00:00": {
			"DAM_lmp($/MWh)": 5.76239,
			"RTM_lmp($/MWh)": 14.37613
		},
		"11:00:00": {
			"DAM_lmp($/MWh)": 4.10499,
			"RTM_lmp($/MWh)": 13.79402
		},
		"12:00:00": {
			"DAM_lmp($/MWh)": 1.03183,
			"RTM_lmp($/MWh)": 13.33282
		},
		"13:00:00": {
			"DAM_lmp($/MWh)": 1.08235,
			"RTM_lmp($/MWh)": 13.54922
		},
		"14:00:00": {
			"DAM_lmp($/MWh)": 3.52644,
			"RTM_lmp($/MWh)": 9.9976
		},
		"15:00:00": {
			"DAM_lmp($/MWh)": 6.08268,
			"RTM_lmp($/MWh)": 4.9988
		},
		"16:00:00": {
			"DAM_lmp($/MWh)": 10.59845,
			"RTM_lmp($/MWh)": 4.95
		},
		"17:00:00": {
			"DAM_lmp($/MWh)": 22.44585,
			"RTM_lmp($/MWh)": 0.0
		},
		"18:00:00": {
			"DAM_lmp($/MWh)": 39.26928,
			"RTM_lmp($/MWh)": 13.05782
		},
		"19:00:00": {
			"DAM_lmp($/MWh)": 59.90067,
			"RTM_lmp($/MWh)": 25.68711
		},
		"20:00:00": {
			"DAM_lmp($/MWh)": 59.33186,
			"RTM_lmp($/MWh)": 40.0
		},
		"21:00:00": {
			"DAM_lmp($/MWh)": 45.28985,
			"RTM_lmp($/MWh)": 38.31031
		},
		"22:00:00": {
			"DAM_lmp($/MWh)": 31.11569,
			"RTM_lmp($/MWh)": 29.33129
		},
		"23:00:00": {
			"DAM_lmp($/MWh)": 19.22622,
			"RTM_lmp($/MWh)": 18.77317
		}
	},
	"2023-05-23": {
		"00:00:00": {
			"DAM_lmp($/MWh)": 15.36745,
			"RTM_lmp($/MWh)": 24.34049
		},
		"01:00:00": {
			"DAM_lmp($/MWh)": 11.24905,
			"RTM_lmp($/MWh)": 21.04022
		},
		"02:00:00": {
			"DAM_lmp($/MWh)": 7.76072,
			"RTM_lmp($/MWh)": 17.43441
		},
		"03:00:00": {
			"DAM_lmp($/MWh)": 5.10886,
			"RTM_lmp($/MWh)": 5.90445
		},
		"04:00:00": {
			"DAM_lmp($/MWh)": 9.42638,
			"RTM_lmp($/MWh)": 1.45757
		},
		"05:00:00": {
			"DAM_lmp($/MWh)": 23.05267,
			"RTM_lmp($/MWh)": 28.89402
		},
		"06:00:00": {
			"DAM_lmp($/MWh)": 20.26028,
			"RTM_lmp($/MWh)": 67.43361
		},
		"07:00:00": {
			"DAM_lmp($/MWh)": 22.9067,
			"RTM_lmp($/MWh)": 18.0208
		},
		"08:00:00": {
			"DAM_lmp($/MWh)": 11.25659,
			"RTM_lmp($/MWh)": 12.8688
		},
		"09:00:00": {
			"DAM_lmp($/MWh)": 8.80935,
			"RTM_lmp($/MWh)": 12.14565
		},
		"10:00:00": {
			"DAM_lmp($/MWh)": 5.76239,
			"RTM_lmp($/MWh)": 14.37613
		},
		"11:00:00": {
			"DAM_lmp($/MWh)": 4.10499,
			"RTM_lmp($/MWh)": 13.79402
		},
		"12:00:00": {
			"DAM_lmp($/MWh)": 1.03183,
			"RTM_lmp($/MWh)": 13.33282
		},
		"13:00:00": {
			"DAM_lmp($/MWh)": 1.08235,
			"RTM_lmp($/MWh)": 13.54922
		},
		"14:00:00": {
			"DAM_lmp($/MWh)": 3.52644,
			"RTM_lmp($/MWh)": 9.9976
		},
		"15:00:00": {
			"DAM_lmp($/MWh)": 6.08268,
			"RTM_lmp($/MWh)": 4.9988
		},
		"16:00:00": {
			"DAM_lmp($/MWh)": 10.59845,
			"RTM_lmp($/MWh)": 4.95
		},
		"17:00:00": {
			"DAM_lmp($/MWh)": 22.44585,
			"RTM_lmp($/MWh)": 0.0
		},
		"18:00:00": {
			"DAM_lmp($/MWh)": 39.26928,
			"RTM_lmp($/MWh)": 13.05782
		},
		"19:00:00": {
			"DAM_lmp($/MWh)": 59.90067,
			"RTM_lmp($/MWh)": 25.68711
		},
		"20:00:00": {
			"DAM_lmp($/MWh)": 59.33186,
			"RTM_lmp($/MWh)": 40.0
		},
		"21:00:00": {
			"DAM_lmp($/MWh)": 45.28985,
			"RTM_lmp($/MWh)": 38.31031
		},
		"22:00:00": {
			"DAM_lmp($/MWh)": 31.11569,
			"RTM_lmp($/MWh)": 29.33129
		},
		"23:00:00": {
			"DAM_lmp($/MWh)": 19.22622,
			"RTM_lmp($/MWh)": 18.77317
		}
	}
}