{
	"2023-05-22": {
		"00:00:00": {
			"DAM_lmp($/MWh)": 24.77732,
			"RTM_lmp($/MWh)": 24.87424
		},
		"01:00:00": {
			"DAM_lmp($/MWh)": 21.04771,
			"RTM_lmp($/MWh)": 21.44663
		},
		"02:00:00": {
			"DAM_lmp($/MWh)": 19.11767,
			"RTM_lmp($/MWh)": 17.85304
		},
		"03:00:00": {
			"DAM_lmp($/MWh)": 17.14535,
			"RTM_lmp($/MWh)": 6.20445
		},
		"04:00:00": {
			"DAM_lmp($/MWh)": 20.98444,
			"RTM_lmp($/MWh)": 1.31609
		},
		"05:00:00": {
			"DAM_lmp($/MWh)": 30.32133,
			"RTM_lmp($/MWh)": 30.81135
		},
		"06:00:00": {
			"DAM_lmp($/MWh)": 31.09725,
			"RTM_lmp($/MWh)": 72.0
		},
		"07:00:00": {
			"DAM_lmp($/MWh)": 25.04746,
			"RTM_lmp($/MWh)": 18.0208
		},
		"08:00:00": {
			"DAM_lmp($/MWh)": 15.21664,
			"RTM_lmp($/MWh)": 12.8688
		},
		"09:00:00": {
			"DAM_lmp($/MWh)": 12.81089,
			"RTM_lmp($/MWh)": 12.94
		},
		"10:00:00": {
			"DAM_lmp($/MWh)": 8.86705,
			"RTM_lmp($/MWh)": 15.4
		},
		"11:00:00": {
			"DAM_lmp($/MWh)": 6.84989,
			"RTM_lmp($/MWh)": 14.7764
		},
		"12:00:00": {
			"DAM_lmp($/MWh)": 5.39878,
			"RTM_lmp($/MWh)": 14.16139
		},
		"13:00:00": {
			"DAM_lmp($/MWh)": 5.20553,
			"RTM_lmp($/MWh)": 14.41348
		},
		"14:00:00": {
			"DAM_lmp($/MWh)": 6.28921,
			"RTM_lmp($/MWh)": 9.9976
		},
		"15:00:00": {
			"DAM_lmp($/MWh)": 9.17366,
			"RTM_lmp($/MWh)": 4.9988
		},
		"16:00:00": {
			"DAM_lmp($/MWh)": 13.07303,
			"RTM_lmp($/MWh)": 4.95
		},
		"17:00:00": {
			"DAM_lmp($/MWh)": 23.77565,
			"RTM_lmp($/MWh)": 0.0
		},
		"18:00:00": {
			"DAM_lmp($/MWh)": 41.95939,
			"RTM_lmp($/MWh)": 12.60943
		},
		"19:00:00": {
			"DAM_lmp($/MWh)": 61.82915,
			"RTM_lmp($/MWh)": 24.46863
		},
		"20:00:00": {
			"DAM_lmp($/MWh)": 61.99253,
			"RTM_lmp($/MWh)": 40.0
		},
		"21:00:00": {
			"DAM_lmp($/MWh)": 47.58387,
			"RTM_lmp($/MWh)": 37.11442
		},
		"22:00:00": {
			"DAM_lmp($/MWh)": 36.88294,
			"RTM_lmp($/MWh)": 28.32535
		},
		"23:00:00": {
			"DAM_lmp($/MWh)": 27.31069,
			"RTM_lmp($/MWh)": 29.28542
		}
	},
	"2023-05-23": {
		"00:00:00": {
			"DAM_lmp($/MWh)": 24.77732,
			"RTM_lmp($/MWh)": 24.87424
		},
		"01:00:00": {
			"DAM_lmp($/MWh)": 21.04771,
			"RTM_lmp($/MWh)": 21.44663
		},
		"02:00:00": {
			"DAM_lmp($/MWh)": 19.11767,
			"RTM_lmp($/MWh)": 17.85304
		},
		"03:00:00": {
			"DAM_lmp($/MWh)": 17.14535,
			"RTM_lmp($/MWh)": 6.20445
		},
		"04:00:00": {
			"DAM_lmp($/MWh)": 20.98444,
			"RTM_lmp($/MWh)": 1.31609
		},
		"05:00:00": {
			"DAM_lmp($/MWh)": 30.32133,
			"RTM_lmp($/MWh)": 30.81135
		},
		"06:00:00": {
			"DAM_lmp($/MWh)": 31.09725,
			"RTM_lmp($/MWh)": 72.0
		},
		"07:00:00": {
			"DAM_lmp($/MWh)": 25.04746,
			"RTM_lmp($/MWh)": 18.0208
		},
		"08:00:00": {
			"DAM_lmp($/MWh)": 15.21664,
			"RTM_lmp($/MWh)": 12.8688
		},
		"09:00:00": {
			"DAM_lmp($/MWh)": 12.81089,
			"RTM_lmp($/MWh)": 12.94
		},
		"10:00:00": {
			"DAM_lmp($/MWh)": 8.86705,
			"RTM_lmp($/MWh)": 15.4
		},
		"11:00:00": {
			"DAM_lmp($/MWh)": 6.84989,
			"RTM_lmp($/MWh)": 14.7764
		},
		"12:00:00": {
			"DAM_lmp($/MWh)": 5.39878,
			"RTM_lmp($/MWh)": 14.16139
		},
		"13:00:00": {
			"DAM_lmp($/MWh)": 5.20553,
			"RTM_lmp($/MWh)": 14.41348
		},
		"14:00:00": {
			"DAM_lmp($/MWh)": 6.28921,
			"RTM_lmp($/MWh)": 9.9976
		},
		"15:00:00": {
			"DAM_lmp($/MWh)": 9.17366,
			"RTM_lmp($/MWh)": 4.9988
		},
		"16:00:00": {
			"DAM_lmp($/MWh)": 13.07303,
			"RTM_lmp($/MWh)": 4.95
		},
		"17:00:00": {
			"DAM_lmp($/MWh)": 23.77565,
			"RTM_lmp($/MWh)": 0.0
		},
		"18:00:00": {
			"DAM_lmp($/MWh)": 41.95939,
			"RTM_lmp($/MWh)": 12.60943
		},
		"19:00:00": {
			"DAM_lmp($/MWh)": 61.82915,
			"RTM_lmp($/MWh)": 24.46863
		},
		"20:00:00": {
			"DAM_lmp($/MWh)": 61.99253,
			"RTM_lmp($/MWh)": 40.0
		},
		"21:00:00": {
			"DAM_lmp($/MWh)": 47.58387,
			"RTM_lmp($/MWh)": 37.11442
		},
		"22:00:00": {
			"DAM_lmp($/MWh)": 36.88294,
			"RTM_lmp($/MWh)": 28.32535
		},
		"23:00:00": {
			"DAM_lmp($/MWh)": 27.31069,
			"RTM_lmp($/MWh)": 29.28542
		}
	}
}