{
	"2023-05-22": {
		"00:00:00": {
			"DAM_lmp($/MWh)": 31.46941,
			"RTM_lmp($/MWh)": 32.51789
		},
		"01:00:00": {
			"DAM_lmp($/MWh)": 26.5033,
			"RTM_lmp($/MWh)": 28.22454
		},
		"02:00:00": {
			"DAM_lmp($/MWh)": 24.44031,
			"RTM_lmp($/MWh)": 23.49256
		},
		"03:00:00": {
			"DAM_lmp($/MWh)": 21.54151,
			"RTM_lmp($/MWh)": 8.05419
		},
		"04:00:00": {
			"DAM_lmp($/MWh)": 25.76817,
			"RTM_lmp($/MWh)": 1.90004
		},
		"05:00:00": {
			"DAM_lmp($/MWh)": 37.93222,
			"RTM_lmp($/MWh)": 37.98586
		},
		"06:00:00": {
			"DAM_lmp($/MWh)": 37.90236,
			"RTM_lmp($/MWh)": 89.08714
		},
		"07:00:00": {
			"DAM_lmp($/MWh)": 31.96711,
			"RTM_lmp($/MWh)": 18.0208
		},
		"08:00:00": {
			"DAM_lmp($/MWh)": 19.91132,
			"RTM_lmp($/MWh)": 12.8688
		},
		"09:00:00": {
			"DAM_lmp($/MWh)": 17.2107,
			"RTM_lmp($/MWh)": 15.8195
		},
		"10:00:00": {
			"DAM_lmp($/MWh)": 15.02643,
			"RTM_lmp($/MWh)": 19.11152
		},
		"11:00:00": {
			"DAM_lmp($/MWh)": 13.28032,
			"RTM_lmp($/MWh)": 18.33753
		},
		"12:00:00": {
			"DAM_lmp($/MWh)": 15.57349,
			"RTM_lmp($/MWh)": 17.96674
		},
		"13:00:00": {
			"DAM_lmp($/MWh)": 14.06847,
			"RTM_lmp($/MWh)": 18.2
		},
		"14:00:00": {
			"DAM_lmp($/MWh)": 10.22198,
			"RTM_lmp($/MWh)": 9.9976
		},
		"15:00:00": {
			"DAM_lmp($/MWh)": 14.23414,
			"RTM_lmp($/MWh)": 4.9988
		},
		"16:00:00": {
			"DAM_lmp($/MWh)": 16.85363,
			"RTM_lmp($/MWh)": 4.95
		},
		"17:00:00": {
			"DAM_lmp($/MWh)": 29.62693,
			"RTM_lmp($/MWh)": 0.0
		},
		"18:00:00": {
			"DAM_lmp($/MWh)": 51.79898,
			"RTM_lmp($/MWh)": 13.80468
		},
		"19:00:00": {
			"DAM_lmp($/MWh)": 68.2676,
			"RTM_lmp($/MWh)": 26.9606
		},
		"20:00:00": {
			"DAM_lmp($/MWh)": 70.0253,
			"RTM_lmp($/MWh)": 40.0
		},
		"21:00:00": {
			"DAM_lmp($/MWh)": 56.38874,
			"RTM_lmp($/MWh)": 40.93286
		},
		"22:00:00": {
			"DAM_lmp($/MWh)": 46.46031,
			"RTM_lmp($/MWh)": 31.02801
		},
		"23:00:00": {
			"DAM_lmp($/MWh)": 34.29889,
			"RTM_lmp($/MWh)": 75.72073
		}
	},
	"2023-05-23": {
		"00:00:00": {
			"DAM_lmp($/MWh)": 31.46941,
			"RTM_lmp($/MWh)": 32.51789
		},
		"01:00:00": {
			"DAM_lmp($/MWh)": 26.5033,
			"RTM_lmp($/MWh)": 28.22454
		},
		"02:00:00": {
			"DAM_lmp($/MWh)": 24.44031,
			"RTM_lmp($/MWh)": 23.49256
		},
		"03:00:00": {
			"DAM_lmp($/MWh)": 21.54151,
			"RTM_lmp($/MWh)": 8.05419
		},
		"04:00:00": {
			"DAM_lmp($/MWh)": 25.76817,
			"RTM_lmp($/MWh)": 1.90004
		},
		"05:00:00": {
			"DAM_lmp($/MWh)": 37.93222,
			"RTM_lmp($/MWh)": 37.98586
		},
		"06:00:00": {
			"DAM_lmp($/MWh)": 37.90236,
			"RTM_lmp($/MWh)": 89.08714
		},
		"07:00:00": {
			"DAM_lmp($/MWh)": 31.96711,
			"RTM_lmp($/MWh)": 18.0208
		},
		"08:00:00": {
			"DAM_lmp($/MWh)": 19.91132,
			"RTM_lmp($/MWh)": 12.8688
		},
		"09:00:00": {
			"DAM_lmp($/MWh)": 17.2107,
			"RTM_lmp($/MWh)": 15.8195
		},
		"10:00:00": {
			"DAM_lmp($/MWh)": 15.02643,
			"RTM_lmp($/MWh)": 19.11152
		},
		"11:00:00": {
			"DAM_lmp($/MWh)": 13.28032,
			"RTM_lmp($/MWh)": 18.33753
		},
		"12:00:00": {
			"DAM_lmp($/MWh)": 15.57349,
			"RTM_lmp($/MWh)": 17.96674
		},
		"13:00:00": {
			"DAM_lmp($/MWh)": 14.06847,
			"RTM_lmp($/MWh)": 18.2
		},
		"14:00:00": {
			"DAM_lmp($/MWh)": 10.22198,
			"RTM_lmp($/MWh)": 9.9976
		},
		"15:00:00": {
			"DAM_lmp($/MWh)": 14.23414,
			"RTM_lmp($/MWh)": 4.9988
		},
		"16:00:00": {
			"DAM_lmp($/MWh)": 16.85363,
			"RTM_lmp($/MWh)": 4.95
		},
		"17:00:00": {
			"DAM_lmp($/MWh)": 29.62693,
			"RTM_lmp($/MWh)": 0.0
		},
		"18:00:00": {
			"DAM_lmp($/MWh)": 51.79898,
			"RTM_lmp($/MWh)": 13.80468
		},
		"19:00:00": {
			"DAM_lmp($/MWh)": 68.2676,
			"RTM_lmp($/MWh)": 26.9606
		},
		"20:00:00": {
			"DAM_lmp($/MWh)": 70.0253,
			"RTM_lmp($/MWh)": 40.0
		},
		"21:00:00": {
			"DAM_lmp($/MWh)": 56.38874,
			"RTM_lmp($/MWh)": 40.93286
		},
		"22:00:00": {
			"DAM_lmp($/MWh)": 46.46031,
			"RTM_lmp($/MWh)": 31.02801
		},
		"23:00:00": {
			"DAM_lmp($/MWh)": 34.29889,
			"RTM_lmp($/MWh)": 75.72073
		}
	}
}