{
	"2023-05-22": {
		"00:00:00": {
			"DAM_lmp($/MWh)": 20.99017,
			"RTM_lmp($/MWh)": 24.05753
		},
		"01:00:00": {
			"DAM_lmp($/MWh)": 17.32777,
			"RTM_lmp($/MWh)": 20.65789
		},
		"02:00:00": {
			"DAM_lmp($/MWh)": 14.99931,
			"RTM_lmp($/MWh)": 17.16954
		},
		"03:00:00": {
			"DAM_lmp($/MWh)": 12.83252,
			"RTM_lmp($/MWh)": 5.64988
		},
		"04:00:00": {
			"DAM_lmp($/MWh)": 16.6635,
			"RTM_lmp($/MWh)": 1.14191
		},
		"05:00:00": {
			"DAM_lmp($/MWh)": 26.97015,
			"RTM_lmp($/MWh)": 30.81135
		},
		"06:00:00": {
			"DAM_lmp($/MWh)": 26.71379,
			"RTM_lmp($/MWh)": 72.0
		},
		"07:00:00": {
			"DAM_lmp($/MWh)": 23.5852,
			"RTM_lmp($/MWh)": 18.0208
		},
		"08:00:00": {
			"DAM_lmp($/MWh)": 11.8761,
			"RTM_lmp($/MWh)": 12.8688
		},
		"09:00:00": {
			"DAM_lmp($/MWh)": 9.59972,
			"RTM_lmp($/MWh)": 12.94
		},
		"10:00:00": {
			"DAM_lmp($/MWh)": 6.86516,
			"RTM_lmp($/MWh)": 15.4
		},
		"11:00:00": {
			"DAM_lmp($/MWh)": 5.13981,
			"RTM_lmp($/MWh)": 14.7764
		},
		"12:00:00": {
			"DAM_lmp($/MWh)": 3.69822,
			"RTM_lmp($/MWh)": 13.52084
		},
		"13:00:00": {
			"DAM_lmp($/MWh)": 3.36706,
			"RTM_lmp($/MWh)": 13.74169
		},
		"14:00:00": {
			"DAM_lmp($/MWh)": 4.38311,
			"RTM_lmp($/MWh)": 9.9976
		},
		"15:00:00": {
			"DAM_lmp($/MWh)": 7.12645,
			"RTM_lmp($/MWh)": 4.9988
		},
		"16:00:00": {
			"DAM_lmp($/MWh)": 11.05817,
			"RTM_lmp($/MWh)": 4.95
		},
		"17:00:00": {
			"DAM_lmp($/MWh)": 22.60056,
			"RTM_lmp($/MWh)": 0.0
		},
		"18:00:00": {
			"DAM_lmp($/MWh)": 40.79431,
			"RTM_lmp($/MWh)": 12.24956
		},
		"19:00:00": {
			"DAM_lmp($/MWh)": 59.8826,
			"RTM_lmp($/MWh)": 23.72048
		},
		"20:00:00": {
			"DAM_lmp($/MWh)": 60.08497,
			"RTM_lmp($/MWh)": 40.0
		},
		"21:00:00": {
			"DAM_lmp($/MWh)": 45.41992,
			"RTM_lmp($/MWh)": 35.80104
		},
		"22:00:00": {
			"DAM_lmp($/MWh)": 34.50602,
			"RTM_lmp($/MWh)": 27.16025
		},
		"23:00:00": {
			"DAM_lmp($/MWh)": 24.11307,
			"RTM_lmp($/MWh)": 28.36526
		}
	},
	"2023-05-23": {
		"00:00:00": {
			"DAM_lmp($/MWh)": 20.99017,
			"RTM_lmp($/MWh)": 24.05753
		},
		"01:00:00": {
			"DAM_lmp($/MWh)": 17.32777,
			"RTM_lmp($/MWh)": 20.65789
		},
		"02:00:00": {
			"DAM_lmp($/MWh)": 14.99931,
			"RTM_lmp($/MWh)": 17.16954
		},
		"03:00:00": {
			"DAM_lmp($/MWh)": 12.83252,
			"RTM_lmp($/MWh)": 5.64988
		},
		"04:00:00": {
			"DAM_lmp($/MWh)": 16.6635,
			"RTM_lmp($/MWh)": 1.14191
		},
		"05:00:00": {
			"DAM_lmp($/MWh)": 26.97015,
			"RTM_lmp($/MWh)": 30.81135
		},
		"06:00:00": {
			"DAM_lmp($/MWh)": 26.71379,
			"RTM_lmp($/MWh)": 72.0
		},
		"07:00:00": {
			"DAM_lmp($/MWh)": 23.5852,
			"RTM_lmp($/MWh)": 18.0208
		},
		"08:00:00": {
			"DAM_lmp($/MWh)": 11.8761,
			"RTM_lmp($/MWh)": 12.8688
		},
		"09:00:00": {
			"DAM_lmp($/MWh)": 9.59972,
			"RTM_lmp($/MWh)": 12.94
		},
		"10:00:00": {
			"DAM_lmp($/MWh)": 6.86516,
			"RTM_lmp($/MWh)": 15.4
		},
		"11:00:00": {
			"DAM_lmp($/MWh)": 5.13981,
			"RTM_lmp($/MWh)": 14.7764
		},
		"12:00:00": {
			"DAM_lmp($/MWh)": 3.69822,
			"RTM_lmp($/MWh)": 13.52084
		},
		"13:00:00": {
			"DAM_lmp($/MWh)": 3.36706,
			"RTM_lmp($/MWh)": 13.74169
		},
		"14:00:00": {
			"DAM_lmp($/MWh)": 4.38311,
			"RTM_lmp($/MWh)": 9.9976
		},
		"15:00:00": {
			"DAM_lmp($/MWh)": 7.12645,
			"RTM_lmp($/MWh)": 4.9988
		},
		"16:00:00": {
			"DAM_lmp($/MWh)": 11.05817,
			"RTM_lmp($/MWh)": 4.95
		},
		"17:00:00": {
			"DAM_lmp($/MWh)": 22.60056,
			"RTM_lmp($/MWh)": 0.0
		},
		"18:00:00": {
			"DAM_lmp($/MWh)": 40.79431,
			"RTM_lmp($/MWh)": 12.24956
		},
		"19:00:00": {
			"DAM_lmp($/MWh)": 59.8826,
			"RTM_lmp($/MWh)": 23.72048
		},
		"20:00:00": {
			"DAM_lmp($/MWh)": 60.08497,
			"RTM_lmp($/MWh)": 40.0
		},
		"21:00:00": {
			"DAM_lmp($/MWh)": 45.41992,
			"RTM_lmp($/MWh)": 35.80104
		},
		"22:00:00": {
			"DAM_lmp($/MWh)": 34.50602,
			"RTM_lmp($/MWh)": 27.16025
		},
		"23:00:00": {
			"DAM_lmp($/MWh)": 24.11307,
			"RTM_lmp($/MWh)": 28.36526
		}
	}
}