{
	"2023-05-22": {
		"00:00:00": {
			"DAM_lmp($/MWh)": 30.14626,
			"RTM_lmp($/MWh)": 29.19401
		},
		"01:00:00": {
			"DAM_lmp($/MWh)": 26.32083,
			"RTM_lmp($/MWh)": 24.90074
		},
		"02:00:00": {
			"DAM_lmp($/MWh)": 24.95711,
			"RTM_lmp($/MWh)": 20.61371
		},
		"03:00:00": {
			"DAM_lmp($/MWh)": 23.11806,
			"RTM_lmp($/MWh)": 7.23743
		},
		"04:00:00": {
			"DAM_lmp($/MWh)": 26.5328,
			"RTM_lmp($/MWh)": 2.17368
		},
		"05:00:00": {
			"DAM_lmp($/MWh)": 34.82973,
			"RTM_lmp($/MWh)": 30.81135
		},
		"06:00:00": {
			"DAM_lmp($/MWh)": 37.19479,
			"RTM_lmp($/MWh)": 72.0
		},
		"07:00:00": {
			"DAM_lmp($/MWh)": 26.90053,
			"RTM_lmp($/MWh)": 18.0208
		},
		"08:00:00": {
			"DAM_lmp($/MWh)": 32.77039,
			"RTM_lmp($/MWh)": 12.8688
		},
		"09:00:00": {
			"DAM_lmp($/MWh)": 31.26368,
			"RTM_lmp($/MWh)": 12.94
		},
		"10:00:00": {
			"DAM_lmp($/MWh)": 20.05692,
			"RTM_lmp($/MWh)": 15.4
		},
		"11:00:00": {
			"DAM_lmp($/MWh)": 16.92295,
			"RTM_lmp($/MWh)": 30.26685
		},
		"12:00:00": {
			"DAM_lmp($/MWh)": 15.5173,
			"RTM_lmp($/MWh)": 15.50101
		},
		"13:00:00": {
			"DAM_lmp($/MWh)": 16.12207,
			"RTM_lmp($/MWh)": 15.62833
		},
		"14:00:00": {
			"DAM_lmp($/MWh)": 17.41337,
			"RTM_lmp($/MWh)": 9.9976
		},
		"15:00:00": {
			"DAM_lmp($/MWh)": 20.06541,
			"RTM_lmp($/MWh)": 4.9988
		},
		"16:00:00": {
			"DAM_lmp($/MWh)": 22.82439,
			"RTM_lmp($/MWh)": 4.95
		},
		"17:00:00": {
			"DAM_lmp($/MWh)": 26.04865,
			"RTM_lmp($/MWh)": 0.0
		},
		"18:00:00": {
			"DAM_lmp($/MWh)": 46.06593,
			"RTM_lmp($/MWh)": 14.57724
		},
		"19:00:00": {
			"DAM_lmp($/MWh)": 68.00172,
			"RTM_lmp($/MWh)": 28.51464
		},
		"20:00:00": {
			"DAM_lmp($/MWh)": 68.23903,
			"RTM_lmp($/MWh)": 40.0
		},
		"21:00:00": {
			"DAM_lmp($/MWh)": 52.28135,
			"RTM_lmp($/MWh)": 44.37785
		},
		"22:00:00": {
			"DAM_lmp($/MWh)": 42.07321,
			"RTM_lmp($/MWh)": 33.17676
		},
		"23:00:00": {
			"DAM_lmp($/MWh)": 32.45325,
			"RTM_lmp($/MWh)": 34.05227
		}
	},
	"2023-05-23": {
		"00:00:00": {
			"DAM_lmp($/MWh)": 30.14626,
			"RTM_lmp($/MWh)": 29.19401
		},
		"01:00:00": {
			"DAM_lmp($/MWh)": 26.32083,
			"RTM_lmp($/MWh)": 24.90074
		},
		"02:00:00": {
			"DAM_lmp($/MWh)": 24.95711,
			"RTM_lmp($/MWh)": 20.61371
		},
		"03:00:00": {
			"DAM_lmp($/MWh)": 23.11806,
			"RTM_lmp($/MWh)": 7.23743
		},
		"04:00:00": {
			"DAM_lmp($/MWh)": 26.5328,
			"RTM_lmp($/MWh)": 2.17368
		},
		"05:00:00": {
			"DAM_lmp($/MWh)": 34.82973,
			"RTM_lmp($/MWh)": 30.81135
		},
		"06:00:00": {
			"DAM_lmp($/MWh)": 37.19479,
			"RTM_lmp($/MWh)": 72.0
		},
		"07:00:00": {
			"DAM_lmp($/MWh)": 26.90053,
			"RTM_lmp($/MWh)": 18.0208
		},
		"08:00:00": {
			"DAM_lmp($/MWh)": 32.77039,
			"RTM_lmp($/MWh)": 12.8688
		},
		"09:00:00": {
			"DAM_lmp($/MWh)": 31.26368,
			"RTM_lmp($/MWh)": 12.94
		},
		"10:00:00": {
			"DAM_lmp($/MWh)": 20.05692,
			"RTM_lmp($/MWh)": 15.4
		},
		"11:00:00": {
			"DAM_lmp($/MWh)": 16.92295,
			"RTM_lmp($/MWh)": 30.26685
		},
		"12:00:00": {
			"DAM_lmp($/MWh)": 15.5173,
			"RTM_lmp($/MWh)": 15.50101
		},
		"13:00:00": {
			"DAM_lmp($/MWh)": 16.12207,
			"RTM_lmp($/MWh)": 15.62833
		},
		"14:00:00": {
			"DAM_lmp($/MWh)": 17.41337,
			"RTM_lmp($/MWh)": 9.9976
		},
		"15:00:00": {
			"DAM_lmp($/MWh)": 20.06541,
			"RTM_lmp($/MWh)": 4.9988
		},
		"16:00:00": {
			"DAM_lmp($/MWh)": 22.82439,
			"RTM_lmp($/MWh)": 4.95
		},
		"17:00:00": {
			"DAM_lmp($/MWh)": 26.04865,
			"RTM_lmp($/MWh)": 0.0
		},
		"18:00:00": {
			"DAM_lmp($/MWh)": 46.06593,
			"RTM_lmp($/MWh)": 14.57724
		},
		"19:00:00": {
			"DAM_lmp($/MWh)": 68.00172,
			"RTM_lmp($/MWh)": 28.51464
		},
		"20:00:00": {
			"DAM_lmp($/MWh)": 68.23903,
			"RTM_lmp($/MWh)": 40.0
		},
		"21:00:00": {
			"DAM_lmp($/MWh)": 52.28135,
			"RTM_lmp($/MWh)": 44.37785
		},
		"22:00:00": {
			"DAM_lmp($/MWh)": 42.07321,
			"RTM_lmp($/MWh)": 33.17676
		},
		"23:00:00": {
			"DAM_lmp($/MWh)": 32.45325,
			"RTM_lmp($/MWh)": 34.05227
		}
	}
}