{
	"2023-05-22": {
		"00:00:00": {
			"DAM_lmp($/MWh)": 31.08289,
			"RTM_lmp($/MWh)": 29.31353
		},
		"01:00:00": {
			"DAM_lmp($/MWh)": 27.18974,
			"RTM_lmp($/MWh)": 25.85513
		},
		"02:00:00": {
			"DAM_lmp($/MWh)": 25.85668,
			"RTM_lmp($/MWh)": 21.50246
		},
		"03:00:00": {
			"DAM_lmp($/MWh)": 23.95012,
			"RTM_lmp($/MWh)": 23.41108
		},
		"04:00:00": {
			"DAM_lmp($/MWh)": 27.80479,
			"RTM_lmp($/MWh)": 20.64157
		},
		"05:00:00": {
			"DAM_lmp($/MWh)": 36.05062,
			"RTM_lmp($/MWh)": 30.81135
		},
		"06:00:00": {
			"DAM_lmp($/MWh)": 37.7596,
			"RTM_lmp($/MWh)": 72.0
		},
		"07:00:00": {
			"DAM_lmp($/MWh)": 26.83583,
			"RTM_lmp($/MWh)": 18.0208
		},
		"08:00:00": {
			"DAM_lmp($/MWh)": 20.41889,
			"RTM_lmp($/MWh)": 12.8688
		},
		"09:00:00": {
			"DAM_lmp($/MWh)": 15.37958,
			"RTM_lmp($/MWh)": 12.94
		},
		"10:00:00": {
			"DAM_lmp($/MWh)": 11.95687,
			"RTM_lmp($/MWh)": 15.4
		},
		"11:00:00": {
			"DAM_lmp($/MWh)": 12.89404,
			"RTM_lmp($/MWh)": 14.7764
		},
		"12:00:00": {
			"DAM_lmp($/MWh)": 7.20523,
			"RTM_lmp($/MWh)": 15.96448
		},
		"13:00:00": {
			"DAM_lmp($/MWh)": 6.41759,
			"RTM_lmp($/MWh)": 16.51986
		},
		"14:00:00": {
			"DAM_lmp($/MWh)": 6.43194,
			"RTM_lmp($/MWh)": 9.9976
		},
		"15:00:00": {
			"DAM_lmp($/MWh)": 7.82143,
			"RTM_lmp($/MWh)": 4.9988
		},
		"16:00:00": {
			"DAM_lmp($/MWh)": 13.62272,
			"RTM_lmp($/MWh)": 4.95
		},
		"17:00:00": {
			"DAM_lmp($/MWh)": 25.43621,
			"RTM_lmp($/MWh)": 0.0
		},
		"18:00:00": {
			"DAM_lmp($/MWh)": 44.1288,
			"RTM_lmp($/MWh)": 14.85285
		},
		"19:00:00": {
			"DAM_lmp($/MWh)": 64.9316,
			"RTM_lmp($/MWh)": 27.7995
		},
		"20:00:00": {
			"DAM_lmp($/MWh)": 64.38756,
			"RTM_lmp($/MWh)": 40.0
		},
		"21:00:00": {
			"DAM_lmp($/MWh)": 50.39437,
			"RTM_lmp($/MWh)": 41.94832
		},
		"22:00:00": {
			"DAM_lmp($/MWh)": 41.04064,
			"RTM_lmp($/MWh)": 32.00529
		},
		"23:00:00": {
			"DAM_lmp($/MWh)": 32.89699,
			"RTM_lmp($/MWh)": 33.95593
		}
	},
	"2023-05-23": {
		"00:00:00": {
			"DAM_lmp($/MWh)": 31.08289,
			"RTM_lmp($/MWh)": 29.31353
		},
		"01:00:00": {
			"DAM_lmp($/MWh)": 27.18974,
			"RTM_lmp($/MWh)": 25.85513
		},
		"02:00:00": {
			"DAM_lmp($/MWh)": 25.85668,
			"RTM_lmp($/MWh)": 21.50246
		},
		"03:00:00": {
			"DAM_lmp($/MWh)": 23.95012,
			"RTM_lmp($/MWh)": 23.41108
		},
		"04:00:00": {
			"DAM_lmp($/MWh)": 27.80479,
			"RTM_lmp($/MWh)": 20.64157
		},
		"05:00:00": {
			"DAM_lmp($/MWh)": 36.05062,
			"RTM_lmp($/MWh)": 30.81135
		},
		"06:00:00": {
			"DAM_lmp($/MWh)": 37.7596,
			"RTM_lmp($/MWh)": 72.0
		},
		"07:00:00": {
			"DAM_lmp($/MWh)": 26.83583,
			"RTM_lmp($/MWh)": 18.0208
		},
		"08:00:00": {
			"DAM_lmp($/MWh)": 20.41889,
			"RTM_lmp($/MWh)": 12.8688
		},
		"09:00:00": {
			"DAM_lmp($/MWh)": 15.37958,
			"RTM_lmp($/MWh)": 12.94
		},
		"10:00:00": {
			"DAM_lmp($/MWh)": 11.95687,
			"RTM_lmp($/MWh)": 15.4
		},
		"11:00:00": {
			"DAM_lmp($/MWh)": 12.89404,
			"RTM_lmp($/MWh)": 14.7764
		},
		"12:00:00": {
			"DAM_lmp($/MWh)": 7.20523,
			"RTM_lmp($/MWh)": 15.96448
		},
		"13:00:00": {
			"DAM_lmp($/MWh)": 6.41759,
			"RTM_lmp($/MWh)": 16.51986
		},
		"14:00:00": {
			"DAM_lmp($/MWh)": 6.43194,
			"RTM_lmp($/MWh)": 9.9976
		},
		"15:00:00": {
			"DAM_lmp($/MWh)": 7.82143,
			"RTM_lmp($/MWh)": 4.9988
		},
		"16:00:00": {
			"DAM_lmp($/MWh)": 13.62272,
			"RTM_lmp($/MWh)": 4.95
		},
		"17:00:00": {
			"DAM_lmp($/MWh)": 25.43621,
			"RTM_lmp($/MWh)": 0.0
		},
		"18:00:00": {
			"DAM_lmp($/MWh)": 44.1288,
			"RTM_lmp($/MWh)": 14.85285
		},
		"19:00:00": {
			"DAM_lmp($/MWh)": 64.9316,
			"RTM_lmp($/MWh)": 27.7995
		},
		"20:00:00": {
			"DAM_lmp($/MWh)": 64.38756,
			"RTM_lmp($/MWh)": 40.0
		},
		"21:00:00": {
			"DAM_lmp($/MWh)": 50.39437,
			"RTM_lmp($/MWh)": 41.94832
		},
		"22:00:00": {
			"DAM_lmp($/MWh)": 41.04064,
			"RTM_lmp($/MWh)": 32.00529
		},
		"23:00:00": {
			"DAM_lmp($/MWh)": 32.89699,
			"RTM_lmp($/MWh)": 33.95593
		}
	}
}