{
	"2023-05-22": {
		"00:00:00": {
			"DAM_lmp($/MWh)": 26.18824,
			"RTM_lmp($/MWh)": 27.38984
		},
		"01:00:00": {
			"DAM_lmp($/MWh)": 22.29712,
			"RTM_lmp($/MWh)": 23.6447
		},
		"02:00:00": {
			"DAM_lmp($/MWh)": 20.35656,
			"RTM_lmp($/MWh)": 19.6408
		},
		"03:00:00": {
			"DAM_lmp($/MWh)": 18.25912,
			"RTM_lmp($/MWh)": 6.95777
		},
		"04:00:00": {
			"DAM_lmp($/MWh)": 22.07681,
			"RTM_lmp($/MWh)": 1.93926
		},
		"05:00:00": {
			"DAM_lmp($/MWh)": 31.60962,
			"RTM_lmp($/MWh)": 30.81135
		},
		"06:00:00": {
			"DAM_lmp($/MWh)": 32.53543,
			"RTM_lmp($/MWh)": 72.0
		},
		"07:00:00": {
			"DAM_lmp($/MWh)": 26.03352,
			"RTM_lmp($/MWh)": 18.0208
		},
		"08:00:00": {
			"DAM_lmp($/MWh)": 17.77519,
			"RTM_lmp($/MWh)": 12.8688
		},
		"09:00:00": {
			"DAM_lmp($/MWh)": 14.88372,
			"RTM_lmp($/MWh)": 12.94
		},
		"10:00:00": {
			"DAM_lmp($/MWh)": 10.2962,
			"RTM_lmp($/MWh)": 15.4
		},
		"11:00:00": {
			"DAM_lmp($/MWh)": 8.33264,
			"RTM_lmp($/MWh)": 14.7764
		},
		"12:00:00": {
			"DAM_lmp($/MWh)": 6.4179,
			"RTM_lmp($/MWh)": 15.1253
		},
		"13:00:00": {
			"DAM_lmp($/MWh)": 6.27328,
			"RTM_lmp($/MWh)": 15.33796
		},
		"14:00:00": {
			"DAM_lmp($/MWh)": 7.42919,
			"RTM_lmp($/MWh)": 9.9976
		},
		"15:00:00": {
			"DAM_lmp($/MWh)": 10.48297,
			"RTM_lmp($/MWh)": 4.9988
		},
		"16:00:00": {
			"DAM_lmp($/MWh)": 14.53263,
			"RTM_lmp($/MWh)": 4.95
		},
		"17:00:00": {
			"DAM_lmp($/MWh)": 25.34658,
			"RTM_lmp($/MWh)": 0.0
		},
		"18:00:00": {
			"DAM_lmp($/MWh)": 44.26466,
			"RTM_lmp($/MWh)": 14.1674
		},
		"19:00:00": {
			"DAM_lmp($/MWh)": 65.44867,
			"RTM_lmp($/MWh)": 27.66198
		},
		"20:00:00": {
			"DAM_lmp($/MWh)": 65.24848,
			"RTM_lmp($/MWh)": 40.0
		},
		"21:00:00": {
			"DAM_lmp($/MWh)": 50.25459,
			"RTM_lmp($/MWh)": 41.78047
		},
		"22:00:00": {
			"DAM_lmp($/MWh)": 39.09223,
			"RTM_lmp($/MWh)": 31.53098
		},
		"23:00:00": {
			"DAM_lmp($/MWh)": 28.87159,
			"RTM_lmp($/MWh)": 32.56076
		}
	},
	"2023-05-23": {
		"00:00:00": {
			"DAM_lmp($/MWh)": 26.18824,
			"RTM_lmp($/MWh)": 27.38984
		},
		"01:00:00": {
			"DAM_lmp($/MWh)": 22.29712,
			"RTM_lmp($/MWh)": 23.6447
		},
		"02:00:00": {
			"DAM_lmp($/MWh)": 20.35656,
			"RTM_lmp($/MWh)": 19.6408
		},
		"03:00:00": {
			"DAM_lmp($/MWh)": 18.25912,
			"RTM_lmp($/MWh)": 6.95777
		},
		"04:00:00": {
			"DAM_lmp($/MWh)": 22.07681,
			"RTM_lmp($/MWh)": 1.93926
		},
		"05:00:00": {
			"DAM_lmp($/MWh)": 31.60962,
			"RTM_lmp($/MWh)": 30.81135
		},
		"06:00:00": {
			"DAM_lmp($/MWh)": 32.53543,
			"RTM_lmp($/MWh)": 72.0
		},
		"07:00:00": {
			"DAM_lmp($/MWh)": 26.03352,
			"RTM_lmp($/MWh)": 18.0208
		},
		"08:00:00": {
			"DAM_lmp($/MWh)": 17.77519,
			"RTM_lmp($/MWh)": 12.8688
		},
		"09:00:00": {
			"DAM_lmp($/MWh)": 14.88372,
			"RTM_lmp($/MWh)": 12.94
		},
		"10:00:00": {
			"DAM_lmp($/MWh)": 10.2962,
			"RTM_lmp($/MWh)": 15.4
		},
		"11:00:00": {
			"DAM_lmp($/MWh)": 8.33264,
			"RTM_lmp($/MWh)": 14.7764
		},
		"12:00:00": {
			"DAM_lmp($/MWh)": 6.4179,
			"RTM_lmp($/MWh)": 15.1253
		},
		"13:00:00": {
			"DAM_lmp($/MWh)": 6.27328,
			"RTM_lmp($/MWh)": 15.33796
		},
		"14:00:00": {
			"DAM_lmp($/MWh)": 7.42919,
			"RTM_lmp($/MWh)": 9.9976
		},
		"15:00:00": {
			"DAM_lmp($/MWh)": 10.48297,
			"RTM_lmp($/MWh)": 4.9988
		},
		"16:00:00": {
			"DAM_lmp($/MWh)": 14.53263,
			"RTM_lmp($/MWh)": 4.95
		},
		"17:00:00": {
			"DAM_lmp($/MWh)": 25.34658,
			"RTM_lmp($/MWh)": 0.0
		},
		"18:00:00": {
			"DAM_lmp($/MWh)": 44.26466,
			"RTM_lmp($/MWh)": 14.1674
		},
		"19:00:00": {
			"DAM_lmp($/MWh)": 65.44867,
			"RTM_lmp($/MWh)": 27.66198
		},
		"20:00:00": {
			"DAM_lmp($/MWh)": 65.24848,
			"RTM_lmp($/MWh)": 40.0
		},
		"21:00:00": {
			"DAM_lmp($/MWh)": 50.25459,
			"RTM_lmp($/MWh)": 41.78047
		},
		"22:00:00": {
			"DAM_lmp($/MWh)": 39.09223,
			"RTM_lmp($/MWh)": 31.53098
		},
		"23:00:00": {
			"DAM_lmp($/MWh)": 28.87159,
			"RTM_lmp($/MWh)": 32.56076
		}
	}
}