{
	"2023-05-22": {
		"00:00:00": {
			"DAM_lmp($/MWh)": 19.97637,
			"RTM_lmp($/MWh)": 20.52602
		},
		"01:00:00": {
			"DAM_lmp($/MWh)": 17.50498,
			"RTM_lmp($/MWh)": 18.4351
		},
		"02:00:00": {
			"DAM_lmp($/MWh)": 16.69624,
			"RTM_lmp($/MWh)": 15.20525
		},
		"03:00:00": {
			"DAM_lmp($/MWh)": 15.61361,
			"RTM_lmp($/MWh)": 18.46857
		},
		"04:00:00": {
			"DAM_lmp($/MWh)": 17.61304,
			"RTM_lmp($/MWh)": 16.96912
		},
		"05:00:00": {
			"DAM_lmp($/MWh)": 23.31356,
			"RTM_lmp($/MWh)": 30.81135
		},
		"06:00:00": {
			"DAM_lmp($/MWh)": 24.47755,
			"RTM_lmp($/MWh)": 72.0
		},
		"07:00:00": {
			"DAM_lmp($/MWh)": 17.00629,
			"RTM_lmp($/MWh)": 18.0208
		},
		"08:00:00": {
			"DAM_lmp($/MWh)": 8.35219,
			"RTM_lmp($/MWh)": 12.8688
		},
		"09:00:00": {
			"DAM_lmp($/MWh)": 6.86412,
			"RTM_lmp($/MWh)": 12.94
		},
		"10:00:00": {
			"DAM_lmp($/MWh)": 4.68636,
			"RTM_lmp($/MWh)": 15.4
		},
		"11:00:00": {
			"DAM_lmp($/MWh)": 4.3946,
			"RTM_lmp($/MWh)": 14.7764
		},
		"12:00:00": {
			"DAM_lmp($/MWh)": 2.89853,
			"RTM_lmp($/MWh)": 11.04025
		},
		"13:00:00": {
			"DAM_lmp($/MWh)": 2.6703,
			"RTM_lmp($/MWh)": 11.20682
		},
		"14:00:00": {
			"DAM_lmp($/MWh)": 3.44795,
			"RTM_lmp($/MWh)": 9.9976
		},
		"15:00:00": {
			"DAM_lmp($/MWh)": 5.65858,
			"RTM_lmp($/MWh)": 4.9988
		},
		"16:00:00": {
			"DAM_lmp($/MWh)": 8.83529,
			"RTM_lmp($/MWh)": 4.95
		},
		"17:00:00": {
			"DAM_lmp($/MWh)": 18.21389,
			"RTM_lmp($/MWh)": 0.0
		},
		"18:00:00": {
			"DAM_lmp($/MWh)": 32.17734,
			"RTM_lmp($/MWh)": 6.67743
		},
		"19:00:00": {
			"DAM_lmp($/MWh)": 48.63729,
			"RTM_lmp($/MWh)": 13.7691
		},
		"20:00:00": {
			"DAM_lmp($/MWh)": 45.35028,
			"RTM_lmp($/MWh)": 40.0
		},
		"21:00:00": {
			"DAM_lmp($/MWh)": 36.39677,
			"RTM_lmp($/MWh)": 21.11892
		},
		"22:00:00": {
			"DAM_lmp($/MWh)": 29.86387,
			"RTM_lmp($/MWh)": 15.98036
		},
		"23:00:00": {
			"DAM_lmp($/MWh)": 22.98257,
			"RTM_lmp($/MWh)": 15.97809
		}
	},
	"2023-05-23": {
		"00:00:00": {
			"DAM_lmp($/MWh)": 19.97637,
			"RTM_lmp($/MWh)": 20.52602
		},
		"01:00:00": {
			"DAM_lmp($/MWh)": 17.50498,
			"RTM_lmp($/MWh)": 18.4351
		},
		"02:00:00": {
			"DAM_lmp($/MWh)": 16.69624,
			"RTM_lmp($/MWh)": 15.20525
		},
		"03:00:00": {
			"DAM_lmp($/MWh)": 15.61361,
			"RTM_lmp($/MWh)": 18.46857
		},
		"04:00:00": {
			"DAM_lmp($/MWh)": 17.61304,
			"RTM_lmp($/MWh)": 16.96912
		},
		"05:00:00": {
			"DAM_lmp($/MWh)": 23.31356,
			"RTM_lmp($/MWh)": 30.81135
		},
		"06:00:00": {
			"DAM_lmp($/MWh)": 24.47755,
			"RTM_lmp($/MWh)": 72.0
		},
		"07:00:00": {
			"DAM_lmp($/MWh)": 17.00629,
			"RTM_lmp($/MWh)": 18.0208
		},
		"08:00:00": {
			"DAM_lmp($/MWh)": 8.35219,
			"RTM_lmp($/MWh)": 12.8688
		},
		"09:00:00": {
			"DAM_lmp($/MWh)": 6.86412,
			"RTM_lmp($/MWh)": 12.94
		},
		"10:00:00": {
			"DAM_lmp($/MWh)": 4.68636,
			"RTM_lmp($/MWh)": 15.4
		},
		"11:00:00": {
			"DAM_lmp($/MWh)": 4.3946,
			"RTM_lmp($/MWh)": 14.7764
		},
		"12:00:00": {
			"DAM_lmp($/MWh)": 2.89853,
			"RTM_lmp($/MWh)": 11.04025
		},
		"13:00:00": {
			"DAM_lmp($/MWh)": 2.6703,
			"RTM_lmp($/MWh)": 11.20682
		},
		"14:00:00": {
			"DAM_lmp($/MWh)": 3.44795,
			"RTM_lmp($/MWh)": 9.9976
		},
		"15:00:00": {
			"DAM_lmp($/MWh)": 5.65858,
			"RTM_lmp($/MWh)": 4.9988
		},
		"16:00:00": {
			"DAM_lmp($/MWh)": 8.83529,
			"RTM_lmp($/MWh)": 4.95
		},
		"17:00:00": {
			"DAM_lmp($/MWh)": 18.21389,
			"RTM_lmp($/MWh)": 0.0
		},
		"18:00:00": {
			"DAM_lmp($/MWh)": 32.17734,
			"RTM_lmp($/MWh)": 6.67743
		},
		"19:00:00": {
			"DAM_lmp($/MWh)": 48.63729,
			"RTM_lmp($/MWh)": 13.7691
		},
		"20:00:00": {
			"DAM_lmp($/MWh)": 45.35028,
			"RTM_lmp($/MWh)": 40.0
		},
		"21:00:00": {
			"DAM_lmp($/MWh)": 36.39677,
			"RTM_lmp($/MWh)": 21.11892
		},
		"22:00:00": {
			"DAM_lmp($/MWh)": 29.86387,
			"RTM_lmp($/MWh)": 15.98036
		},
		"23:00:00": {
			"DAM_lmp($/MWh)": 22.98257,
			"RTM_lmp($/MWh)": 15.97809
		}
	}
}