{
	"2023-05-22": {
		"00:00:00": {
			"DAM_lmp($/MWh)": 31.22176,
			"RTM_lmp($/MWh)": 29.41598
		},
		"01:00:00": {
			"DAM_lmp($/MWh)": 27.31646,
			"RTM_lmp($/MWh)": 25.9293
		},
		"02:00:00": {
			"DAM_lmp($/MWh)": 25.93779,
			"RTM_lmp($/MWh)": 21.5702
		},
		"03:00:00": {
			"DAM_lmp($/MWh)": 24.0456,
			"RTM_lmp($/MWh)": 23.40261
		},
		"04:00:00": {
			"DAM_lmp($/MWh)": 27.9865,
			"RTM_lmp($/MWh)": 20.64902
		},
		"05:00:00": {
			"DAM_lmp($/MWh)": 36.23238,
			"RTM_lmp($/MWh)": 30.81135
		},
		"06:00:00": {
			"DAM_lmp($/MWh)": 37.81716,
			"RTM_lmp($/MWh)": 72.0
		},
		"07:00:00": {
			"DAM_lmp($/MWh)": 26.59773,
			"RTM_lmp($/MWh)": 18.0208
		},
		"08:00:00": {
			"DAM_lmp($/MWh)": 21.68023,
			"RTM_lmp($/MWh)": 12.8688
		},
		"09:00:00": {
			"DAM_lmp($/MWh)": 17.08504,
			"RTM_lmp($/MWh)": 12.94
		},
		"10:00:00": {
			"DAM_lmp($/MWh)": 12.22062,
			"RTM_lmp($/MWh)": 15.4
		},
		"11:00:00": {
			"DAM_lmp($/MWh)": 13.58391,
			"RTM_lmp($/MWh)": 14.7764
		},
		"12:00:00": {
			"DAM_lmp($/MWh)": 7.54113,
			"RTM_lmp($/MWh)": 16.05841
		},
		"13:00:00": {
			"DAM_lmp($/MWh)": 6.72775,
			"RTM_lmp($/MWh)": 16.51515
		},
		"14:00:00": {
			"DAM_lmp($/MWh)": 6.62611,
			"RTM_lmp($/MWh)": 9.9976
		},
		"15:00:00": {
			"DAM_lmp($/MWh)": 7.75972,
			"RTM_lmp($/MWh)": 4.9988
		},
		"16:00:00": {
			"DAM_lmp($/MWh)": 13.68809,
			"RTM_lmp($/MWh)": 4.95
		},
		"17:00:00": {
			"DAM_lmp($/MWh)": 25.35903,
			"RTM_lmp($/MWh)": 0.0
		},
		"18:00:00": {
			"DAM_lmp($/MWh)": 44.1288,
			"RTM_lmp($/MWh)": 14.91996
		},
		"19:00:00": {
			"DAM_lmp($/MWh)": 64.7894,
			"RTM_lmp($/MWh)": 27.84351
		},
		"20:00:00": {
			"DAM_lmp($/MWh)": 64.49113,
			"RTM_lmp($/MWh)": 40.0
		},
		"21:00:00": {
			"DAM_lmp($/MWh)": 50.38438,
			"RTM_lmp($/MWh)": 42.07
		},
		"22:00:00": {
			"DAM_lmp($/MWh)": 40.97207,
			"RTM_lmp($/MWh)": 32.11353
		},
		"23:00:00": {
			"DAM_lmp($/MWh)": 32.93819,
			"RTM_lmp($/MWh)": 33.95261
		}
	},
	"2023-05-23": {
		"00:00:00": {
			"DAM_lmp($/MWh)": 31.22176,
			"RTM_lmp($/MWh)": 29.41598
		},
		"01:00:00": {
			"DAM_lmp($/MWh)": 27.31646,
			"RTM_lmp($/MWh)": 25.9293
		},
		"02:00:00": {
			"DAM_lmp($/MWh)": 25.93779,
			"RTM_lmp($/MWh)": 21.5702
		},
		"03:00:00": {
			"DAM_lmp($/MWh)": 24.0456,
			"RTM_lmp($/MWh)": 23.40261
		},
		"04:00:00": {
			"DAM_lmp($/MWh)": 27.9865,
			"RTM_lmp($/MWh)": 20.64902
		},
		"05:00:00": {
			"DAM_lmp($/MWh)": 36.23238,
			"RTM_lmp($/MWh)": 30.81135
		},
		"06:00:00": {
			"DAM_lmp($/MWh)": 37.81716,
			"RTM_lmp($/MWh)": 72.0
		},
		"07:00:00": {
			"DAM_lmp($/MWh)": 26.59773,
			"RTM_lmp($/MWh)": 18.0208
		},
		"08:00:00": {
			"DAM_lmp($/MWh)": 21.68023,
			"RTM_lmp($/MWh)": 12.8688
		},
		"09:00:00": {
			"DAM_lmp($/MWh)": 17.08504,
			"RTM_lmp($/MWh)": 12.94
		},
		"10:00:00": {
			"DAM_lmp($/MWh)": 12.22062,
			"RTM_lmp($/MWh)": 15.4
		},
		"11:00:00": {
			"DAM_lmp($/MWh)": 13.58391,
			"RTM_lmp($/MWh)": 14.7764
		},
		"12:00:00": {
			"DAM_lmp($/MWh)": 7.54113,
			"RTM_lmp($/MWh)": 16.05841
		},
		"13:00:00": {
			"DAM_lmp($/MWh)": 6.72775,
			"RTM_lmp($/MWh)": 16.51515
		},
		"14:00:00": {
			"DAM_lmp($/MWh)": 6.62611,
			"RTM_lmp($/MWh)": 9.9976
		},
		"15:00:00": {
			"DAM_lmp($/MWh)": 7.75972,
			"RTM_lmp($/MWh)": 4.9988
		},
		"16:00:00": {
			"DAM_lmp($/MWh)": 13.68809,
			"RTM_lmp($/MWh)": 4.95
		},
		"17:00:00": {
			"DAM_lmp($/MWh)": 25.35903,
			"RTM_lmp($/MWh)": 0.0
		},
		"18:00:00": {
			"DAM_lmp($/MWh)": 44.1288,
			"RTM_lmp($/MWh)": 14.91996
		},
		"19:00:00": {
			"DAM_lmp($/MWh)": 64.7894,
			"RTM_lmp($/MWh)": 27.84351
		},
		"20:00:00": {
			"DAM_lmp($/MWh)": 64.49113,
			"RTM_lmp($/MWh)": 40.0
		},
		"21:00:00": {
			"DAM_lmp($/MWh)": 50.38438,
			"RTM_lmp($/MWh)": 42.07
		},
		"22:00:00": {
			"DAM_lmp($/MWh)": 40.97207,
			"RTM_lmp($/MWh)": 32.11353
		},
		"23:00:00": {
			"DAM_lmp($/MWh)": 32.93819,
			"RTM_lmp($/MWh)": 33.95261
		}
	}
}