{
	"2023-05-22": {
		"00:00:00": {
			"DAM_lmp($/MWh)": 31.33994,
			"RTM_lmp($/MWh)": 29.50988
		},
		"01:00:00": {
			"DAM_lmp($/MWh)": 27.37852,
			"RTM_lmp($/MWh)": 26.00843
		},
		"02:00:00": {
			"DAM_lmp($/MWh)": 25.98449,
			"RTM_lmp($/MWh)": 21.62562
		},
		"03:00:00": {
			"DAM_lmp($/MWh)": 24.08652,
			"RTM_lmp($/MWh)": 23.44533
		},
		"04:00:00": {
			"DAM_lmp($/MWh)": 27.97597,
			"RTM_lmp($/MWh)": 20.68804
		},
		"05:00:00": {
			"DAM_lmp($/MWh)": 36.32841,
			"RTM_lmp($/MWh)": 30.81135
		},
		"06:00:00": {
			"DAM_lmp($/MWh)": 37.98985,
			"RTM_lmp($/MWh)": 72.0
		},
		"07:00:00": {
			"DAM_lmp($/MWh)": 26.88241,
			"RTM_lmp($/MWh)": 18.0208
		},
		"08:00:00": {
			"DAM_lmp($/MWh)": 25.73163,
			"RTM_lmp($/MWh)": 12.8688
		},
		"09:00:00": {
			"DAM_lmp($/MWh)": 26.87982,
			"RTM_lmp($/MWh)": 12.94
		},
		"10:00:00": {
			"DAM_lmp($/MWh)": 24.97025,
			"RTM_lmp($/MWh)": 15.4
		},
		"11:00:00": {
			"DAM_lmp($/MWh)": 28.82793,
			"RTM_lmp($/MWh)": 14.7764
		},
		"12:00:00": {
			"DAM_lmp($/MWh)": 20.16456,
			"RTM_lmp($/MWh)": 15.95986
		},
		"13:00:00": {
			"DAM_lmp($/MWh)": 18.75483,
			"RTM_lmp($/MWh)": 16.40057
		},
		"14:00:00": {
			"DAM_lmp($/MWh)": 18.10393,
			"RTM_lmp($/MWh)": 9.9976
		},
		"15:00:00": {
			"DAM_lmp($/MWh)": 7.75972,
			"RTM_lmp($/MWh)": 4.9988
		},
		"16:00:00": {
			"DAM_lmp($/MWh)": 23.68455,
			"RTM_lmp($/MWh)": 4.95
		},
		"17:00:00": {
			"DAM_lmp($/MWh)": 25.48849,
			"RTM_lmp($/MWh)": 0.0
		},
		"18:00:00": {
			"DAM_lmp($/MWh)": 44.29096,
			"RTM_lmp($/MWh)": 14.94424
		},
		"19:00:00": {
			"DAM_lmp($/MWh)": 65.17721,
			"RTM_lmp($/MWh)": 27.98929
		},
		"20:00:00": {
			"DAM_lmp($/MWh)": 65.06723,
			"RTM_lmp($/MWh)": 40.0
		},
		"21:00:00": {
			"DAM_lmp($/MWh)": 50.79872,
			"RTM_lmp($/MWh)": 42.38471
		},
		"22:00:00": {
			"DAM_lmp($/MWh)": 41.14954,
			"RTM_lmp($/MWh)": 32.24086
		},
		"23:00:00": {
			"DAM_lmp($/MWh)": 33.0935,
			"RTM_lmp($/MWh)": 34.03566
		}
	},
	"2023-05-23": {
		"00:00:00": {
			"DAM_lmp($/MWh)": 31.33994,
			"RTM_lmp($/MWh)": 29.50988
		},
		"01:00:00": {
			"DAM_lmp($/MWh)": 27.37852,
			"RTM_lmp($/MWh)": 26.00843
		},
		"02:00:00": {
			"DAM_lmp($/MWh)": 25.98449,
			"RTM_lmp($/MWh)": 21.62562
		},
		"03:00:00": {
			"DAM_lmp($/MWh)": 24.08652,
			"RTM_lmp($/MWh)": 23.44533
		},
		"04:00:00": {
			"DAM_lmp($/MWh)": 27.97597,
			"RTM_lmp($/MWh)": 20.68804
		},
		"05:00:00": {
			"DAM_lmp($/MWh)": 36.32841,
			"RTM_lmp($/MWh)": 30.81135
		},
		"06:00:00": {
			"DAM_lmp($/MWh)": 37.98985,
			"RTM_lmp($/MWh)": 72.0
		},
		"07:00:00": {
			"DAM_lmp($/MWh)": 26.88241,
			"RTM_lmp($/MWh)": 18.0208
		},
		"08:00:00": {
			"DAM_lmp($/MWh)": 25.73163,
			"RTM_lmp($/MWh)": 12.8688
		},
		"09:00:00": {
			"DAM_lmp($/MWh)": 26.87982,
			"RTM_lmp($/MWh)": 12.94
		},
		"10:00:00": {
			"DAM_lmp($/MWh)": 24.97025,
			"RTM_lmp($/MWh)": 15.4
		},
		"11:00:00": {
			"DAM_lmp($/MWh)": 28.82793,
			"RTM_lmp($/MWh)": 14.7764
		},
		"12:00:00": {
			"DAM_lmp($/MWh)": 20.16456,
			"RTM_lmp($/MWh)": 15.95986
		},
		"13:00:00": {
			"DAM_lmp($/MWh)": 18.75483,
			"RTM_lmp($/MWh)": 16.40057
		},
		"14:00:00": {
			"DAM_lmp($/MWh)": 18.10393,
			"RTM_lmp($/MWh)": 9.9976
		},
		"15:00:00": {
			"DAM_lmp($/MWh)": 7.75972,
			"RTM_lmp($/MWh)": 4.9988
		},
		"16:00:00": {
			"DAM_lmp($/MWh)": 23.68455,
			"RTM_lmp($/MWh)": 4.95
		},
		"17:00:00": {
			"DAM_lmp($/MWh)": 25.48849,
			"RTM_lmp($/MWh)": 0.0
		},
		"18:00:00": {
			"DAM_lmp($/MWh)": 44.29096,
			"RTM_lmp($/MWh)": 14.94424
		},
		"19:00:00": {
			"DAM_lmp($/MWh)": 65.17721,
			"RTM_lmp($/MWh)": 27.98929
		},
		"20:00:00": {
			"DAM_lmp($/MWh)": 65.06723,
			"RTM_lmp($/MWh)": 40.0
		},
		"21:00:00": {
			"DAM_lmp($/MWh)": 50.79872,
			"RTM_lmp($/MWh)": 42.38471
		},
		"22:00:00": {
			"DAM_lmp($/MWh)": 41.14954,
			"RTM_lmp($/MWh)": 32.24086
		},
		"23:00:00": {
			"DAM_lmp($/MWh)": 33.0935,
			"RTM_lmp($/MWh)": 34.03566
		}
	}
}