{
	"2023-05-22": {
		"00:00:00": {
			"DAM_lmp($/MWh)": 28.58621,
			"RTM_lmp($/MWh)": 27.29309
		},
		"01:00:00": {
			"DAM_lmp($/MWh)": 25.02522,
			"RTM_lmp($/MWh)": 23.63975
		},
		"02:00:00": {
			"DAM_lmp($/MWh)": 23.74292,
			"RTM_lmp($/MWh)": 19.60591
		},
		"03:00:00": {
			"DAM_lmp($/MWh)": 22.00637,
			"RTM_lmp($/MWh)": 6.52731
		},
		"04:00:00": {
			"DAM_lmp($/MWh)": 25.31874,
			"RTM_lmp($/MWh)": 1.64572
		},
		"05:00:00": {
			"DAM_lmp($/MWh)": 33.07041,
			"RTM_lmp($/MWh)": 30.81135
		},
		"06:00:00": {
			"DAM_lmp($/MWh)": 34.93555,
			"RTM_lmp($/MWh)": 72.0
		},
		"07:00:00": {
			"DAM_lmp($/MWh)": 25.41497,
			"RTM_lmp($/MWh)": 18.0208
		},
		"08:00:00": {
			"DAM_lmp($/MWh)": 32.0793,
			"RTM_lmp($/MWh)": 12.8688
		},
		"09:00:00": {
			"DAM_lmp($/MWh)": 30.68203,
			"RTM_lmp($/MWh)": 12.94
		},
		"10:00:00": {
			"DAM_lmp($/MWh)": 19.64759,
			"RTM_lmp($/MWh)": 15.4
		},
		"11:00:00": {
			"DAM_lmp($/MWh)": 16.65558,
			"RTM_lmp($/MWh)": 30.26685
		},
		"12:00:00": {
			"DAM_lmp($/MWh)": 15.36436,
			"RTM_lmp($/MWh)": 14.76653
		},
		"13:00:00": {
			"DAM_lmp($/MWh)": 15.97046,
			"RTM_lmp($/MWh)": 14.99893
		},
		"14:00:00": {
			"DAM_lmp($/MWh)": 17.22872,
			"RTM_lmp($/MWh)": 9.9976
		},
		"15:00:00": {
			"DAM_lmp($/MWh)": 19.72987,
			"RTM_lmp($/MWh)": 4.9988
		},
		"16:00:00": {
			"DAM_lmp($/MWh)": 22.18729,
			"RTM_lmp($/MWh)": 4.95
		},
		"17:00:00": {
			"DAM_lmp($/MWh)": 24.34327,
			"RTM_lmp($/MWh)": 0.0
		},
		"18:00:00": {
			"DAM_lmp($/MWh)": 42.99808,
			"RTM_lmp($/MWh)": 13.59762
		},
		"19:00:00": {
			"DAM_lmp($/MWh)": 63.22525,
			"RTM_lmp($/MWh)": 26.7378
		},
		"20:00:00": {
			"DAM_lmp($/MWh)": 63.19652,
			"RTM_lmp($/MWh)": 40.0
		},
		"21:00:00": {
			"DAM_lmp($/MWh)": 48.76697,
			"RTM_lmp($/MWh)": 40.96643
		},
		"22:00:00": {
			"DAM_lmp($/MWh)": 39.36674,
			"RTM_lmp($/MWh)": 31.08213
		},
		"23:00:00": {
			"DAM_lmp($/MWh)": 30.61807,
			"RTM_lmp($/MWh)": 32.16878
		}
	},
	"2023-05-23": {
		"00:00:00": {
			"DAM_lmp($/MWh)": 28.58621,
			"RTM_lmp($/MWh)": 27.29309
		},
		"01:00:00": {
			"DAM_lmp($/MWh)": 25.02522,
			"RTM_lmp($/MWh)": 23.63975
		},
		"02:00:00": {
			"DAM_lmp($/MWh)": 23.74292,
			"RTM_lmp($/MWh)": 19.60591
		},
		"03:00:00": {
			"DAM_lmp($/MWh)": 22.00637,
			"RTM_lmp($/MWh)": 6.52731
		},
		"04:00:00": {
			"DAM_lmp($/MWh)": 25.31874,
			"RTM_lmp($/MWh)": 1.64572
		},
		"05:00:00": {
			"DAM_lmp($/MWh)": 33.07041,
			"RTM_lmp($/MWh)": 30.81135
		},
		"06:00:00": {
			"DAM_lmp($/MWh)": 34.93555,
			"RTM_lmp($/MWh)": 72.0
		},
		"07:00:00": {
			"DAM_lmp($/MWh)": 25.41497,
			"RTM_lmp($/MWh)": 18.0208
		},
		"08:00:00": {
			"DAM_lmp($/MWh)": 32.0793,
			"RTM_lmp($/MWh)": 12.8688
		},
		"09:00:00": {
			"DAM_lmp($/MWh)": 30.68203,
			"RTM_lmp($/MWh)": 12.94
		},
		"10:00:00": {
			"DAM_lmp($/MWh)": 19.64759,
			"RTM_lmp($/MWh)": 15.4
		},
		"11:00:00": {
			"DAM_lmp($/MWh)": 16.65558,
			"RTM_lmp($/MWh)": 30.26685
		},
		"12:00:00": {
			"DAM_lmp($/MWh)": 15.36436,
			"RTM_lmp($/MWh)": 14.76653
		},
		"13:00:00": {
			"DAM_lmp($/MWh)": 15.97046,
			"RTM_lmp($/MWh)": 14.99893
		},
		"14:00:00": {
			"DAM_lmp($/MWh)": 17.22872,
			"RTM_lmp($/MWh)": 9.9976
		},
		"15:00:00": {
			"DAM_lmp($/MWh)": 19.72987,
			"RTM_lmp($/MWh)": 4.9988
		},
		"16:00:00": {
			"DAM_lmp($/MWh)": 22.18729,
			"RTM_lmp($/MWh)": 4.95
		},
		"17:00:00": {
			"DAM_lmp($/MWh)": 24.34327,
			"RTM_lmp($/MWh)": 0.0
		},
		"18:00:00": {
			"DAM_lmp($/MWh)": 42.99808,
			"RTM_lmp($/MWh)": 13.59762
		},
		"19:00:00": {
			"DAM_lmp($/MWh)": 63.22525,
			"RTM_lmp($/MWh)": 26.7378
		},
		"20:00:00": {
			"DAM_lmp($/MWh)": 63.19652,
			"RTM_lmp($/MWh)": 40.0
		},
		"21:00:00": {
			"DAM_lmp($/MWh)": 48.76697,
			"RTM_lmp($/MWh)": 40.96643
		},
		"22:00:00": {
			"DAM_lmp($/MWh)": 39.36674,
			"RTM_lmp($/MWh)": 31.08213
		},
		"23:00:00": {
			"DAM_lmp($/MWh)": 30.61807,
			"RTM_lmp($/MWh)": 32.16878
		}
	}
}