{
	"2023-05-22": {
		"00:00:00": {
			"DAM_lmp($/MWh)": 29.74739,
			"RTM_lmp($/MWh)": 28.86391
		},
		"01:00:00": {
			"DAM_lmp($/MWh)": 26.18635,
			"RTM_lmp($/MWh)": 25.37299
		},
		"02:00:00": {
			"DAM_lmp($/MWh)": 24.85879,
			"RTM_lmp($/MWh)": 21.07964
		},
		"03:00:00": {
			"DAM_lmp($/MWh)": 22.97029,
			"RTM_lmp($/MWh)": 6.24759
		},
		"04:00:00": {
			"DAM_lmp($/MWh)": 26.5407,
			"RTM_lmp($/MWh)": 1.75953
		},
		"05:00:00": {
			"DAM_lmp($/MWh)": 34.56909,
			"RTM_lmp($/MWh)": 30.81135
		},
		"06:00:00": {
			"DAM_lmp($/MWh)": 36.01121,
			"RTM_lmp($/MWh)": 72.0
		},
		"07:00:00": {
			"DAM_lmp($/MWh)": 25.40462,
			"RTM_lmp($/MWh)": 18.0208
		},
		"08:00:00": {
			"DAM_lmp($/MWh)": 9.80547,
			"RTM_lmp($/MWh)": 12.8688
		},
		"09:00:00": {
			"DAM_lmp($/MWh)": 6.77942,
			"RTM_lmp($/MWh)": 12.94
		},
		"10:00:00": {
			"DAM_lmp($/MWh)": 5.04543,
			"RTM_lmp($/MWh)": 15.4
		},
		"11:00:00": {
			"DAM_lmp($/MWh)": 3.76889,
			"RTM_lmp($/MWh)": 11.34931
		},
		"12:00:00": {
			"DAM_lmp($/MWh)": 1.64222,
			"RTM_lmp($/MWh)": 14.45549
		},
		"13:00:00": {
			"DAM_lmp($/MWh)": 1.1481,
			"RTM_lmp($/MWh)": 14.68815
		},
		"14:00:00": {
			"DAM_lmp($/MWh)": 2.26177,
			"RTM_lmp($/MWh)": 9.9976
		},
		"15:00:00": {
			"DAM_lmp($/MWh)": 5.18683,
			"RTM_lmp($/MWh)": 4.9988
		},
		"16:00:00": {
			"DAM_lmp($/MWh)": 9.7143,
			"RTM_lmp($/MWh)": 4.95
		},
		"17:00:00": {
			"DAM_lmp($/MWh)": 24.19639,
			"RTM_lmp($/MWh)": 0.0
		},
		"18:00:00": {
			"DAM_lmp($/MWh)": 43.673,
			"RTM_lmp($/MWh)": 13.90178
		},
		"19:00:00": {
			"DAM_lmp($/MWh)": 64.98977,
			"RTM_lmp($/MWh)": 27.87102
		},
		"20:00:00": {
			"DAM_lmp($/MWh)": 65.90226,
			"RTM_lmp($/MWh)": 40.0
		},
		"21:00:00": {
			"DAM_lmp($/MWh)": 50.52915,
			"RTM_lmp($/MWh)": 43.02252
		},
		"22:00:00": {
			"DAM_lmp($/MWh)": 40.75829,
			"RTM_lmp($/MWh)": 32.55601
		},
		"23:00:00": {
			"DAM_lmp($/MWh)": 32.46296,
			"RTM_lmp($/MWh)": 33.7832
		}
	},
	"2023-05-23": {
		"00:00:00": {
			"DAM_lmp($/MWh)": 29.74739,
			"RTM_lmp($/MWh)": 28.86391
		},
		"01:00:00": {
			"DAM_lmp($/MWh)": 26.18635,
			"RTM_lmp($/MWh)": 25.37299
		},
		"02:00:00": {
			"DAM_lmp($/MWh)": 24.85879,
			"RTM_lmp($/MWh)": 21.07964
		},
		"03:00:00": {
			"DAM_lmp($/MWh)": 22.97029,
			"RTM_lmp($/MWh)": 6.24759
		},
		"04:00:00": {
			"DAM_lmp($/MWh)": 26.5407,
			"RTM_lmp($/MWh)": 1.75953
		},
		"05:00:00": {
			"DAM_lmp($/MWh)": 34.56909,
			"RTM_lmp($/MWh)": 30.81135
		},
		"06:00:00": {
			"DAM_lmp($/MWh)": 36.01121,
			"RTM_lmp($/MWh)": 72.0
		},
		"07:00:00": {
			"DAM_lmp($/MWh)": 25.40462,
			"RTM_lmp($/MWh)": 18.0208
		},
		"08:00:00": {
			"DAM_lmp($/MWh)": 9.80547,
			"RTM_lmp($/MWh)": 12.8688
		},
		"09:00:00": {
			"DAM_lmp($/MWh)": 6.77942,
			"RTM_lmp($/MWh)": 12.94
		},
		"10:00:00": {
			"DAM_lmp($/MWh)": 5.04543,
			"RTM_lmp($/MWh)": 15.4
		},
		"11:00:00": {
			"DAM_lmp($/MWh)": 3.76889,
			"RTM_lmp($/MWh)": 11.34931
		},
		"12:00:00": {
			"DAM_lmp($/MWh)": 1.64222,
			"RTM_lmp($/MWh)": 14.45549
		},
		"13:00:00": {
			"DAM_lmp($/MWh)": 1.1481,
			"RTM_lmp($/MWh)": 14.68815
		},
		"14:00:00": {
			"DAM_lmp($/MWh)": 2.26177,
			"RTM_lmp($/MWh)": 9.9976
		},
		"15:00:00": {
			"DAM_lmp($/MWh)": 5.18683,
			"RTM_lmp($/MWh)": 4.9988
		},
		"16:00:00": {
			"DAM_lmp($/MWh)": 9.7143,
			"RTM_lmp($/MWh)": 4.95
		},
		"17:00:00": {
			"DAM_lmp($/MWh)": 24.19639,
			"RTM_lmp($/MWh)": 0.0
		},
		"18:00:00": {
			"DAM_lmp($/MWh)": 43.673,
			"RTM_lmp($/MWh)": 13.90178
		},
		"19:00:00": {
			"DAM_lmp($/MWh)": 64.98977,
			"RTM_lmp($/MWh)": 27.87102
		},
		"20:00:00": {
			"DAM_lmp($/MWh)": 65.90226,
			"RTM_lmp($/MWh)": 40.0
		},
		"21:00:00": {
			"DAM_lmp($/MWh)": 50.52915,
			"RTM_lmp($/MWh)": 43.02252
		},
		"22:00:00": {
			"DAM_lmp($/MWh)": 40.75829,
			"RTM_lmp($/MWh)": 32.55601
		},
		"23:00:00": {
			"DAM_lmp($/MWh)": 32.46296,
			"RTM_lmp($/MWh)": 33.7832
		}
	}
}