{
	"2023-05-22": {
		"00:00:00": {
			"DAM_lmp($/MWh)": -7.32726,
			"RTM_lmp($/MWh)": 3.03467
		},
		"01:00:00": {
			"DAM_lmp($/MWh)": -7.33449,
			"RTM_lmp($/MWh)": 2.63433
		},
		"02:00:00": {
			"DAM_lmp($/MWh)": -9.29976,
			"RTM_lmp($/MWh)": 2.03243
		},
		"03:00:00": {
			"DAM_lmp($/MWh)": -9.35,
			"RTM_lmp($/MWh)": 1.32559
		},
		"04:00:00": {
			"DAM_lmp($/MWh)": -7.0365,
			"RTM_lmp($/MWh)": 1.23742
		},
		"05:00:00": {
			"DAM_lmp($/MWh)": -4.55305,
			"RTM_lmp($/MWh)": 1.0
		},
		"06:00:00": {
			"DAM_lmp($/MWh)": -4.37831,
			"RTM_lmp($/MWh)": 1.0
		},
		"07:00:00": {
			"DAM_lmp($/MWh)": -4.30257,
			"RTM_lmp($/MWh)": 18.0208
		},
		"08:00:00": {
			"DAM_lmp($/MWh)": -5.36469,
			"RTM_lmp($/MWh)": 12.8688
		},
		"09:00:00": {
			"DAM_lmp($/MWh)": -8.33887,
			"RTM_lmp($/MWh)": 1.0
		},
		"10:00:00": {
			"DAM_lmp($/MWh)": -17.92488,
			"RTM_lmp($/MWh)": 0.01
		},
		"11:00:00": {
			"DAM_lmp($/MWh)": -19.78124,
			"RTM_lmp($/MWh)": 0.01
		},
		"12:00:00": {
			"DAM_lmp($/MWh)": -39.50055,
			"RTM_lmp($/MWh)": 0.88768
		},
		"13:00:00": {
			"DAM_lmp($/MWh)": -34.3588,
			"RTM_lmp($/MWh)": 0.99727
		},
		"14:00:00": {
			"DAM_lmp($/MWh)": -12.32633,
			"RTM_lmp($/MWh)": 9.9976
		},
		"15:00:00": {
			"DAM_lmp($/MWh)": -13.90587,
			"RTM_lmp($/MWh)": 4.9988
		},
		"16:00:00": {
			"DAM_lmp($/MWh)": -3.57737,
			"RTM_lmp($/MWh)": 4.95
		},
		"17:00:00": {
			"DAM_lmp($/MWh)": 1.8323,
			"RTM_lmp($/MWh)": 0.0
		},
		"18:00:00": {
			"DAM_lmp($/MWh)": 3.94502,
			"RTM_lmp($/MWh)": 12.51803
		},
		"19:00:00": {
			"DAM_lmp($/MWh)": 41.16904,
			"RTM_lmp($/MWh)": 24.50438
		},
		"20:00:00": {
			"DAM_lmp($/MWh)": 33.44372,
			"RTM_lmp($/MWh)": 40.0
		},
		"21:00:00": {
			"DAM_lmp($/MWh)": 13.74925,
			"RTM_lmp($/MWh)": 36.84587
		},
		"22:00:00": {
			"DAM_lmp($/MWh)": -2.80145,
			"RTM_lmp($/MWh)": 27.99747
		},
		"23:00:00": {
			"DAM_lmp($/MWh)": -4.72217,
			"RTM_lmp($/MWh)": -147.97366
		}
	},
	"2023-05-23": {
		"00:00:00": {
			"DAM_lmp($/MWh)": -7.32726,
			"RTM_lmp($/MWh)": 3.03467
		},
		"01:00:00": {
			"DAM_lmp($/MWh)": -7.33449,
			"RTM_lmp($/MWh)": 2.63433
		},
		"02:00:00": {
			"DAM_lmp($/MWh)": -9.29976,
			"RTM_lmp($/MWh)": 2.03243
		},
		"03:00:00": {
			"DAM_lmp($/MWh)": -9.35,
			"RTM_lmp($/MWh)": 1.32559
		},
		"04:00:00": {
			"DAM_lmp($/MWh)": -7.0365,
			"RTM_lmp($/MWh)": 1.23742
		},
		"05:00:00": {
			"DAM_lmp($/MWh)": -4.55305,
			"RTM_lmp($/MWh)": 1.0
		},
		"06:00:00": {
			"DAM_lmp($/MWh)": -4.37831,
			"RTM_lmp($/MWh)": 1.0
		},
		"07:00:00": {
			"DAM_lmp($/MWh)": -4.30257,
			"RTM_lmp($/MWh)": 18.0208
		},
		"08:00:00": {
			"DAM_lmp($/MWh)": -5.36469,
			"RTM_lmp($/MWh)": 12.8688
		},
		"09:00:00": {
			"DAM_lmp($/MWh)": -8.33887,
			"RTM_lmp($/MWh)": 1.0
		},
		"10:00:00": {
			"DAM_lmp($/MWh)": -17.92488,
			"RTM_lmp($/MWh)": 0.01
		},
		"11:00:00": {
			"DAM_lmp($/MWh)": -19.78124,
			"RTM_lmp($/MWh)": 0.01
		},
		"12:00:00": {
			"DAM_lmp($/MWh)": -39.50055,
			"RTM_lmp($/MWh)": 0.88768
		},
		"13:00:00": {
			"DAM_lmp($/MWh)": -34.3588,
			"RTM_lmp($/MWh)": 0.99727
		},
		"14:00:00": {
			"DAM_lmp($/MWh)": -12.32633,
			"RTM_lmp($/MWh)": 9.9976
		},
		"15:00:00": {
			"DAM_lmp($/MWh)": -13.90587,
			"RTM_lmp($/MWh)": 4.9988
		},
		"16:00:00": {
			"DAM_lmp($/MWh)": -3.57737,
			"RTM_lmp($/MWh)": 4.95
		},
		"17:00:00": {
			"DAM_lmp($/MWh)": 1.8323,
			"RTM_lmp($/MWh)": 0.0
		},
		"18:00:00": {
			"DAM_lmp($/MWh)": 3.94502,
			"RTM_lmp($/MWh)": 12.51803
		},
		"19:00:00": {
			"DAM_lmp($/MWh)": 41.16904,
			"RTM_lmp($/MWh)": 24.50438
		},
		"20:00:00": {
			"DAM_lmp($/MWh)": 33.44372,
			"RTM_lmp($/MWh)": 40.0
		},
		"21:00:00": {
			"DAM_lmp($/MWh)": 13.74925,
			"RTM_lmp($/MWh)": 36.84587
		},
		"22:00:00": {
			"DAM_lmp($/MWh)": -2.80145,
			"RTM_lmp($/MWh)": 27.99747
		},
		"23:00:00": {
			"DAM_lmp($/MWh)": -4.72217,
			"RTM_lmp($/MWh)": -147.97366
		}
	}
}