{
	"2023-05-22": {
		"00:00:00": {
			"DAM_lmp($/MWh)": 29.08259,
			"RTM_lmp($/MWh)": 28.09273
		},
		"01:00:00": {
			"DAM_lmp($/MWh)": 25.45967,
			"RTM_lmp($/MWh)": 24.15156
		},
		"02:00:00": {
			"DAM_lmp($/MWh)": 24.15584,
			"RTM_lmp($/MWh)": 20.0431
		},
		"03:00:00": {
			"DAM_lmp($/MWh)": 22.38148,
			"RTM_lmp($/MWh)": 6.83964
		},
		"04:00:00": {
			"DAM_lmp($/MWh)": 25.75064,
			"RTM_lmp($/MWh)": 1.87447
		},
		"05:00:00": {
			"DAM_lmp($/MWh)": 33.78374,
			"RTM_lmp($/MWh)": 30.81135
		},
		"06:00:00": {
			"DAM_lmp($/MWh)": 35.69103,
			"RTM_lmp($/MWh)": 72.0
		},
		"07:00:00": {
			"DAM_lmp($/MWh)": 25.98694,
			"RTM_lmp($/MWh)": 18.0208
		},
		"08:00:00": {
			"DAM_lmp($/MWh)": 32.32146,
			"RTM_lmp($/MWh)": 12.8688
		},
		"09:00:00": {
			"DAM_lmp($/MWh)": 30.90968,
			"RTM_lmp($/MWh)": 12.94
		},
		"10:00:00": {
			"DAM_lmp($/MWh)": 19.79074,
			"RTM_lmp($/MWh)": 15.4
		},
		"11:00:00": {
			"DAM_lmp($/MWh)": 16.75342,
			"RTM_lmp($/MWh)": 30.26685
		},
		"12:00:00": {
			"DAM_lmp($/MWh)": 15.44244,
			"RTM_lmp($/MWh)": 15.07295
		},
		"13:00:00": {
			"DAM_lmp($/MWh)": 16.03653,
			"RTM_lmp($/MWh)": 15.3254
		},
		"14:00:00": {
			"DAM_lmp($/MWh)": 17.30058,
			"RTM_lmp($/MWh)": 9.9976
		},
		"15:00:00": {
			"DAM_lmp($/MWh)": 19.84866,
			"RTM_lmp($/MWh)": 4.9988
		},
		"16:00:00": {
			"DAM_lmp($/MWh)": 22.41166,
			"RTM_lmp($/MWh)": 4.95
		},
		"17:00:00": {
			"DAM_lmp($/MWh)": 24.83372,
			"RTM_lmp($/MWh)": 0.0
		},
		"18:00:00": {
			"DAM_lmp($/MWh)": 44.16824,
			"RTM_lmp($/MWh)": 13.97747
		},
		"19:00:00": {
			"DAM_lmp($/MWh)": 64.89281,
			"RTM_lmp($/MWh)": 27.70049
		},
		"20:00:00": {
			"DAM_lmp($/MWh)": 65.01545,
			"RTM_lmp($/MWh)": 40.0
		},
		"21:00:00": {
			"DAM_lmp($/MWh)": 49.97504,
			"RTM_lmp($/MWh)": 42.57773
		},
		"22:00:00": {
			"DAM_lmp($/MWh)": 40.1089,
			"RTM_lmp($/MWh)": 32.02121
		},
		"23:00:00": {
			"DAM_lmp($/MWh)": 31.17591,
			"RTM_lmp($/MWh)": 32.95274
		}
	},
	"2023-05-23": {
		"00:00:00": {
			"DAM_lmp($/MWh)": 29.08259,
			"RTM_lmp($/MWh)": 28.09273
		},
		"01:00:00": {
			"DAM_lmp($/MWh)": 25.45967,
			"RTM_lmp($/MWh)": 24.15156
		},
		"02:00:00": {
			"DAM_lmp($/MWh)": 24.15584,
			"RTM_lmp($/MWh)": 20.0431
		},
		"03:00:00": {
			"DAM_lmp($/MWh)": 22.38148,
			"RTM_lmp($/MWh)": 6.83964
		},
		"04:00:00": {
			"DAM_lmp($/MWh)": 25.75064,
			"RTM_lmp($/MWh)": 1.87447
		},
		"05:00:00": {
			"DAM_lmp($/MWh)": 33.78374,
			"RTM_lmp($/MWh)": 30.81135
		},
		"06:00:00": {
			"DAM_lmp($/MWh)": 35.69103,
			"RTM_lmp($/MWh)": 72.0
		},
		"07:00:00": {
			"DAM_lmp($/MWh)": 25.98694,
			"RTM_lmp($/MWh)": 18.0208
		},
		"08:00:00": {
			"DAM_lmp($/MWh)": 32.32146,
			"RTM_lmp($/MWh)": 12.8688
		},
		"09:00:00": {
			"DAM_lmp($/MWh)": 30.90968,
			"RTM_lmp($/MWh)": 12.94
		},
		"10:00:00": {
			"DAM_lmp($/MWh)": 19.79074,
			"RTM_lmp($/MWh)": 15.4
		},
		"11:00:00": {
			"DAM_lmp($/MWh)": 16.75342,
			"RTM_lmp($/MWh)": 30.26685
		},
		"12:00:00": {
			"DAM_lmp($/MWh)": 15.44244,
			"RTM_lmp($/MWh)": 15.07295
		},
		"13:00:00": {
			"DAM_lmp($/MWh)": 16.03653,
			"RTM_lmp($/MWh)": 15.3254
		},
		"14:00:00": {
			"DAM_lmp($/MWh)": 17.30058,
			"RTM_lmp($/MWh)": 9.9976
		},
		"15:00:00": {
			"DAM_lmp($/MWh)": 19.84866,
			"RTM_lmp($/MWh)": 4.9988
		},
		"16:00:00": {
			"DAM_lmp($/MWh)": 22.41166,
			"RTM_lmp($/MWh)": 4.95
		},
		"17:00:00": {
			"DAM_lmp($/MWh)": 24.83372,
			"RTM_lmp($/MWh)": 0.0
		},
		"18:00:00": {
			"DAM_lmp($/MWh)": 44.16824,
			"RTM_lmp($/MWh)": 13.97747
		},
		"19:00:00": {
			"DAM_lmp($/MWh)": 64.89281,
			"RTM_lmp($/MWh)": 27.70049
		},
		"20:00:00": {
			"DAM_lmp($/MWh)": 65.01545,
			"RTM_lmp($/MWh)": 40.0
		},
		"21:00:00": {
			"DAM_lmp($/MWh)": 49.97504,
			"RTM_lmp($/MWh)": 42.57773
		},
		"22:00:00": {
			"DAM_lmp($/MWh)": 40.1089,
			"RTM_lmp($/MWh)": 32.02121
		},
		"23:00:00": {
			"DAM_lmp($/MWh)": 31.17591,
			"RTM_lmp($/MWh)": 32.95274
		}
	}
}