{
	"2023-05-22": {
		"00:00:00": {
			"DAM_lmp($/MWh)": 31.51243,
			"RTM_lmp($/MWh)": 28.3403
		},
		"01:00:00": {
			"DAM_lmp($/MWh)": 28.26587,
			"RTM_lmp($/MWh)": 24.48535
		},
		"02:00:00": {
			"DAM_lmp($/MWh)": 27.80546,
			"RTM_lmp($/MWh)": 20.33251
		},
		"03:00:00": {
			"DAM_lmp($/MWh)": 26.37388,
			"RTM_lmp($/MWh)": 6.30408
		},
		"04:00:00": {
			"DAM_lmp($/MWh)": 29.28381,
			"RTM_lmp($/MWh)": 1.62617
		},
		"05:00:00": {
			"DAM_lmp($/MWh)": 34.93065,
			"RTM_lmp($/MWh)": 30.81135
		},
		"06:00:00": {
			"DAM_lmp($/MWh)": 37.70677,
			"RTM_lmp($/MWh)": 72.0
		},
		"07:00:00": {
			"DAM_lmp($/MWh)": 24.56867,
			"RTM_lmp($/MWh)": 18.0208
		},
		"08:00:00": {
			"DAM_lmp($/MWh)": 7.74054,
			"RTM_lmp($/MWh)": 12.8688
		},
		"09:00:00": {
			"DAM_lmp($/MWh)": 4.71753,
			"RTM_lmp($/MWh)": 12.94
		},
		"10:00:00": {
			"DAM_lmp($/MWh)": 3.74163,
			"RTM_lmp($/MWh)": 15.4
		},
		"11:00:00": {
			"DAM_lmp($/MWh)": 2.6679,
			"RTM_lmp($/MWh)": 0.65678
		},
		"12:00:00": {
			"DAM_lmp($/MWh)": 0.59371,
			"RTM_lmp($/MWh)": 13.72102
		},
		"13:00:00": {
			"DAM_lmp($/MWh)": 0.02892,
			"RTM_lmp($/MWh)": 13.88767
		},
		"14:00:00": {
			"DAM_lmp($/MWh)": 1.02596,
			"RTM_lmp($/MWh)": 9.9976
		},
		"15:00:00": {
			"DAM_lmp($/MWh)": 3.85487,
			"RTM_lmp($/MWh)": 4.9988
		},
		"16:00:00": {
			"DAM_lmp($/MWh)": 8.31332,
			"RTM_lmp($/MWh)": 4.95
		},
		"17:00:00": {
			"DAM_lmp($/MWh)": 23.13084,
			"RTM_lmp($/MWh)": 0.0
		},
		"18:00:00": {
			"DAM_lmp($/MWh)": 41.65261,
			"RTM_lmp($/MWh)": 13.10923
		},
		"19:00:00": {
			"DAM_lmp($/MWh)": 61.88086,
			"RTM_lmp($/MWh)": 26.4765
		},
		"20:00:00": {
			"DAM_lmp($/MWh)": 62.16083,
			"RTM_lmp($/MWh)": 40.0
		},
		"21:00:00": {
			"DAM_lmp($/MWh)": 47.9383,
			"RTM_lmp($/MWh)": 41.25596
		},
		"22:00:00": {
			"DAM_lmp($/MWh)": 40.03952,
			"RTM_lmp($/MWh)": 31.77928
		},
		"23:00:00": {
			"DAM_lmp($/MWh)": 34.1148,
			"RTM_lmp($/MWh)": 32.63052
		}
	},
	"2023-05-23": {
		"00:00:00": {
			"DAM_lmp($/MWh)": 31.51243,
			"RTM_lmp($/MWh)": 28.3403
		},
		"01:00:00": {
			"DAM_lmp($/MWh)": 28.26587,
			"RTM_lmp($/MWh)": 24.48535
		},
		"02:00:00": {
			"DAM_lmp($/MWh)": 27.80546,
			"RTM_lmp($/MWh)": 20.33251
		},
		"03:00:00": {
			"DAM_lmp($/MWh)": 26.37388,
			"RTM_lmp($/MWh)": 6.30408
		},
		"04:00:00": {
			"DAM_lmp($/MWh)": 29.28381,
			"RTM_lmp($/MWh)": 1.62617
		},
		"05:00:00": {
			"DAM_lmp($/MWh)": 34.93065,
			"RTM_lmp($/MWh)": 30.81135
		},
		"06:00:00": {
			"DAM_lmp($/MWh)": 37.70677,
			"RTM_lmp($/MWh)": 72.0
		},
		"07:00:00": {
			"DAM_lmp($/MWh)": 24.56867,
			"RTM_lmp($/MWh)": 18.0208
		},
		"08:00:00": {
			"DAM_lmp($/MWh)": 7.74054,
			"RTM_lmp($/MWh)": 12.8688
		},
		"09:00:00": {
			"DAM_lmp($/MWh)": 4.71753,
			"RTM_lmp($/MWh)": 12.94
		},
		"10:00:00": {
			"DAM_lmp($/MWh)": 3.74163,
			"RTM_lmp($/MWh)": 15.4
		},
		"11:00:00": {
			"DAM_lmp($/MWh)": 2.6679,
			"RTM_lmp($/MWh)": 0.65678
		},
		"12:00:00": {
			"DAM_lmp($/MWh)": 0.59371,
			"RTM_lmp($/MWh)": 13.72102
		},
		"13:00:00": {
			"DAM_lmp($/MWh)": 0.02892,
			"RTM_lmp($/MWh)": 13.88767
		},
		"14:00:00": {
			"DAM_lmp($/MWh)": 1.02596,
			"RTM_lmp($/MWh)": 9.9976
		},
		"15:00:00": {
			"DAM_lmp($/MWh)": 3.85487,
			"RTM_lmp($/MWh)": 4.9988
		},
		"16:00:00": {
			"DAM_lmp($/MWh)": 8.31332,
			"RTM_lmp($/MWh)": 4.95
		},
		"17:00:00": {
			"DAM_lmp($/MWh)": 23.13084,
			"RTM_lmp($/MWh)": 0.0
		},
		"18:00:00": {
			"DAM_lmp($/MWh)": 41.65261,
			"RTM_lmp($/MWh)": 13.10923
		},
		"19:00:00": {
			"DAM_lmp($/MWh)": 61.88086,
			"RTM_lmp($/MWh)": 26.4765
		},
		"20:00:00": {
			"DAM_lmp($/MWh)": 62.16083,
			"RTM_lmp($/MWh)": 40.0
		},
		"21:00:00": {
			"DAM_lmp($/MWh)": 47.9383,
			"RTM_lmp($/MWh)": 41.25596
		},
		"22:00:00": {
			"DAM_lmp($/MWh)": 40.03952,
			"RTM_lmp($/MWh)": 31.77928
		},
		"23:00:00": {
			"DAM_lmp($/MWh)": 34.1148,
			"RTM_lmp($/MWh)": 32.63052
		}
	}
}