{
	"2023-05-22": {
		"00:00:00": {
			"DAM_lmp($/MWh)": 28.75167,
			"RTM_lmp($/MWh)": 28.10696
		},
		"01:00:00": {
			"DAM_lmp($/MWh)": 25.30192,
			"RTM_lmp($/MWh)": 24.46557
		},
		"02:00:00": {
			"DAM_lmp($/MWh)": 24.02066,
			"RTM_lmp($/MWh)": 20.30788
		},
		"03:00:00": {
			"DAM_lmp($/MWh)": 22.24735,
			"RTM_lmp($/MWh)": 5.86528
		},
		"04:00:00": {
			"DAM_lmp($/MWh)": 25.69534,
			"RTM_lmp($/MWh)": 1.50946
		},
		"05:00:00": {
			"DAM_lmp($/MWh)": 33.43736,
			"RTM_lmp($/MWh)": 30.81135
		},
		"06:00:00": {
			"DAM_lmp($/MWh)": 34.89238,
			"RTM_lmp($/MWh)": 72.0
		},
		"07:00:00": {
			"DAM_lmp($/MWh)": 24.64113,
			"RTM_lmp($/MWh)": 18.0208
		},
		"08:00:00": {
			"DAM_lmp($/MWh)": 9.04857,
			"RTM_lmp($/MWh)": 12.8688
		},
		"09:00:00": {
			"DAM_lmp($/MWh)": 6.06467,
			"RTM_lmp($/MWh)": 12.94
		},
		"10:00:00": {
			"DAM_lmp($/MWh)": 4.5759,
			"RTM_lmp($/MWh)": 15.4
		},
		"11:00:00": {
			"DAM_lmp($/MWh)": 3.37393,
			"RTM_lmp($/MWh)": 9.15597
		},
		"12:00:00": {
			"DAM_lmp($/MWh)": 1.29769,
			"RTM_lmp($/MWh)": 13.91195
		},
		"13:00:00": {
			"DAM_lmp($/MWh)": 0.79048,
			"RTM_lmp($/MWh)": 14.1027
		},
		"14:00:00": {
			"DAM_lmp($/MWh)": 1.85184,
			"RTM_lmp($/MWh)": 9.9976
		},
		"15:00:00": {
			"DAM_lmp($/MWh)": 4.6551,
			"RTM_lmp($/MWh)": 4.9988
		},
		"16:00:00": {
			"DAM_lmp($/MWh)": 8.97986,
			"RTM_lmp($/MWh)": 4.95
		},
		"17:00:00": {
			"DAM_lmp($/MWh)": 23.14827,
			"RTM_lmp($/MWh)": 0.0
		},
		"18:00:00": {
			"DAM_lmp($/MWh)": 41.70958,
			"RTM_lmp($/MWh)": 13.36628
		},
		"19:00:00": {
			"DAM_lmp($/MWh)": 62.56598,
			"RTM_lmp($/MWh)": 26.69655
		},
		"20:00:00": {
			"DAM_lmp($/MWh)": 62.84697,
			"RTM_lmp($/MWh)": 40.0
		},
		"21:00:00": {
			"DAM_lmp($/MWh)": 48.43251,
			"RTM_lmp($/MWh)": 41.09651
		},
		"22:00:00": {
			"DAM_lmp($/MWh)": 39.25784,
			"RTM_lmp($/MWh)": 31.38454
		},
		"23:00:00": {
			"DAM_lmp($/MWh)": 31.67506,
			"RTM_lmp($/MWh)": 32.65045
		}
	},
	"2023-05-23": {
		"00:00:00": {
			"DAM_lmp($/MWh)": 28.75167,
			"RTM_lmp($/MWh)": 28.10696
		},
		"01:00:00": {
			"DAM_lmp($/MWh)": 25.30192,
			"RTM_lmp($/MWh)": 24.46557
		},
		"02:00:00": {
			"DAM_lmp($/MWh)": 24.02066,
			"RTM_lmp($/MWh)": 20.30788
		},
		"03:00:00": {
			"DAM_lmp($/MWh)": 22.24735,
			"RTM_lmp($/MWh)": 5.86528
		},
		"04:00:00": {
			"DAM_lmp($/MWh)": 25.69534,
			"RTM_lmp($/MWh)": 1.50946
		},
		"05:00:00": {
			"DAM_lmp($/MWh)": 33.43736,
			"RTM_lmp($/MWh)": 30.81135
		},
		"06:00:00": {
			"DAM_lmp($/MWh)": 34.89238,
			"RTM_lmp($/MWh)": 72.0
		},
		"07:00:00": {
			"DAM_lmp($/MWh)": 24.64113,
			"RTM_lmp($/MWh)": 18.0208
		},
		"08:00:00": {
			"DAM_lmp($/MWh)": 9.04857,
			"RTM_lmp($/MWh)": 12.8688
		},
		"09:00:00": {
			"DAM_lmp($/MWh)": 6.06467,
			"RTM_lmp($/MWh)": 12.94
		},
		"10:00:00": {
			"DAM_lmp($/MWh)": 4.5759,
			"RTM_lmp($/MWh)": 15.4
		},
		"11:00:00": {
			"DAM_lmp($/MWh)": 3.37393,
			"RTM_lmp($/MWh)": 9.15597
		},
		"12:00:00": {
			"DAM_lmp($/MWh)": 1.29769,
			"RTM_lmp($/MWh)": 13.91195
		},
		"13:00:00": {
			"DAM_lmp($/MWh)": 0.79048,
			"RTM_lmp($/MWh)": 14.1027
		},
		"14:00:00": {
			"DAM_lmp($/MWh)": 1.85184,
			"RTM_lmp($/MWh)": 9.9976
		},
		"15:00:00": {
			"DAM_lmp($/MWh)": 4.6551,
			"RTM_lmp($/MWh)": 4.9988
		},
		"16:00:00": {
			"DAM_lmp($/MWh)": 8.97986,
			"RTM_lmp($/MWh)": 4.95
		},
		"17:00:00": {
			"DAM_lmp($/MWh)": 23.14827,
			"RTM_lmp($/MWh)": 0.0
		},
		"18:00:00": {
			"DAM_lmp($/MWh)": 41.70958,
			"RTM_lmp($/MWh)": 13.36628
		},
		"19:00:00": {
			"DAM_lmp($/MWh)": 62.56598,
			"RTM_lmp($/MWh)": 26.69655
		},
		"20:00:00": {
			"DAM_lmp($/MWh)": 62.84697,
			"RTM_lmp($/MWh)": 40.0
		},
		"21:00:00": {
			"DAM_lmp($/MWh)": 48.43251,
			"RTM_lmp($/MWh)": 41.09651
		},
		"22:00:00": {
			"DAM_lmp($/MWh)": 39.25784,
			"RTM_lmp($/MWh)": 31.38454
		},
		"23:00:00": {
			"DAM_lmp($/MWh)": 31.67506,
			"RTM_lmp($/MWh)": 32.65045
		}
	}
}