{
	"2023-05-22": {
		"00:00:00": {
			"DAM_lmp($/MWh)": 23.55924,
			"RTM_lmp($/MWh)": 23.15829
		},
		"01:00:00": {
			"DAM_lmp($/MWh)": 18.86491,
			"RTM_lmp($/MWh)": 20.10652
		},
		"02:00:00": {
			"DAM_lmp($/MWh)": 17.44134,
			"RTM_lmp($/MWh)": 16.72209
		},
		"03:00:00": {
			"DAM_lmp($/MWh)": 16.18039,
			"RTM_lmp($/MWh)": 5.57562
		},
		"04:00:00": {
			"DAM_lmp($/MWh)": 19.0833,
			"RTM_lmp($/MWh)": 0.77286
		},
		"05:00:00": {
			"DAM_lmp($/MWh)": 27.70524,
			"RTM_lmp($/MWh)": 30.81135
		},
		"06:00:00": {
			"DAM_lmp($/MWh)": 29.63527,
			"RTM_lmp($/MWh)": 72.0
		},
		"07:00:00": {
			"DAM_lmp($/MWh)": 23.46873,
			"RTM_lmp($/MWh)": 18.0208
		},
		"08:00:00": {
			"DAM_lmp($/MWh)": 14.28759,
			"RTM_lmp($/MWh)": 12.8688
		},
		"09:00:00": {
			"DAM_lmp($/MWh)": 12.36815,
			"RTM_lmp($/MWh)": 12.94
		},
		"10:00:00": {
			"DAM_lmp($/MWh)": 6.96884,
			"RTM_lmp($/MWh)": 15.4
		},
		"11:00:00": {
			"DAM_lmp($/MWh)": 5.17045,
			"RTM_lmp($/MWh)": 14.7764
		},
		"12:00:00": {
			"DAM_lmp($/MWh)": 3.54292,
			"RTM_lmp($/MWh)": 13.26062
		},
		"13:00:00": {
			"DAM_lmp($/MWh)": 3.32998,
			"RTM_lmp($/MWh)": 13.53137
		},
		"14:00:00": {
			"DAM_lmp($/MWh)": 4.39167,
			"RTM_lmp($/MWh)": 9.9976
		},
		"15:00:00": {
			"DAM_lmp($/MWh)": 8.67956,
			"RTM_lmp($/MWh)": 4.9988
		},
		"16:00:00": {
			"DAM_lmp($/MWh)": 12.29419,
			"RTM_lmp($/MWh)": 4.95
		},
		"17:00:00": {
			"DAM_lmp($/MWh)": 22.57815,
			"RTM_lmp($/MWh)": 0.0
		},
		"18:00:00": {
			"DAM_lmp($/MWh)": 39.46567,
			"RTM_lmp($/MWh)": 11.78546
		},
		"19:00:00": {
			"DAM_lmp($/MWh)": 57.52451,
			"RTM_lmp($/MWh)": 22.87332
		},
		"20:00:00": {
			"DAM_lmp($/MWh)": 57.9145,
			"RTM_lmp($/MWh)": 40.0
		},
		"21:00:00": {
			"DAM_lmp($/MWh)": 44.07947,
			"RTM_lmp($/MWh)": 34.50026
		},
		"22:00:00": {
			"DAM_lmp($/MWh)": 34.15684,
			"RTM_lmp($/MWh)": 26.13522
		},
		"23:00:00": {
			"DAM_lmp($/MWh)": 24.72358,
			"RTM_lmp($/MWh)": 27.23584
		}
	},
	"2023-05-23": {
		"00:00:00": {
			"DAM_lmp($/MWh)": 23.55924,
			"RTM_lmp($/MWh)": 23.15829
		},
		"01:00:00": {
			"DAM_lmp($/MWh)": 18.86491,
			"RTM_lmp($/MWh)": 20.10652
		},
		"02:00:00": {
			"DAM_lmp($/MWh)": 17.44134,
			"RTM_lmp($/MWh)": 16.72209
		},
		"03:00:00": {
			"DAM_lmp($/MWh)": 16.18039,
			"RTM_lmp($/MWh)": 5.57562
		},
		"04:00:00": {
			"DAM_lmp($/MWh)": 19.0833,
			"RTM_lmp($/MWh)": 0.77286
		},
		"05:00:00": {
			"DAM_lmp($/MWh)": 27.70524,
			"RTM_lmp($/MWh)": 30.81135
		},
		"06:00:00": {
			"DAM_lmp($/MWh)": 29.63527,
			"RTM_lmp($/MWh)": 72.0
		},
		"07:00:00": {
			"DAM_lmp($/MWh)": 23.46873,
			"RTM_lmp($/MWh)": 18.0208
		},
		"08:00:00": {
			"DAM_lmp($/MWh)": 14.28759,
			"RTM_lmp($/MWh)": 12.8688
		},
		"09:00:00": {
			"DAM_lmp($/MWh)": 12.36815,
			"RTM_lmp($/MWh)": 12.94
		},
		"10:00:00": {
			"DAM_lmp($/MWh)": 6.96884,
			"RTM_lmp($/MWh)": 15.4
		},
		"11:00:00": {
			"DAM_lmp($/MWh)": 5.17045,
			"RTM_lmp($/MWh)": 14.7764
		},
		"12:00:00": {
			"DAM_lmp($/MWh)": 3.54292,
			"RTM_lmp($/MWh)": 13.26062
		},
		"13:00:00": {
			"DAM_lmp($/MWh)": 3.32998,
			"RTM_lmp($/MWh)": 13.53137
		},
		"14:00:00": {
			"DAM_lmp($/MWh)": 4.39167,
			"RTM_lmp($/MWh)": 9.9976
		},
		"15:00:00": {
			"DAM_lmp($/MWh)": 8.67956,
			"RTM_lmp($/MWh)": 4.9988
		},
		"16:00:00": {
			"DAM_lmp($/MWh)": 12.29419,
			"RTM_lmp($/MWh)": 4.95
		},
		"17:00:00": {
			"DAM_lmp($/MWh)": 22.57815,
			"RTM_lmp($/MWh)": 0.0
		},
		"18:00:00": {
			"DAM_lmp($/MWh)": 39.46567,
			"RTM_lmp($/MWh)": 11.78546
		},
		"19:00:00": {
			"DAM_lmp($/MWh)": 57.52451,
			"RTM_lmp($/MWh)": 22.87332
		},
		"20:00:00": {
			"DAM_lmp($/MWh)": 57.9145,
			"RTM_lmp($/MWh)": 40.0
		},
		"21:00:00": {
			"DAM_lmp($/MWh)": 44.07947,
			"RTM_lmp($/MWh)": 34.50026
		},
		"22:00:00": {
			"DAM_lmp($/MWh)": 34.15684,
			"RTM_lmp($/MWh)": 26.13522
		},
		"23:00:00": {
			"DAM_lmp($/MWh)": 24.72358,
			"RTM_lmp($/MWh)": 27.23584
		}
	}
}