{
	"2023-05-22": {
		"00:00:00": {
			"DAM_lmp($/MWh)": 20.84835,
			"RTM_lmp($/MWh)": 23.72743
		},
		"01:00:00": {
			"DAM_lmp($/MWh)": 17.19588,
			"RTM_lmp($/MWh)": 20.45268
		},
		"02:00:00": {
			"DAM_lmp($/MWh)": 14.85922,
			"RTM_lmp($/MWh)": 16.98892
		},
		"03:00:00": {
			"DAM_lmp($/MWh)": 12.70293,
			"RTM_lmp($/MWh)": 5.50992
		},
		"04:00:00": {
			"DAM_lmp($/MWh)": 16.57396,
			"RTM_lmp($/MWh)": 1.03892
		},
		"05:00:00": {
			"DAM_lmp($/MWh)": 26.81582,
			"RTM_lmp($/MWh)": 30.81135
		},
		"06:00:00": {
			"DAM_lmp($/MWh)": 26.44038,
			"RTM_lmp($/MWh)": 72.0
		},
		"07:00:00": {
			"DAM_lmp($/MWh)": 23.37815,
			"RTM_lmp($/MWh)": 18.0208
		},
		"08:00:00": {
			"DAM_lmp($/MWh)": 11.77271,
			"RTM_lmp($/MWh)": 12.8688
		},
		"09:00:00": {
			"DAM_lmp($/MWh)": 9.52347,
			"RTM_lmp($/MWh)": 12.94
		},
		"10:00:00": {
			"DAM_lmp($/MWh)": 6.8195,
			"RTM_lmp($/MWh)": 15.4
		},
		"11:00:00": {
			"DAM_lmp($/MWh)": 5.09788,
			"RTM_lmp($/MWh)": 14.7764
		},
		"12:00:00": {
			"DAM_lmp($/MWh)": 3.65113,
			"RTM_lmp($/MWh)": 13.4223
		},
		"13:00:00": {
			"DAM_lmp($/MWh)": 3.34576,
			"RTM_lmp($/MWh)": 13.64909
		},
		"14:00:00": {
			"DAM_lmp($/MWh)": 4.35455,
			"RTM_lmp($/MWh)": 9.9976
		},
		"15:00:00": {
			"DAM_lmp($/MWh)": 7.07631,
			"RTM_lmp($/MWh)": 4.9988
		},
		"16:00:00": {
			"DAM_lmp($/MWh)": 10.98498,
			"RTM_lmp($/MWh)": 4.95
		},
		"17:00:00": {
			"DAM_lmp($/MWh)": 22.41882,
			"RTM_lmp($/MWh)": 0.0
		},
		"18:00:00": {
			"DAM_lmp($/MWh)": 40.40864,
			"RTM_lmp($/MWh)": 12.09677
		},
		"19:00:00": {
			"DAM_lmp($/MWh)": 59.50126,
			"RTM_lmp($/MWh)": 23.39592
		},
		"20:00:00": {
			"DAM_lmp($/MWh)": 59.45708,
			"RTM_lmp($/MWh)": 40.0
		},
		"21:00:00": {
			"DAM_lmp($/MWh)": 45.17032,
			"RTM_lmp($/MWh)": 35.28073
		},
		"22:00:00": {
			"DAM_lmp($/MWh)": 34.19544,
			"RTM_lmp($/MWh)": 26.90877
		},
		"23:00:00": {
			"DAM_lmp($/MWh)": 23.93241,
			"RTM_lmp($/MWh)": 28.04304
		}
	},
	"2023-05-23": {
		"00:00:00": {
			"DAM_lmp($/MWh)": 20.84835,
			"RTM_lmp($/MWh)": 23.72743
		},
		"01:00:00": {
			"DAM_lmp($/MWh)": 17.19588,
			"RTM_lmp($/MWh)": 20.45268
		},
		"02:00:00": {
			"DAM_lmp($/MWh)": 14.85922,
			"RTM_lmp($/MWh)": 16.98892
		},
		"03:00:00": {
			"DAM_lmp($/MWh)": 12.70293,
			"RTM_lmp($/MWh)": 5.50992
		},
		"04:00:00": {
			"DAM_lmp($/MWh)": 16.57396,
			"RTM_lmp($/MWh)": 1.03892
		},
		"05:00:00": {
			"DAM_lmp($/MWh)": 26.81582,
			"RTM_lmp($/MWh)": 30.81135
		},
		"06:00:00": {
			"DAM_lmp($/MWh)": 26.44038,
			"RTM_lmp($/MWh)": 72.0
		},
		"07:00:00": {
			"DAM_lmp($/MWh)": 23.37815,
			"RTM_lmp($/MWh)": 18.0208
		},
		"08:00:00": {
			"DAM_lmp($/MWh)": 11.77271,
			"RTM_lmp($/MWh)": 12.8688
		},
		"09:00:00": {
			"DAM_lmp($/MWh)": 9.52347,
			"RTM_lmp($/MWh)": 12.94
		},
		"10:00:00": {
			"DAM_lmp($/MWh)": 6.8195,
			"RTM_lmp($/MWh)": 15.4
		},
		"11:00:00": {
			"DAM_lmp($/MWh)": 5.09788,
			"RTM_lmp($/MWh)": 14.7764
		},
		"12:00:00": {
			"DAM_lmp($/MWh)": 3.65113,
			"RTM_lmp($/MWh)": 13.4223
		},
		"13:00:00": {
			"DAM_lmp($/MWh)": 3.34576,
			"RTM_lmp($/MWh)": 13.64909
		},
		"14:00:00": {
			"DAM_lmp($/MWh)": 4.35455,
			"RTM_lmp($/MWh)": 9.9976
		},
		"15:00:00": {
			"DAM_lmp($/MWh)": 7.07631,
			"RTM_lmp($/MWh)": 4.9988
		},
		"16:00:00": {
			"DAM_lmp($/MWh)": 10.98498,
			"RTM_lmp($/MWh)": 4.95
		},
		"17:00:00": {
			"DAM_lmp($/MWh)": 22.41882,
			"RTM_lmp($/MWh)": 0.0
		},
		"18:00:00": {
			"DAM_lmp($/MWh)": 40.40864,
			"RTM_lmp($/MWh)": 12.09677
		},
		"19:00:00": {
			"DAM_lmp($/MWh)": 59.50126,
			"RTM_lmp($/MWh)": 23.39592
		},
		"20:00:00": {
			"DAM_lmp($/MWh)": 59.45708,
			"RTM_lmp($/MWh)": 40.0
		},
		"21:00:00": {
			"DAM_lmp($/MWh)": 45.17032,
			"RTM_lmp($/MWh)": 35.28073
		},
		"22:00:00": {
			"DAM_lmp($/MWh)": 34.19544,
			"RTM_lmp($/MWh)": 26.90877
		},
		"23:00:00": {
			"DAM_lmp($/MWh)": 23.93241,
			"RTM_lmp($/MWh)": 28.04304
		}
	}
}