{
	"2023-05-22": {
		"00:00:00": {
			"DAM_lmp($/MWh)": 28.72803,
			"RTM_lmp($/MWh)": 28.06712
		},
		"01:00:00": {
			"DAM_lmp($/MWh)": 25.28641,
			"RTM_lmp($/MWh)": 24.54469
		},
		"02:00:00": {
			"DAM_lmp($/MWh)": 24.03295,
			"RTM_lmp($/MWh)": 20.3633
		},
		"03:00:00": {
			"DAM_lmp($/MWh)": 22.1746,
			"RTM_lmp($/MWh)": 5.99776
		},
		"04:00:00": {
			"DAM_lmp($/MWh)": 25.6611,
			"RTM_lmp($/MWh)": 1.68764
		},
		"05:00:00": {
			"DAM_lmp($/MWh)": 33.51967,
			"RTM_lmp($/MWh)": 30.81135
		},
		"06:00:00": {
			"DAM_lmp($/MWh)": 34.64055,
			"RTM_lmp($/MWh)": 72.0
		},
		"07:00:00": {
			"DAM_lmp($/MWh)": 24.37974,
			"RTM_lmp($/MWh)": 18.0208
		},
		"08:00:00": {
			"DAM_lmp($/MWh)": 9.08581,
			"RTM_lmp($/MWh)": 12.8688
		},
		"09:00:00": {
			"DAM_lmp($/MWh)": 6.20975,
			"RTM_lmp($/MWh)": 12.94
		},
		"10:00:00": {
			"DAM_lmp($/MWh)": 4.67246,
			"RTM_lmp($/MWh)": 15.4
		},
		"11:00:00": {
			"DAM_lmp($/MWh)": 3.40734,
			"RTM_lmp($/MWh)": 11.21222
		},
		"12:00:00": {
			"DAM_lmp($/MWh)": 1.44824,
			"RTM_lmp($/MWh)": 14.07055
		},
		"13:00:00": {
			"DAM_lmp($/MWh)": 0.96748,
			"RTM_lmp($/MWh)": 14.27692
		},
		"14:00:00": {
			"DAM_lmp($/MWh)": 2.03238,
			"RTM_lmp($/MWh)": 9.9976
		},
		"15:00:00": {
			"DAM_lmp($/MWh)": 4.85747,
			"RTM_lmp($/MWh)": 4.9988
		},
		"16:00:00": {
			"DAM_lmp($/MWh)": 9.06641,
			"RTM_lmp($/MWh)": 4.95
		},
		"17:00:00": {
			"DAM_lmp($/MWh)": 22.85947,
			"RTM_lmp($/MWh)": 0.0
		},
		"18:00:00": {
			"DAM_lmp($/MWh)": 41.46854,
			"RTM_lmp($/MWh)": 13.38198
		},
		"19:00:00": {
			"DAM_lmp($/MWh)": 63.36098,
			"RTM_lmp($/MWh)": 26.80107
		},
		"20:00:00": {
			"DAM_lmp($/MWh)": 63.49428,
			"RTM_lmp($/MWh)": 40.0
		},
		"21:00:00": {
			"DAM_lmp($/MWh)": 48.47744,
			"RTM_lmp($/MWh)": 41.13847
		},
		"22:00:00": {
			"DAM_lmp($/MWh)": 39.30221,
			"RTM_lmp($/MWh)": 31.36544
		},
		"23:00:00": {
			"DAM_lmp($/MWh)": 31.49319,
			"RTM_lmp($/MWh)": 32.71356
		}
	},
	"2023-05-23": {
		"00:00:00": {
			"DAM_lmp($/MWh)": 28.72803,
			"RTM_lmp($/MWh)": 28.06712
		},
		"01:00:00": {
			"DAM_lmp($/MWh)": 25.28641,
			"RTM_lmp($/MWh)": 24.54469
		},
		"02:00:00": {
			"DAM_lmp($/MWh)": 24.03295,
			"RTM_lmp($/MWh)": 20.3633
		},
		"03:00:00": {
			"DAM_lmp($/MWh)": 22.1746,
			"RTM_lmp($/MWh)": 5.99776
		},
		"04:00:00": {
			"DAM_lmp($/MWh)": 25.6611,
			"RTM_lmp($/MWh)": 1.68764
		},
		"05:00:00": {
			"DAM_lmp($/MWh)": 33.51967,
			"RTM_lmp($/MWh)": 30.81135
		},
		"06:00:00": {
			"DAM_lmp($/MWh)": 34.64055,
			"RTM_lmp($/MWh)": 72.0
		},
		"07:00:00": {
			"DAM_lmp($/MWh)": 24.37974,
			"RTM_lmp($/MWh)": 18.0208
		},
		"08:00:00": {
			"DAM_lmp($/MWh)": 9.08581,
			"RTM_lmp($/MWh)": 12.8688
		},
		"09:00:00": {
			"DAM_lmp($/MWh)": 6.20975,
			"RTM_lmp($/MWh)": 12.94
		},
		"10:00:00": {
			"DAM_lmp($/MWh)": 4.67246,
			"RTM_lmp($/MWh)": 15.4
		},
		"11:00:00": {
			"DAM_lmp($/MWh)": 3.40734,
			"RTM_lmp($/MWh)": 11.21222
		},
		"12:00:00": {
			"DAM_lmp($/MWh)": 1.44824,
			"RTM_lmp($/MWh)": 14.07055
		},
		"13:00:00": {
			"DAM_lmp($/MWh)": 0.96748,
			"RTM_lmp($/MWh)": 14.27692
		},
		"14:00:00": {
			"DAM_lmp($/MWh)": 2.03238,
			"RTM_lmp($/MWh)": 9.9976
		},
		"15:00:00": {
			"DAM_lmp($/MWh)": 4.85747,
			"RTM_lmp($/MWh)": 4.9988
		},
		"16:00:00": {
			"DAM_lmp($/MWh)": 9.06641,
			"RTM_lmp($/MWh)": 4.95
		},
		"17:00:00": {
			"DAM_lmp($/MWh)": 22.85947,
			"RTM_lmp($/MWh)": 0.0
		},
		"18:00:00": {
			"DAM_lmp($/MWh)": 41.46854,
			"RTM_lmp($/MWh)": 13.38198
		},
		"19:00:00": {
			"DAM_lmp($/MWh)": 63.36098,
			"RTM_lmp($/MWh)": 26.80107
		},
		"20:00:00": {
			"DAM_lmp($/MWh)": 63.49428,
			"RTM_lmp($/MWh)": 40.0
		},
		"21:00:00": {
			"DAM_lmp($/MWh)": 48.47744,
			"RTM_lmp($/MWh)": 41.13847
		},
		"22:00:00": {
			"DAM_lmp($/MWh)": 39.30221,
			"RTM_lmp($/MWh)": 31.36544
		},
		"23:00:00": {
			"DAM_lmp($/MWh)": 31.49319,
			"RTM_lmp($/MWh)": 32.71356
		}
	}
}