{
	"2023-05-22": {
		"00:00:00": {
			"DAM_lmp($/MWh)": 30.78151,
			"RTM_lmp($/MWh)": 29.06311
		},
		"01:00:00": {
			"DAM_lmp($/MWh)": 26.9389,
			"RTM_lmp($/MWh)": 25.61777
		},
		"02:00:00": {
			"DAM_lmp($/MWh)": 25.60598,
			"RTM_lmp($/MWh)": 21.31979
		},
		"03:00:00": {
			"DAM_lmp($/MWh)": 23.72278,
			"RTM_lmp($/MWh)": 23.27553
		},
		"04:00:00": {
			"DAM_lmp($/MWh)": 27.55197,
			"RTM_lmp($/MWh)": 20.53966
		},
		"05:00:00": {
			"DAM_lmp($/MWh)": 35.74197,
			"RTM_lmp($/MWh)": 30.81135
		},
		"06:00:00": {
			"DAM_lmp($/MWh)": 37.39985,
			"RTM_lmp($/MWh)": 72.0
		},
		"07:00:00": {
			"DAM_lmp($/MWh)": 26.50455,
			"RTM_lmp($/MWh)": 18.0208
		},
		"08:00:00": {
			"DAM_lmp($/MWh)": 20.16265,
			"RTM_lmp($/MWh)": 12.8688
		},
		"09:00:00": {
			"DAM_lmp($/MWh)": 15.17098,
			"RTM_lmp($/MWh)": 12.94
		},
		"10:00:00": {
			"DAM_lmp($/MWh)": 10.04249,
			"RTM_lmp($/MWh)": 15.4
		},
		"11:00:00": {
			"DAM_lmp($/MWh)": 10.63261,
			"RTM_lmp($/MWh)": 14.7764
		},
		"12:00:00": {
			"DAM_lmp($/MWh)": 5.3522,
			"RTM_lmp($/MWh)": 15.8336
		},
		"13:00:00": {
			"DAM_lmp($/MWh)": 4.68227,
			"RTM_lmp($/MWh)": 16.27971
		},
		"14:00:00": {
			"DAM_lmp($/MWh)": 4.78239,
			"RTM_lmp($/MWh)": 9.9976
		},
		"15:00:00": {
			"DAM_lmp($/MWh)": 7.74044,
			"RTM_lmp($/MWh)": 4.9988
		},
		"16:00:00": {
			"DAM_lmp($/MWh)": 12.07114,
			"RTM_lmp($/MWh)": 4.95
		},
		"17:00:00": {
			"DAM_lmp($/MWh)": 25.19721,
			"RTM_lmp($/MWh)": 0.0
		},
		"18:00:00": {
			"DAM_lmp($/MWh)": 43.87461,
			"RTM_lmp($/MWh)": 14.72004
		},
		"19:00:00": {
			"DAM_lmp($/MWh)": 64.3822,
			"RTM_lmp($/MWh)": 27.54921
		},
		"20:00:00": {
			"DAM_lmp($/MWh)": 63.92797,
			"RTM_lmp($/MWh)": 40.0
		},
		"21:00:00": {
			"DAM_lmp($/MWh)": 49.93011,
			"RTM_lmp($/MWh)": 41.52451
		},
		"22:00:00": {
			"DAM_lmp($/MWh)": 40.63729,
			"RTM_lmp($/MWh)": 31.70606
		},
		"23:00:00": {
			"DAM_lmp($/MWh)": 32.57686,
			"RTM_lmp($/MWh)": 33.59053
		}
	},
	"2023-05-23": {
		"00:00:00": {
			"DAM_lmp($/MWh)": 30.78151,
			"RTM_lmp($/MWh)": 29.06311
		},
		"01:00:00": {
			"DAM_lmp($/MWh)": 26.9389,
			"RTM_lmp($/MWh)": 25.61777
		},
		"02:00:00": {
			"DAM_lmp($/MWh)": 25.60598,
			"RTM_lmp($/MWh)": 21.31979
		},
		"03:00:00": {
			"DAM_lmp($/MWh)": 23.72278,
			"RTM_lmp($/MWh)": 23.27553
		},
		"04:00:00": {
			"DAM_lmp($/MWh)": 27.55197,
			"RTM_lmp($/MWh)": 20.53966
		},
		"05:00:00": {
			"DAM_lmp($/MWh)": 35.74197,
			"RTM_lmp($/MWh)": 30.81135
		},
		"06:00:00": {
			"DAM_lmp($/MWh)": 37.39985,
			"RTM_lmp($/MWh)": 72.0
		},
		"07:00:00": {
			"DAM_lmp($/MWh)": 26.50455,
			"RTM_lmp($/MWh)": 18.0208
		},
		"08:00:00": {
			"DAM_lmp($/MWh)": 20.16265,
			"RTM_lmp($/MWh)": 12.8688
		},
		"09:00:00": {
			"DAM_lmp($/MWh)": 15.17098,
			"RTM_lmp($/MWh)": 12.94
		},
		"10:00:00": {
			"DAM_lmp($/MWh)": 10.04249,
			"RTM_lmp($/MWh)": 15.4
		},
		"11:00:00": {
			"DAM_lmp($/MWh)": 10.63261,
			"RTM_lmp($/MWh)": 14.7764
		},
		"12:00:00": {
			"DAM_lmp($/MWh)": 5.3522,
			"RTM_lmp($/MWh)": 15.8336
		},
		"13:00:00": {
			"DAM_lmp($/MWh)": 4.68227,
			"RTM_lmp($/MWh)": 16.27971
		},
		"14:00:00": {
			"DAM_lmp($/MWh)": 4.78239,
			"RTM_lmp($/MWh)": 9.9976
		},
		"15:00:00": {
			"DAM_lmp($/MWh)": 7.74044,
			"RTM_lmp($/MWh)": 4.9988
		},
		"16:00:00": {
			"DAM_lmp($/MWh)": 12.07114,
			"RTM_lmp($/MWh)": 4.95
		},
		"17:00:00": {
			"DAM_lmp($/MWh)": 25.19721,
			"RTM_lmp($/MWh)": 0.0
		},
		"18:00:00": {
			"DAM_lmp($/MWh)": 43.87461,
			"RTM_lmp($/MWh)": 14.72004
		},
		"19:00:00": {
			"DAM_lmp($/MWh)": 64.3822,
			"RTM_lmp($/MWh)": 27.54921
		},
		"20:00:00": {
			"DAM_lmp($/MWh)": 63.92797,
			"RTM_lmp($/MWh)": 40.0
		},
		"21:00:00": {
			"DAM_lmp($/MWh)": 49.93011,
			"RTM_lmp($/MWh)": 41.52451
		},
		"22:00:00": {
			"DAM_lmp($/MWh)": 40.63729,
			"RTM_lmp($/MWh)": 31.70606
		},
		"23:00:00": {
			"DAM_lmp($/MWh)": 32.57686,
			"RTM_lmp($/MWh)": 33.59053
		}
	}
}