{
	"2023-05-22": {
		"00:00:00": {
			"DAM_lmp($/MWh)": 42.93135,
			"RTM_lmp($/MWh)": 27.92483
		},
		"01:00:00": {
			"DAM_lmp($/MWh)": 40.69525,
			"RTM_lmp($/MWh)": 24.01558
		},
		"02:00:00": {
			"DAM_lmp($/MWh)": 42.61233,
			"RTM_lmp($/MWh)": 19.98153
		},
		"03:00:00": {
			"DAM_lmp($/MWh)": 47.62,
			"RTM_lmp($/MWh)": 6.33183
		},
		"04:00:00": {
			"DAM_lmp($/MWh)": 43.37124,
			"RTM_lmp($/MWh)": 1.55676
		},
		"05:00:00": {
			"DAM_lmp($/MWh)": 41.73898,
			"RTM_lmp($/MWh)": 30.81135
		},
		"06:00:00": {
			"DAM_lmp($/MWh)": 49.68327,
			"RTM_lmp($/MWh)": 72.0
		},
		"07:00:00": {
			"DAM_lmp($/MWh)": 24.85336,
			"RTM_lmp($/MWh)": 18.0208
		},
		"08:00:00": {
			"DAM_lmp($/MWh)": 4.9669,
			"RTM_lmp($/MWh)": 12.8688
		},
		"09:00:00": {
			"DAM_lmp($/MWh)": 1.56039,
			"RTM_lmp($/MWh)": 12.94
		},
		"10:00:00": {
			"DAM_lmp($/MWh)": 1.91926,
			"RTM_lmp($/MWh)": 15.4
		},
		"11:00:00": {
			"DAM_lmp($/MWh)": 0.92226,
			"RTM_lmp($/MWh)": 3.53554
		},
		"12:00:00": {
			"DAM_lmp($/MWh)": -1.22803,
			"RTM_lmp($/MWh)": 14.11982
		},
		"13:00:00": {
			"DAM_lmp($/MWh)": -1.95615,
			"RTM_lmp($/MWh)": 14.33186
		},
		"14:00:00": {
			"DAM_lmp($/MWh)": -0.97613,
			"RTM_lmp($/MWh)": 9.9976
		},
		"15:00:00": {
			"DAM_lmp($/MWh)": 2.05206,
			"RTM_lmp($/MWh)": 4.9988
		},
		"16:00:00": {
			"DAM_lmp($/MWh)": 6.99926,
			"RTM_lmp($/MWh)": 4.95
		},
		"17:00:00": {
			"DAM_lmp($/MWh)": 23.48187,
			"RTM_lmp($/MWh)": 0.0
		},
		"18:00:00": {
			"DAM_lmp($/MWh)": 42.69568,
			"RTM_lmp($/MWh)": 13.17349
		},
		"19:00:00": {
			"DAM_lmp($/MWh)": 61.75159,
			"RTM_lmp($/MWh)": 26.57277
		},
		"20:00:00": {
			"DAM_lmp($/MWh)": 62.29029,
			"RTM_lmp($/MWh)": 40.0
		},
		"21:00:00": {
			"DAM_lmp($/MWh)": 48.77196,
			"RTM_lmp($/MWh)": 42.02804
		},
		"22:00:00": {
			"DAM_lmp($/MWh)": 45.34238,
			"RTM_lmp($/MWh)": 31.65194
		},
		"23:00:00": {
			"DAM_lmp($/MWh)": 43.09515,
			"RTM_lmp($/MWh)": 32.57072
		}
	},
	"2023-05-23": {
		"00:00:00": {
			"DAM_lmp($/MWh)": 42.93135,
			"RTM_lmp($/MWh)": 27.92483
		},
		"01:00:00": {
			"DAM_lmp($/MWh)": 40.69525,
			"RTM_lmp($/MWh)": 24.01558
		},
		"02:00:00": {
			"DAM_lmp($/MWh)": 42.61233,
			"RTM_lmp($/MWh)": 19.98153
		},
		"03:00:00": {
			"DAM_lmp($/MWh)": 47.62,
			"RTM_lmp($/MWh)": 6.33183
		},
		"04:00:00": {
			"DAM_lmp($/MWh)": 43.37124,
			"RTM_lmp($/MWh)": 1.55676
		},
		"05:00:00": {
			"DAM_lmp($/MWh)": 41.73898,
			"RTM_lmp($/MWh)": 30.81135
		},
		"06:00:00": {
			"DAM_lmp($/MWh)": 49.68327,
			"RTM_lmp($/MWh)": 72.0
		},
		"07:00:00": {
			"DAM_lmp($/MWh)": 24.85336,
			"RTM_lmp($/MWh)": 18.0208
		},
		"08:00:00": {
			"DAM_lmp($/MWh)": 4.9669,
			"RTM_lmp($/MWh)": 12.8688
		},
		"09:00:00": {
			"DAM_lmp($/MWh)": 1.56039,
			"RTM_lmp($/MWh)": 12.94
		},
		"10:00:00": {
			"DAM_lmp($/MWh)": 1.91926,
			"RTM_lmp($/MWh)": 15.4
		},
		"11:00:00": {
			"DAM_lmp($/MWh)": 0.92226,
			"RTM_lmp($/MWh)": 3.53554
		},
		"12:00:00": {
			"DAM_lmp($/MWh)": -1.22803,
			"RTM_lmp($/MWh)": 14.11982
		},
		"13:00:00": {
			"DAM_lmp($/MWh)": -1.95615,
			"RTM_lmp($/MWh)": 14.33186
		},
		"14:00:00": {
			"DAM_lmp($/MWh)": -0.97613,
			"RTM_lmp($/MWh)": 9.9976
		},
		"15:00:00": {
			"DAM_lmp($/MWh)": 2.05206,
			"RTM_lmp($/MWh)": 4.9988
		},
		"16:00:00": {
			"DAM_lmp($/MWh)": 6.99926,
			"RTM_lmp($/MWh)": 4.95
		},
		"17:00:00": {
			"DAM_lmp($/MWh)": 23.48187,
			"RTM_lmp($/MWh)": 0.0
		},
		"18:00:00": {
			"DAM_lmp($/MWh)": 42.69568,
			"RTM_lmp($/MWh)": 13.17349
		},
		"19:00:00": {
			"DAM_lmp($/MWh)": 61.75159,
			"RTM_lmp($/MWh)": 26.57277
		},
		"20:00:00": {
			"DAM_lmp($/MWh)": 62.29029,
			"RTM_lmp($/MWh)": 40.0
		},
		"21:00:00": {
			"DAM_lmp($/MWh)": 48.77196,
			"RTM_lmp($/MWh)": 42.02804
		},
		"22:00:00": {
			"DAM_lmp($/MWh)": 45.34238,
			"RTM_lmp($/MWh)": 31.65194
		},
		"23:00:00": {
			"DAM_lmp($/MWh)": 43.09515,
			"RTM_lmp($/MWh)": 32.57072
		}
	}
}