{
	"2023-05-22": {
		"00:00:00": {
			"DAM_lmp($/MWh)": 31.1863,
			"RTM_lmp($/MWh)": 29.37898
		},
		"01:00:00": {
			"DAM_lmp($/MWh)": 27.25957,
			"RTM_lmp($/MWh)": 25.88233
		},
		"02:00:00": {
			"DAM_lmp($/MWh)": 25.89109,
			"RTM_lmp($/MWh)": 21.5353
		},
		"03:00:00": {
			"DAM_lmp($/MWh)": 23.98649,
			"RTM_lmp($/MWh)": 23.38346
		},
		"04:00:00": {
			"DAM_lmp($/MWh)": 27.868,
			"RTM_lmp($/MWh)": 20.64034
		},
		"05:00:00": {
			"DAM_lmp($/MWh)": 36.15007,
			"RTM_lmp($/MWh)": 30.81135
		},
		"06:00:00": {
			"DAM_lmp($/MWh)": 37.81716,
			"RTM_lmp($/MWh)": 72.0
		},
		"07:00:00": {
			"DAM_lmp($/MWh)": 26.72713,
			"RTM_lmp($/MWh)": 18.0208
		},
		"08:00:00": {
			"DAM_lmp($/MWh)": 22.08988,
			"RTM_lmp($/MWh)": 12.8688
		},
		"09:00:00": {
			"DAM_lmp($/MWh)": 18.21682,
			"RTM_lmp($/MWh)": 12.94
		},
		"10:00:00": {
			"DAM_lmp($/MWh)": 13.65612,
			"RTM_lmp($/MWh)": 15.4
		},
		"11:00:00": {
			"DAM_lmp($/MWh)": 15.214,
			"RTM_lmp($/MWh)": 14.7764
		},
		"12:00:00": {
			"DAM_lmp($/MWh)": 8.86408,
			"RTM_lmp($/MWh)": 15.90751
		},
		"13:00:00": {
			"DAM_lmp($/MWh)": 7.98953,
			"RTM_lmp($/MWh)": 16.40371
		},
		"14:00:00": {
			"DAM_lmp($/MWh)": 7.82544,
			"RTM_lmp($/MWh)": 9.9976
		},
		"15:00:00": {
			"DAM_lmp($/MWh)": 7.74815,
			"RTM_lmp($/MWh)": 4.9988
		},
		"16:00:00": {
			"DAM_lmp($/MWh)": 14.77045,
			"RTM_lmp($/MWh)": 4.95
		},
		"17:00:00": {
			"DAM_lmp($/MWh)": 25.43372,
			"RTM_lmp($/MWh)": 0.0
		},
		"18:00:00": {
			"DAM_lmp($/MWh)": 44.19016,
			"RTM_lmp($/MWh)": 14.9371
		},
		"19:00:00": {
			"DAM_lmp($/MWh)": 64.93806,
			"RTM_lmp($/MWh)": 27.84626
		},
		"20:00:00": {
			"DAM_lmp($/MWh)": 64.763,
			"RTM_lmp($/MWh)": 40.0
		},
		"21:00:00": {
			"DAM_lmp($/MWh)": 50.52416,
			"RTM_lmp($/MWh)": 42.13714
		},
		"22:00:00": {
			"DAM_lmp($/MWh)": 41.0608,
			"RTM_lmp($/MWh)": 32.07533
		},
		"23:00:00": {
			"DAM_lmp($/MWh)": 32.92868,
			"RTM_lmp($/MWh)": 33.91607
		}
	},
	"2023-05-23": {
		"00:00:00": {
			"DAM_lmp($/MWh)": 31.1863,
			"RTM_lmp($/MWh)": 29.37898
		},
		"01:00:00": {
			"DAM_lmp($/MWh)": 27.25957,
			"RTM_lmp($/MWh)": 25.88233
		},
		"02:00:00": {
			"DAM_lmp($/MWh)": 25.89109,
			"RTM_lmp($/MWh)": 21.5353
		},
		"03:00:00": {
			"DAM_lmp($/MWh)": 23.98649,
			"RTM_lmp($/MWh)": 23.38346
		},
		"04:00:00": {
			"DAM_lmp($/MWh)": 27.868,
			"RTM_lmp($/MWh)": 20.64034
		},
		"05:00:00": {
			"DAM_lmp($/MWh)": 36.15007,
			"RTM_lmp($/MWh)": 30.81135
		},
		"06:00:00": {
			"DAM_lmp($/MWh)": 37.81716,
			"RTM_lmp($/MWh)": 72.0
		},
		"07:00:00": {
			"DAM_lmp($/MWh)": 26.72713,
			"RTM_lmp($/MWh)": 18.0208
		},
		"08:00:00": {
			"DAM_lmp($/MWh)": 22.08988,
			"RTM_lmp($/MWh)": 12.8688
		},
		"09:00:00": {
			"DAM_lmp($/MWh)": 18.21682,
			"RTM_lmp($/MWh)": 12.94
		},
		"10:00:00": {
			"DAM_lmp($/MWh)": 13.65612,
			"RTM_lmp($/MWh)": 15.4
		},
		"11:00:00": {
			"DAM_lmp($/MWh)": 15.214,
			"RTM_lmp($/MWh)": 14.7764
		},
		"12:00:00": {
			"DAM_lmp($/MWh)": 8.86408,
			"RTM_lmp($/MWh)": 15.90751
		},
		"13:00:00": {
			"DAM_lmp($/MWh)": 7.98953,
			"RTM_lmp($/MWh)": 16.40371
		},
		"14:00:00": {
			"DAM_lmp($/MWh)": 7.82544,
			"RTM_lmp($/MWh)": 9.9976
		},
		"15:00:00": {
			"DAM_lmp($/MWh)": 7.74815,
			"RTM_lmp($/MWh)": 4.9988
		},
		"16:00:00": {
			"DAM_lmp($/MWh)": 14.77045,
			"RTM_lmp($/MWh)": 4.95
		},
		"17:00:00": {
			"DAM_lmp($/MWh)": 25.43372,
			"RTM_lmp($/MWh)": 0.0
		},
		"18:00:00": {
			"DAM_lmp($/MWh)": 44.19016,
			"RTM_lmp($/MWh)": 14.9371
		},
		"19:00:00": {
			"DAM_lmp($/MWh)": 64.93806,
			"RTM_lmp($/MWh)": 27.84626
		},
		"20:00:00": {
			"DAM_lmp($/MWh)": 64.763,
			"RTM_lmp($/MWh)": 40.0
		},
		"21:00:00": {
			"DAM_lmp($/MWh)": 50.52416,
			"RTM_lmp($/MWh)": 42.13714
		},
		"22:00:00": {
			"DAM_lmp($/MWh)": 41.0608,
			"RTM_lmp($/MWh)": 32.07533
		},
		"23:00:00": {
			"DAM_lmp($/MWh)": 32.92868,
			"RTM_lmp($/MWh)": 33.91607
		}
	}
}