{
	"2023-05-22": {
		"00:00:00": {
			"DAM_lmp($/MWh)": -0.94049,
			"RTM_lmp($/MWh)": 25.37793
		},
		"01:00:00": {
			"DAM_lmp($/MWh)": -2.22068,
			"RTM_lmp($/MWh)": 21.73591
		},
		"02:00:00": {
			"DAM_lmp($/MWh)": -7.1617,
			"RTM_lmp($/MWh)": 18.03366
		},
		"03:00:00": {
			"DAM_lmp($/MWh)": -7.96943,
			"RTM_lmp($/MWh)": 5.93913
		},
		"04:00:00": {
			"DAM_lmp($/MWh)": 5.91315,
			"RTM_lmp($/MWh)": 1.21134
		},
		"05:00:00": {
			"DAM_lmp($/MWh)": 22.23217,
			"RTM_lmp($/MWh)": 18.76137
		},
		"06:00:00": {
			"DAM_lmp($/MWh)": 22.8859,
			"RTM_lmp($/MWh)": 72.0
		},
		"07:00:00": {
			"DAM_lmp($/MWh)": 24.3228,
			"RTM_lmp($/MWh)": 18.0208
		},
		"08:00:00": {
			"DAM_lmp($/MWh)": 15.56758,
			"RTM_lmp($/MWh)": 12.8688
		},
		"09:00:00": {
			"DAM_lmp($/MWh)": 13.35513,
			"RTM_lmp($/MWh)": 12.94
		},
		"10:00:00": {
			"DAM_lmp($/MWh)": 9.11514,
			"RTM_lmp($/MWh)": 15.4
		},
		"11:00:00": {
			"DAM_lmp($/MWh)": 7.18625,
			"RTM_lmp($/MWh)": 14.7764
		},
		"12:00:00": {
			"DAM_lmp($/MWh)": 5.79081,
			"RTM_lmp($/MWh)": 14.19373
		},
		"13:00:00": {
			"DAM_lmp($/MWh)": 5.58592,
			"RTM_lmp($/MWh)": 14.42289
		},
		"14:00:00": {
			"DAM_lmp($/MWh)": 6.79411,
			"RTM_lmp($/MWh)": 9.9976
		},
		"15:00:00": {
			"DAM_lmp($/MWh)": 9.6173,
			"RTM_lmp($/MWh)": 4.9988
		},
		"16:00:00": {
			"DAM_lmp($/MWh)": 13.47398,
			"RTM_lmp($/MWh)": 4.95
		},
		"17:00:00": {
			"DAM_lmp($/MWh)": 24.17647,
			"RTM_lmp($/MWh)": 0.0
		},
		"18:00:00": {
			"DAM_lmp($/MWh)": 38.27954,
			"RTM_lmp($/MWh)": 13.17921
		},
		"19:00:00": {
			"DAM_lmp($/MWh)": 62.77281,
			"RTM_lmp($/MWh)": 26.04192
		},
		"20:00:00": {
			"DAM_lmp($/MWh)": 48.34588,
			"RTM_lmp($/MWh)": 40.0
		},
		"21:00:00": {
			"DAM_lmp($/MWh)": 37.27353,
			"RTM_lmp($/MWh)": 39.65305
		},
		"22:00:00": {
			"DAM_lmp($/MWh)": 19.14454,
			"RTM_lmp($/MWh)": 29.58914
		},
		"23:00:00": {
			"DAM_lmp($/MWh)": 13.89946,
			"RTM_lmp($/MWh)": 30.2255
		}
	},
	"2023-05-23": {
		"00:00:00": {
			"DAM_lmp($/MWh)": -0.94049,
			"RTM_lmp($/MWh)": 25.37793
		},
		"01:00:00": {
			"DAM_lmp($/MWh)": -2.22068,
			"RTM_lmp($/MWh)": 21.73591
		},
		"02:00:00": {
			"DAM_lmp($/MWh)": -7.1617,
			"RTM_lmp($/MWh)": 18.03366
		},
		"03:00:00": {
			"DAM_lmp($/MWh)": -7.96943,
			"RTM_lmp($/MWh)": 5.93913
		},
		"04:00:00": {
			"DAM_lmp($/MWh)": 5.91315,
			"RTM_lmp($/MWh)": 1.21134
		},
		"05:00:00": {
			"DAM_lmp($/MWh)": 22.23217,
			"RTM_lmp($/MWh)": 18.76137
		},
		"06:00:00": {
			"DAM_lmp($/MWh)": 22.8859,
			"RTM_lmp($/MWh)": 72.0
		},
		"07:00:00": {
			"DAM_lmp($/MWh)": 24.3228,
			"RTM_lmp($/MWh)": 18.0208
		},
		"08:00:00": {
			"DAM_lmp($/MWh)": 15.56758,
			"RTM_lmp($/MWh)": 12.8688
		},
		"09:00:00": {
			"DAM_lmp($/MWh)": 13.35513,
			"RTM_lmp($/MWh)": 12.94
		},
		"10:00:00": {
			"DAM_lmp($/MWh)": 9.11514,
			"RTM_lmp($/MWh)": 15.4
		},
		"11:00:00": {
			"DAM_lmp($/MWh)": 7.18625,
			"RTM_lmp($/MWh)": 14.7764
		},
		"12:00:00": {
			"DAM_lmp($/MWh)": 5.79081,
			"RTM_lmp($/MWh)": 14.19373
		},
		"13:00:00": {
			"DAM_lmp($/MWh)": 5.58592,
			"RTM_lmp($/MWh)": 14.42289
		},
		"14:00:00": {
			"DAM_lmp($/MWh)": 6.79411,
			"RTM_lmp($/MWh)": 9.9976
		},
		"15:00:00": {
			"DAM_lmp($/MWh)": 9.6173,
			"RTM_lmp($/MWh)": 4.9988
		},
		"16:00:00": {
			"DAM_lmp($/MWh)": 13.47398,
			"RTM_lmp($/MWh)": 4.95
		},
		"17:00:00": {
			"DAM_lmp($/MWh)": 24.17647,
			"RTM_lmp($/MWh)": 0.0
		},
		"18:00:00": {
			"DAM_lmp($/MWh)": 38.27954,
			"RTM_lmp($/MWh)": 13.17921
		},
		"19:00:00": {
			"DAM_lmp($/MWh)": 62.77281,
			"RTM_lmp($/MWh)": 26.04192
		},
		"20:00:00": {
			"DAM_lmp($/MWh)": 48.34588,
			"RTM_lmp($/MWh)": 40.0
		},
		"21:00:00": {
			"DAM_lmp($/MWh)": 37.27353,
			"RTM_lmp($/MWh)": 39.65305
		},
		"22:00:00": {
			"DAM_lmp($/MWh)": 19.14454,
			"RTM_lmp($/MWh)": 29.58914
		},
		"23:00:00": {
			"DAM_lmp($/MWh)": 13.89946,
			"RTM_lmp($/MWh)": 30.2255
		}
	}
}