{
	"2023-05-22": {
		"00:00:00": {
			"DAM_lmp($/MWh)": 22.59501,
			"RTM_lmp($/MWh)": 26.42799
		},
		"01:00:00": {
			"DAM_lmp($/MWh)": 17.58919,
			"RTM_lmp($/MWh)": 23.17492
		},
		"02:00:00": {
			"DAM_lmp($/MWh)": 15.13738,
			"RTM_lmp($/MWh)": 19.02709
		},
		"03:00:00": {
			"DAM_lmp($/MWh)": 13.21225,
			"RTM_lmp($/MWh)": 6.71321
		},
		"04:00:00": {
			"DAM_lmp($/MWh)": 19.42885,
			"RTM_lmp($/MWh)": 1.72292
		},
		"05:00:00": {
			"DAM_lmp($/MWh)": 31.93258,
			"RTM_lmp($/MWh)": 17.61375
		},
		"06:00:00": {
			"DAM_lmp($/MWh)": 33.44062,
			"RTM_lmp($/MWh)": 72.0
		},
		"07:00:00": {
			"DAM_lmp($/MWh)": 26.13187,
			"RTM_lmp($/MWh)": 18.0208
		},
		"08:00:00": {
			"DAM_lmp($/MWh)": 16.52995,
			"RTM_lmp($/MWh)": 12.8688
		},
		"09:00:00": {
			"DAM_lmp($/MWh)": 13.79903,
			"RTM_lmp($/MWh)": 12.94
		},
		"10:00:00": {
			"DAM_lmp($/MWh)": 9.42342,
			"RTM_lmp($/MWh)": 15.4
		},
		"11:00:00": {
			"DAM_lmp($/MWh)": 7.29017,
			"RTM_lmp($/MWh)": 14.7764
		},
		"12:00:00": {
			"DAM_lmp($/MWh)": 5.69139,
			"RTM_lmp($/MWh)": 14.49861
		},
		"13:00:00": {
			"DAM_lmp($/MWh)": 5.52901,
			"RTM_lmp($/MWh)": 14.75094
		},
		"14:00:00": {
			"DAM_lmp($/MWh)": 6.58063,
			"RTM_lmp($/MWh)": 9.9976
		},
		"15:00:00": {
			"DAM_lmp($/MWh)": 9.78253,
			"RTM_lmp($/MWh)": 4.9988
		},
		"16:00:00": {
			"DAM_lmp($/MWh)": 14.09182,
			"RTM_lmp($/MWh)": 4.95
		},
		"17:00:00": {
			"DAM_lmp($/MWh)": 26.55404,
			"RTM_lmp($/MWh)": 0.0
		},
		"18:00:00": {
			"DAM_lmp($/MWh)": 47.9321,
			"RTM_lmp($/MWh)": 13.6019
		},
		"19:00:00": {
			"DAM_lmp($/MWh)": 72.23527,
			"RTM_lmp($/MWh)": 27.32642
		},
		"20:00:00": {
			"DAM_lmp($/MWh)": 68.77998,
			"RTM_lmp($/MWh)": 40.0
		},
		"21:00:00": {
			"DAM_lmp($/MWh)": 48.2704,
			"RTM_lmp($/MWh)": 41.214
		},
		"22:00:00": {
			"DAM_lmp($/MWh)": 37.9814,
			"RTM_lmp($/MWh)": 29.57004
		},
		"23:00:00": {
			"DAM_lmp($/MWh)": 27.92392,
			"RTM_lmp($/MWh)": 31.96947
		}
	},
	"2023-05-23": {
		"00:00:00": {
			"DAM_lmp($/MWh)": 22.59501,
			"RTM_lmp($/MWh)": 26.42799
		},
		"01:00:00": {
			"DAM_lmp($/MWh)": 17.58919,
			"RTM_lmp($/MWh)": 23.17492
		},
		"02:00:00": {
			"DAM_lmp($/MWh)": 15.13738,
			"RTM_lmp($/MWh)": 19.02709
		},
		"03:00:00": {
			"DAM_lmp($/MWh)": 13.21225,
			"RTM_lmp($/MWh)": 6.71321
		},
		"04:00:00": {
			"DAM_lmp($/MWh)": 19.42885,
			"RTM_lmp($/MWh)": 1.72292
		},
		"05:00:00": {
			"DAM_lmp($/MWh)": 31.93258,
			"RTM_lmp($/MWh)": 17.61375
		},
		"06:00:00": {
			"DAM_lmp($/MWh)": 33.44062,
			"RTM_lmp($/MWh)": 72.0
		},
		"07:00:00": {
			"DAM_lmp($/MWh)": 26.13187,
			"RTM_lmp($/MWh)": 18.0208
		},
		"08:00:00": {
			"DAM_lmp($/MWh)": 16.52995,
			"RTM_lmp($/MWh)": 12.8688
		},
		"09:00:00": {
			"DAM_lmp($/MWh)": 13.79903,
			"RTM_lmp($/MWh)": 12.94
		},
		"10:00:00": {
			"DAM_lmp($/MWh)": 9.42342,
			"RTM_lmp($/MWh)": 15.4
		},
		"11:00:00": {
			"DAM_lmp($/MWh)": 7.29017,
			"RTM_lmp($/MWh)": 14.7764
		},
		"12:00:00": {
			"DAM_lmp($/MWh)": 5.69139,
			"RTM_lmp($/MWh)": 14.49861
		},
		"13:00:00": {
			"DAM_lmp($/MWh)": 5.52901,
			"RTM_lmp($/MWh)": 14.75094
		},
		"14:00:00": {
			"DAM_lmp($/MWh)": 6.58063,
			"RTM_lmp($/MWh)": 9.9976
		},
		"15:00:00": {
			"DAM_lmp($/MWh)": 9.78253,
			"RTM_lmp($/MWh)": 4.9988
		},
		"16:00:00": {
			"DAM_lmp($/MWh)": 14.09182,
			"RTM_lmp($/MWh)": 4.95
		},
		"17:00:00": {
			"DAM_lmp($/MWh)": 26.55404,
			"RTM_lmp($/MWh)": 0.0
		},
		"18:00:00": {
			"DAM_lmp($/MWh)": 47.9321,
			"RTM_lmp($/MWh)": 13.6019
		},
		"19:00:00": {
			"DAM_lmp($/MWh)": 72.23527,
			"RTM_lmp($/MWh)": 27.32642
		},
		"20:00:00": {
			"DAM_lmp($/MWh)": 68.77998,
			"RTM_lmp($/MWh)": 40.0
		},
		"21:00:00": {
			"DAM_lmp($/MWh)": 48.2704,
			"RTM_lmp($/MWh)": 41.214
		},
		"22:00:00": {
			"DAM_lmp($/MWh)": 37.9814,
			"RTM_lmp($/MWh)": 29.57004
		},
		"23:00:00": {
			"DAM_lmp($/MWh)": 27.92392,
			"RTM_lmp($/MWh)": 31.96947
		}
	}
}