{
	"2023-05-22": {
		"00:00:00": {
			"DAM_lmp($/MWh)": 31.94269,
			"RTM_lmp($/MWh)": 30.11886
		},
		"01:00:00": {
			"DAM_lmp($/MWh)": 27.76643,
			"RTM_lmp($/MWh)": 26.46337
		},
		"02:00:00": {
			"DAM_lmp($/MWh)": 26.37038,
			"RTM_lmp($/MWh)": 21.90681
		},
		"03:00:00": {
			"DAM_lmp($/MWh)": 24.46617,
			"RTM_lmp($/MWh)": 23.6689
		},
		"04:00:00": {
			"DAM_lmp($/MWh)": 28.44211,
			"RTM_lmp($/MWh)": 20.83779
		},
		"05:00:00": {
			"DAM_lmp($/MWh)": 37.02802,
			"RTM_lmp($/MWh)": 30.81135
		},
		"06:00:00": {
			"DAM_lmp($/MWh)": 37.93948,
			"RTM_lmp($/MWh)": 72.0
		},
		"07:00:00": {
			"DAM_lmp($/MWh)": 26.73748,
			"RTM_lmp($/MWh)": 18.0208
		},
		"08:00:00": {
			"DAM_lmp($/MWh)": 17.7001,
			"RTM_lmp($/MWh)": 12.8688
		},
		"09:00:00": {
			"DAM_lmp($/MWh)": 9.54037,
			"RTM_lmp($/MWh)": 12.94
		},
		"10:00:00": {
			"DAM_lmp($/MWh)": 1.80464,
			"RTM_lmp($/MWh)": 15.4
		},
		"11:00:00": {
			"DAM_lmp($/MWh)": 0.70671,
			"RTM_lmp($/MWh)": 14.7764
		},
		"12:00:00": {
			"DAM_lmp($/MWh)": -2.94332,
			"RTM_lmp($/MWh)": 15.53488
		},
		"13:00:00": {
			"DAM_lmp($/MWh)": -3.11106,
			"RTM_lmp($/MWh)": 7.01365
		},
		"14:00:00": {
			"DAM_lmp($/MWh)": -2.68864,
			"RTM_lmp($/MWh)": 9.9976
		},
		"15:00:00": {
			"DAM_lmp($/MWh)": 7.75124,
			"RTM_lmp($/MWh)": 4.9988
		},
		"16:00:00": {
			"DAM_lmp($/MWh)": 5.7274,
			"RTM_lmp($/MWh)": 4.95
		},
		"17:00:00": {
			"DAM_lmp($/MWh)": 25.71255,
			"RTM_lmp($/MWh)": 0.0
		},
		"18:00:00": {
			"DAM_lmp($/MWh)": 44.46626,
			"RTM_lmp($/MWh)": 14.74717
		},
		"19:00:00": {
			"DAM_lmp($/MWh)": 65.66196,
			"RTM_lmp($/MWh)": 28.39362
		},
		"20:00:00": {
			"DAM_lmp($/MWh)": 66.54956,
			"RTM_lmp($/MWh)": 40.0
		},
		"21:00:00": {
			"DAM_lmp($/MWh)": 51.98183,
			"RTM_lmp($/MWh)": 43.21554
		},
		"22:00:00": {
			"DAM_lmp($/MWh)": 42.00867,
			"RTM_lmp($/MWh)": 32.84251
		},
		"23:00:00": {
			"DAM_lmp($/MWh)": 33.66086,
			"RTM_lmp($/MWh)": 34.63027
		}
	},
	"2023-05-23": {
		"00:00:00": {
			"DAM_lmp($/MWh)": 31.94269,
			"RTM_lmp($/MWh)": 30.11886
		},
		"01:00:00": {
			"DAM_lmp($/MWh)": 27.76643,
			"RTM_lmp($/MWh)": 26.46337
		},
		"02:00:00": {
			"DAM_lmp($/MWh)": 26.37038,
			"RTM_lmp($/MWh)": 21.90681
		},
		"03:00:00": {
			"DAM_lmp($/MWh)": 24.46617,
			"RTM_lmp($/MWh)": 23.6689
		},
		"04:00:00": {
			"DAM_lmp($/MWh)": 28.44211,
			"RTM_lmp($/MWh)": 20.83779
		},
		"05:00:00": {
			"DAM_lmp($/MWh)": 37.02802,
			"RTM_lmp($/MWh)": 30.81135
		},
		"06:00:00": {
			"DAM_lmp($/MWh)": 37.93948,
			"RTM_lmp($/MWh)": 72.0
		},
		"07:00:00": {
			"DAM_lmp($/MWh)": 26.73748,
			"RTM_lmp($/MWh)": 18.0208
		},
		"08:00:00": {
			"DAM_lmp($/MWh)": 17.7001,
			"RTM_lmp($/MWh)": 12.8688
		},
		"09:00:00": {
			"DAM_lmp($/MWh)": 9.54037,
			"RTM_lmp($/MWh)": 12.94
		},
		"10:00:00": {
			"DAM_lmp($/MWh)": 1.80464,
			"RTM_lmp($/MWh)": 15.4
		},
		"11:00:00": {
			"DAM_lmp($/MWh)": 0.70671,
			"RTM_lmp($/MWh)": 14.7764
		},
		"12:00:00": {
			"DAM_lmp($/MWh)": -2.94332,
			"RTM_lmp($/MWh)": 15.53488
		},
		"13:00:00": {
			"DAM_lmp($/MWh)": -3.11106,
			"RTM_lmp($/MWh)": 7.01365
		},
		"14:00:00": {
			"DAM_lmp($/MWh)": -2.68864,
			"RTM_lmp($/MWh)": 9.9976
		},
		"15:00:00": {
			"DAM_lmp($/MWh)": 7.75124,
			"RTM_lmp($/MWh)": 4.9988
		},
		"16:00:00": {
			"DAM_lmp($/MWh)": 5.7274,
			"RTM_lmp($/MWh)": 4.95
		},
		"17:00:00": {
			"DAM_lmp($/MWh)": 25.71255,
			"RTM_lmp($/MWh)": 0.0
		},
		"18:00:00": {
			"DAM_lmp($/MWh)": 44.46626,
			"RTM_lmp($/MWh)": 14.74717
		},
		"19:00:00": {
			"DAM_lmp($/MWh)": 65.66196,
			"RTM_lmp($/MWh)": 28.39362
		},
		"20:00:00": {
			"DAM_lmp($/MWh)": 66.54956,
			"RTM_lmp($/MWh)": 40.0
		},
		"21:00:00": {
			"DAM_lmp($/MWh)": 51.98183,
			"RTM_lmp($/MWh)": 43.21554
		},
		"22:00:00": {
			"DAM_lmp($/MWh)": 42.00867,
			"RTM_lmp($/MWh)": 32.84251
		},
		"23:00:00": {
			"DAM_lmp($/MWh)": 33.66086,
			"RTM_lmp($/MWh)": 34.63027
		}
	}
}