{
	"2023-05-22": {
		"00:00:00": {
			"DAM_lmp($/MWh)": 28.8994,
			"RTM_lmp($/MWh)": 28.18948
		},
		"01:00:00": {
			"DAM_lmp($/MWh)": 25.32779,
			"RTM_lmp($/MWh)": 24.54469
		},
		"02:00:00": {
			"DAM_lmp($/MWh)": 24.09931,
			"RTM_lmp($/MWh)": 20.3633
		},
		"03:00:00": {
			"DAM_lmp($/MWh)": 22.34738,
			"RTM_lmp($/MWh)": 23.99906
		},
		"04:00:00": {
			"DAM_lmp($/MWh)": 25.81121,
			"RTM_lmp($/MWh)": 20.9339
		},
		"05:00:00": {
			"DAM_lmp($/MWh)": 33.55053,
			"RTM_lmp($/MWh)": 30.81135
		},
		"06:00:00": {
			"DAM_lmp($/MWh)": 34.96433,
			"RTM_lmp($/MWh)": 72.0
		},
		"07:00:00": {
			"DAM_lmp($/MWh)": 24.78348,
			"RTM_lmp($/MWh)": 18.0208
		},
		"08:00:00": {
			"DAM_lmp($/MWh)": 10.50426,
			"RTM_lmp($/MWh)": 12.8688
		},
		"09:00:00": {
			"DAM_lmp($/MWh)": 7.76255,
			"RTM_lmp($/MWh)": 12.94
		},
		"10:00:00": {
			"DAM_lmp($/MWh)": 5.6779,
			"RTM_lmp($/MWh)": 15.4
		},
		"11:00:00": {
			"DAM_lmp($/MWh)": 4.27684,
			"RTM_lmp($/MWh)": 14.7764
		},
		"12:00:00": {
			"DAM_lmp($/MWh)": 2.25161,
			"RTM_lmp($/MWh)": 14.60023
		},
		"13:00:00": {
			"DAM_lmp($/MWh)": 1.79509,
			"RTM_lmp($/MWh)": 14.80116
		},
		"14:00:00": {
			"DAM_lmp($/MWh)": 2.88046,
			"RTM_lmp($/MWh)": 9.9976
		},
		"15:00:00": {
			"DAM_lmp($/MWh)": 5.70138,
			"RTM_lmp($/MWh)": 4.9988
		},
		"16:00:00": {
			"DAM_lmp($/MWh)": 9.94515,
			"RTM_lmp($/MWh)": 4.95
		},
		"17:00:00": {
			"DAM_lmp($/MWh)": 23.48934,
			"RTM_lmp($/MWh)": 0.0
		},
		"18:00:00": {
			"DAM_lmp($/MWh)": 42.02075,
			"RTM_lmp($/MWh)": 13.57762
		},
		"19:00:00": {
			"DAM_lmp($/MWh)": 62.63708,
			"RTM_lmp($/MWh)": 26.62228
		},
		"20:00:00": {
			"DAM_lmp($/MWh)": 62.80813,
			"RTM_lmp($/MWh)": 40.0
		},
		"21:00:00": {
			"DAM_lmp($/MWh)": 48.52236,
			"RTM_lmp($/MWh)": 40.71047
		},
		"22:00:00": {
			"DAM_lmp($/MWh)": 39.37078,
			"RTM_lmp($/MWh)": 31.13306
		},
		"23:00:00": {
			"DAM_lmp($/MWh)": 31.03011,
			"RTM_lmp($/MWh)": 32.63384
		}
	},
	"2023-05-23": {
		"00:00:00": {
			"DAM_lmp($/MWh)": 28.8994,
			"RTM_lmp($/MWh)": 28.18948
		},
		"01:00:00": {
			"DAM_lmp($/MWh)": 25.32779,
			"RTM_lmp($/MWh)": 24.54469
		},
		"02:00:00": {
			"DAM_lmp($/MWh)": 24.09931,
			"RTM_lmp($/MWh)": 20.3633
		},
		"03:00:00": {
			"DAM_lmp($/MWh)": 22.34738,
			"RTM_lmp($/MWh)": 23.99906
		},
		"04:00:00": {
			"DAM_lmp($/MWh)": 25.81121,
			"RTM_lmp($/MWh)": 20.9339
		},
		"05:00:00": {
			"DAM_lmp($/MWh)": 33.55053,
			"RTM_lmp($/MWh)": 30.81135
		},
		"06:00:00": {
			"DAM_lmp($/MWh)": 34.96433,
			"RTM_lmp($/MWh)": 72.0
		},
		"07:00:00": {
			"DAM_lmp($/MWh)": 24.78348,
			"RTM_lmp($/MWh)": 18.0208
		},
		"08:00:00": {
			"DAM_lmp($/MWh)": 10.50426,
			"RTM_lmp($/MWh)": 12.8688
		},
		"09:00:00": {
			"DAM_lmp($/MWh)": 7.76255,
			"RTM_lmp($/MWh)": 12.94
		},
		"10:00:00": {
			"DAM_lmp($/MWh)": 5.6779,
			"RTM_lmp($/MWh)": 15.4
		},
		"11:00:00": {
			"DAM_lmp($/MWh)": 4.27684,
			"RTM_lmp($/MWh)": 14.7764
		},
		"12:00:00": {
			"DAM_lmp($/MWh)": 2.25161,
			"RTM_lmp($/MWh)": 14.60023
		},
		"13:00:00": {
			"DAM_lmp($/MWh)": 1.79509,
			"RTM_lmp($/MWh)": 14.80116
		},
		"14:00:00": {
			"DAM_lmp($/MWh)": 2.88046,
			"RTM_lmp($/MWh)": 9.9976
		},
		"15:00:00": {
			"DAM_lmp($/MWh)": 5.70138,
			"RTM_lmp($/MWh)": 4.9988
		},
		"16:00:00": {
			"DAM_lmp($/MWh)": 9.94515,
			"RTM_lmp($/MWh)": 4.95
		},
		"17:00:00": {
			"DAM_lmp($/MWh)": 23.48934,
			"RTM_lmp($/MWh)": 0.0
		},
		"18:00:00": {
			"DAM_lmp($/MWh)": 42.02075,
			"RTM_lmp($/MWh)": 13.57762
		},
		"19:00:00": {
			"DAM_lmp($/MWh)": 62.63708,
			"RTM_lmp($/MWh)": 26.62228
		},
		"20:00:00": {
			"DAM_lmp($/MWh)": 62.80813,
			"RTM_lmp($/MWh)": 40.0
		},
		"21:00:00": {
			"DAM_lmp($/MWh)": 48.52236,
			"RTM_lmp($/MWh)": 40.71047
		},
		"22:00:00": {
			"DAM_lmp($/MWh)": 39.37078,
			"RTM_lmp($/MWh)": 31.13306
		},
		"23:00:00": {
			"DAM_lmp($/MWh)": 31.03011,
			"RTM_lmp($/MWh)": 32.63384
		}
	}
}