{
	"2023-05-22": {
		"00:00:00": {
			"DAM_lmp($/MWh)": 28.61576,
			"RTM_lmp($/MWh)": 28.06996
		},
		"01:00:00": {
			"DAM_lmp($/MWh)": 25.23986,
			"RTM_lmp($/MWh)": 24.5348
		},
		"02:00:00": {
			"DAM_lmp($/MWh)": 23.96905,
			"RTM_lmp($/MWh)": 20.37356
		},
		"03:00:00": {
			"DAM_lmp($/MWh)": 22.2087,
			"RTM_lmp($/MWh)": 5.97822
		},
		"04:00:00": {
			"DAM_lmp($/MWh)": 25.65057,
			"RTM_lmp($/MWh)": 1.7026
		},
		"05:00:00": {
			"DAM_lmp($/MWh)": 33.35162,
			"RTM_lmp($/MWh)": 30.81135
		},
		"06:00:00": {
			"DAM_lmp($/MWh)": 34.78085,
			"RTM_lmp($/MWh)": 72.0
		},
		"07:00:00": {
			"DAM_lmp($/MWh)": 24.72395,
			"RTM_lmp($/MWh)": 18.0208
		},
		"08:00:00": {
			"DAM_lmp($/MWh)": 9.5157,
			"RTM_lmp($/MWh)": 12.8688
		},
		"09:00:00": {
			"DAM_lmp($/MWh)": 6.57029,
			"RTM_lmp($/MWh)": 12.94
		},
		"10:00:00": {
			"DAM_lmp($/MWh)": 4.93323,
			"RTM_lmp($/MWh)": 15.4
		},
		"11:00:00": {
			"DAM_lmp($/MWh)": 3.61212,
			"RTM_lmp($/MWh)": 11.21222
		},
		"12:00:00": {
			"DAM_lmp($/MWh)": 1.5738,
			"RTM_lmp($/MWh)": 14.44625
		},
		"13:00:00": {
			"DAM_lmp($/MWh)": 1.07541,
			"RTM_lmp($/MWh)": 14.63793
		},
		"14:00:00": {
			"DAM_lmp($/MWh)": 2.15611,
			"RTM_lmp($/MWh)": 9.9976
		},
		"15:00:00": {
			"DAM_lmp($/MWh)": 5.00402,
			"RTM_lmp($/MWh)": 4.9988
		},
		"16:00:00": {
			"DAM_lmp($/MWh)": 9.32677,
			"RTM_lmp($/MWh)": 4.95
		},
		"17:00:00": {
			"DAM_lmp($/MWh)": 23.33748,
			"RTM_lmp($/MWh)": 0.0
		},
		"18:00:00": {
			"DAM_lmp($/MWh)": 41.76217,
			"RTM_lmp($/MWh)": 13.52764
		},
		"19:00:00": {
			"DAM_lmp($/MWh)": 62.68879,
			"RTM_lmp($/MWh)": 26.80932
		},
		"20:00:00": {
			"DAM_lmp($/MWh)": 62.94407,
			"RTM_lmp($/MWh)": 40.0
		},
		"21:00:00": {
			"DAM_lmp($/MWh)": 48.51737,
			"RTM_lmp($/MWh)": 41.23078
		},
		"22:00:00": {
			"DAM_lmp($/MWh)": 39.26591,
			"RTM_lmp($/MWh)": 31.47049
		},
		"23:00:00": {
			"DAM_lmp($/MWh)": 31.39493,
			"RTM_lmp($/MWh)": 32.79329
		}
	},
	"2023-05-23": {
		"00:00:00": {
			"DAM_lmp($/MWh)": 28.61576,
			"RTM_lmp($/MWh)": 28.06996
		},
		"01:00:00": {
			"DAM_lmp($/MWh)": 25.23986,
			"RTM_lmp($/MWh)": 24.5348
		},
		"02:00:00": {
			"DAM_lmp($/MWh)": 23.96905,
			"RTM_lmp($/MWh)": 20.37356
		},
		"03:00:00": {
			"DAM_lmp($/MWh)": 22.2087,
			"RTM_lmp($/MWh)": 5.97822
		},
		"04:00:00": {
			"DAM_lmp($/MWh)": 25.65057,
			"RTM_lmp($/MWh)": 1.7026
		},
		"05:00:00": {
			"DAM_lmp($/MWh)": 33.35162,
			"RTM_lmp($/MWh)": 30.81135
		},
		"06:00:00": {
			"DAM_lmp($/MWh)": 34.78085,
			"RTM_lmp($/MWh)": 72.0
		},
		"07:00:00": {
			"DAM_lmp($/MWh)": 24.72395,
			"RTM_lmp($/MWh)": 18.0208
		},
		"08:00:00": {
			"DAM_lmp($/MWh)": 9.5157,
			"RTM_lmp($/MWh)": 12.8688
		},
		"09:00:00": {
			"DAM_lmp($/MWh)": 6.57029,
			"RTM_lmp($/MWh)": 12.94
		},
		"10:00:00": {
			"DAM_lmp($/MWh)": 4.93323,
			"RTM_lmp($/MWh)": 15.4
		},
		"11:00:00": {
			"DAM_lmp($/MWh)": 3.61212,
			"RTM_lmp($/MWh)": 11.21222
		},
		"12:00:00": {
			"DAM_lmp($/MWh)": 1.5738,
			"RTM_lmp($/MWh)": 14.44625
		},
		"13:00:00": {
			"DAM_lmp($/MWh)": 1.07541,
			"RTM_lmp($/MWh)": 14.63793
		},
		"14:00:00": {
			"DAM_lmp($/MWh)": 2.15611,
			"RTM_lmp($/MWh)": 9.9976
		},
		"15:00:00": {
			"DAM_lmp($/MWh)": 5.00402,
			"RTM_lmp($/MWh)": 4.9988
		},
		"16:00:00": {
			"DAM_lmp($/MWh)": 9.32677,
			"RTM_lmp($/MWh)": 4.95
		},
		"17:00:00": {
			"DAM_lmp($/MWh)": 23.33748,
			"RTM_lmp($/MWh)": 0.0
		},
		"18:00:00": {
			"DAM_lmp($/MWh)": 41.76217,
			"RTM_lmp($/MWh)": 13.52764
		},
		"19:00:00": {
			"DAM_lmp($/MWh)": 62.68879,
			"RTM_lmp($/MWh)": 26.80932
		},
		"20:00:00": {
			"DAM_lmp($/MWh)": 62.94407,
			"RTM_lmp($/MWh)": 40.0
		},
		"21:00:00": {
			"DAM_lmp($/MWh)": 48.51737,
			"RTM_lmp($/MWh)": 41.23078
		},
		"22:00:00": {
			"DAM_lmp($/MWh)": 39.26591,
			"RTM_lmp($/MWh)": 31.47049
		},
		"23:00:00": {
			"DAM_lmp($/MWh)": 31.39493,
			"RTM_lmp($/MWh)": 32.79329
		}
	}
}