{
	"2023-05-22": {
		"00:00:00": {
			"DAM_lmp($/MWh)": 28.66894,
			"RTM_lmp($/MWh)": 27.91629
		},
		"01:00:00": {
			"DAM_lmp($/MWh)": 25.23986,
			"RTM_lmp($/MWh)": 24.34195
		},
		"02:00:00": {
			"DAM_lmp($/MWh)": 23.9543,
			"RTM_lmp($/MWh)": 20.20731
		},
		"03:00:00": {
			"DAM_lmp($/MWh)": 22.17006,
			"RTM_lmp($/MWh)": 14.18025
		},
		"04:00:00": {
			"DAM_lmp($/MWh)": 25.61106,
			"RTM_lmp($/MWh)": 10.49482
		},
		"05:00:00": {
			"DAM_lmp($/MWh)": 33.29332,
			"RTM_lmp($/MWh)": 30.81135
		},
		"06:00:00": {
			"DAM_lmp($/MWh)": 34.69811,
			"RTM_lmp($/MWh)": 72.0
		},
		"07:00:00": {
			"DAM_lmp($/MWh)": 24.73948,
			"RTM_lmp($/MWh)": 18.0208
		},
		"08:00:00": {
			"DAM_lmp($/MWh)": 9.39264,
			"RTM_lmp($/MWh)": 12.8688
		},
		"09:00:00": {
			"DAM_lmp($/MWh)": 6.58009,
			"RTM_lmp($/MWh)": 12.94
		},
		"10:00:00": {
			"DAM_lmp($/MWh)": 4.94251,
			"RTM_lmp($/MWh)": 15.4
		},
		"11:00:00": {
			"DAM_lmp($/MWh)": 3.62609,
			"RTM_lmp($/MWh)": 11.21222
		},
		"12:00:00": {
			"DAM_lmp($/MWh)": 1.58829,
			"RTM_lmp($/MWh)": 14.35541
		},
		"13:00:00": {
			"DAM_lmp($/MWh)": 1.09083,
			"RTM_lmp($/MWh)": 14.572
		},
		"14:00:00": {
			"DAM_lmp($/MWh)": 2.10006,
			"RTM_lmp($/MWh)": 9.9976
		},
		"15:00:00": {
			"DAM_lmp($/MWh)": 5.03487,
			"RTM_lmp($/MWh)": 4.9988
		},
		"16:00:00": {
			"DAM_lmp($/MWh)": 9.36516,
			"RTM_lmp($/MWh)": 4.95
		},
		"17:00:00": {
			"DAM_lmp($/MWh)": 23.41465,
			"RTM_lmp($/MWh)": 0.0
		},
		"18:00:00": {
			"DAM_lmp($/MWh)": 41.81038,
			"RTM_lmp($/MWh)": 13.48195
		},
		"19:00:00": {
			"DAM_lmp($/MWh)": 62.61769,
			"RTM_lmp($/MWh)": 26.64704
		},
		"20:00:00": {
			"DAM_lmp($/MWh)": 62.72398,
			"RTM_lmp($/MWh)": 40.0
		},
		"21:00:00": {
			"DAM_lmp($/MWh)": 48.33267,
			"RTM_lmp($/MWh)": 40.69369
		},
		"22:00:00": {
			"DAM_lmp($/MWh)": 39.1328,
			"RTM_lmp($/MWh)": 31.09486
		},
		"23:00:00": {
			"DAM_lmp($/MWh)": 31.39176,
			"RTM_lmp($/MWh)": 32.47107
		}
	},
	"2023-05-23": {
		"00:00:00": {
			"DAM_lmp($/MWh)": 28.66894,
			"RTM_lmp($/MWh)": 27.91629
		},
		"01:00:00": {
			"DAM_lmp($/MWh)": 25.23986,
			"RTM_lmp($/MWh)": 24.34195
		},
		"02:00:00": {
			"DAM_lmp($/MWh)": 23.9543,
			"RTM_lmp($/MWh)": 20.20731
		},
		"03:00:00": {
			"DAM_lmp($/MWh)": 22.17006,
			"RTM_lmp($/MWh)": 14.18025
		},
		"04:00:00": {
			"DAM_lmp($/MWh)": 25.61106,
			"RTM_lmp($/MWh)": 10.49482
		},
		"05:00:00": {
			"DAM_lmp($/MWh)": 33.29332,
			"RTM_lmp($/MWh)": 30.81135
		},
		"06:00:00": {
			"DAM_lmp($/MWh)": 34.69811,
			"RTM_lmp($/MWh)": 72.0
		},
		"07:00:00": {
			"DAM_lmp($/MWh)": 24.73948,
			"RTM_lmp($/MWh)": 18.0208
		},
		"08:00:00": {
			"DAM_lmp($/MWh)": 9.39264,
			"RTM_lmp($/MWh)": 12.8688
		},
		"09:00:00": {
			"DAM_lmp($/MWh)": 6.58009,
			"RTM_lmp($/MWh)": 12.94
		},
		"10:00:00": {
			"DAM_lmp($/MWh)": 4.94251,
			"RTM_lmp($/MWh)": 15.4
		},
		"11:00:00": {
			"DAM_lmp($/MWh)": 3.62609,
			"RTM_lmp($/MWh)": 11.21222
		},
		"12:00:00": {
			"DAM_lmp($/MWh)": 1.58829,
			"RTM_lmp($/MWh)": 14.35541
		},
		"13:00:00": {
			"DAM_lmp($/MWh)": 1.09083,
			"RTM_lmp($/MWh)": 14.572
		},
		"14:00:00": {
			"DAM_lmp($/MWh)": 2.10006,
			"RTM_lmp($/MWh)": 9.9976
		},
		"15:00:00": {
			"DAM_lmp($/MWh)": 5.03487,
			"RTM_lmp($/MWh)": 4.9988
		},
		"16:00:00": {
			"DAM_lmp($/MWh)": 9.36516,
			"RTM_lmp($/MWh)": 4.95
		},
		"17:00:00": {
			"DAM_lmp($/MWh)": 23.41465,
			"RTM_lmp($/MWh)": 0.0
		},
		"18:00:00": {
			"DAM_lmp($/MWh)": 41.81038,
			"RTM_lmp($/MWh)": 13.48195
		},
		"19:00:00": {
			"DAM_lmp($/MWh)": 62.61769,
			"RTM_lmp($/MWh)": 26.64704
		},
		"20:00:00": {
			"DAM_lmp($/MWh)": 62.72398,
			"RTM_lmp($/MWh)": 40.0
		},
		"21:00:00": {
			"DAM_lmp($/MWh)": 48.33267,
			"RTM_lmp($/MWh)": 40.69369
		},
		"22:00:00": {
			"DAM_lmp($/MWh)": 39.1328,
			"RTM_lmp($/MWh)": 31.09486
		},
		"23:00:00": {
			"DAM_lmp($/MWh)": 31.39176,
			"RTM_lmp($/MWh)": 32.47107
		}
	}
}