{
	"2023-05-22": {
		"00:00:00": {
			"DAM_lmp($/MWh)": 52.376,
			"RTM_lmp($/MWh)": 27.91629
		},
		"01:00:00": {
			"DAM_lmp($/MWh)": 51.08666,
			"RTM_lmp($/MWh)": 23.91667
		},
		"02:00:00": {
			"DAM_lmp($/MWh)": 55.71984,
			"RTM_lmp($/MWh)": 19.96716
		},
		"03:00:00": {
			"DAM_lmp($/MWh)": 56.76315,
			"RTM_lmp($/MWh)": 6.31097
		},
		"04:00:00": {
			"DAM_lmp($/MWh)": 55.71934,
			"RTM_lmp($/MWh)": 1.53955
		},
		"05:00:00": {
			"DAM_lmp($/MWh)": 47.3394,
			"RTM_lmp($/MWh)": 30.81135
		},
		"06:00:00": {
			"DAM_lmp($/MWh)": 60.2238,
			"RTM_lmp($/MWh)": 72.0
		},
		"07:00:00": {
			"DAM_lmp($/MWh)": 25.62461,
			"RTM_lmp($/MWh)": 18.0208
		},
		"08:00:00": {
			"DAM_lmp($/MWh)": 5.86726,
			"RTM_lmp($/MWh)": 12.8688
		},
		"09:00:00": {
			"DAM_lmp($/MWh)": 2.49814,
			"RTM_lmp($/MWh)": 12.94
		},
		"10:00:00": {
			"DAM_lmp($/MWh)": 2.41943,
			"RTM_lmp($/MWh)": 15.4
		},
		"11:00:00": {
			"DAM_lmp($/MWh)": 1.35124,
			"RTM_lmp($/MWh)": 2.57595
		},
		"12:00:00": {
			"DAM_lmp($/MWh)": -0.9004,
			"RTM_lmp($/MWh)": 14.45703
		},
		"13:00:00": {
			"DAM_lmp($/MWh)": -1.60512,
			"RTM_lmp($/MWh)": 14.58456
		},
		"14:00:00": {
			"DAM_lmp($/MWh)": -0.5825,
			"RTM_lmp($/MWh)": 9.9976
		},
		"15:00:00": {
			"DAM_lmp($/MWh)": 2.579,
			"RTM_lmp($/MWh)": 4.9988
		},
		"16:00:00": {
			"DAM_lmp($/MWh)": 7.76615,
			"RTM_lmp($/MWh)": 4.95
		},
		"17:00:00": {
			"DAM_lmp($/MWh)": 24.04452,
			"RTM_lmp($/MWh)": 0.0
		},
		"18:00:00": {
			"DAM_lmp($/MWh)": 43.54153,
			"RTM_lmp($/MWh)": 13.17064
		},
		"19:00:00": {
			"DAM_lmp($/MWh)": 62.50135,
			"RTM_lmp($/MWh)": 26.65529
		},
		"20:00:00": {
			"DAM_lmp($/MWh)": 63.53312,
			"RTM_lmp($/MWh)": 40.0
		},
		"21:00:00": {
			"DAM_lmp($/MWh)": 50.4992,
			"RTM_lmp($/MWh)": 42.24204
		},
		"22:00:00": {
			"DAM_lmp($/MWh)": 49.46332,
			"RTM_lmp($/MWh)": 31.88751
		},
		"23:00:00": {
			"DAM_lmp($/MWh)": 50.9146,
			"RTM_lmp($/MWh)": 32.78
		}
	},
	"2023-05-23": {
		"00:00:00": {
			"DAM_lmp($/MWh)": 52.376,
			"RTM_lmp($/MWh)": 27.91629
		},
		"01:00:00": {
			"DAM_lmp($/MWh)": 51.08666,
			"RTM_lmp($/MWh)": 23.91667
		},
		"02:00:00": {
			"DAM_lmp($/MWh)": 55.71984,
			"RTM_lmp($/MWh)": 19.96716
		},
		"03:00:00": {
			"DAM_lmp($/MWh)": 56.76315,
			"RTM_lmp($/MWh)": 6.31097
		},
		"04:00:00": {
			"DAM_lmp($/MWh)": 55.71934,
			"RTM_lmp($/MWh)": 1.53955
		},
		"05:00:00": {
			"DAM_lmp($/MWh)": 47.3394,
			"RTM_lmp($/MWh)": 30.81135
		},
		"06:00:00": {
			"DAM_lmp($/MWh)": 60.2238,
			"RTM_lmp($/MWh)": 72.0
		},
		"07:00:00": {
			"DAM_lmp($/MWh)": 25.62461,
			"RTM_lmp($/MWh)": 18.0208
		},
		"08:00:00": {
			"DAM_lmp($/MWh)": 5.86726,
			"RTM_lmp($/MWh)": 12.8688
		},
		"09:00:00": {
			"DAM_lmp($/MWh)": 2.49814,
			"RTM_lmp($/MWh)": 12.94
		},
		"10:00:00": {
			"DAM_lmp($/MWh)": 2.41943,
			"RTM_lmp($/MWh)": 15.4
		},
		"11:00:00": {
			"DAM_lmp($/MWh)": 1.35124,
			"RTM_lmp($/MWh)": 2.57595
		},
		"12:00:00": {
			"DAM_lmp($/MWh)": -0.9004,
			"RTM_lmp($/MWh)": 14.45703
		},
		"13:00:00": {
			"DAM_lmp($/MWh)": -1.60512,
			"RTM_lmp($/MWh)": 14.58456
		},
		"14:00:00": {
			"DAM_lmp($/MWh)": -0.5825,
			"RTM_lmp($/MWh)": 9.9976
		},
		"15:00:00": {
			"DAM_lmp($/MWh)": 2.579,
			"RTM_lmp($/MWh)": 4.9988
		},
		"16:00:00": {
			"DAM_lmp($/MWh)": 7.76615,
			"RTM_lmp($/MWh)": 4.95
		},
		"17:00:00": {
			"DAM_lmp($/MWh)": 24.04452,
			"RTM_lmp($/MWh)": 0.0
		},
		"18:00:00": {
			"DAM_lmp($/MWh)": 43.54153,
			"RTM_lmp($/MWh)": 13.17064
		},
		"19:00:00": {
			"DAM_lmp($/MWh)": 62.50135,
			"RTM_lmp($/MWh)": 26.65529
		},
		"20:00:00": {
			"DAM_lmp($/MWh)": 63.53312,
			"RTM_lmp($/MWh)": 40.0
		},
		"21:00:00": {
			"DAM_lmp($/MWh)": 50.4992,
			"RTM_lmp($/MWh)": 42.24204
		},
		"22:00:00": {
			"DAM_lmp($/MWh)": 49.46332,
			"RTM_lmp($/MWh)": 31.88751
		},
		"23:00:00": {
			"DAM_lmp($/MWh)": 50.9146,
			"RTM_lmp($/MWh)": 32.78
		}
	}
}