{
	"2023-05-22": {
		"00:00:00": {
			"DAM_lmp($/MWh)": 33.71744,
			"RTM_lmp($/MWh)": 27.83661
		},
		"01:00:00": {
			"DAM_lmp($/MWh)": 30.58969,
			"RTM_lmp($/MWh)": 24.05761
		},
		"02:00:00": {
			"DAM_lmp($/MWh)": 30.54502,
			"RTM_lmp($/MWh)": 19.922
		},
		"03:00:00": {
			"DAM_lmp($/MWh)": 29.44981,
			"RTM_lmp($/MWh)": 6.38034
		},
		"04:00:00": {
			"DAM_lmp($/MWh)": 31.761,
			"RTM_lmp($/MWh)": 1.60054
		},
		"05:00:00": {
			"DAM_lmp($/MWh)": 36.26411,
			"RTM_lmp($/MWh)": 30.81135
		},
		"06:00:00": {
			"DAM_lmp($/MWh)": 39.59631,
			"RTM_lmp($/MWh)": 72.0
		},
		"07:00:00": {
			"DAM_lmp($/MWh)": 24.26586,
			"RTM_lmp($/MWh)": 18.0208
		},
		"08:00:00": {
			"DAM_lmp($/MWh)": -0.77958,
			"RTM_lmp($/MWh)": 12.8688
		},
		"09:00:00": {
			"DAM_lmp($/MWh)": -4.36685,
			"RTM_lmp($/MWh)": 12.94
		},
		"10:00:00": {
			"DAM_lmp($/MWh)": -1.72564,
			"RTM_lmp($/MWh)": 15.4
		},
		"11:00:00": {
			"DAM_lmp($/MWh)": -2.2531,
			"RTM_lmp($/MWh)": -5.10073
		},
		"12:00:00": {
			"DAM_lmp($/MWh)": -4.58973,
			"RTM_lmp($/MWh)": 13.51623
		},
		"13:00:00": {
			"DAM_lmp($/MWh)": -5.57073,
			"RTM_lmp($/MWh)": 13.72129
		},
		"14:00:00": {
			"DAM_lmp($/MWh)": -4.65441,
			"RTM_lmp($/MWh)": 9.9976
		},
		"15:00:00": {
			"DAM_lmp($/MWh)": -1.5626,
			"RTM_lmp($/MWh)": 4.9988
		},
		"16:00:00": {
			"DAM_lmp($/MWh)": 3.57128,
			"RTM_lmp($/MWh)": 4.95
		},
		"17:00:00": {
			"DAM_lmp($/MWh)": 22.76985,
			"RTM_lmp($/MWh)": 0.0
		},
		"18:00:00": {
			"DAM_lmp($/MWh)": 41.21873,
			"RTM_lmp($/MWh)": 12.91217
		},
		"19:00:00": {
			"DAM_lmp($/MWh)": 60.89842,
			"RTM_lmp($/MWh)": 26.1987
		},
		"20:00:00": {
			"DAM_lmp($/MWh)": 61.56531,
			"RTM_lmp($/MWh)": 40.0
		},
		"21:00:00": {
			"DAM_lmp($/MWh)": 47.88339,
			"RTM_lmp($/MWh)": 41.11329
		},
		"22:00:00": {
			"DAM_lmp($/MWh)": 41.26158,
			"RTM_lmp($/MWh)": 31.35589
		},
		"23:00:00": {
			"DAM_lmp($/MWh)": 35.19055,
			"RTM_lmp($/MWh)": 32.42456
		}
	},
	"2023-05-23": {
		"00:00:00": {
			"DAM_lmp($/MWh)": 33.71744,
			"RTM_lmp($/MWh)": 27.83661
		},
		"01:00:00": {
			"DAM_lmp($/MWh)": 30.58969,
			"RTM_lmp($/MWh)": 24.05761
		},
		"02:00:00": {
			"DAM_lmp($/MWh)": 30.54502,
			"RTM_lmp($/MWh)": 19.922
		},
		"03:00:00": {
			"DAM_lmp($/MWh)": 29.44981,
			"RTM_lmp($/MWh)": 6.38034
		},
		"04:00:00": {
			"DAM_lmp($/MWh)": 31.761,
			"RTM_lmp($/MWh)": 1.60054
		},
		"05:00:00": {
			"DAM_lmp($/MWh)": 36.26411,
			"RTM_lmp($/MWh)": 30.81135
		},
		"06:00:00": {
			"DAM_lmp($/MWh)": 39.59631,
			"RTM_lmp($/MWh)": 72.0
		},
		"07:00:00": {
			"DAM_lmp($/MWh)": 24.26586,
			"RTM_lmp($/MWh)": 18.0208
		},
		"08:00:00": {
			"DAM_lmp($/MWh)": -0.77958,
			"RTM_lmp($/MWh)": 12.8688
		},
		"09:00:00": {
			"DAM_lmp($/MWh)": -4.36685,
			"RTM_lmp($/MWh)": 12.94
		},
		"10:00:00": {
			"DAM_lmp($/MWh)": -1.72564,
			"RTM_lmp($/MWh)": 15.4
		},
		"11:00:00": {
			"DAM_lmp($/MWh)": -2.2531,
			"RTM_lmp($/MWh)": -5.10073
		},
		"12:00:00": {
			"DAM_lmp($/MWh)": -4.58973,
			"RTM_lmp($/MWh)": 13.51623
		},
		"13:00:00": {
			"DAM_lmp($/MWh)": -5.57073,
			"RTM_lmp($/MWh)": 13.72129
		},
		"14:00:00": {
			"DAM_lmp($/MWh)": -4.65441,
			"RTM_lmp($/MWh)": 9.9976
		},
		"15:00:00": {
			"DAM_lmp($/MWh)": -1.5626,
			"RTM_lmp($/MWh)": 4.9988
		},
		"16:00:00": {
			"DAM_lmp($/MWh)": 3.57128,
			"RTM_lmp($/MWh)": 4.95
		},
		"17:00:00": {
			"DAM_lmp($/MWh)": 22.76985,
			"RTM_lmp($/MWh)": 0.0
		},
		"18:00:00": {
			"DAM_lmp($/MWh)": 41.21873,
			"RTM_lmp($/MWh)": 12.91217
		},
		"19:00:00": {
			"DAM_lmp($/MWh)": 60.89842,
			"RTM_lmp($/MWh)": 26.1987
		},
		"20:00:00": {
			"DAM_lmp($/MWh)": 61.56531,
			"RTM_lmp($/MWh)": 40.0
		},
		"21:00:00": {
			"DAM_lmp($/MWh)": 47.88339,
			"RTM_lmp($/MWh)": 41.11329
		},
		"22:00:00": {
			"DAM_lmp($/MWh)": 41.26158,
			"RTM_lmp($/MWh)": 31.35589
		},
		"23:00:00": {
			"DAM_lmp($/MWh)": 35.19055,
			"RTM_lmp($/MWh)": 32.42456
		}
	}
}