{
	"2023-05-22": {
		"00:00:00": {
			"DAM_lmp($/MWh)": 29.09736,
			"RTM_lmp($/MWh)": 28.24924
		},
		"01:00:00": {
			"DAM_lmp($/MWh)": 25.4726,
			"RTM_lmp($/MWh)": 24.7598
		},
		"02:00:00": {
			"DAM_lmp($/MWh)": 24.21483,
			"RTM_lmp($/MWh)": 20.49672
		},
		"03:00:00": {
			"DAM_lmp($/MWh)": 22.42695,
			"RTM_lmp($/MWh)": 22.19806
		},
		"04:00:00": {
			"DAM_lmp($/MWh)": 26.07456,
			"RTM_lmp($/MWh)": 19.79995
		},
		"05:00:00": {
			"DAM_lmp($/MWh)": 33.86604,
			"RTM_lmp($/MWh)": 30.81135
		},
		"06:00:00": {
			"DAM_lmp($/MWh)": 35.12981,
			"RTM_lmp($/MWh)": 72.0
		},
		"07:00:00": {
			"DAM_lmp($/MWh)": 25.00864,
			"RTM_lmp($/MWh)": 18.0208
		},
		"08:00:00": {
			"DAM_lmp($/MWh)": 10.79007,
			"RTM_lmp($/MWh)": 12.8688
		},
		"09:00:00": {
			"DAM_lmp($/MWh)": 9.00543,
			"RTM_lmp($/MWh)": 12.94
		},
		"10:00:00": {
			"DAM_lmp($/MWh)": 6.70522,
			"RTM_lmp($/MWh)": 15.4
		},
		"11:00:00": {
			"DAM_lmp($/MWh)": 4.259,
			"RTM_lmp($/MWh)": 14.7764
		},
		"12:00:00": {
			"DAM_lmp($/MWh)": 3.44164,
			"RTM_lmp($/MWh)": 15.1407
		},
		"13:00:00": {
			"DAM_lmp($/MWh)": 3.18619,
			"RTM_lmp($/MWh)": 15.52788
		},
		"14:00:00": {
			"DAM_lmp($/MWh)": 4.58251,
			"RTM_lmp($/MWh)": 9.9976
		},
		"15:00:00": {
			"DAM_lmp($/MWh)": 7.3941,
			"RTM_lmp($/MWh)": 4.9988
		},
		"16:00:00": {
			"DAM_lmp($/MWh)": 11.43285,
			"RTM_lmp($/MWh)": 4.95
		},
		"17:00:00": {
			"DAM_lmp($/MWh)": 23.97979,
			"RTM_lmp($/MWh)": 0.0
		},
		"18:00:00": {
			"DAM_lmp($/MWh)": 42.32315,
			"RTM_lmp($/MWh)": 14.05315
		},
		"19:00:00": {
			"DAM_lmp($/MWh)": 62.65647,
			"RTM_lmp($/MWh)": 26.53427
		},
		"20:00:00": {
			"DAM_lmp($/MWh)": 62.42622,
			"RTM_lmp($/MWh)": 40.0
		},
		"21:00:00": {
			"DAM_lmp($/MWh)": 48.06809,
			"RTM_lmp($/MWh)": 40.07686
		},
		"22:00:00": {
			"DAM_lmp($/MWh)": 39.0822,
			"RTM_lmp($/MWh)": 30.75424
		},
		"23:00:00": {
			"DAM_lmp($/MWh)": 30.96989,
			"RTM_lmp($/MWh)": 32.72685
		}
	},
	"2023-05-23": {
		"00:00:00": {
			"DAM_lmp($/MWh)": 29.09736,
			"RTM_lmp($/MWh)": 28.24924
		},
		"01:00:00": {
			"DAM_lmp($/MWh)": 25.4726,
			"RTM_lmp($/MWh)": 24.7598
		},
		"02:00:00": {
			"DAM_lmp($/MWh)": 24.21483,
			"RTM_lmp($/MWh)": 20.49672
		},
		"03:00:00": {
			"DAM_lmp($/MWh)": 22.42695,
			"RTM_lmp($/MWh)": 22.19806
		},
		"04:00:00": {
			"DAM_lmp($/MWh)": 26.07456,
			"RTM_lmp($/MWh)": 19.79995
		},
		"05:00:00": {
			"DAM_lmp($/MWh)": 33.86604,
			"RTM_lmp($/MWh)": 30.81135
		},
		"06:00:00": {
			"DAM_lmp($/MWh)": 35.12981,
			"RTM_lmp($/MWh)": 72.0
		},
		"07:00:00": {
			"DAM_lmp($/MWh)": 25.00864,
			"RTM_lmp($/MWh)": 18.0208
		},
		"08:00:00": {
			"DAM_lmp($/MWh)": 10.79007,
			"RTM_lmp($/MWh)": 12.8688
		},
		"09:00:00": {
			"DAM_lmp($/MWh)": 9.00543,
			"RTM_lmp($/MWh)": 12.94
		},
		"10:00:00": {
			"DAM_lmp($/MWh)": 6.70522,
			"RTM_lmp($/MWh)": 15.4
		},
		"11:00:00": {
			"DAM_lmp($/MWh)": 4.259,
			"RTM_lmp($/MWh)": 14.7764
		},
		"12:00:00": {
			"DAM_lmp($/MWh)": 3.44164,
			"RTM_lmp($/MWh)": 15.1407
		},
		"13:00:00": {
			"DAM_lmp($/MWh)": 3.18619,
			"RTM_lmp($/MWh)": 15.52788
		},
		"14:00:00": {
			"DAM_lmp($/MWh)": 4.58251,
			"RTM_lmp($/MWh)": 9.9976
		},
		"15:00:00": {
			"DAM_lmp($/MWh)": 7.3941,
			"RTM_lmp($/MWh)": 4.9988
		},
		"16:00:00": {
			"DAM_lmp($/MWh)": 11.43285,
			"RTM_lmp($/MWh)": 4.95
		},
		"17:00:00": {
			"DAM_lmp($/MWh)": 23.97979,
			"RTM_lmp($/MWh)": 0.0
		},
		"18:00:00": {
			"DAM_lmp($/MWh)": 42.32315,
			"RTM_lmp($/MWh)": 14.05315
		},
		"19:00:00": {
			"DAM_lmp($/MWh)": 62.65647,
			"RTM_lmp($/MWh)": 26.53427
		},
		"20:00:00": {
			"DAM_lmp($/MWh)": 62.42622,
			"RTM_lmp($/MWh)": 40.0
		},
		"21:00:00": {
			"DAM_lmp($/MWh)": 48.06809,
			"RTM_lmp($/MWh)": 40.07686
		},
		"22:00:00": {
			"DAM_lmp($/MWh)": 39.0822,
			"RTM_lmp($/MWh)": 30.75424
		},
		"23:00:00": {
			"DAM_lmp($/MWh)": 30.96989,
			"RTM_lmp($/MWh)": 32.72685
		}
	}
}