{
	"2023-05-22": {
		"00:00:00": {
			"DAM_lmp($/MWh)": 27.02159,
			"RTM_lmp($/MWh)": 28.0415
		},
		"01:00:00": {
			"DAM_lmp($/MWh)": 23.13827,
			"RTM_lmp($/MWh)": 24.21585
		},
		"02:00:00": {
			"DAM_lmp($/MWh)": 21.24902,
			"RTM_lmp($/MWh)": 20.06363
		},
		"03:00:00": {
			"DAM_lmp($/MWh)": 19.12718,
			"RTM_lmp($/MWh)": 7.1127
		},
		"04:00:00": {
			"DAM_lmp($/MWh)": 22.97903,
			"RTM_lmp($/MWh)": 2.06543
		},
		"05:00:00": {
			"DAM_lmp($/MWh)": 32.45774,
			"RTM_lmp($/MWh)": 58.92797
		},
		"06:00:00": {
			"DAM_lmp($/MWh)": 33.58785,
			"RTM_lmp($/MWh)": 72.0
		},
		"07:00:00": {
			"DAM_lmp($/MWh)": 26.35186,
			"RTM_lmp($/MWh)": 18.0208
		},
		"08:00:00": {
			"DAM_lmp($/MWh)": 21.02634,
			"RTM_lmp($/MWh)": 12.8688
		},
		"09:00:00": {
			"DAM_lmp($/MWh)": 18.54676,
			"RTM_lmp($/MWh)": 12.94
		},
		"10:00:00": {
			"DAM_lmp($/MWh)": 12.3507,
			"RTM_lmp($/MWh)": 15.4
		},
		"11:00:00": {
			"DAM_lmp($/MWh)": 10.22837,
			"RTM_lmp($/MWh)": 19.30016
		},
		"12:00:00": {
			"DAM_lmp($/MWh)": 8.40948,
			"RTM_lmp($/MWh)": 15.52718
		},
		"13:00:00": {
			"DAM_lmp($/MWh)": 8.41143,
			"RTM_lmp($/MWh)": 15.75076
		},
		"14:00:00": {
			"DAM_lmp($/MWh)": 9.58453,
			"RTM_lmp($/MWh)": 9.9976
		},
		"15:00:00": {
			"DAM_lmp($/MWh)": 12.52028,
			"RTM_lmp($/MWh)": 4.9988
		},
		"16:00:00": {
			"DAM_lmp($/MWh)": 16.341,
			"RTM_lmp($/MWh)": 4.95
		},
		"17:00:00": {
			"DAM_lmp($/MWh)": 25.725,
			"RTM_lmp($/MWh)": 0.0
		},
		"18:00:00": {
			"DAM_lmp($/MWh)": 45.10613,
			"RTM_lmp($/MWh)": 14.58152
		},
		"19:00:00": {
			"DAM_lmp($/MWh)": 66.42465,
			"RTM_lmp($/MWh)": 28.43212
		},
		"20:00:00": {
			"DAM_lmp($/MWh)": 66.64666,
			"RTM_lmp($/MWh)": 40.0
		},
		"21:00:00": {
			"DAM_lmp($/MWh)": 50.9385,
			"RTM_lmp($/MWh)": 43.32463
		},
		"22:00:00": {
			"DAM_lmp($/MWh)": 39.80403,
			"RTM_lmp($/MWh)": 32.39048
		},
		"23:00:00": {
			"DAM_lmp($/MWh)": 29.69558,
			"RTM_lmp($/MWh)": 33.29489
		}
	},
	"2023-05-23": {
		"00:00:00": {
			"DAM_lmp($/MWh)": 27.02159,
			"RTM_lmp($/MWh)": 28.0415
		},
		"01:00:00": {
			"DAM_lmp($/MWh)": 23.13827,
			"RTM_lmp($/MWh)": 24.21585
		},
		"02:00:00": {
			"DAM_lmp($/MWh)": 21.24902,
			"RTM_lmp($/MWh)": 20.06363
		},
		"03:00:00": {
			"DAM_lmp($/MWh)": 19.12718,
			"RTM_lmp($/MWh)": 7.1127
		},
		"04:00:00": {
			"DAM_lmp($/MWh)": 22.97903,
			"RTM_lmp($/MWh)": 2.06543
		},
		"05:00:00": {
			"DAM_lmp($/MWh)": 32.45774,
			"RTM_lmp($/MWh)": 58.92797
		},
		"06:00:00": {
			"DAM_lmp($/MWh)": 33.58785,
			"RTM_lmp($/MWh)": 72.0
		},
		"07:00:00": {
			"DAM_lmp($/MWh)": 26.35186,
			"RTM_lmp($/MWh)": 18.0208
		},
		"08:00:00": {
			"DAM_lmp($/MWh)": 21.02634,
			"RTM_lmp($/MWh)": 12.8688
		},
		"09:00:00": {
			"DAM_lmp($/MWh)": 18.54676,
			"RTM_lmp($/MWh)": 12.94
		},
		"10:00:00": {
			"DAM_lmp($/MWh)": 12.3507,
			"RTM_lmp($/MWh)": 15.4
		},
		"11:00:00": {
			"DAM_lmp($/MWh)": 10.22837,
			"RTM_lmp($/MWh)": 19.30016
		},
		"12:00:00": {
			"DAM_lmp($/MWh)": 8.40948,
			"RTM_lmp($/MWh)": 15.52718
		},
		"13:00:00": {
			"DAM_lmp($/MWh)": 8.41143,
			"RTM_lmp($/MWh)": 15.75076
		},
		"14:00:00": {
			"DAM_lmp($/MWh)": 9.58453,
			"RTM_lmp($/MWh)": 9.9976
		},
		"15:00:00": {
			"DAM_lmp($/MWh)": 12.52028,
			"RTM_lmp($/MWh)": 4.9988
		},
		"16:00:00": {
			"DAM_lmp($/MWh)": 16.341,
			"RTM_lmp($/MWh)": 4.95
		},
		"17:00:00": {
			"DAM_lmp($/MWh)": 25.725,
			"RTM_lmp($/MWh)": 0.0
		},
		"18:00:00": {
			"DAM_lmp($/MWh)": 45.10613,
			"RTM_lmp($/MWh)": 14.58152
		},
		"19:00:00": {
			"DAM_lmp($/MWh)": 66.42465,
			"RTM_lmp($/MWh)": 28.43212
		},
		"20:00:00": {
			"DAM_lmp($/MWh)": 66.64666,
			"RTM_lmp($/MWh)": 40.0
		},
		"21:00:00": {
			"DAM_lmp($/MWh)": 50.9385,
			"RTM_lmp($/MWh)": 43.32463
		},
		"22:00:00": {
			"DAM_lmp($/MWh)": 39.80403,
			"RTM_lmp($/MWh)": 32.39048
		},
		"23:00:00": {
			"DAM_lmp($/MWh)": 29.69558,
			"RTM_lmp($/MWh)": 33.29489
		}
	}
}