{
	"2023-05-22": {
		"00:00:00": {
			"DAM_lmp($/MWh)": 61.3925,
			"RTM_lmp($/MWh)": 26.5219
		},
		"01:00:00": {
			"DAM_lmp($/MWh)": 61.43031,
			"RTM_lmp($/MWh)": 22.82877
		},
		"02:00:00": {
			"DAM_lmp($/MWh)": 69.23349,
			"RTM_lmp($/MWh)": 19.55665
		},
		"03:00:00": {
			"DAM_lmp($/MWh)": 71.35534,
			"RTM_lmp($/MWh)": 5.96045
		},
		"04:00:00": {
			"DAM_lmp($/MWh)": 68.72075,
			"RTM_lmp($/MWh)": 1.28435
		},
		"05:00:00": {
			"DAM_lmp($/MWh)": 51.49809,
			"RTM_lmp($/MWh)": 30.81135
		},
		"06:00:00": {
			"DAM_lmp($/MWh)": 70.43724,
			"RTM_lmp($/MWh)": 72.0
		},
		"07:00:00": {
			"DAM_lmp($/MWh)": 25.76954,
			"RTM_lmp($/MWh)": 18.0208
		},
		"08:00:00": {
			"DAM_lmp($/MWh)": 8.03337,
			"RTM_lmp($/MWh)": 12.8688
		},
		"09:00:00": {
			"DAM_lmp($/MWh)": 4.76829,
			"RTM_lmp($/MWh)": 12.94
		},
		"10:00:00": {
			"DAM_lmp($/MWh)": 3.86776,
			"RTM_lmp($/MWh)": 15.4
		},
		"11:00:00": {
			"DAM_lmp($/MWh)": 2.59988,
			"RTM_lmp($/MWh)": 4.63221
		},
		"12:00:00": {
			"DAM_lmp($/MWh)": 0.42866,
			"RTM_lmp($/MWh)": 14.77269
		},
		"13:00:00": {
			"DAM_lmp($/MWh)": -0.18742,
			"RTM_lmp($/MWh)": 15.03032
		},
		"14:00:00": {
			"DAM_lmp($/MWh)": 0.85335,
			"RTM_lmp($/MWh)": 9.9976
		},
		"15:00:00": {
			"DAM_lmp($/MWh)": 4.03696,
			"RTM_lmp($/MWh)": 4.9988
		},
		"16:00:00": {
			"DAM_lmp($/MWh)": 8.95968,
			"RTM_lmp($/MWh)": 4.95
		},
		"17:00:00": {
			"DAM_lmp($/MWh)": 23.66112,
			"RTM_lmp($/MWh)": 0.0
		},
		"18:00:00": {
			"DAM_lmp($/MWh)": 39.67165,
			"RTM_lmp($/MWh)": 12.45948
		},
		"19:00:00": {
			"DAM_lmp($/MWh)": 57.78951,
			"RTM_lmp($/MWh)": -11.21961
		},
		"20:00:00": {
			"DAM_lmp($/MWh)": 56.67814,
			"RTM_lmp($/MWh)": -10.0012
		},
		"21:00:00": {
			"DAM_lmp($/MWh)": 47.61382,
			"RTM_lmp($/MWh)": 39.97196
		},
		"22:00:00": {
			"DAM_lmp($/MWh)": 51.22044,
			"RTM_lmp($/MWh)": 30.31176
		},
		"23:00:00": {
			"DAM_lmp($/MWh)": 58.52564,
			"RTM_lmp($/MWh)": 31.91632
		}
	},
	"2023-05-23": {
		"00:00:00": {
			"DAM_lmp($/MWh)": 61.3925,
			"RTM_lmp($/MWh)": 26.5219
		},
		"01:00:00": {
			"DAM_lmp($/MWh)": 61.43031,
			"RTM_lmp($/MWh)": 22.82877
		},
		"02:00:00": {
			"DAM_lmp($/MWh)": 69.23349,
			"RTM_lmp($/MWh)": 19.55665
		},
		"03:00:00": {
			"DAM_lmp($/MWh)": 71.35534,
			"RTM_lmp($/MWh)": 5.96045
		},
		"04:00:00": {
			"DAM_lmp($/MWh)": 68.72075,
			"RTM_lmp($/MWh)": 1.28435
		},
		"05:00:00": {
			"DAM_lmp($/MWh)": 51.49809,
			"RTM_lmp($/MWh)": 30.81135
		},
		"06:00:00": {
			"DAM_lmp($/MWh)": 70.43724,
			"RTM_lmp($/MWh)": 72.0
		},
		"07:00:00": {
			"DAM_lmp($/MWh)": 25.76954,
			"RTM_lmp($/MWh)": 18.0208
		},
		"08:00:00": {
			"DAM_lmp($/MWh)": 8.03337,
			"RTM_lmp($/MWh)": 12.8688
		},
		"09:00:00": {
			"DAM_lmp($/MWh)": 4.76829,
			"RTM_lmp($/MWh)": 12.94
		},
		"10:00:00": {
			"DAM_lmp($/MWh)": 3.86776,
			"RTM_lmp($/MWh)": 15.4
		},
		"11:00:00": {
			"DAM_lmp($/MWh)": 2.59988,
			"RTM_lmp($/MWh)": 4.63221
		},
		"12:00:00": {
			"DAM_lmp($/MWh)": 0.42866,
			"RTM_lmp($/MWh)": 14.77269
		},
		"13:00:00": {
			"DAM_lmp($/MWh)": -0.18742,
			"RTM_lmp($/MWh)": 15.03032
		},
		"14:00:00": {
			"DAM_lmp($/MWh)": 0.85335,
			"RTM_lmp($/MWh)": 9.9976
		},
		"15:00:00": {
			"DAM_lmp($/MWh)": 4.03696,
			"RTM_lmp($/MWh)": 4.9988
		},
		"16:00:00": {
			"DAM_lmp($/MWh)": 8.95968,
			"RTM_lmp($/MWh)": 4.95
		},
		"17:00:00": {
			"DAM_lmp($/MWh)": 23.66112,
			"RTM_lmp($/MWh)": 0.0
		},
		"18:00:00": {
			"DAM_lmp($/MWh)": 39.67165,
			"RTM_lmp($/MWh)": 12.45948
		},
		"19:00:00": {
			"DAM_lmp($/MWh)": 57.78951,
			"RTM_lmp($/MWh)": -11.21961
		},
		"20:00:00": {
			"DAM_lmp($/MWh)": 56.67814,
			"RTM_lmp($/MWh)": -10.0012
		},
		"21:00:00": {
			"DAM_lmp($/MWh)": 47.61382,
			"RTM_lmp($/MWh)": 39.97196
		},
		"22:00:00": {
			"DAM_lmp($/MWh)": 51.22044,
			"RTM_lmp($/MWh)": 30.31176
		},
		"23:00:00": {
			"DAM_lmp($/MWh)": 58.52564,
			"RTM_lmp($/MWh)": 31.91632
		}
	}
}