{
	"2023-05-22": {
		"00:00:00": {
			"DAM_lmp($/MWh)": 25.40153,
			"RTM_lmp($/MWh)": 26.25725
		},
		"01:00:00": {
			"DAM_lmp($/MWh)": 21.71008,
			"RTM_lmp($/MWh)": 22.62602
		},
		"02:00:00": {
			"DAM_lmp($/MWh)": 19.81091,
			"RTM_lmp($/MWh)": 18.74795
		},
		"03:00:00": {
			"DAM_lmp($/MWh)": 17.74761,
			"RTM_lmp($/MWh)": 6.35778
		},
		"04:00:00": {
			"DAM_lmp($/MWh)": 21.51587,
			"RTM_lmp($/MWh)": 1.46686
		},
		"05:00:00": {
			"DAM_lmp($/MWh)": 30.86259,
			"RTM_lmp($/MWh)": -32.3076
		},
		"06:00:00": {
			"DAM_lmp($/MWh)": 31.69582,
			"RTM_lmp($/MWh)": 72.0
		},
		"07:00:00": {
			"DAM_lmp($/MWh)": 25.58837,
			"RTM_lmp($/MWh)": 18.0208
		},
		"08:00:00": {
			"DAM_lmp($/MWh)": 16.52718,
			"RTM_lmp($/MWh)": 12.8688
		},
		"09:00:00": {
			"DAM_lmp($/MWh)": 14.12272,
			"RTM_lmp($/MWh)": 12.94
		},
		"10:00:00": {
			"DAM_lmp($/MWh)": 9.89817,
			"RTM_lmp($/MWh)": 15.4
		},
		"11:00:00": {
			"DAM_lmp($/MWh)": 7.9942,
			"RTM_lmp($/MWh)": 14.7764
		},
		"12:00:00": {
			"DAM_lmp($/MWh)": 6.08584,
			"RTM_lmp($/MWh)": 14.71726
		},
		"13:00:00": {
			"DAM_lmp($/MWh)": 5.91969,
			"RTM_lmp($/MWh)": 14.95027
		},
		"14:00:00": {
			"DAM_lmp($/MWh)": 7.04174,
			"RTM_lmp($/MWh)": 9.9976
		},
		"15:00:00": {
			"DAM_lmp($/MWh)": 10.027,
			"RTM_lmp($/MWh)": 4.9988
		},
		"16:00:00": {
			"DAM_lmp($/MWh)": 13.98771,
			"RTM_lmp($/MWh)": 4.95
		},
		"17:00:00": {
			"DAM_lmp($/MWh)": 24.70427,
			"RTM_lmp($/MWh)": 0.0
		},
		"18:00:00": {
			"DAM_lmp($/MWh)": 43.2698,
			"RTM_lmp($/MWh)": 13.51336
		},
		"19:00:00": {
			"DAM_lmp($/MWh)": 63.60659,
			"RTM_lmp($/MWh)": 26.38299
		},
		"20:00:00": {
			"DAM_lmp($/MWh)": 63.72084,
			"RTM_lmp($/MWh)": 40.0
		},
		"21:00:00": {
			"DAM_lmp($/MWh)": 48.99161,
			"RTM_lmp($/MWh)": 40.06847
		},
		"22:00:00": {
			"DAM_lmp($/MWh)": 38.08789,
			"RTM_lmp($/MWh)": 30.30221
		},
		"23:00:00": {
			"DAM_lmp($/MWh)": 28.16478,
			"RTM_lmp($/MWh)": 31.39479
		}
	},
	"2023-05-23": {
		"00:00:00": {
			"DAM_lmp($/MWh)": 25.40153,
			"RTM_lmp($/MWh)": 26.25725
		},
		"01:00:00": {
			"DAM_lmp($/MWh)": 21.71008,
			"RTM_lmp($/MWh)": 22.62602
		},
		"02:00:00": {
			"DAM_lmp($/MWh)": 19.81091,
			"RTM_lmp($/MWh)": 18.74795
		},
		"03:00:00": {
			"DAM_lmp($/MWh)": 17.74761,
			"RTM_lmp($/MWh)": 6.35778
		},
		"04:00:00": {
			"DAM_lmp($/MWh)": 21.51587,
			"RTM_lmp($/MWh)": 1.46686
		},
		"05:00:00": {
			"DAM_lmp($/MWh)": 30.86259,
			"RTM_lmp($/MWh)": -32.3076
		},
		"06:00:00": {
			"DAM_lmp($/MWh)": 31.69582,
			"RTM_lmp($/MWh)": 72.0
		},
		"07:00:00": {
			"DAM_lmp($/MWh)": 25.58837,
			"RTM_lmp($/MWh)": 18.0208
		},
		"08:00:00": {
			"DAM_lmp($/MWh)": 16.52718,
			"RTM_lmp($/MWh)": 12.8688
		},
		"09:00:00": {
			"DAM_lmp($/MWh)": 14.12272,
			"RTM_lmp($/MWh)": 12.94
		},
		"10:00:00": {
			"DAM_lmp($/MWh)": 9.89817,
			"RTM_lmp($/MWh)": 15.4
		},
		"11:00:00": {
			"DAM_lmp($/MWh)": 7.9942,
			"RTM_lmp($/MWh)": 14.7764
		},
		"12:00:00": {
			"DAM_lmp($/MWh)": 6.08584,
			"RTM_lmp($/MWh)": 14.71726
		},
		"13:00:00": {
			"DAM_lmp($/MWh)": 5.91969,
			"RTM_lmp($/MWh)": 14.95027
		},
		"14:00:00": {
			"DAM_lmp($/MWh)": 7.04174,
			"RTM_lmp($/MWh)": 9.9976
		},
		"15:00:00": {
			"DAM_lmp($/MWh)": 10.027,
			"RTM_lmp($/MWh)": 4.9988
		},
		"16:00:00": {
			"DAM_lmp($/MWh)": 13.98771,
			"RTM_lmp($/MWh)": 4.95
		},
		"17:00:00": {
			"DAM_lmp($/MWh)": 24.70427,
			"RTM_lmp($/MWh)": 0.0
		},
		"18:00:00": {
			"DAM_lmp($/MWh)": 43.2698,
			"RTM_lmp($/MWh)": 13.51336
		},
		"19:00:00": {
			"DAM_lmp($/MWh)": 63.60659,
			"RTM_lmp($/MWh)": 26.38299
		},
		"20:00:00": {
			"DAM_lmp($/MWh)": 63.72084,
			"RTM_lmp($/MWh)": 40.0
		},
		"21:00:00": {
			"DAM_lmp($/MWh)": 48.99161,
			"RTM_lmp($/MWh)": 40.06847
		},
		"22:00:00": {
			"DAM_lmp($/MWh)": 38.08789,
			"RTM_lmp($/MWh)": 30.30221
		},
		"23:00:00": {
			"DAM_lmp($/MWh)": 28.16478,
			"RTM_lmp($/MWh)": 31.39479
		}
	}
}