{
	"2023-05-22": {
		"00:00:00": {
			"DAM_lmp($/MWh)": 22.84615,
			"RTM_lmp($/MWh)": 26.46499
		},
		"01:00:00": {
			"DAM_lmp($/MWh)": 17.66935,
			"RTM_lmp($/MWh)": 23.18234
		},
		"02:00:00": {
			"DAM_lmp($/MWh)": 15.24553,
			"RTM_lmp($/MWh)": 19.04967
		},
		"03:00:00": {
			"DAM_lmp($/MWh)": 13.31001,
			"RTM_lmp($/MWh)": 6.73237
		},
		"04:00:00": {
			"DAM_lmp($/MWh)": 19.54999,
			"RTM_lmp($/MWh)": 1.73701
		},
		"05:00:00": {
			"DAM_lmp($/MWh)": 32.05947,
			"RTM_lmp($/MWh)": 17.61375
		},
		"06:00:00": {
			"DAM_lmp($/MWh)": 33.66007,
			"RTM_lmp($/MWh)": 72.0
		},
		"07:00:00": {
			"DAM_lmp($/MWh)": 26.1681,
			"RTM_lmp($/MWh)": 18.0208
		},
		"08:00:00": {
			"DAM_lmp($/MWh)": 16.5898,
			"RTM_lmp($/MWh)": 12.8688
		},
		"09:00:00": {
			"DAM_lmp($/MWh)": 13.84696,
			"RTM_lmp($/MWh)": 12.94
		},
		"10:00:00": {
			"DAM_lmp($/MWh)": 9.44276,
			"RTM_lmp($/MWh)": 15.4
		},
		"11:00:00": {
			"DAM_lmp($/MWh)": 7.30232,
			"RTM_lmp($/MWh)": 14.7764
		},
		"12:00:00": {
			"DAM_lmp($/MWh)": 5.69099,
			"RTM_lmp($/MWh)": 14.48937
		},
		"13:00:00": {
			"DAM_lmp($/MWh)": 5.53084,
			"RTM_lmp($/MWh)": 14.74152
		},
		"14:00:00": {
			"DAM_lmp($/MWh)": 6.58016,
			"RTM_lmp($/MWh)": 9.9976
		},
		"15:00:00": {
			"DAM_lmp($/MWh)": 9.81339,
			"RTM_lmp($/MWh)": 4.9988
		},
		"16:00:00": {
			"DAM_lmp($/MWh)": 14.14701,
			"RTM_lmp($/MWh)": 4.95
		},
		"17:00:00": {
			"DAM_lmp($/MWh)": 26.84781,
			"RTM_lmp($/MWh)": 0.0
		},
		"18:00:00": {
			"DAM_lmp($/MWh)": 48.57196,
			"RTM_lmp($/MWh)": 13.63903
		},
		"19:00:00": {
			"DAM_lmp($/MWh)": 73.2371,
			"RTM_lmp($/MWh)": 27.34567
		},
		"20:00:00": {
			"DAM_lmp($/MWh)": 69.73799,
			"RTM_lmp($/MWh)": 40.0
		},
		"21:00:00": {
			"DAM_lmp($/MWh)": 48.48007,
			"RTM_lmp($/MWh)": 41.26855
		},
		"22:00:00": {
			"DAM_lmp($/MWh)": 38.39282,
			"RTM_lmp($/MWh)": 29.54776
		},
		"23:00:00": {
			"DAM_lmp($/MWh)": 28.187,
			"RTM_lmp($/MWh)": 31.99272
		}
	},
	"2023-05-23": {
		"00:00:00": {
			"DAM_lmp($/MWh)": 22.84615,
			"RTM_lmp($/MWh)": 26.46499
		},
		"01:00:00": {
			"DAM_lmp($/MWh)": 17.66935,
			"RTM_lmp($/MWh)": 23.18234
		},
		"02:00:00": {
			"DAM_lmp($/MWh)": 15.24553,
			"RTM_lmp($/MWh)": 19.04967
		},
		"03:00:00": {
			"DAM_lmp($/MWh)": 13.31001,
			"RTM_lmp($/MWh)": 6.73237
		},
		"04:00:00": {
			"DAM_lmp($/MWh)": 19.54999,
			"RTM_lmp($/MWh)": 1.73701
		},
		"05:00:00": {
			"DAM_lmp($/MWh)": 32.05947,
			"RTM_lmp($/MWh)": 17.61375
		},
		"06:00:00": {
			"DAM_lmp($/MWh)": 33.66007,
			"RTM_lmp($/MWh)": 72.0
		},
		"07:00:00": {
			"DAM_lmp($/MWh)": 26.1681,
			"RTM_lmp($/MWh)": 18.0208
		},
		"08:00:00": {
			"DAM_lmp($/MWh)": 16.5898,
			"RTM_lmp($/MWh)": 12.8688
		},
		"09:00:00": {
			"DAM_lmp($/MWh)": 13.84696,
			"RTM_lmp($/MWh)": 12.94
		},
		"10:00:00": {
			"DAM_lmp($/MWh)": 9.44276,
			"RTM_lmp($/MWh)": 15.4
		},
		"11:00:00": {
			"DAM_lmp($/MWh)": 7.30232,
			"RTM_lmp($/MWh)": 14.7764
		},
		"12:00:00": {
			"DAM_lmp($/MWh)": 5.69099,
			"RTM_lmp($/MWh)": 14.48937
		},
		"13:00:00": {
			"DAM_lmp($/MWh)": 5.53084,
			"RTM_lmp($/MWh)": 14.74152
		},
		"14:00:00": {
			"DAM_lmp($/MWh)": 6.58016,
			"RTM_lmp($/MWh)": 9.9976
		},
		"15:00:00": {
			"DAM_lmp($/MWh)": 9.81339,
			"RTM_lmp($/MWh)": 4.9988
		},
		"16:00:00": {
			"DAM_lmp($/MWh)": 14.14701,
			"RTM_lmp($/MWh)": 4.95
		},
		"17:00:00": {
			"DAM_lmp($/MWh)": 26.84781,
			"RTM_lmp($/MWh)": 0.0
		},
		"18:00:00": {
			"DAM_lmp($/MWh)": 48.57196,
			"RTM_lmp($/MWh)": 13.63903
		},
		"19:00:00": {
			"DAM_lmp($/MWh)": 73.2371,
			"RTM_lmp($/MWh)": 27.34567
		},
		"20:00:00": {
			"DAM_lmp($/MWh)": 69.73799,
			"RTM_lmp($/MWh)": 40.0
		},
		"21:00:00": {
			"DAM_lmp($/MWh)": 48.48007,
			"RTM_lmp($/MWh)": 41.26855
		},
		"22:00:00": {
			"DAM_lmp($/MWh)": 38.39282,
			"RTM_lmp($/MWh)": 29.54776
		},
		"23:00:00": {
			"DAM_lmp($/MWh)": 28.187,
			"RTM_lmp($/MWh)": 31.99272
		}
	}
}