{
	"2023-05-22": {
		"00:00:00": {
			"DAM_lmp($/MWh)": 30.83174,
			"RTM_lmp($/MWh)": 29.13425
		},
		"01:00:00": {
			"DAM_lmp($/MWh)": 26.98544,
			"RTM_lmp($/MWh)": 25.69194
		},
		"02:00:00": {
			"DAM_lmp($/MWh)": 25.64285,
			"RTM_lmp($/MWh)": 21.3711
		},
		"03:00:00": {
			"DAM_lmp($/MWh)": 23.75915,
			"RTM_lmp($/MWh)": 23.33054
		},
		"04:00:00": {
			"DAM_lmp($/MWh)": 27.57831,
			"RTM_lmp($/MWh)": 20.58731
		},
		"05:00:00": {
			"DAM_lmp($/MWh)": 35.78655,
			"RTM_lmp($/MWh)": 30.81135
		},
		"06:00:00": {
			"DAM_lmp($/MWh)": 37.48259,
			"RTM_lmp($/MWh)": 72.0
		},
		"07:00:00": {
			"DAM_lmp($/MWh)": 26.61067,
			"RTM_lmp($/MWh)": 18.0208
		},
		"08:00:00": {
			"DAM_lmp($/MWh)": 19.83234,
			"RTM_lmp($/MWh)": 12.8688
		},
		"09:00:00": {
			"DAM_lmp($/MWh)": 14.93556,
			"RTM_lmp($/MWh)": 12.94
		},
		"10:00:00": {
			"DAM_lmp($/MWh)": 9.91853,
			"RTM_lmp($/MWh)": 15.4
		},
		"11:00:00": {
			"DAM_lmp($/MWh)": 10.37644,
			"RTM_lmp($/MWh)": 14.7764
		},
		"12:00:00": {
			"DAM_lmp($/MWh)": 5.27613,
			"RTM_lmp($/MWh)": 15.849
		},
		"13:00:00": {
			"DAM_lmp($/MWh)": 4.63151,
			"RTM_lmp($/MWh)": 16.28128
		},
		"14:00:00": {
			"DAM_lmp($/MWh)": 4.79048,
			"RTM_lmp($/MWh)": 9.9976
		},
		"15:00:00": {
			"DAM_lmp($/MWh)": 7.75741,
			"RTM_lmp($/MWh)": 4.9988
		},
		"16:00:00": {
			"DAM_lmp($/MWh)": 12.09393,
			"RTM_lmp($/MWh)": 4.95
		},
		"17:00:00": {
			"DAM_lmp($/MWh)": 25.2694,
			"RTM_lmp($/MWh)": 0.0
		},
		"18:00:00": {
			"DAM_lmp($/MWh)": 44.07182,
			"RTM_lmp($/MWh)": 14.76145
		},
		"19:00:00": {
			"DAM_lmp($/MWh)": 64.58903,
			"RTM_lmp($/MWh)": 27.64548
		},
		"20:00:00": {
			"DAM_lmp($/MWh)": 64.14158,
			"RTM_lmp($/MWh)": 40.0
		},
		"21:00:00": {
			"DAM_lmp($/MWh)": 50.11482,
			"RTM_lmp($/MWh)": 41.71334
		},
		"22:00:00": {
			"DAM_lmp($/MWh)": 40.77846,
			"RTM_lmp($/MWh)": 31.84613
		},
		"23:00:00": {
			"DAM_lmp($/MWh)": 32.64976,
			"RTM_lmp($/MWh)": 33.71344
		}
	},
	"2023-05-23": {
		"00:00:00": {
			"DAM_lmp($/MWh)": 30.83174,
			"RTM_lmp($/MWh)": 29.13425
		},
		"01:00:00": {
			"DAM_lmp($/MWh)": 26.98544,
			"RTM_lmp($/MWh)": 25.69194
		},
		"02:00:00": {
			"DAM_lmp($/MWh)": 25.64285,
			"RTM_lmp($/MWh)": 21.3711
		},
		"03:00:00": {
			"DAM_lmp($/MWh)": 23.75915,
			"RTM_lmp($/MWh)": 23.33054
		},
		"04:00:00": {
			"DAM_lmp($/MWh)": 27.57831,
			"RTM_lmp($/MWh)": 20.58731
		},
		"05:00:00": {
			"DAM_lmp($/MWh)": 35.78655,
			"RTM_lmp($/MWh)": 30.81135
		},
		"06:00:00": {
			"DAM_lmp($/MWh)": 37.48259,
			"RTM_lmp($/MWh)": 72.0
		},
		"07:00:00": {
			"DAM_lmp($/MWh)": 26.61067,
			"RTM_lmp($/MWh)": 18.0208
		},
		"08:00:00": {
			"DAM_lmp($/MWh)": 19.83234,
			"RTM_lmp($/MWh)": 12.8688
		},
		"09:00:00": {
			"DAM_lmp($/MWh)": 14.93556,
			"RTM_lmp($/MWh)": 12.94
		},
		"10:00:00": {
			"DAM_lmp($/MWh)": 9.91853,
			"RTM_lmp($/MWh)": 15.4
		},
		"11:00:00": {
			"DAM_lmp($/MWh)": 10.37644,
			"RTM_lmp($/MWh)": 14.7764
		},
		"12:00:00": {
			"DAM_lmp($/MWh)": 5.27613,
			"RTM_lmp($/MWh)": 15.849
		},
		"13:00:00": {
			"DAM_lmp($/MWh)": 4.63151,
			"RTM_lmp($/MWh)": 16.28128
		},
		"14:00:00": {
			"DAM_lmp($/MWh)": 4.79048,
			"RTM_lmp($/MWh)": 9.9976
		},
		"15:00:00": {
			"DAM_lmp($/MWh)": 7.75741,
			"RTM_lmp($/MWh)": 4.9988
		},
		"16:00:00": {
			"DAM_lmp($/MWh)": 12.09393,
			"RTM_lmp($/MWh)": 4.95
		},
		"17:00:00": {
			"DAM_lmp($/MWh)": 25.2694,
			"RTM_lmp($/MWh)": 0.0
		},
		"18:00:00": {
			"DAM_lmp($/MWh)": 44.07182,
			"RTM_lmp($/MWh)": 14.76145
		},
		"19:00:00": {
			"DAM_lmp($/MWh)": 64.58903,
			"RTM_lmp($/MWh)": 27.64548
		},
		"20:00:00": {
			"DAM_lmp($/MWh)": 64.14158,
			"RTM_lmp($/MWh)": 40.0
		},
		"21:00:00": {
			"DAM_lmp($/MWh)": 50.11482,
			"RTM_lmp($/MWh)": 41.71334
		},
		"22:00:00": {
			"DAM_lmp($/MWh)": 40.77846,
			"RTM_lmp($/MWh)": 31.84613
		},
		"23:00:00": {
			"DAM_lmp($/MWh)": 32.64976,
			"RTM_lmp($/MWh)": 33.71344
		}
	}
}