{
	"2023-05-22": {
		"00:00:00": {
			"DAM_lmp($/MWh)": 31.72749,
			"RTM_lmp($/MWh)": 28.32892
		},
		"01:00:00": {
			"DAM_lmp($/MWh)": 28.58206,
			"RTM_lmp($/MWh)": 24.4186
		},
		"02:00:00": {
			"DAM_lmp($/MWh)": 28.08831,
			"RTM_lmp($/MWh)": 20.26273
		},
		"03:00:00": {
			"DAM_lmp($/MWh)": 26.72484,
			"RTM_lmp($/MWh)": 6.37112
		},
		"04:00:00": {
			"DAM_lmp($/MWh)": 29.50158,
			"RTM_lmp($/MWh)": 1.64227
		},
		"05:00:00": {
			"DAM_lmp($/MWh)": 35.00714,
			"RTM_lmp($/MWh)": 30.81135
		},
		"06:00:00": {
			"DAM_lmp($/MWh)": 37.93535,
			"RTM_lmp($/MWh)": 72.0
		},
		"07:00:00": {
			"DAM_lmp($/MWh)": 24.77054,
			"RTM_lmp($/MWh)": 18.0208
		},
		"08:00:00": {
			"DAM_lmp($/MWh)": 7.56862,
			"RTM_lmp($/MWh)": 12.8688
		},
		"09:00:00": {
			"DAM_lmp($/MWh)": 4.49947,
			"RTM_lmp($/MWh)": 12.94
		},
		"10:00:00": {
			"DAM_lmp($/MWh)": 3.75541,
			"RTM_lmp($/MWh)": 15.4
		},
		"11:00:00": {
			"DAM_lmp($/MWh)": 2.56947,
			"RTM_lmp($/MWh)": -1.39947
		},
		"12:00:00": {
			"DAM_lmp($/MWh)": 0.45283,
			"RTM_lmp($/MWh)": 13.86114
		},
		"13:00:00": {
			"DAM_lmp($/MWh)": -0.14074,
			"RTM_lmp($/MWh)": 14.04149
		},
		"14:00:00": {
			"DAM_lmp($/MWh)": 0.8559,
			"RTM_lmp($/MWh)": 9.9976
		},
		"15:00:00": {
			"DAM_lmp($/MWh)": 3.85829,
			"RTM_lmp($/MWh)": 4.9988
		},
		"16:00:00": {
			"DAM_lmp($/MWh)": 8.36235,
			"RTM_lmp($/MWh)": 4.95
		},
		"17:00:00": {
			"DAM_lmp($/MWh)": 23.50926,
			"RTM_lmp($/MWh)": 0.0
		},
		"18:00:00": {
			"DAM_lmp($/MWh)": 41.87612,
			"RTM_lmp($/MWh)": 13.27917
		},
		"19:00:00": {
			"DAM_lmp($/MWh)": 61.97781,
			"RTM_lmp($/MWh)": 26.63053
		},
		"20:00:00": {
			"DAM_lmp($/MWh)": 62.2644,
			"RTM_lmp($/MWh)": 40.0
		},
		"21:00:00": {
			"DAM_lmp($/MWh)": 48.16294,
			"RTM_lmp($/MWh)": 41.55388
		},
		"22:00:00": {
			"DAM_lmp($/MWh)": 40.2638,
			"RTM_lmp($/MWh)": 31.72198
		},
		"23:00:00": {
			"DAM_lmp($/MWh)": 34.42214,
			"RTM_lmp($/MWh)": 32.77003
		}
	},
	"2023-05-23": {
		"00:00:00": {
			"DAM_lmp($/MWh)": 31.72749,
			"RTM_lmp($/MWh)": 28.32892
		},
		"01:00:00": {
			"DAM_lmp($/MWh)": 28.58206,
			"RTM_lmp($/MWh)": 24.4186
		},
		"02:00:00": {
			"DAM_lmp($/MWh)": 28.08831,
			"RTM_lmp($/MWh)": 20.26273
		},
		"03:00:00": {
			"DAM_lmp($/MWh)": 26.72484,
			"RTM_lmp($/MWh)": 6.37112
		},
		"04:00:00": {
			"DAM_lmp($/MWh)": 29.50158,
			"RTM_lmp($/MWh)": 1.64227
		},
		"05:00:00": {
			"DAM_lmp($/MWh)": 35.00714,
			"RTM_lmp($/MWh)": 30.81135
		},
		"06:00:00": {
			"DAM_lmp($/MWh)": 37.93535,
			"RTM_lmp($/MWh)": 72.0
		},
		"07:00:00": {
			"DAM_lmp($/MWh)": 24.77054,
			"RTM_lmp($/MWh)": 18.0208
		},
		"08:00:00": {
			"DAM_lmp($/MWh)": 7.56862,
			"RTM_lmp($/MWh)": 12.8688
		},
		"09:00:00": {
			"DAM_lmp($/MWh)": 4.49947,
			"RTM_lmp($/MWh)": 12.94
		},
		"10:00:00": {
			"DAM_lmp($/MWh)": 3.75541,
			"RTM_lmp($/MWh)": 15.4
		},
		"11:00:00": {
			"DAM_lmp($/MWh)": 2.56947,
			"RTM_lmp($/MWh)": -1.39947
		},
		"12:00:00": {
			"DAM_lmp($/MWh)": 0.45283,
			"RTM_lmp($/MWh)": 13.86114
		},
		"13:00:00": {
			"DAM_lmp($/MWh)": -0.14074,
			"RTM_lmp($/MWh)": 14.04149
		},
		"14:00:00": {
			"DAM_lmp($/MWh)": 0.8559,
			"RTM_lmp($/MWh)": 9.9976
		},
		"15:00:00": {
			"DAM_lmp($/MWh)": 3.85829,
			"RTM_lmp($/MWh)": 4.9988
		},
		"16:00:00": {
			"DAM_lmp($/MWh)": 8.36235,
			"RTM_lmp($/MWh)": 4.95
		},
		"17:00:00": {
			"DAM_lmp($/MWh)": 23.50926,
			"RTM_lmp($/MWh)": 0.0
		},
		"18:00:00": {
			"DAM_lmp($/MWh)": 41.87612,
			"RTM_lmp($/MWh)": 13.27917
		},
		"19:00:00": {
			"DAM_lmp($/MWh)": 61.97781,
			"RTM_lmp($/MWh)": 26.63053
		},
		"20:00:00": {
			"DAM_lmp($/MWh)": 62.2644,
			"RTM_lmp($/MWh)": 40.0
		},
		"21:00:00": {
			"DAM_lmp($/MWh)": 48.16294,
			"RTM_lmp($/MWh)": 41.55388
		},
		"22:00:00": {
			"DAM_lmp($/MWh)": 40.2638,
			"RTM_lmp($/MWh)": 31.72198
		},
		"23:00:00": {
			"DAM_lmp($/MWh)": 34.42214,
			"RTM_lmp($/MWh)": 32.77003
		}
	}
}