{
	"2023-05-22": {
		"00:00:00": {
			"DAM_lmp($/MWh)": 20.9078,
			"RTM_lmp($/MWh)": 25.00799
		},
		"01:00:00": {
			"DAM_lmp($/MWh)": 17.09072,
			"RTM_lmp($/MWh)": 21.54306
		},
		"02:00:00": {
			"DAM_lmp($/MWh)": 14.47022,
			"RTM_lmp($/MWh)": 17.8592
		},
		"03:00:00": {
			"DAM_lmp($/MWh)": 12.13779,
			"RTM_lmp($/MWh)": 6.08487
		},
		"04:00:00": {
			"DAM_lmp($/MWh)": 16.25538,
			"RTM_lmp($/MWh)": 1.52569
		},
		"05:00:00": {
			"DAM_lmp($/MWh)": 27.37051,
			"RTM_lmp($/MWh)": 30.81135
		},
		"06:00:00": {
			"DAM_lmp($/MWh)": 26.55826,
			"RTM_lmp($/MWh)": 72.0
		},
		"07:00:00": {
			"DAM_lmp($/MWh)": 24.19857,
			"RTM_lmp($/MWh)": 18.0208
		},
		"08:00:00": {
			"DAM_lmp($/MWh)": 12.19172,
			"RTM_lmp($/MWh)": 12.8688
		},
		"09:00:00": {
			"DAM_lmp($/MWh)": 9.85787,
			"RTM_lmp($/MWh)": 12.94
		},
		"10:00:00": {
			"DAM_lmp($/MWh)": 7.05473,
			"RTM_lmp($/MWh)": 15.4
		},
		"11:00:00": {
			"DAM_lmp($/MWh)": 5.28565,
			"RTM_lmp($/MWh)": 14.7764
		},
		"12:00:00": {
			"DAM_lmp($/MWh)": 3.77509,
			"RTM_lmp($/MWh)": 13.96584
		},
		"13:00:00": {
			"DAM_lmp($/MWh)": 3.50031,
			"RTM_lmp($/MWh)": 14.20001
		},
		"14:00:00": {
			"DAM_lmp($/MWh)": 4.51446,
			"RTM_lmp($/MWh)": 9.9976
		},
		"15:00:00": {
			"DAM_lmp($/MWh)": 7.31543,
			"RTM_lmp($/MWh)": 4.9988
		},
		"16:00:00": {
			"DAM_lmp($/MWh)": 11.37782,
			"RTM_lmp($/MWh)": 4.95
		},
		"17:00:00": {
			"DAM_lmp($/MWh)": 23.29017,
			"RTM_lmp($/MWh)": 0.0
		},
		"18:00:00": {
			"DAM_lmp($/MWh)": 42.32184,
			"RTM_lmp($/MWh)": 12.74794
		},
		"19:00:00": {
			"DAM_lmp($/MWh)": 62.3449,
			"RTM_lmp($/MWh)": 24.86195
		},
		"20:00:00": {
			"DAM_lmp($/MWh)": 62.21272,
			"RTM_lmp($/MWh)": 40.0
		},
		"21:00:00": {
			"DAM_lmp($/MWh)": 47.11954,
			"RTM_lmp($/MWh)": 37.49207
		},
		"22:00:00": {
			"DAM_lmp($/MWh)": 35.37197,
			"RTM_lmp($/MWh)": 28.5068
		},
		"23:00:00": {
			"DAM_lmp($/MWh)": 24.34707,
			"RTM_lmp($/MWh)": 29.57109
		}
	},
	"2023-05-23": {
		"00:00:00": {
			"DAM_lmp($/MWh)": 20.9078,
			"RTM_lmp($/MWh)": 25.00799
		},
		"01:00:00": {
			"DAM_lmp($/MWh)": 17.09072,
			"RTM_lmp($/MWh)": 21.54306
		},
		"02:00:00": {
			"DAM_lmp($/MWh)": 14.47022,
			"RTM_lmp($/MWh)": 17.8592
		},
		"03:00:00": {
			"DAM_lmp($/MWh)": 12.13779,
			"RTM_lmp($/MWh)": 6.08487
		},
		"04:00:00": {
			"DAM_lmp($/MWh)": 16.25538,
			"RTM_lmp($/MWh)": 1.52569
		},
		"05:00:00": {
			"DAM_lmp($/MWh)": 27.37051,
			"RTM_lmp($/MWh)": 30.81135
		},
		"06:00:00": {
			"DAM_lmp($/MWh)": 26.55826,
			"RTM_lmp($/MWh)": 72.0
		},
		"07:00:00": {
			"DAM_lmp($/MWh)": 24.19857,
			"RTM_lmp($/MWh)": 18.0208
		},
		"08:00:00": {
			"DAM_lmp($/MWh)": 12.19172,
			"RTM_lmp($/MWh)": 12.8688
		},
		"09:00:00": {
			"DAM_lmp($/MWh)": 9.85787,
			"RTM_lmp($/MWh)": 12.94
		},
		"10:00:00": {
			"DAM_lmp($/MWh)": 7.05473,
			"RTM_lmp($/MWh)": 15.4
		},
		"11:00:00": {
			"DAM_lmp($/MWh)": 5.28565,
			"RTM_lmp($/MWh)": 14.7764
		},
		"12:00:00": {
			"DAM_lmp($/MWh)": 3.77509,
			"RTM_lmp($/MWh)": 13.96584
		},
		"13:00:00": {
			"DAM_lmp($/MWh)": 3.50031,
			"RTM_lmp($/MWh)": 14.20001
		},
		"14:00:00": {
			"DAM_lmp($/MWh)": 4.51446,
			"RTM_lmp($/MWh)": 9.9976
		},
		"15:00:00": {
			"DAM_lmp($/MWh)": 7.31543,
			"RTM_lmp($/MWh)": 4.9988
		},
		"16:00:00": {
			"DAM_lmp($/MWh)": 11.37782,
			"RTM_lmp($/MWh)": 4.95
		},
		"17:00:00": {
			"DAM_lmp($/MWh)": 23.29017,
			"RTM_lmp($/MWh)": 0.0
		},
		"18:00:00": {
			"DAM_lmp($/MWh)": 42.32184,
			"RTM_lmp($/MWh)": 12.74794
		},
		"19:00:00": {
			"DAM_lmp($/MWh)": 62.3449,
			"RTM_lmp($/MWh)": 24.86195
		},
		"20:00:00": {
			"DAM_lmp($/MWh)": 62.21272,
			"RTM_lmp($/MWh)": 40.0
		},
		"21:00:00": {
			"DAM_lmp($/MWh)": 47.11954,
			"RTM_lmp($/MWh)": 37.49207
		},
		"22:00:00": {
			"DAM_lmp($/MWh)": 35.37197,
			"RTM_lmp($/MWh)": 28.5068
		},
		"23:00:00": {
			"DAM_lmp($/MWh)": 24.34707,
			"RTM_lmp($/MWh)": 29.57109
		}
	}
}