{
	"2023-05-22": {
		"00:00:00": {
			"DAM_lmp($/MWh)": 22.27453,
			"RTM_lmp($/MWh)": 25.86455
		},
		"01:00:00": {
			"DAM_lmp($/MWh)": 18.29668,
			"RTM_lmp($/MWh)": 22.2947
		},
		"02:00:00": {
			"DAM_lmp($/MWh)": 15.72406,
			"RTM_lmp($/MWh)": 18.45238
		},
		"03:00:00": {
			"DAM_lmp($/MWh)": 13.39792,
			"RTM_lmp($/MWh)": 6.63956
		},
		"04:00:00": {
			"DAM_lmp($/MWh)": 17.50758,
			"RTM_lmp($/MWh)": 2.02246
		},
		"05:00:00": {
			"DAM_lmp($/MWh)": 28.54383,
			"RTM_lmp($/MWh)": 30.81135
		},
		"06:00:00": {
			"DAM_lmp($/MWh)": 28.09552,
			"RTM_lmp($/MWh)": 72.0
		},
		"07:00:00": {
			"DAM_lmp($/MWh)": 24.77313,
			"RTM_lmp($/MWh)": 18.0208
		},
		"08:00:00": {
			"DAM_lmp($/MWh)": 12.44475,
			"RTM_lmp($/MWh)": 12.8688
		},
		"09:00:00": {
			"DAM_lmp($/MWh)": 10.03214,
			"RTM_lmp($/MWh)": 12.94
		},
		"10:00:00": {
			"DAM_lmp($/MWh)": 7.18009,
			"RTM_lmp($/MWh)": 15.4
		},
		"11:00:00": {
			"DAM_lmp($/MWh)": 5.39077,
			"RTM_lmp($/MWh)": 14.7764
		},
		"12:00:00": {
			"DAM_lmp($/MWh)": 3.84431,
			"RTM_lmp($/MWh)": 14.27072
		},
		"13:00:00": {
			"DAM_lmp($/MWh)": 3.52454,
			"RTM_lmp($/MWh)": 14.53119
		},
		"14:00:00": {
			"DAM_lmp($/MWh)": 4.58917,
			"RTM_lmp($/MWh)": 9.9976
		},
		"15:00:00": {
			"DAM_lmp($/MWh)": 7.43807,
			"RTM_lmp($/MWh)": 4.9988
		},
		"16:00:00": {
			"DAM_lmp($/MWh)": 11.582,
			"RTM_lmp($/MWh)": 4.95
		},
		"17:00:00": {
			"DAM_lmp($/MWh)": 23.75324,
			"RTM_lmp($/MWh)": 0.0
		},
		"18:00:00": {
			"DAM_lmp($/MWh)": 43.25736,
			"RTM_lmp($/MWh)": 13.09495
		},
		"19:00:00": {
			"DAM_lmp($/MWh)": 63.9998,
			"RTM_lmp($/MWh)": 25.83288
		},
		"20:00:00": {
			"DAM_lmp($/MWh)": 63.93244,
			"RTM_lmp($/MWh)": 40.0
		},
		"21:00:00": {
			"DAM_lmp($/MWh)": 48.47503,
			"RTM_lmp($/MWh)": 39.09917
		},
		"22:00:00": {
			"DAM_lmp($/MWh)": 36.62221,
			"RTM_lmp($/MWh)": 29.59551
		},
		"23:00:00": {
			"DAM_lmp($/MWh)": 25.58653,
			"RTM_lmp($/MWh)": 30.61748
		}
	},
	"2023-05-23": {
		"00:00:00": {
			"DAM_lmp($/MWh)": 22.27453,
			"RTM_lmp($/MWh)": 25.86455
		},
		"01:00:00": {
			"DAM_lmp($/MWh)": 18.29668,
			"RTM_lmp($/MWh)": 22.2947
		},
		"02:00:00": {
			"DAM_lmp($/MWh)": 15.72406,
			"RTM_lmp($/MWh)": 18.45238
		},
		"03:00:00": {
			"DAM_lmp($/MWh)": 13.39792,
			"RTM_lmp($/MWh)": 6.63956
		},
		"04:00:00": {
			"DAM_lmp($/MWh)": 17.50758,
			"RTM_lmp($/MWh)": 2.02246
		},
		"05:00:00": {
			"DAM_lmp($/MWh)": 28.54383,
			"RTM_lmp($/MWh)": 30.81135
		},
		"06:00:00": {
			"DAM_lmp($/MWh)": 28.09552,
			"RTM_lmp($/MWh)": 72.0
		},
		"07:00:00": {
			"DAM_lmp($/MWh)": 24.77313,
			"RTM_lmp($/MWh)": 18.0208
		},
		"08:00:00": {
			"DAM_lmp($/MWh)": 12.44475,
			"RTM_lmp($/MWh)": 12.8688
		},
		"09:00:00": {
			"DAM_lmp($/MWh)": 10.03214,
			"RTM_lmp($/MWh)": 12.94
		},
		"10:00:00": {
			"DAM_lmp($/MWh)": 7.18009,
			"RTM_lmp($/MWh)": 15.4
		},
		"11:00:00": {
			"DAM_lmp($/MWh)": 5.39077,
			"RTM_lmp($/MWh)": 14.7764
		},
		"12:00:00": {
			"DAM_lmp($/MWh)": 3.84431,
			"RTM_lmp($/MWh)": 14.27072
		},
		"13:00:00": {
			"DAM_lmp($/MWh)": 3.52454,
			"RTM_lmp($/MWh)": 14.53119
		},
		"14:00:00": {
			"DAM_lmp($/MWh)": 4.58917,
			"RTM_lmp($/MWh)": 9.9976
		},
		"15:00:00": {
			"DAM_lmp($/MWh)": 7.43807,
			"RTM_lmp($/MWh)": 4.9988
		},
		"16:00:00": {
			"DAM_lmp($/MWh)": 11.582,
			"RTM_lmp($/MWh)": 4.95
		},
		"17:00:00": {
			"DAM_lmp($/MWh)": 23.75324,
			"RTM_lmp($/MWh)": 0.0
		},
		"18:00:00": {
			"DAM_lmp($/MWh)": 43.25736,
			"RTM_lmp($/MWh)": 13.09495
		},
		"19:00:00": {
			"DAM_lmp($/MWh)": 63.9998,
			"RTM_lmp($/MWh)": 25.83288
		},
		"20:00:00": {
			"DAM_lmp($/MWh)": 63.93244,
			"RTM_lmp($/MWh)": 40.0
		},
		"21:00:00": {
			"DAM_lmp($/MWh)": 48.47503,
			"RTM_lmp($/MWh)": 39.09917
		},
		"22:00:00": {
			"DAM_lmp($/MWh)": 36.62221,
			"RTM_lmp($/MWh)": 29.59551
		},
		"23:00:00": {
			"DAM_lmp($/MWh)": 25.58653,
			"RTM_lmp($/MWh)": 30.61748
		}
	}
}