{
	"2023-05-22": {
		"00:00:00": {
			"DAM_lmp($/MWh)": 28.66303,
			"RTM_lmp($/MWh)": 28.05858
		},
		"01:00:00": {
			"DAM_lmp($/MWh)": 25.23727,
			"RTM_lmp($/MWh)": 24.44579
		},
		"02:00:00": {
			"DAM_lmp($/MWh)": 23.91497,
			"RTM_lmp($/MWh)": 20.27915
		},
		"03:00:00": {
			"DAM_lmp($/MWh)": 22.11322,
			"RTM_lmp($/MWh)": 14.23034
		},
		"04:00:00": {
			"DAM_lmp($/MWh)": 25.59789,
			"RTM_lmp($/MWh)": 10.52626
		},
		"05:00:00": {
			"DAM_lmp($/MWh)": 33.30018,
			"RTM_lmp($/MWh)": 30.81135
		},
		"06:00:00": {
			"DAM_lmp($/MWh)": 34.54702,
			"RTM_lmp($/MWh)": 72.0
		},
		"07:00:00": {
			"DAM_lmp($/MWh)": 24.54279,
			"RTM_lmp($/MWh)": 18.0208
		},
		"08:00:00": {
			"DAM_lmp($/MWh)": 9.21035,
			"RTM_lmp($/MWh)": 12.8688
		},
		"09:00:00": {
			"DAM_lmp($/MWh)": 6.43849,
			"RTM_lmp($/MWh)": 12.94
		},
		"10:00:00": {
			"DAM_lmp($/MWh)": 4.84192,
			"RTM_lmp($/MWh)": 15.4
		},
		"11:00:00": {
			"DAM_lmp($/MWh)": 3.54041,
			"RTM_lmp($/MWh)": 11.21222
		},
		"12:00:00": {
			"DAM_lmp($/MWh)": 1.53235,
			"RTM_lmp($/MWh)": 14.25994
		},
		"13:00:00": {
			"DAM_lmp($/MWh)": 1.0409,
			"RTM_lmp($/MWh)": 14.47469
		},
		"14:00:00": {
			"DAM_lmp($/MWh)": 2.04105,
			"RTM_lmp($/MWh)": 9.9976
		},
		"15:00:00": {
			"DAM_lmp($/MWh)": 4.95543,
			"RTM_lmp($/MWh)": 4.9988
		},
		"16:00:00": {
			"DAM_lmp($/MWh)": 9.23558,
			"RTM_lmp($/MWh)": 4.95
		},
		"17:00:00": {
			"DAM_lmp($/MWh)": 23.15823,
			"RTM_lmp($/MWh)": 0.0
		},
		"18:00:00": {
			"DAM_lmp($/MWh)": 41.72273,
			"RTM_lmp($/MWh)": 13.43768
		},
		"19:00:00": {
			"DAM_lmp($/MWh)": 62.96671,
			"RTM_lmp($/MWh)": 26.76531
		},
		"20:00:00": {
			"DAM_lmp($/MWh)": 63.05411,
			"RTM_lmp($/MWh)": 40.0
		},
		"21:00:00": {
			"DAM_lmp($/MWh)": 48.39257,
			"RTM_lmp($/MWh)": 40.93706
		},
		"22:00:00": {
			"DAM_lmp($/MWh)": 39.20137,
			"RTM_lmp($/MWh)": 31.24129
		},
		"23:00:00": {
			"DAM_lmp($/MWh)": 31.42663,
			"RTM_lmp($/MWh)": 32.5973
		}
	},
	"2023-05-23": {
		"00:00:00": {
			"DAM_lmp($/MWh)": 28.66303,
			"RTM_lmp($/MWh)": 28.05858
		},
		"01:00:00": {
			"DAM_lmp($/MWh)": 25.23727,
			"RTM_lmp($/MWh)": 24.44579
		},
		"02:00:00": {
			"DAM_lmp($/MWh)": 23.91497,
			"RTM_lmp($/MWh)": 20.27915
		},
		"03:00:00": {
			"DAM_lmp($/MWh)": 22.11322,
			"RTM_lmp($/MWh)": 14.23034
		},
		"04:00:00": {
			"DAM_lmp($/MWh)": 25.59789,
			"RTM_lmp($/MWh)": 10.52626
		},
		"05:00:00": {
			"DAM_lmp($/MWh)": 33.30018,
			"RTM_lmp($/MWh)": 30.81135
		},
		"06:00:00": {
			"DAM_lmp($/MWh)": 34.54702,
			"RTM_lmp($/MWh)": 72.0
		},
		"07:00:00": {
			"DAM_lmp($/MWh)": 24.54279,
			"RTM_lmp($/MWh)": 18.0208
		},
		"08:00:00": {
			"DAM_lmp($/MWh)": 9.21035,
			"RTM_lmp($/MWh)": 12.8688
		},
		"09:00:00": {
			"DAM_lmp($/MWh)": 6.43849,
			"RTM_lmp($/MWh)": 12.94
		},
		"10:00:00": {
			"DAM_lmp($/MWh)": 4.84192,
			"RTM_lmp($/MWh)": 15.4
		},
		"11:00:00": {
			"DAM_lmp($/MWh)": 3.54041,
			"RTM_lmp($/MWh)": 11.21222
		},
		"12:00:00": {
			"DAM_lmp($/MWh)": 1.53235,
			"RTM_lmp($/MWh)": 14.25994
		},
		"13:00:00": {
			"DAM_lmp($/MWh)": 1.0409,
			"RTM_lmp($/MWh)": 14.47469
		},
		"14:00:00": {
			"DAM_lmp($/MWh)": 2.04105,
			"RTM_lmp($/MWh)": 9.9976
		},
		"15:00:00": {
			"DAM_lmp($/MWh)": 4.95543,
			"RTM_lmp($/MWh)": 4.9988
		},
		"16:00:00": {
			"DAM_lmp($/MWh)": 9.23558,
			"RTM_lmp($/MWh)": 4.95
		},
		"17:00:00": {
			"DAM_lmp($/MWh)": 23.15823,
			"RTM_lmp($/MWh)": 0.0
		},
		"18:00:00": {
			"DAM_lmp($/MWh)": 41.72273,
			"RTM_lmp($/MWh)": 13.43768
		},
		"19:00:00": {
			"DAM_lmp($/MWh)": 62.96671,
			"RTM_lmp($/MWh)": 26.76531
		},
		"20:00:00": {
			"DAM_lmp($/MWh)": 63.05411,
			"RTM_lmp($/MWh)": 40.0
		},
		"21:00:00": {
			"DAM_lmp($/MWh)": 48.39257,
			"RTM_lmp($/MWh)": 40.93706
		},
		"22:00:00": {
			"DAM_lmp($/MWh)": 39.20137,
			"RTM_lmp($/MWh)": 31.24129
		},
		"23:00:00": {
			"DAM_lmp($/MWh)": 31.42663,
			"RTM_lmp($/MWh)": 32.5973
		}
	}
}