{
	"2023-05-22": {
		"00:00:00": {
			"DAM_lmp($/MWh)": 23.56008,
			"RTM_lmp($/MWh)": 26.63858
		},
		"01:00:00": {
			"DAM_lmp($/MWh)": 19.59108,
			"RTM_lmp($/MWh)": 22.98206
		},
		"02:00:00": {
			"DAM_lmp($/MWh)": 17.22142,
			"RTM_lmp($/MWh)": 19.04557
		},
		"03:00:00": {
			"DAM_lmp($/MWh)": 14.94989,
			"RTM_lmp($/MWh)": 6.65157
		},
		"04:00:00": {
			"DAM_lmp($/MWh)": 19.01443,
			"RTM_lmp($/MWh)": 1.80424
		},
		"05:00:00": {
			"DAM_lmp($/MWh)": 29.65364,
			"RTM_lmp($/MWh)": 30.81135
		},
		"06:00:00": {
			"DAM_lmp($/MWh)": 29.48306,
			"RTM_lmp($/MWh)": 72.0
		},
		"07:00:00": {
			"DAM_lmp($/MWh)": 25.24416,
			"RTM_lmp($/MWh)": 18.0208
		},
		"08:00:00": {
			"DAM_lmp($/MWh)": 12.73816,
			"RTM_lmp($/MWh)": 12.8688
		},
		"09:00:00": {
			"DAM_lmp($/MWh)": 10.27015,
			"RTM_lmp($/MWh)": 12.94
		},
		"10:00:00": {
			"DAM_lmp($/MWh)": 7.53587,
			"RTM_lmp($/MWh)": 15.4
		},
		"11:00:00": {
			"DAM_lmp($/MWh)": 5.91375,
			"RTM_lmp($/MWh)": 14.7764
		},
		"12:00:00": {
			"DAM_lmp($/MWh)": 3.92803,
			"RTM_lmp($/MWh)": 14.63411
		},
		"13:00:00": {
			"DAM_lmp($/MWh)": 3.602,
			"RTM_lmp($/MWh)": 14.87493
		},
		"14:00:00": {
			"DAM_lmp($/MWh)": 4.68816,
			"RTM_lmp($/MWh)": 9.9976
		},
		"15:00:00": {
			"DAM_lmp($/MWh)": 7.62088,
			"RTM_lmp($/MWh)": 4.9988
		},
		"16:00:00": {
			"DAM_lmp($/MWh)": 11.88157,
			"RTM_lmp($/MWh)": 4.95
		},
		"17:00:00": {
			"DAM_lmp($/MWh)": 24.3856,
			"RTM_lmp($/MWh)": 0.0
		},
		"18:00:00": {
			"DAM_lmp($/MWh)": 42.97178,
			"RTM_lmp($/MWh)": 13.55906
		},
		"19:00:00": {
			"DAM_lmp($/MWh)": 63.27696,
			"RTM_lmp($/MWh)": 26.46275
		},
		"20:00:00": {
			"DAM_lmp($/MWh)": 63.31303,
			"RTM_lmp($/MWh)": 40.0
		},
		"21:00:00": {
			"DAM_lmp($/MWh)": 48.49241,
			"RTM_lmp($/MWh)": 40.04749
		},
		"22:00:00": {
			"DAM_lmp($/MWh)": 36.9137,
			"RTM_lmp($/MWh)": 30.36269
		},
		"23:00:00": {
			"DAM_lmp($/MWh)": 26.40237,
			"RTM_lmp($/MWh)": 31.44462
		}
	},
	"2023-05-23": {
		"00:00:00": {
			"DAM_lmp($/MWh)": 23.56008,
			"RTM_lmp($/MWh)": 26.63858
		},
		"01:00:00": {
			"DAM_lmp($/MWh)": 19.59108,
			"RTM_lmp($/MWh)": 22.98206
		},
		"02:00:00": {
			"DAM_lmp($/MWh)": 17.22142,
			"RTM_lmp($/MWh)": 19.04557
		},
		"03:00:00": {
			"DAM_lmp($/MWh)": 14.94989,
			"RTM_lmp($/MWh)": 6.65157
		},
		"04:00:00": {
			"DAM_lmp($/MWh)": 19.01443,
			"RTM_lmp($/MWh)": 1.80424
		},
		"05:00:00": {
			"DAM_lmp($/MWh)": 29.65364,
			"RTM_lmp($/MWh)": 30.81135
		},
		"06:00:00": {
			"DAM_lmp($/MWh)": 29.48306,
			"RTM_lmp($/MWh)": 72.0
		},
		"07:00:00": {
			"DAM_lmp($/MWh)": 25.24416,
			"RTM_lmp($/MWh)": 18.0208
		},
		"08:00:00": {
			"DAM_lmp($/MWh)": 12.73816,
			"RTM_lmp($/MWh)": 12.8688
		},
		"09:00:00": {
			"DAM_lmp($/MWh)": 10.27015,
			"RTM_lmp($/MWh)": 12.94
		},
		"10:00:00": {
			"DAM_lmp($/MWh)": 7.53587,
			"RTM_lmp($/MWh)": 15.4
		},
		"11:00:00": {
			"DAM_lmp($/MWh)": 5.91375,
			"RTM_lmp($/MWh)": 14.7764
		},
		"12:00:00": {
			"DAM_lmp($/MWh)": 3.92803,
			"RTM_lmp($/MWh)": 14.63411
		},
		"13:00:00": {
			"DAM_lmp($/MWh)": 3.602,
			"RTM_lmp($/MWh)": 14.87493
		},
		"14:00:00": {
			"DAM_lmp($/MWh)": 4.68816,
			"RTM_lmp($/MWh)": 9.9976
		},
		"15:00:00": {
			"DAM_lmp($/MWh)": 7.62088,
			"RTM_lmp($/MWh)": 4.9988
		},
		"16:00:00": {
			"DAM_lmp($/MWh)": 11.88157,
			"RTM_lmp($/MWh)": 4.95
		},
		"17:00:00": {
			"DAM_lmp($/MWh)": 24.3856,
			"RTM_lmp($/MWh)": 0.0
		},
		"18:00:00": {
			"DAM_lmp($/MWh)": 42.97178,
			"RTM_lmp($/MWh)": 13.55906
		},
		"19:00:00": {
			"DAM_lmp($/MWh)": 63.27696,
			"RTM_lmp($/MWh)": 26.46275
		},
		"20:00:00": {
			"DAM_lmp($/MWh)": 63.31303,
			"RTM_lmp($/MWh)": 40.0
		},
		"21:00:00": {
			"DAM_lmp($/MWh)": 48.49241,
			"RTM_lmp($/MWh)": 40.04749
		},
		"22:00:00": {
			"DAM_lmp($/MWh)": 36.9137,
			"RTM_lmp($/MWh)": 30.36269
		},
		"23:00:00": {
			"DAM_lmp($/MWh)": 26.40237,
			"RTM_lmp($/MWh)": 31.44462
		}
	}
}