{
	"2023-05-22": {
		"00:00:00": {
			"DAM_lmp($/MWh)": 26.81617,
			"RTM_lmp($/MWh)": 27.98459
		},
		"01:00:00": {
			"DAM_lmp($/MWh)": 22.9207,
			"RTM_lmp($/MWh)": 24.1664
		},
		"02:00:00": {
			"DAM_lmp($/MWh)": 21.11869,
			"RTM_lmp($/MWh)": 20.02668
		},
		"03:00:00": {
			"DAM_lmp($/MWh)": 18.98292,
			"RTM_lmp($/MWh)": 7.12853
		},
		"04:00:00": {
			"DAM_lmp($/MWh)": 22.73465,
			"RTM_lmp($/MWh)": 2.07527
		},
		"05:00:00": {
			"DAM_lmp($/MWh)": 32.32175,
			"RTM_lmp($/MWh)": 66.96129
		},
		"06:00:00": {
			"DAM_lmp($/MWh)": 33.38721,
			"RTM_lmp($/MWh)": 72.0
		},
		"07:00:00": {
			"DAM_lmp($/MWh)": 26.3855,
			"RTM_lmp($/MWh)": 18.0208
		},
		"08:00:00": {
			"DAM_lmp($/MWh)": 20.03715,
			"RTM_lmp($/MWh)": 12.8688
		},
		"09:00:00": {
			"DAM_lmp($/MWh)": 17.60691,
			"RTM_lmp($/MWh)": 12.94
		},
		"10:00:00": {
			"DAM_lmp($/MWh)": 11.78368,
			"RTM_lmp($/MWh)": 15.4
		},
		"11:00:00": {
			"DAM_lmp($/MWh)": 9.65783,
			"RTM_lmp($/MWh)": 18.61474
		},
		"12:00:00": {
			"DAM_lmp($/MWh)": 7.79325,
			"RTM_lmp($/MWh)": 15.55028
		},
		"13:00:00": {
			"DAM_lmp($/MWh)": 7.74864,
			"RTM_lmp($/MWh)": 15.76489
		},
		"14:00:00": {
			"DAM_lmp($/MWh)": 8.91301,
			"RTM_lmp($/MWh)": 9.9976
		},
		"15:00:00": {
			"DAM_lmp($/MWh)": 11.94848,
			"RTM_lmp($/MWh)": 4.9988
		},
		"16:00:00": {
			"DAM_lmp($/MWh)": 15.85345,
			"RTM_lmp($/MWh)": 4.95
		},
		"17:00:00": {
			"DAM_lmp($/MWh)": 25.73745,
			"RTM_lmp($/MWh)": 0.0
		},
		"18:00:00": {
			"DAM_lmp($/MWh)": 45.10613,
			"RTM_lmp($/MWh)": 14.56581
		},
		"19:00:00": {
			"DAM_lmp($/MWh)": 66.40526,
			"RTM_lmp($/MWh)": 28.39637
		},
		"20:00:00": {
			"DAM_lmp($/MWh)": 66.72434,
			"RTM_lmp($/MWh)": 40.0
		},
		"21:00:00": {
			"DAM_lmp($/MWh)": 50.98343,
			"RTM_lmp($/MWh)": 43.28687
		},
		"22:00:00": {
			"DAM_lmp($/MWh)": 39.73652,
			"RTM_lmp($/MWh)": 32.36183
		},
		"23:00:00": {
			"DAM_lmp($/MWh)": 29.55464,
			"RTM_lmp($/MWh)": 33.26831
		}
	},
	"2023-05-23": {
		"00:00:00": {
			"DAM_lmp($/MWh)": 26.81617,
			"RTM_lmp($/MWh)": 27.98459
		},
		"01:00:00": {
			"DAM_lmp($/MWh)": 22.9207,
			"RTM_lmp($/MWh)": 24.1664
		},
		"02:00:00": {
			"DAM_lmp($/MWh)": 21.11869,
			"RTM_lmp($/MWh)": 20.02668
		},
		"03:00:00": {
			"DAM_lmp($/MWh)": 18.98292,
			"RTM_lmp($/MWh)": 7.12853
		},
		"04:00:00": {
			"DAM_lmp($/MWh)": 22.73465,
			"RTM_lmp($/MWh)": 2.07527
		},
		"05:00:00": {
			"DAM_lmp($/MWh)": 32.32175,
			"RTM_lmp($/MWh)": 66.96129
		},
		"06:00:00": {
			"DAM_lmp($/MWh)": 33.38721,
			"RTM_lmp($/MWh)": 72.0
		},
		"07:00:00": {
			"DAM_lmp($/MWh)": 26.3855,
			"RTM_lmp($/MWh)": 18.0208
		},
		"08:00:00": {
			"DAM_lmp($/MWh)": 20.03715,
			"RTM_lmp($/MWh)": 12.8688
		},
		"09:00:00": {
			"DAM_lmp($/MWh)": 17.60691,
			"RTM_lmp($/MWh)": 12.94
		},
		"10:00:00": {
			"DAM_lmp($/MWh)": 11.78368,
			"RTM_lmp($/MWh)": 15.4
		},
		"11:00:00": {
			"DAM_lmp($/MWh)": 9.65783,
			"RTM_lmp($/MWh)": 18.61474
		},
		"12:00:00": {
			"DAM_lmp($/MWh)": 7.79325,
			"RTM_lmp($/MWh)": 15.55028
		},
		"13:00:00": {
			"DAM_lmp($/MWh)": 7.74864,
			"RTM_lmp($/MWh)": 15.76489
		},
		"14:00:00": {
			"DAM_lmp($/MWh)": 8.91301,
			"RTM_lmp($/MWh)": 9.9976
		},
		"15:00:00": {
			"DAM_lmp($/MWh)": 11.94848,
			"RTM_lmp($/MWh)": 4.9988
		},
		"16:00:00": {
			"DAM_lmp($/MWh)": 15.85345,
			"RTM_lmp($/MWh)": 4.95
		},
		"17:00:00": {
			"DAM_lmp($/MWh)": 25.73745,
			"RTM_lmp($/MWh)": 0.0
		},
		"18:00:00": {
			"DAM_lmp($/MWh)": 45.10613,
			"RTM_lmp($/MWh)": 14.56581
		},
		"19:00:00": {
			"DAM_lmp($/MWh)": 66.40526,
			"RTM_lmp($/MWh)": 28.39637
		},
		"20:00:00": {
			"DAM_lmp($/MWh)": 66.72434,
			"RTM_lmp($/MWh)": 40.0
		},
		"21:00:00": {
			"DAM_lmp($/MWh)": 50.98343,
			"RTM_lmp($/MWh)": 43.28687
		},
		"22:00:00": {
			"DAM_lmp($/MWh)": 39.73652,
			"RTM_lmp($/MWh)": 32.36183
		},
		"23:00:00": {
			"DAM_lmp($/MWh)": 29.55464,
			"RTM_lmp($/MWh)": 33.26831
		}
	}
}