{
	"2023-05-22": {
		"00:00:00": {
			"DAM_lmp($/MWh)": 52.38486,
			"RTM_lmp($/MWh)": 27.9106
		},
		"01:00:00": {
			"DAM_lmp($/MWh)": 51.10993,
			"RTM_lmp($/MWh)": 23.91667
		},
		"02:00:00": {
			"DAM_lmp($/MWh)": 55.71001,
			"RTM_lmp($/MWh)": 19.96716
		},
		"03:00:00": {
			"DAM_lmp($/MWh)": 56.62798,
			"RTM_lmp($/MWh)": 6.31244
		},
		"04:00:00": {
			"DAM_lmp($/MWh)": 55.74304,
			"RTM_lmp($/MWh)": 1.53955
		},
		"05:00:00": {
			"DAM_lmp($/MWh)": 47.33597,
			"RTM_lmp($/MWh)": 30.81135
		},
		"06:00:00": {
			"DAM_lmp($/MWh)": 60.24179,
			"RTM_lmp($/MWh)": 72.0
		},
		"07:00:00": {
			"DAM_lmp($/MWh)": 25.59355,
			"RTM_lmp($/MWh)": 18.0208
		},
		"08:00:00": {
			"DAM_lmp($/MWh)": 5.83053,
			"RTM_lmp($/MWh)": 12.8688
		},
		"09:00:00": {
			"DAM_lmp($/MWh)": 2.45784,
			"RTM_lmp($/MWh)": 12.94
		},
		"10:00:00": {
			"DAM_lmp($/MWh)": 2.40163,
			"RTM_lmp($/MWh)": 15.4
		},
		"11:00:00": {
			"DAM_lmp($/MWh)": 1.33666,
			"RTM_lmp($/MWh)": 2.57595
		},
		"12:00:00": {
			"DAM_lmp($/MWh)": -0.90845,
			"RTM_lmp($/MWh)": 14.43856
		},
		"13:00:00": {
			"DAM_lmp($/MWh)": -1.61283,
			"RTM_lmp($/MWh)": 14.58142
		},
		"14:00:00": {
			"DAM_lmp($/MWh)": -0.59344,
			"RTM_lmp($/MWh)": 9.9976
		},
		"15:00:00": {
			"DAM_lmp($/MWh)": 2.56049,
			"RTM_lmp($/MWh)": 4.9988
		},
		"16:00:00": {
			"DAM_lmp($/MWh)": 7.72296,
			"RTM_lmp($/MWh)": 4.95
		},
		"17:00:00": {
			"DAM_lmp($/MWh)": 24.00967,
			"RTM_lmp($/MWh)": 0.0
		},
		"18:00:00": {
			"DAM_lmp($/MWh)": 43.41443,
			"RTM_lmp($/MWh)": 13.1635
		},
		"19:00:00": {
			"DAM_lmp($/MWh)": 62.4561,
			"RTM_lmp($/MWh)": 26.59478
		},
		"20:00:00": {
			"DAM_lmp($/MWh)": 63.55901,
			"RTM_lmp($/MWh)": 40.0
		},
		"21:00:00": {
			"DAM_lmp($/MWh)": 50.42432,
			"RTM_lmp($/MWh)": 42.23785
		},
		"22:00:00": {
			"DAM_lmp($/MWh)": 49.43965,
			"RTM_lmp($/MWh)": 31.88751
		},
		"23:00:00": {
			"DAM_lmp($/MWh)": 50.92094,
			"RTM_lmp($/MWh)": 32.78
		}
	},
	"2023-05-23": {
		"00:00:00": {
			"DAM_lmp($/MWh)": 52.38486,
			"RTM_lmp($/MWh)": 27.9106
		},
		"01:00:00": {
			"DAM_lmp($/MWh)": 51.10993,
			"RTM_lmp($/MWh)": 23.91667
		},
		"02:00:00": {
			"DAM_lmp($/MWh)": 55.71001,
			"RTM_lmp($/MWh)": 19.96716
		},
		"03:00:00": {
			"DAM_lmp($/MWh)": 56.62798,
			"RTM_lmp($/MWh)": 6.31244
		},
		"04:00:00": {
			"DAM_lmp($/MWh)": 55.74304,
			"RTM_lmp($/MWh)": 1.53955
		},
		"05:00:00": {
			"DAM_lmp($/MWh)": 47.33597,
			"RTM_lmp($/MWh)": 30.81135
		},
		"06:00:00": {
			"DAM_lmp($/MWh)": 60.24179,
			"RTM_lmp($/MWh)": 72.0
		},
		"07:00:00": {
			"DAM_lmp($/MWh)": 25.59355,
			"RTM_lmp($/MWh)": 18.0208
		},
		"08:00:00": {
			"DAM_lmp($/MWh)": 5.83053,
			"RTM_lmp($/MWh)": 12.8688
		},
		"09:00:00": {
			"DAM_lmp($/MWh)": 2.45784,
			"RTM_lmp($/MWh)": 12.94
		},
		"10:00:00": {
			"DAM_lmp($/MWh)": 2.40163,
			"RTM_lmp($/MWh)": 15.4
		},
		"11:00:00": {
			"DAM_lmp($/MWh)": 1.33666,
			"RTM_lmp($/MWh)": 2.57595
		},
		"12:00:00": {
			"DAM_lmp($/MWh)": -0.90845,
			"RTM_lmp($/MWh)": 14.43856
		},
		"13:00:00": {
			"DAM_lmp($/MWh)": -1.61283,
			"RTM_lmp($/MWh)": 14.58142
		},
		"14:00:00": {
			"DAM_lmp($/MWh)": -0.59344,
			"RTM_lmp($/MWh)": 9.9976
		},
		"15:00:00": {
			"DAM_lmp($/MWh)": 2.56049,
			"RTM_lmp($/MWh)": 4.9988
		},
		"16:00:00": {
			"DAM_lmp($/MWh)": 7.72296,
			"RTM_lmp($/MWh)": 4.95
		},
		"17:00:00": {
			"DAM_lmp($/MWh)": 24.00967,
			"RTM_lmp($/MWh)": 0.0
		},
		"18:00:00": {
			"DAM_lmp($/MWh)": 43.41443,
			"RTM_lmp($/MWh)": 13.1635
		},
		"19:00:00": {
			"DAM_lmp($/MWh)": 62.4561,
			"RTM_lmp($/MWh)": 26.59478
		},
		"20:00:00": {
			"DAM_lmp($/MWh)": 63.55901,
			"RTM_lmp($/MWh)": 40.0
		},
		"21:00:00": {
			"DAM_lmp($/MWh)": 50.42432,
			"RTM_lmp($/MWh)": 42.23785
		},
		"22:00:00": {
			"DAM_lmp($/MWh)": 49.43965,
			"RTM_lmp($/MWh)": 31.88751
		},
		"23:00:00": {
			"DAM_lmp($/MWh)": 50.92094,
			"RTM_lmp($/MWh)": 32.78
		}
	}
}