{
	"2023-05-22": {
		"00:00:00": {
			"DAM_lmp($/MWh)": 25.46358,
			"RTM_lmp($/MWh)": 26.30278
		},
		"01:00:00": {
			"DAM_lmp($/MWh)": 21.75922,
			"RTM_lmp($/MWh)": 22.66805
		},
		"02:00:00": {
			"DAM_lmp($/MWh)": 19.85761,
			"RTM_lmp($/MWh)": 18.78284
		},
		"03:00:00": {
			"DAM_lmp($/MWh)": 17.79081,
			"RTM_lmp($/MWh)": 6.38282
		},
		"04:00:00": {
			"DAM_lmp($/MWh)": 21.56327,
			"RTM_lmp($/MWh)": 1.48638
		},
		"05:00:00": {
			"DAM_lmp($/MWh)": 30.92089,
			"RTM_lmp($/MWh)": -34.60283
		},
		"06:00:00": {
			"DAM_lmp($/MWh)": 31.75338,
			"RTM_lmp($/MWh)": 72.0
		},
		"07:00:00": {
			"DAM_lmp($/MWh)": 25.62202,
			"RTM_lmp($/MWh)": 18.0208
		},
		"08:00:00": {
			"DAM_lmp($/MWh)": 16.54351,
			"RTM_lmp($/MWh)": 12.8688
		},
		"09:00:00": {
			"DAM_lmp($/MWh)": 14.25531,
			"RTM_lmp($/MWh)": 12.94
		},
		"10:00:00": {
			"DAM_lmp($/MWh)": 9.90668,
			"RTM_lmp($/MWh)": 15.4
		},
		"11:00:00": {
			"DAM_lmp($/MWh)": 8.00027,
			"RTM_lmp($/MWh)": 14.7764
		},
		"12:00:00": {
			"DAM_lmp($/MWh)": 6.09027,
			"RTM_lmp($/MWh)": 14.74651
		},
		"13:00:00": {
			"DAM_lmp($/MWh)": 5.92373,
			"RTM_lmp($/MWh)": 14.97853
		},
		"14:00:00": {
			"DAM_lmp($/MWh)": 7.04793,
			"RTM_lmp($/MWh)": 9.9976
		},
		"15:00:00": {
			"DAM_lmp($/MWh)": 10.03857,
			"RTM_lmp($/MWh)": 4.9988
		},
		"16:00:00": {
			"DAM_lmp($/MWh)": 14.0069,
			"RTM_lmp($/MWh)": 4.95
		},
		"17:00:00": {
			"DAM_lmp($/MWh)": 24.74659,
			"RTM_lmp($/MWh)": 0.0
		},
		"18:00:00": {
			"DAM_lmp($/MWh)": 43.33992,
			"RTM_lmp($/MWh)": 13.55478
		},
		"19:00:00": {
			"DAM_lmp($/MWh)": 63.71001,
			"RTM_lmp($/MWh)": 26.46275
		},
		"20:00:00": {
			"DAM_lmp($/MWh)": 63.83088,
			"RTM_lmp($/MWh)": 40.0
		},
		"21:00:00": {
			"DAM_lmp($/MWh)": 49.08147,
			"RTM_lmp($/MWh)": 40.19435
		},
		"22:00:00": {
			"DAM_lmp($/MWh)": 38.16049,
			"RTM_lmp($/MWh)": 30.39134
		},
		"23:00:00": {
			"DAM_lmp($/MWh)": 28.22183,
			"RTM_lmp($/MWh)": 31.47784
		}
	},
	"2023-05-23": {
		"00:00:00": {
			"DAM_lmp($/MWh)": 25.46358,
			"RTM_lmp($/MWh)": 26.30278
		},
		"01:00:00": {
			"DAM_lmp($/MWh)": 21.75922,
			"RTM_lmp($/MWh)": 22.66805
		},
		"02:00:00": {
			"DAM_lmp($/MWh)": 19.85761,
			"RTM_lmp($/MWh)": 18.78284
		},
		"03:00:00": {
			"DAM_lmp($/MWh)": 17.79081,
			"RTM_lmp($/MWh)": 6.38282
		},
		"04:00:00": {
			"DAM_lmp($/MWh)": 21.56327,
			"RTM_lmp($/MWh)": 1.48638
		},
		"05:00:00": {
			"DAM_lmp($/MWh)": 30.92089,
			"RTM_lmp($/MWh)": -34.60283
		},
		"06:00:00": {
			"DAM_lmp($/MWh)": 31.75338,
			"RTM_lmp($/MWh)": 72.0
		},
		"07:00:00": {
			"DAM_lmp($/MWh)": 25.62202,
			"RTM_lmp($/MWh)": 18.0208
		},
		"08:00:00": {
			"DAM_lmp($/MWh)": 16.54351,
			"RTM_lmp($/MWh)": 12.8688
		},
		"09:00:00": {
			"DAM_lmp($/MWh)": 14.25531,
			"RTM_lmp($/MWh)": 12.94
		},
		"10:00:00": {
			"DAM_lmp($/MWh)": 9.90668,
			"RTM_lmp($/MWh)": 15.4
		},
		"11:00:00": {
			"DAM_lmp($/MWh)": 8.00027,
			"RTM_lmp($/MWh)": 14.7764
		},
		"12:00:00": {
			"DAM_lmp($/MWh)": 6.09027,
			"RTM_lmp($/MWh)": 14.74651
		},
		"13:00:00": {
			"DAM_lmp($/MWh)": 5.92373,
			"RTM_lmp($/MWh)": 14.97853
		},
		"14:00:00": {
			"DAM_lmp($/MWh)": 7.04793,
			"RTM_lmp($/MWh)": 9.9976
		},
		"15:00:00": {
			"DAM_lmp($/MWh)": 10.03857,
			"RTM_lmp($/MWh)": 4.9988
		},
		"16:00:00": {
			"DAM_lmp($/MWh)": 14.0069,
			"RTM_lmp($/MWh)": 4.95
		},
		"17:00:00": {
			"DAM_lmp($/MWh)": 24.74659,
			"RTM_lmp($/MWh)": 0.0
		},
		"18:00:00": {
			"DAM_lmp($/MWh)": 43.33992,
			"RTM_lmp($/MWh)": 13.55478
		},
		"19:00:00": {
			"DAM_lmp($/MWh)": 63.71001,
			"RTM_lmp($/MWh)": 26.46275
		},
		"20:00:00": {
			"DAM_lmp($/MWh)": 63.83088,
			"RTM_lmp($/MWh)": 40.0
		},
		"21:00:00": {
			"DAM_lmp($/MWh)": 49.08147,
			"RTM_lmp($/MWh)": 40.19435
		},
		"22:00:00": {
			"DAM_lmp($/MWh)": 38.16049,
			"RTM_lmp($/MWh)": 30.39134
		},
		"23:00:00": {
			"DAM_lmp($/MWh)": 28.22183,
			"RTM_lmp($/MWh)": 31.47784
		}
	}
}