{
	"2023-05-22": {
		"00:00:00": {
			"DAM_lmp($/MWh)": 26.60048,
			"RTM_lmp($/MWh)": 27.91345
		},
		"01:00:00": {
			"DAM_lmp($/MWh)": 22.7345,
			"RTM_lmp($/MWh)": 24.08728
		},
		"02:00:00": {
			"DAM_lmp($/MWh)": 20.82614,
			"RTM_lmp($/MWh)": 19.961
		},
		"03:00:00": {
			"DAM_lmp($/MWh)": 18.68633,
			"RTM_lmp($/MWh)": 7.08286
		},
		"04:00:00": {
			"DAM_lmp($/MWh)": 22.54504,
			"RTM_lmp($/MWh)": 2.0395
		},
		"05:00:00": {
			"DAM_lmp($/MWh)": 32.08855,
			"RTM_lmp($/MWh)": 65.81367
		},
		"06:00:00": {
			"DAM_lmp($/MWh)": 33.16057,
			"RTM_lmp($/MWh)": 72.0
		},
		"07:00:00": {
			"DAM_lmp($/MWh)": 26.23798,
			"RTM_lmp($/MWh)": 18.0208
		},
		"08:00:00": {
			"DAM_lmp($/MWh)": 19.98682,
			"RTM_lmp($/MWh)": 12.8688
		},
		"09:00:00": {
			"DAM_lmp($/MWh)": 17.44382,
			"RTM_lmp($/MWh)": 12.94
		},
		"10:00:00": {
			"DAM_lmp($/MWh)": 11.75351,
			"RTM_lmp($/MWh)": 15.4
		},
		"11:00:00": {
			"DAM_lmp($/MWh)": 9.63353,
			"RTM_lmp($/MWh)": 18.61474
		},
		"12:00:00": {
			"DAM_lmp($/MWh)": 7.77876,
			"RTM_lmp($/MWh)": 15.57184
		},
		"13:00:00": {
			"DAM_lmp($/MWh)": 7.73983,
			"RTM_lmp($/MWh)": 15.79785
		},
		"14:00:00": {
			"DAM_lmp($/MWh)": 8.89778,
			"RTM_lmp($/MWh)": 9.9976
		},
		"15:00:00": {
			"DAM_lmp($/MWh)": 11.92689,
			"RTM_lmp($/MWh)": 4.9988
		},
		"16:00:00": {
			"DAM_lmp($/MWh)": 15.80905,
			"RTM_lmp($/MWh)": 4.95
		},
		"17:00:00": {
			"DAM_lmp($/MWh)": 25.6304,
			"RTM_lmp($/MWh)": 0.0
		},
		"18:00:00": {
			"DAM_lmp($/MWh)": 44.90453,
			"RTM_lmp($/MWh)": 14.6058
		},
		"19:00:00": {
			"DAM_lmp($/MWh)": 66.08209,
			"RTM_lmp($/MWh)": 28.46513
		},
		"20:00:00": {
			"DAM_lmp($/MWh)": 66.45247,
			"RTM_lmp($/MWh)": 40.0
		},
		"21:00:00": {
			"DAM_lmp($/MWh)": 50.72883,
			"RTM_lmp($/MWh)": 43.40016
		},
		"22:00:00": {
			"DAM_lmp($/MWh)": 39.47838,
			"RTM_lmp($/MWh)": 32.34273
		},
		"23:00:00": {
			"DAM_lmp($/MWh)": 29.33594,
			"RTM_lmp($/MWh)": 33.2052
		}
	},
	"2023-05-23": {
		"00:00:00": {
			"DAM_lmp($/MWh)": 26.60048,
			"RTM_lmp($/MWh)": 27.91345
		},
		"01:00:00": {
			"DAM_lmp($/MWh)": 22.7345,
			"RTM_lmp($/MWh)": 24.08728
		},
		"02:00:00": {
			"DAM_lmp($/MWh)": 20.82614,
			"RTM_lmp($/MWh)": 19.961
		},
		"03:00:00": {
			"DAM_lmp($/MWh)": 18.68633,
			"RTM_lmp($/MWh)": 7.08286
		},
		"04:00:00": {
			"DAM_lmp($/MWh)": 22.54504,
			"RTM_lmp($/MWh)": 2.0395
		},
		"05:00:00": {
			"DAM_lmp($/MWh)": 32.08855,
			"RTM_lmp($/MWh)": 65.81367
		},
		"06:00:00": {
			"DAM_lmp($/MWh)": 33.16057,
			"RTM_lmp($/MWh)": 72.0
		},
		"07:00:00": {
			"DAM_lmp($/MWh)": 26.23798,
			"RTM_lmp($/MWh)": 18.0208
		},
		"08:00:00": {
			"DAM_lmp($/MWh)": 19.98682,
			"RTM_lmp($/MWh)": 12.8688
		},
		"09:00:00": {
			"DAM_lmp($/MWh)": 17.44382,
			"RTM_lmp($/MWh)": 12.94
		},
		"10:00:00": {
			"DAM_lmp($/MWh)": 11.75351,
			"RTM_lmp($/MWh)": 15.4
		},
		"11:00:00": {
			"DAM_lmp($/MWh)": 9.63353,
			"RTM_lmp($/MWh)": 18.61474
		},
		"12:00:00": {
			"DAM_lmp($/MWh)": 7.77876,
			"RTM_lmp($/MWh)": 15.57184
		},
		"13:00:00": {
			"DAM_lmp($/MWh)": 7.73983,
			"RTM_lmp($/MWh)": 15.79785
		},
		"14:00:00": {
			"DAM_lmp($/MWh)": 8.89778,
			"RTM_lmp($/MWh)": 9.9976
		},
		"15:00:00": {
			"DAM_lmp($/MWh)": 11.92689,
			"RTM_lmp($/MWh)": 4.9988
		},
		"16:00:00": {
			"DAM_lmp($/MWh)": 15.80905,
			"RTM_lmp($/MWh)": 4.95
		},
		"17:00:00": {
			"DAM_lmp($/MWh)": 25.6304,
			"RTM_lmp($/MWh)": 0.0
		},
		"18:00:00": {
			"DAM_lmp($/MWh)": 44.90453,
			"RTM_lmp($/MWh)": 14.6058
		},
		"19:00:00": {
			"DAM_lmp($/MWh)": 66.08209,
			"RTM_lmp($/MWh)": 28.46513
		},
		"20:00:00": {
			"DAM_lmp($/MWh)": 66.45247,
			"RTM_lmp($/MWh)": 40.0
		},
		"21:00:00": {
			"DAM_lmp($/MWh)": 50.72883,
			"RTM_lmp($/MWh)": 43.40016
		},
		"22:00:00": {
			"DAM_lmp($/MWh)": 39.47838,
			"RTM_lmp($/MWh)": 32.34273
		},
		"23:00:00": {
			"DAM_lmp($/MWh)": 29.33594,
			"RTM_lmp($/MWh)": 33.2052
		}
	}
}