{
	"2023-05-22": {
		"00:00:00": {
			"DAM_lmp($/MWh)": 22.3306,
			"RTM_lmp($/MWh)": 23.39733
		},
		"01:00:00": {
			"DAM_lmp($/MWh)": 18.77319,
			"RTM_lmp($/MWh)": 20.2079
		},
		"02:00:00": {
			"DAM_lmp($/MWh)": 16.73794,
			"RTM_lmp($/MWh)": 16.80213
		},
		"03:00:00": {
			"DAM_lmp($/MWh)": 14.83965,
			"RTM_lmp($/MWh)": 5.61121
		},
		"04:00:00": {
			"DAM_lmp($/MWh)": 18.50582,
			"RTM_lmp($/MWh)": 1.11591
		},
		"05:00:00": {
			"DAM_lmp($/MWh)": 28.01121,
			"RTM_lmp($/MWh)": 30.81135
		},
		"06:00:00": {
			"DAM_lmp($/MWh)": 28.25852,
			"RTM_lmp($/MWh)": 72.0
		},
		"07:00:00": {
			"DAM_lmp($/MWh)": 23.60073,
			"RTM_lmp($/MWh)": 18.0208
		},
		"08:00:00": {
			"DAM_lmp($/MWh)": 14.34065,
			"RTM_lmp($/MWh)": 12.8688
		},
		"09:00:00": {
			"DAM_lmp($/MWh)": 12.14377,
			"RTM_lmp($/MWh)": 12.94
		},
		"10:00:00": {
			"DAM_lmp($/MWh)": 6.9673,
			"RTM_lmp($/MWh)": 15.4
		},
		"11:00:00": {
			"DAM_lmp($/MWh)": 5.2063,
			"RTM_lmp($/MWh)": 14.7764
		},
		"12:00:00": {
			"DAM_lmp($/MWh)": 3.73042,
			"RTM_lmp($/MWh)": 13.62709
		},
		"13:00:00": {
			"DAM_lmp($/MWh)": 3.47535,
			"RTM_lmp($/MWh)": 13.87197
		},
		"14:00:00": {
			"DAM_lmp($/MWh)": 4.44307,
			"RTM_lmp($/MWh)": 9.9976
		},
		"15:00:00": {
			"DAM_lmp($/MWh)": 8.73433,
			"RTM_lmp($/MWh)": 4.9988
		},
		"16:00:00": {
			"DAM_lmp($/MWh)": 12.41537,
			"RTM_lmp($/MWh)": 4.95
		},
		"17:00:00": {
			"DAM_lmp($/MWh)": 22.613,
			"RTM_lmp($/MWh)": 0.0
		},
		"18:00:00": {
			"DAM_lmp($/MWh)": 39.32543,
			"RTM_lmp($/MWh)": 11.97824
		},
		"19:00:00": {
			"DAM_lmp($/MWh)": 57.58914,
			"RTM_lmp($/MWh)": 22.91183
		},
		"20:00:00": {
			"DAM_lmp($/MWh)": 57.60379,
			"RTM_lmp($/MWh)": 40.0
		},
		"21:00:00": {
			"DAM_lmp($/MWh)": 44.0595,
			"RTM_lmp($/MWh)": 34.52963
		},
		"22:00:00": {
			"DAM_lmp($/MWh)": 33.95484,
			"RTM_lmp($/MWh)": 26.3485
		},
		"23:00:00": {
			"DAM_lmp($/MWh)": 24.94358,
			"RTM_lmp($/MWh)": 28.01979
		}
	},
	"2023-05-23": {
		"00:00:00": {
			"DAM_lmp($/MWh)": 22.3306,
			"RTM_lmp($/MWh)": 23.39733
		},
		"01:00:00": {
			"DAM_lmp($/MWh)": 18.77319,
			"RTM_lmp($/MWh)": 20.2079
		},
		"02:00:00": {
			"DAM_lmp($/MWh)": 16.73794,
			"RTM_lmp($/MWh)": 16.80213
		},
		"03:00:00": {
			"DAM_lmp($/MWh)": 14.83965,
			"RTM_lmp($/MWh)": 5.61121
		},
		"04:00:00": {
			"DAM_lmp($/MWh)": 18.50582,
			"RTM_lmp($/MWh)": 1.11591
		},
		"05:00:00": {
			"DAM_lmp($/MWh)": 28.01121,
			"RTM_lmp($/MWh)": 30.81135
		},
		"06:00:00": {
			"DAM_lmp($/MWh)": 28.25852,
			"RTM_lmp($/MWh)": 72.0
		},
		"07:00:00": {
			"DAM_lmp($/MWh)": 23.60073,
			"RTM_lmp($/MWh)": 18.0208
		},
		"08:00:00": {
			"DAM_lmp($/MWh)": 14.34065,
			"RTM_lmp($/MWh)": 12.8688
		},
		"09:00:00": {
			"DAM_lmp($/MWh)": 12.14377,
			"RTM_lmp($/MWh)": 12.94
		},
		"10:00:00": {
			"DAM_lmp($/MWh)": 6.9673,
			"RTM_lmp($/MWh)": 15.4
		},
		"11:00:00": {
			"DAM_lmp($/MWh)": 5.2063,
			"RTM_lmp($/MWh)": 14.7764
		},
		"12:00:00": {
			"DAM_lmp($/MWh)": 3.73042,
			"RTM_lmp($/MWh)": 13.62709
		},
		"13:00:00": {
			"DAM_lmp($/MWh)": 3.47535,
			"RTM_lmp($/MWh)": 13.87197
		},
		"14:00:00": {
			"DAM_lmp($/MWh)": 4.44307,
			"RTM_lmp($/MWh)": 9.9976
		},
		"15:00:00": {
			"DAM_lmp($/MWh)": 8.73433,
			"RTM_lmp($/MWh)": 4.9988
		},
		"16:00:00": {
			"DAM_lmp($/MWh)": 12.41537,
			"RTM_lmp($/MWh)": 4.95
		},
		"17:00:00": {
			"DAM_lmp($/MWh)": 22.613,
			"RTM_lmp($/MWh)": 0.0
		},
		"18:00:00": {
			"DAM_lmp($/MWh)": 39.32543,
			"RTM_lmp($/MWh)": 11.97824
		},
		"19:00:00": {
			"DAM_lmp($/MWh)": 57.58914,
			"RTM_lmp($/MWh)": 22.91183
		},
		"20:00:00": {
			"DAM_lmp($/MWh)": 57.60379,
			"RTM_lmp($/MWh)": 40.0
		},
		"21:00:00": {
			"DAM_lmp($/MWh)": 44.0595,
			"RTM_lmp($/MWh)": 34.52963
		},
		"22:00:00": {
			"DAM_lmp($/MWh)": 33.95484,
			"RTM_lmp($/MWh)": 26.3485
		},
		"23:00:00": {
			"DAM_lmp($/MWh)": 24.94358,
			"RTM_lmp($/MWh)": 28.01979
		}
	}
}