{
	"2023-05-22": {
		"00:00:00": {
			"DAM_lmp($/MWh)": 25.77304,
			"RTM_lmp($/MWh)": 25.98691
		},
		"01:00:00": {
			"DAM_lmp($/MWh)": 21.87525,
			"RTM_lmp($/MWh)": 22.46283
		},
		"02:00:00": {
			"DAM_lmp($/MWh)": 19.88698,
			"RTM_lmp($/MWh)": 18.67611
		},
		"03:00:00": {
			"DAM_lmp($/MWh)": 17.79099,
			"RTM_lmp($/MWh)": 6.76134
		},
		"04:00:00": {
			"DAM_lmp($/MWh)": 21.72183,
			"RTM_lmp($/MWh)": 1.6901
		},
		"05:00:00": {
			"DAM_lmp($/MWh)": 31.25415,
			"RTM_lmp($/MWh)": 30.81135
		},
		"06:00:00": {
			"DAM_lmp($/MWh)": 32.23407,
			"RTM_lmp($/MWh)": 72.0
		},
		"07:00:00": {
			"DAM_lmp($/MWh)": 25.77213,
			"RTM_lmp($/MWh)": 18.0208
		},
		"08:00:00": {
			"DAM_lmp($/MWh)": 15.54586,
			"RTM_lmp($/MWh)": 12.8688
		},
		"09:00:00": {
			"DAM_lmp($/MWh)": 13.05052,
			"RTM_lmp($/MWh)": 12.94
		},
		"10:00:00": {
			"DAM_lmp($/MWh)": 9.03805,
			"RTM_lmp($/MWh)": 15.4
		},
		"11:00:00": {
			"DAM_lmp($/MWh)": 6.93496,
			"RTM_lmp($/MWh)": 14.7764
		},
		"12:00:00": {
			"DAM_lmp($/MWh)": 5.45875,
			"RTM_lmp($/MWh)": 14.4016
		},
		"13:00:00": {
			"DAM_lmp($/MWh)": 5.29327,
			"RTM_lmp($/MWh)": 14.67874
		},
		"14:00:00": {
			"DAM_lmp($/MWh)": 6.35727,
			"RTM_lmp($/MWh)": 9.9976
		},
		"15:00:00": {
			"DAM_lmp($/MWh)": 9.33565,
			"RTM_lmp($/MWh)": 4.9988
		},
		"16:00:00": {
			"DAM_lmp($/MWh)": 13.53615,
			"RTM_lmp($/MWh)": 4.95
		},
		"17:00:00": {
			"DAM_lmp($/MWh)": 24.85862,
			"RTM_lmp($/MWh)": 0.0
		},
		"18:00:00": {
			"DAM_lmp($/MWh)": 43.86584,
			"RTM_lmp($/MWh)": 13.33629
		},
		"19:00:00": {
			"DAM_lmp($/MWh)": 64.64074,
			"RTM_lmp($/MWh)": 25.89339
		},
		"20:00:00": {
			"DAM_lmp($/MWh)": 64.94424,
			"RTM_lmp($/MWh)": 40.0
		},
		"21:00:00": {
			"DAM_lmp($/MWh)": 49.80032,
			"RTM_lmp($/MWh)": 39.45164
		},
		"22:00:00": {
			"DAM_lmp($/MWh)": 38.69397,
			"RTM_lmp($/MWh)": 29.92976
		},
		"23:00:00": {
			"DAM_lmp($/MWh)": 28.61021,
			"RTM_lmp($/MWh)": 30.9098
		}
	},
	"2023-05-23": {
		"00:00:00": {
			"DAM_lmp($/MWh)": 25.77304,
			"RTM_lmp($/MWh)": 25.98691
		},
		"01:00:00": {
			"DAM_lmp($/MWh)": 21.87525,
			"RTM_lmp($/MWh)": 22.46283
		},
		"02:00:00": {
			"DAM_lmp($/MWh)": 19.88698,
			"RTM_lmp($/MWh)": 18.67611
		},
		"03:00:00": {
			"DAM_lmp($/MWh)": 17.79099,
			"RTM_lmp($/MWh)": 6.76134
		},
		"04:00:00": {
			"DAM_lmp($/MWh)": 21.72183,
			"RTM_lmp($/MWh)": 1.6901
		},
		"05:00:00": {
			"DAM_lmp($/MWh)": 31.25415,
			"RTM_lmp($/MWh)": 30.81135
		},
		"06:00:00": {
			"DAM_lmp($/MWh)": 32.23407,
			"RTM_lmp($/MWh)": 72.0
		},
		"07:00:00": {
			"DAM_lmp($/MWh)": 25.77213,
			"RTM_lmp($/MWh)": 18.0208
		},
		"08:00:00": {
			"DAM_lmp($/MWh)": 15.54586,
			"RTM_lmp($/MWh)": 12.8688
		},
		"09:00:00": {
			"DAM_lmp($/MWh)": 13.05052,
			"RTM_lmp($/MWh)": 12.94
		},
		"10:00:00": {
			"DAM_lmp($/MWh)": 9.03805,
			"RTM_lmp($/MWh)": 15.4
		},
		"11:00:00": {
			"DAM_lmp($/MWh)": 6.93496,
			"RTM_lmp($/MWh)": 14.7764
		},
		"12:00:00": {
			"DAM_lmp($/MWh)": 5.45875,
			"RTM_lmp($/MWh)": 14.4016
		},
		"13:00:00": {
			"DAM_lmp($/MWh)": 5.29327,
			"RTM_lmp($/MWh)": 14.67874
		},
		"14:00:00": {
			"DAM_lmp($/MWh)": 6.35727,
			"RTM_lmp($/MWh)": 9.9976
		},
		"15:00:00": {
			"DAM_lmp($/MWh)": 9.33565,
			"RTM_lmp($/MWh)": 4.9988
		},
		"16:00:00": {
			"DAM_lmp($/MWh)": 13.53615,
			"RTM_lmp($/MWh)": 4.95
		},
		"17:00:00": {
			"DAM_lmp($/MWh)": 24.85862,
			"RTM_lmp($/MWh)": 0.0
		},
		"18:00:00": {
			"DAM_lmp($/MWh)": 43.86584,
			"RTM_lmp($/MWh)": 13.33629
		},
		"19:00:00": {
			"DAM_lmp($/MWh)": 64.64074,
			"RTM_lmp($/MWh)": 25.89339
		},
		"20:00:00": {
			"DAM_lmp($/MWh)": 64.94424,
			"RTM_lmp($/MWh)": 40.0
		},
		"21:00:00": {
			"DAM_lmp($/MWh)": 49.80032,
			"RTM_lmp($/MWh)": 39.45164
		},
		"22:00:00": {
			"DAM_lmp($/MWh)": 38.69397,
			"RTM_lmp($/MWh)": 29.92976
		},
		"23:00:00": {
			"DAM_lmp($/MWh)": 28.61021,
			"RTM_lmp($/MWh)": 30.9098
		}
	}
}