{
	"2023-05-22": {
		"00:00:00": {
			"DAM_lmp($/MWh)": -7.25339,
			"RTM_lmp($/MWh)": 2.63343
		},
		"01:00:00": {
			"DAM_lmp($/MWh)": -7.28277,
			"RTM_lmp($/MWh)": 2.30054
		},
		"02:00:00": {
			"DAM_lmp($/MWh)": -9.11542,
			"RTM_lmp($/MWh)": 1.83539
		},
		"03:00:00": {
			"DAM_lmp($/MWh)": -9.10675,
			"RTM_lmp($/MWh)": 1.29613
		},
		"04:00:00": {
			"DAM_lmp($/MWh)": -7.0444,
			"RTM_lmp($/MWh)": 1.21574
		},
		"05:00:00": {
			"DAM_lmp($/MWh)": -4.69709,
			"RTM_lmp($/MWh)": 1.0
		},
		"06:00:00": {
			"DAM_lmp($/MWh)": -4.47904,
			"RTM_lmp($/MWh)": 1.0
		},
		"07:00:00": {
			"DAM_lmp($/MWh)": -5.0,
			"RTM_lmp($/MWh)": 18.0208
		},
		"08:00:00": {
			"DAM_lmp($/MWh)": -5.49393,
			"RTM_lmp($/MWh)": 12.8688
		},
		"09:00:00": {
			"DAM_lmp($/MWh)": -8.3966,
			"RTM_lmp($/MWh)": 1.0
		},
		"10:00:00": {
			"DAM_lmp($/MWh)": -18.01,
			"RTM_lmp($/MWh)": 0.01
		},
		"11:00:00": {
			"DAM_lmp($/MWh)": -19.83654,
			"RTM_lmp($/MWh)": 0.01
		},
		"12:00:00": {
			"DAM_lmp($/MWh)": -39.55085,
			"RTM_lmp($/MWh)": 0.72292
		},
		"13:00:00": {
			"DAM_lmp($/MWh)": -34.40689,
			"RTM_lmp($/MWh)": 0.80735
		},
		"14:00:00": {
			"DAM_lmp($/MWh)": -12.37106,
			"RTM_lmp($/MWh)": 9.9976
		},
		"15:00:00": {
			"DAM_lmp($/MWh)": -14.01,
			"RTM_lmp($/MWh)": 4.9988
		},
		"16:00:00": {
			"DAM_lmp($/MWh)": -3.75974,
			"RTM_lmp($/MWh)": 4.95
		},
		"17:00:00": {
			"DAM_lmp($/MWh)": 1.53853,
			"RTM_lmp($/MWh)": 0.0
		},
		"18:00:00": {
			"DAM_lmp($/MWh)": 3.66892,
			"RTM_lmp($/MWh)": 12.34381
		},
		"19:00:00": {
			"DAM_lmp($/MWh)": 40.17367,
			"RTM_lmp($/MWh)": 24.16332
		},
		"20:00:00": {
			"DAM_lmp($/MWh)": 32.89351,
			"RTM_lmp($/MWh)": 40.0
		},
		"21:00:00": {
			"DAM_lmp($/MWh)": 12.83572,
			"RTM_lmp($/MWh)": 36.30877
		},
		"22:00:00": {
			"DAM_lmp($/MWh)": -3.39034,
			"RTM_lmp($/MWh)": 27.54225
		},
		"23:00:00": {
			"DAM_lmp($/MWh)": -4.79824,
			"RTM_lmp($/MWh)": -148.40219
		}
	},
	"2023-05-23": {
		"00:00:00": {
			"DAM_lmp($/MWh)": -7.25339,
			"RTM_lmp($/MWh)": 2.63343
		},
		"01:00:00": {
			"DAM_lmp($/MWh)": -7.28277,
			"RTM_lmp($/MWh)": 2.30054
		},
		"02:00:00": {
			"DAM_lmp($/MWh)": -9.11542,
			"RTM_lmp($/MWh)": 1.83539
		},
		"03:00:00": {
			"DAM_lmp($/MWh)": -9.10675,
			"RTM_lmp($/MWh)": 1.29613
		},
		"04:00:00": {
			"DAM_lmp($/MWh)": -7.0444,
			"RTM_lmp($/MWh)": 1.21574
		},
		"05:00:00": {
			"DAM_lmp($/MWh)": -4.69709,
			"RTM_lmp($/MWh)": 1.0
		},
		"06:00:00": {
			"DAM_lmp($/MWh)": -4.47904,
			"RTM_lmp($/MWh)": 1.0
		},
		"07:00:00": {
			"DAM_lmp($/MWh)": -5.0,
			"RTM_lmp($/MWh)": 18.0208
		},
		"08:00:00": {
			"DAM_lmp($/MWh)": -5.49393,
			"RTM_lmp($/MWh)": 12.8688
		},
		"09:00:00": {
			"DAM_lmp($/MWh)": -8.3966,
			"RTM_lmp($/MWh)": 1.0
		},
		"10:00:00": {
			"DAM_lmp($/MWh)": -18.01,
			"RTM_lmp($/MWh)": 0.01
		},
		"11:00:00": {
			"DAM_lmp($/MWh)": -19.83654,
			"RTM_lmp($/MWh)": 0.01
		},
		"12:00:00": {
			"DAM_lmp($/MWh)": -39.55085,
			"RTM_lmp($/MWh)": 0.72292
		},
		"13:00:00": {
			"DAM_lmp($/MWh)": -34.40689,
			"RTM_lmp($/MWh)": 0.80735
		},
		"14:00:00": {
			"DAM_lmp($/MWh)": -12.37106,
			"RTM_lmp($/MWh)": 9.9976
		},
		"15:00:00": {
			"DAM_lmp($/MWh)": -14.01,
			"RTM_lmp($/MWh)": 4.9988
		},
		"16:00:00": {
			"DAM_lmp($/MWh)": -3.75974,
			"RTM_lmp($/MWh)": 4.95
		},
		"17:00:00": {
			"DAM_lmp($/MWh)": 1.53853,
			"RTM_lmp($/MWh)": 0.0
		},
		"18:00:00": {
			"DAM_lmp($/MWh)": 3.66892,
			"RTM_lmp($/MWh)": 12.34381
		},
		"19:00:00": {
			"DAM_lmp($/MWh)": 40.17367,
			"RTM_lmp($/MWh)": 24.16332
		},
		"20:00:00": {
			"DAM_lmp($/MWh)": 32.89351,
			"RTM_lmp($/MWh)": 40.0
		},
		"21:00:00": {
			"DAM_lmp($/MWh)": 12.83572,
			"RTM_lmp($/MWh)": 36.30877
		},
		"22:00:00": {
			"DAM_lmp($/MWh)": -3.39034,
			"RTM_lmp($/MWh)": 27.54225
		},
		"23:00:00": {
			"DAM_lmp($/MWh)": -4.79824,
			"RTM_lmp($/MWh)": -148.40219
		}
	}
}