{
	"2023-05-22": {
		"00:00:00": {
			"DAM_lmp($/MWh)": 29.62329,
			"RTM_lmp($/MWh)": 28.65048
		},
		"01:00:00": {
			"DAM_lmp($/MWh)": 25.89413,
			"RTM_lmp($/MWh)": 24.98233
		},
		"02:00:00": {
			"DAM_lmp($/MWh)": 24.60809,
			"RTM_lmp($/MWh)": 20.6486
		},
		"03:00:00": {
			"DAM_lmp($/MWh)": 22.75886,
			"RTM_lmp($/MWh)": 22.88378
		},
		"04:00:00": {
			"DAM_lmp($/MWh)": 26.55123,
			"RTM_lmp($/MWh)": 20.23595
		},
		"05:00:00": {
			"DAM_lmp($/MWh)": 34.51421,
			"RTM_lmp($/MWh)": 30.81135
		},
		"06:00:00": {
			"DAM_lmp($/MWh)": 35.81694,
			"RTM_lmp($/MWh)": 72.0
		},
		"07:00:00": {
			"DAM_lmp($/MWh)": 25.11475,
			"RTM_lmp($/MWh)": 18.0208
		},
		"08:00:00": {
			"DAM_lmp($/MWh)": 11.77776,
			"RTM_lmp($/MWh)": 12.8688
		},
		"09:00:00": {
			"DAM_lmp($/MWh)": 9.67949,
			"RTM_lmp($/MWh)": 12.94
		},
		"10:00:00": {
			"DAM_lmp($/MWh)": 7.05461,
			"RTM_lmp($/MWh)": 15.4
		},
		"11:00:00": {
			"DAM_lmp($/MWh)": 4.94214,
			"RTM_lmp($/MWh)": 14.7764
		},
		"12:00:00": {
			"DAM_lmp($/MWh)": 3.6537,
			"RTM_lmp($/MWh)": 14.91589
		},
		"13:00:00": {
			"DAM_lmp($/MWh)": 3.44246,
			"RTM_lmp($/MWh)": 15.0366
		},
		"14:00:00": {
			"DAM_lmp($/MWh)": 4.6025,
			"RTM_lmp($/MWh)": 9.9976
		},
		"15:00:00": {
			"DAM_lmp($/MWh)": 7.41262,
			"RTM_lmp($/MWh)": 4.9988
		},
		"16:00:00": {
			"DAM_lmp($/MWh)": 11.48444,
			"RTM_lmp($/MWh)": 4.95
		},
		"17:00:00": {
			"DAM_lmp($/MWh)": 24.11672,
			"RTM_lmp($/MWh)": 0.0
		},
		"18:00:00": {
			"DAM_lmp($/MWh)": 42.75244,
			"RTM_lmp($/MWh)": 13.72757
		},
		"19:00:00": {
			"DAM_lmp($/MWh)": 62.76736,
			"RTM_lmp($/MWh)": 26.10243
		},
		"20:00:00": {
			"DAM_lmp($/MWh)": 63.42213,
			"RTM_lmp($/MWh)": 40.0
		},
		"21:00:00": {
			"DAM_lmp($/MWh)": 49.15425,
			"RTM_lmp($/MWh)": 39.7118
		},
		"22:00:00": {
			"DAM_lmp($/MWh)": 40.34379,
			"RTM_lmp($/MWh)": 30.41681
		},
		"23:00:00": {
			"DAM_lmp($/MWh)": 31.75594,
			"RTM_lmp($/MWh)": 32.03923
		}
	},
	"2023-05-23": {
		"00:00:00": {
			"DAM_lmp($/MWh)": 29.62329,
			"RTM_lmp($/MWh)": 28.65048
		},
		"01:00:00": {
			"DAM_lmp($/MWh)": 25.89413,
			"RTM_lmp($/MWh)": 24.98233
		},
		"02:00:00": {
			"DAM_lmp($/MWh)": 24.60809,
			"RTM_lmp($/MWh)": 20.6486
		},
		"03:00:00": {
			"DAM_lmp($/MWh)": 22.75886,
			"RTM_lmp($/MWh)": 22.88378
		},
		"04:00:00": {
			"DAM_lmp($/MWh)": 26.55123,
			"RTM_lmp($/MWh)": 20.23595
		},
		"05:00:00": {
			"DAM_lmp($/MWh)": 34.51421,
			"RTM_lmp($/MWh)": 30.81135
		},
		"06:00:00": {
			"DAM_lmp($/MWh)": 35.81694,
			"RTM_lmp($/MWh)": 72.0
		},
		"07:00:00": {
			"DAM_lmp($/MWh)": 25.11475,
			"RTM_lmp($/MWh)": 18.0208
		},
		"08:00:00": {
			"DAM_lmp($/MWh)": 11.77776,
			"RTM_lmp($/MWh)": 12.8688
		},
		"09:00:00": {
			"DAM_lmp($/MWh)": 9.67949,
			"RTM_lmp($/MWh)": 12.94
		},
		"10:00:00": {
			"DAM_lmp($/MWh)": 7.05461,
			"RTM_lmp($/MWh)": 15.4
		},
		"11:00:00": {
			"DAM_lmp($/MWh)": 4.94214,
			"RTM_lmp($/MWh)": 14.7764
		},
		"12:00:00": {
			"DAM_lmp($/MWh)": 3.6537,
			"RTM_lmp($/MWh)": 14.91589
		},
		"13:00:00": {
			"DAM_lmp($/MWh)": 3.44246,
			"RTM_lmp($/MWh)": 15.0366
		},
		"14:00:00": {
			"DAM_lmp($/MWh)": 4.6025,
			"RTM_lmp($/MWh)": 9.9976
		},
		"15:00:00": {
			"DAM_lmp($/MWh)": 7.41262,
			"RTM_lmp($/MWh)": 4.9988
		},
		"16:00:00": {
			"DAM_lmp($/MWh)": 11.48444,
			"RTM_lmp($/MWh)": 4.95
		},
		"17:00:00": {
			"DAM_lmp($/MWh)": 24.11672,
			"RTM_lmp($/MWh)": 0.0
		},
		"18:00:00": {
			"DAM_lmp($/MWh)": 42.75244,
			"RTM_lmp($/MWh)": 13.72757
		},
		"19:00:00": {
			"DAM_lmp($/MWh)": 62.76736,
			"RTM_lmp($/MWh)": 26.10243
		},
		"20:00:00": {
			"DAM_lmp($/MWh)": 63.42213,
			"RTM_lmp($/MWh)": 40.0
		},
		"21:00:00": {
			"DAM_lmp($/MWh)": 49.15425,
			"RTM_lmp($/MWh)": 39.7118
		},
		"22:00:00": {
			"DAM_lmp($/MWh)": 40.34379,
			"RTM_lmp($/MWh)": 30.41681
		},
		"23:00:00": {
			"DAM_lmp($/MWh)": 31.75594,
			"RTM_lmp($/MWh)": 32.03923
		}
	}
}