{
	"2023-05-22": {
		"00:00:00": {
			"DAM_lmp($/MWh)": 25.61208,
			"RTM_lmp($/MWh)": 26.64996
		},
		"01:00:00": {
			"DAM_lmp($/MWh)": 21.76956,
			"RTM_lmp($/MWh)": 22.96723
		},
		"02:00:00": {
			"DAM_lmp($/MWh)": 19.86007,
			"RTM_lmp($/MWh)": 19.01683
		},
		"03:00:00": {
			"DAM_lmp($/MWh)": 17.81127,
			"RTM_lmp($/MWh)": 6.62653
		},
		"04:00:00": {
			"DAM_lmp($/MWh)": 21.57381,
			"RTM_lmp($/MWh)": 1.67693
		},
		"05:00:00": {
			"DAM_lmp($/MWh)": 30.97173,
			"RTM_lmp($/MWh)": 17.61375
		},
		"06:00:00": {
			"DAM_lmp($/MWh)": 31.86269,
			"RTM_lmp($/MWh)": 72.0
		},
		"07:00:00": {
			"DAM_lmp($/MWh)": 25.51332,
			"RTM_lmp($/MWh)": 18.0208
		},
		"08:00:00": {
			"DAM_lmp($/MWh)": 16.23073,
			"RTM_lmp($/MWh)": 12.8688
		},
		"09:00:00": {
			"DAM_lmp($/MWh)": 13.81178,
			"RTM_lmp($/MWh)": 12.94
		},
		"10:00:00": {
			"DAM_lmp($/MWh)": 9.51456,
			"RTM_lmp($/MWh)": 15.4
		},
		"11:00:00": {
			"DAM_lmp($/MWh)": 7.81556,
			"RTM_lmp($/MWh)": 14.7764
		},
		"12:00:00": {
			"DAM_lmp($/MWh)": 5.9188,
			"RTM_lmp($/MWh)": 14.75883
		},
		"13:00:00": {
			"DAM_lmp($/MWh)": 5.74528,
			"RTM_lmp($/MWh)": 14.98323
		},
		"14:00:00": {
			"DAM_lmp($/MWh)": 6.8692,
			"RTM_lmp($/MWh)": 9.9976
		},
		"15:00:00": {
			"DAM_lmp($/MWh)": 9.85146,
			"RTM_lmp($/MWh)": 4.9988
		},
		"16:00:00": {
			"DAM_lmp($/MWh)": 13.84242,
			"RTM_lmp($/MWh)": 4.95
		},
		"17:00:00": {
			"DAM_lmp($/MWh)": 24.71173,
			"RTM_lmp($/MWh)": 0.0
		},
		"18:00:00": {
			"DAM_lmp($/MWh)": 43.33554,
			"RTM_lmp($/MWh)": 13.6833
		},
		"19:00:00": {
			"DAM_lmp($/MWh)": 64.01379,
			"RTM_lmp($/MWh)": 26.64979
		},
		"20:00:00": {
			"DAM_lmp($/MWh)": 63.98623,
			"RTM_lmp($/MWh)": 40.0
		},
		"21:00:00": {
			"DAM_lmp($/MWh)": 49.08147,
			"RTM_lmp($/MWh)": 40.45031
		},
		"22:00:00": {
			"DAM_lmp($/MWh)": 38.16453,
			"RTM_lmp($/MWh)": 30.56961
		},
		"23:00:00": {
			"DAM_lmp($/MWh)": 28.25986,
			"RTM_lmp($/MWh)": 31.59742
		}
	},
	"2023-05-23": {
		"00:00:00": {
			"DAM_lmp($/MWh)": 25.61208,
			"RTM_lmp($/MWh)": 26.64996
		},
		"01:00:00": {
			"DAM_lmp($/MWh)": 21.76956,
			"RTM_lmp($/MWh)": 22.96723
		},
		"02:00:00": {
			"DAM_lmp($/MWh)": 19.86007,
			"RTM_lmp($/MWh)": 19.01683
		},
		"03:00:00": {
			"DAM_lmp($/MWh)": 17.81127,
			"RTM_lmp($/MWh)": 6.62653
		},
		"04:00:00": {
			"DAM_lmp($/MWh)": 21.57381,
			"RTM_lmp($/MWh)": 1.67693
		},
		"05:00:00": {
			"DAM_lmp($/MWh)": 30.97173,
			"RTM_lmp($/MWh)": 17.61375
		},
		"06:00:00": {
			"DAM_lmp($/MWh)": 31.86269,
			"RTM_lmp($/MWh)": 72.0
		},
		"07:00:00": {
			"DAM_lmp($/MWh)": 25.51332,
			"RTM_lmp($/MWh)": 18.0208
		},
		"08:00:00": {
			"DAM_lmp($/MWh)": 16.23073,
			"RTM_lmp($/MWh)": 12.8688
		},
		"09:00:00": {
			"DAM_lmp($/MWh)": 13.81178,
			"RTM_lmp($/MWh)": 12.94
		},
		"10:00:00": {
			"DAM_lmp($/MWh)": 9.51456,
			"RTM_lmp($/MWh)": 15.4
		},
		"11:00:00": {
			"DAM_lmp($/MWh)": 7.81556,
			"RTM_lmp($/MWh)": 14.7764
		},
		"12:00:00": {
			"DAM_lmp($/MWh)": 5.9188,
			"RTM_lmp($/MWh)": 14.75883
		},
		"13:00:00": {
			"DAM_lmp($/MWh)": 5.74528,
			"RTM_lmp($/MWh)": 14.98323
		},
		"14:00:00": {
			"DAM_lmp($/MWh)": 6.8692,
			"RTM_lmp($/MWh)": 9.9976
		},
		"15:00:00": {
			"DAM_lmp($/MWh)": 9.85146,
			"RTM_lmp($/MWh)": 4.9988
		},
		"16:00:00": {
			"DAM_lmp($/MWh)": 13.84242,
			"RTM_lmp($/MWh)": 4.95
		},
		"17:00:00": {
			"DAM_lmp($/MWh)": 24.71173,
			"RTM_lmp($/MWh)": 0.0
		},
		"18:00:00": {
			"DAM_lmp($/MWh)": 43.33554,
			"RTM_lmp($/MWh)": 13.6833
		},
		"19:00:00": {
			"DAM_lmp($/MWh)": 64.01379,
			"RTM_lmp($/MWh)": 26.64979
		},
		"20:00:00": {
			"DAM_lmp($/MWh)": 63.98623,
			"RTM_lmp($/MWh)": 40.0
		},
		"21:00:00": {
			"DAM_lmp($/MWh)": 49.08147,
			"RTM_lmp($/MWh)": 40.45031
		},
		"22:00:00": {
			"DAM_lmp($/MWh)": 38.16453,
			"RTM_lmp($/MWh)": 30.56961
		},
		"23:00:00": {
			"DAM_lmp($/MWh)": 28.25986,
			"RTM_lmp($/MWh)": 31.59742
		}
	}
}