{
	"2023-05-22": {
		"00:00:00": {
			"DAM_lmp($/MWh)": 26.39506,
			"RTM_lmp($/MWh)": 27.43253
		},
		"01:00:00": {
			"DAM_lmp($/MWh)": 22.46004,
			"RTM_lmp($/MWh)": 23.6719
		},
		"02:00:00": {
			"DAM_lmp($/MWh)": 20.50649,
			"RTM_lmp($/MWh)": 19.62849
		},
		"03:00:00": {
			"DAM_lmp($/MWh)": 18.38871,
			"RTM_lmp($/MWh)": 6.98834
		},
		"04:00:00": {
			"DAM_lmp($/MWh)": 22.23482,
			"RTM_lmp($/MWh)": 1.93939
		},
		"05:00:00": {
			"DAM_lmp($/MWh)": 31.84282,
			"RTM_lmp($/MWh)": 17.61375
		},
		"06:00:00": {
			"DAM_lmp($/MWh)": 32.82323,
			"RTM_lmp($/MWh)": 72.0
		},
		"07:00:00": {
			"DAM_lmp($/MWh)": 26.21469,
			"RTM_lmp($/MWh)": 18.0208
		},
		"08:00:00": {
			"DAM_lmp($/MWh)": 17.19565,
			"RTM_lmp($/MWh)": 12.8688
		},
		"09:00:00": {
			"DAM_lmp($/MWh)": 14.7329,
			"RTM_lmp($/MWh)": 12.94
		},
		"10:00:00": {
			"DAM_lmp($/MWh)": 10.30038,
			"RTM_lmp($/MWh)": 15.4
		},
		"11:00:00": {
			"DAM_lmp($/MWh)": 8.32414,
			"RTM_lmp($/MWh)": 14.7764
		},
		"12:00:00": {
			"DAM_lmp($/MWh)": 6.38248,
			"RTM_lmp($/MWh)": 15.21923
		},
		"13:00:00": {
			"DAM_lmp($/MWh)": 6.22958,
			"RTM_lmp($/MWh)": 15.42272
		},
		"14:00:00": {
			"DAM_lmp($/MWh)": 7.3917,
			"RTM_lmp($/MWh)": 9.9976
		},
		"15:00:00": {
			"DAM_lmp($/MWh)": 10.46463,
			"RTM_lmp($/MWh)": 4.9988
		},
		"16:00:00": {
			"DAM_lmp($/MWh)": 14.48453,
			"RTM_lmp($/MWh)": 4.95
		},
		"17:00:00": {
			"DAM_lmp($/MWh)": 25.51338,
			"RTM_lmp($/MWh)": 0.0
		},
		"18:00:00": {
			"DAM_lmp($/MWh)": 44.62842,
			"RTM_lmp($/MWh)": 14.21167
		},
		"19:00:00": {
			"DAM_lmp($/MWh)": 65.9916,
			"RTM_lmp($/MWh)": 27.76925
		},
		"20:00:00": {
			"DAM_lmp($/MWh)": 66.00583,
			"RTM_lmp($/MWh)": 40.0
		},
		"21:00:00": {
			"DAM_lmp($/MWh)": 50.68391,
			"RTM_lmp($/MWh)": 42.20847
		},
		"22:00:00": {
			"DAM_lmp($/MWh)": 39.38264,
			"RTM_lmp($/MWh)": 31.73153
		},
		"23:00:00": {
			"DAM_lmp($/MWh)": 29.11565,
			"RTM_lmp($/MWh)": 32.67702
		}
	},
	"2023-05-23": {
		"00:00:00": {
			"DAM_lmp($/MWh)": 26.39506,
			"RTM_lmp($/MWh)": 27.43253
		},
		"01:00:00": {
			"DAM_lmp($/MWh)": 22.46004,
			"RTM_lmp($/MWh)": 23.6719
		},
		"02:00:00": {
			"DAM_lmp($/MWh)": 20.50649,
			"RTM_lmp($/MWh)": 19.62849
		},
		"03:00:00": {
			"DAM_lmp($/MWh)": 18.38871,
			"RTM_lmp($/MWh)": 6.98834
		},
		"04:00:00": {
			"DAM_lmp($/MWh)": 22.23482,
			"RTM_lmp($/MWh)": 1.93939
		},
		"05:00:00": {
			"DAM_lmp($/MWh)": 31.84282,
			"RTM_lmp($/MWh)": 17.61375
		},
		"06:00:00": {
			"DAM_lmp($/MWh)": 32.82323,
			"RTM_lmp($/MWh)": 72.0
		},
		"07:00:00": {
			"DAM_lmp($/MWh)": 26.21469,
			"RTM_lmp($/MWh)": 18.0208
		},
		"08:00:00": {
			"DAM_lmp($/MWh)": 17.19565,
			"RTM_lmp($/MWh)": 12.8688
		},
		"09:00:00": {
			"DAM_lmp($/MWh)": 14.7329,
			"RTM_lmp($/MWh)": 12.94
		},
		"10:00:00": {
			"DAM_lmp($/MWh)": 10.30038,
			"RTM_lmp($/MWh)": 15.4
		},
		"11:00:00": {
			"DAM_lmp($/MWh)": 8.32414,
			"RTM_lmp($/MWh)": 14.7764
		},
		"12:00:00": {
			"DAM_lmp($/MWh)": 6.38248,
			"RTM_lmp($/MWh)": 15.21923
		},
		"13:00:00": {
			"DAM_lmp($/MWh)": 6.22958,
			"RTM_lmp($/MWh)": 15.42272
		},
		"14:00:00": {
			"DAM_lmp($/MWh)": 7.3917,
			"RTM_lmp($/MWh)": 9.9976
		},
		"15:00:00": {
			"DAM_lmp($/MWh)": 10.46463,
			"RTM_lmp($/MWh)": 4.9988
		},
		"16:00:00": {
			"DAM_lmp($/MWh)": 14.48453,
			"RTM_lmp($/MWh)": 4.95
		},
		"17:00:00": {
			"DAM_lmp($/MWh)": 25.51338,
			"RTM_lmp($/MWh)": 0.0
		},
		"18:00:00": {
			"DAM_lmp($/MWh)": 44.62842,
			"RTM_lmp($/MWh)": 14.21167
		},
		"19:00:00": {
			"DAM_lmp($/MWh)": 65.9916,
			"RTM_lmp($/MWh)": 27.76925
		},
		"20:00:00": {
			"DAM_lmp($/MWh)": 66.00583,
			"RTM_lmp($/MWh)": 40.0
		},
		"21:00:00": {
			"DAM_lmp($/MWh)": 50.68391,
			"RTM_lmp($/MWh)": 42.20847
		},
		"22:00:00": {
			"DAM_lmp($/MWh)": 39.38264,
			"RTM_lmp($/MWh)": 31.73153
		},
		"23:00:00": {
			"DAM_lmp($/MWh)": 29.11565,
			"RTM_lmp($/MWh)": 32.67702
		}
	}
}