{
	"2023-05-22": {
		"00:00:00": {
			"DAM_lmp($/MWh)": 23.82593,
			"RTM_lmp($/MWh)": 23.26073
		},
		"01:00:00": {
			"DAM_lmp($/MWh)": 20.25121,
			"RTM_lmp($/MWh)": 20.06696
		},
		"02:00:00": {
			"DAM_lmp($/MWh)": 18.50572,
			"RTM_lmp($/MWh)": 16.76314
		},
		"03:00:00": {
			"DAM_lmp($/MWh)": 16.53485,
			"RTM_lmp($/MWh)": 5.75168
		},
		"04:00:00": {
			"DAM_lmp($/MWh)": 20.07587,
			"RTM_lmp($/MWh)": 0.90692
		},
		"05:00:00": {
			"DAM_lmp($/MWh)": 29.17589,
			"RTM_lmp($/MWh)": 30.81135
		},
		"06:00:00": {
			"DAM_lmp($/MWh)": 29.68702,
			"RTM_lmp($/MWh)": 72.0
		},
		"07:00:00": {
			"DAM_lmp($/MWh)": 24.29692,
			"RTM_lmp($/MWh)": 18.0208
		},
		"08:00:00": {
			"DAM_lmp($/MWh)": 14.68527,
			"RTM_lmp($/MWh)": 12.8688
		},
		"09:00:00": {
			"DAM_lmp($/MWh)": 12.36324,
			"RTM_lmp($/MWh)": 12.94
		},
		"10:00:00": {
			"DAM_lmp($/MWh)": 7.14836,
			"RTM_lmp($/MWh)": 15.4
		},
		"11:00:00": {
			"DAM_lmp($/MWh)": 5.33937,
			"RTM_lmp($/MWh)": 14.7764
		},
		"12:00:00": {
			"DAM_lmp($/MWh)": 3.71235,
			"RTM_lmp($/MWh)": 13.81802
		},
		"13:00:00": {
			"DAM_lmp($/MWh)": 3.49481,
			"RTM_lmp($/MWh)": 14.07602
		},
		"14:00:00": {
			"DAM_lmp($/MWh)": 4.53968,
			"RTM_lmp($/MWh)": 9.9976
		},
		"15:00:00": {
			"DAM_lmp($/MWh)": 8.89245,
			"RTM_lmp($/MWh)": 4.9988
		},
		"16:00:00": {
			"DAM_lmp($/MWh)": 12.62054,
			"RTM_lmp($/MWh)": 4.95
		},
		"17:00:00": {
			"DAM_lmp($/MWh)": 22.99142,
			"RTM_lmp($/MWh)": 0.0
		},
		"18:00:00": {
			"DAM_lmp($/MWh)": 40.10115,
			"RTM_lmp($/MWh)": 11.88827
		},
		"19:00:00": {
			"DAM_lmp($/MWh)": 58.83658,
			"RTM_lmp($/MWh)": 22.61753
		},
		"20:00:00": {
			"DAM_lmp($/MWh)": 58.79483,
			"RTM_lmp($/MWh)": 40.0
		},
		"21:00:00": {
			"DAM_lmp($/MWh)": 45.31749,
			"RTM_lmp($/MWh)": 33.76594
		},
		"22:00:00": {
			"DAM_lmp($/MWh)": 35.37792,
			"RTM_lmp($/MWh)": 26.07792
		},
		"23:00:00": {
			"DAM_lmp($/MWh)": 26.21085,
			"RTM_lmp($/MWh)": 27.49162
		}
	},
	"2023-05-23": {
		"00:00:00": {
			"DAM_lmp($/MWh)": 23.82593,
			"RTM_lmp($/MWh)": 23.26073
		},
		"01:00:00": {
			"DAM_lmp($/MWh)": 20.25121,
			"RTM_lmp($/MWh)": 20.06696
		},
		"02:00:00": {
			"DAM_lmp($/MWh)": 18.50572,
			"RTM_lmp($/MWh)": 16.76314
		},
		"03:00:00": {
			"DAM_lmp($/MWh)": 16.53485,
			"RTM_lmp($/MWh)": 5.75168
		},
		"04:00:00": {
			"DAM_lmp($/MWh)": 20.07587,
			"RTM_lmp($/MWh)": 0.90692
		},
		"05:00:00": {
			"DAM_lmp($/MWh)": 29.17589,
			"RTM_lmp($/MWh)": 30.81135
		},
		"06:00:00": {
			"DAM_lmp($/MWh)": 29.68702,
			"RTM_lmp($/MWh)": 72.0
		},
		"07:00:00": {
			"DAM_lmp($/MWh)": 24.29692,
			"RTM_lmp($/MWh)": 18.0208
		},
		"08:00:00": {
			"DAM_lmp($/MWh)": 14.68527,
			"RTM_lmp($/MWh)": 12.8688
		},
		"09:00:00": {
			"DAM_lmp($/MWh)": 12.36324,
			"RTM_lmp($/MWh)": 12.94
		},
		"10:00:00": {
			"DAM_lmp($/MWh)": 7.14836,
			"RTM_lmp($/MWh)": 15.4
		},
		"11:00:00": {
			"DAM_lmp($/MWh)": 5.33937,
			"RTM_lmp($/MWh)": 14.7764
		},
		"12:00:00": {
			"DAM_lmp($/MWh)": 3.71235,
			"RTM_lmp($/MWh)": 13.81802
		},
		"13:00:00": {
			"DAM_lmp($/MWh)": 3.49481,
			"RTM_lmp($/MWh)": 14.07602
		},
		"14:00:00": {
			"DAM_lmp($/MWh)": 4.53968,
			"RTM_lmp($/MWh)": 9.9976
		},
		"15:00:00": {
			"DAM_lmp($/MWh)": 8.89245,
			"RTM_lmp($/MWh)": 4.9988
		},
		"16:00:00": {
			"DAM_lmp($/MWh)": 12.62054,
			"RTM_lmp($/MWh)": 4.95
		},
		"17:00:00": {
			"DAM_lmp($/MWh)": 22.99142,
			"RTM_lmp($/MWh)": 0.0
		},
		"18:00:00": {
			"DAM_lmp($/MWh)": 40.10115,
			"RTM_lmp($/MWh)": 11.88827
		},
		"19:00:00": {
			"DAM_lmp($/MWh)": 58.83658,
			"RTM_lmp($/MWh)": 22.61753
		},
		"20:00:00": {
			"DAM_lmp($/MWh)": 58.79483,
			"RTM_lmp($/MWh)": 40.0
		},
		"21:00:00": {
			"DAM_lmp($/MWh)": 45.31749,
			"RTM_lmp($/MWh)": 33.76594
		},
		"22:00:00": {
			"DAM_lmp($/MWh)": 35.37792,
			"RTM_lmp($/MWh)": 26.07792
		},
		"23:00:00": {
			"DAM_lmp($/MWh)": 26.21085,
			"RTM_lmp($/MWh)": 27.49162
		}
	}
}