{
	"2023-05-22": {
		"00:00:00": {
			"DAM_lmp($/MWh)": 18.83732,
			"RTM_lmp($/MWh)": 25.43894
		},
		"01:00:00": {
			"DAM_lmp($/MWh)": 14.7551,
			"RTM_lmp($/MWh)": 22.00437
		},
		"02:00:00": {
			"DAM_lmp($/MWh)": 11.61891,
			"RTM_lmp($/MWh)": 18.23262
		},
		"03:00:00": {
			"DAM_lmp($/MWh)": 9.1267,
			"RTM_lmp($/MWh)": 6.29375
		},
		"04:00:00": {
			"DAM_lmp($/MWh)": 13.58012,
			"RTM_lmp($/MWh)": 1.68147
		},
		"05:00:00": {
			"DAM_lmp($/MWh)": 25.98694,
			"RTM_lmp($/MWh)": 29.45066
		},
		"06:00:00": {
			"DAM_lmp($/MWh)": 24.47441,
			"RTM_lmp($/MWh)": 68.75934
		},
		"07:00:00": {
			"DAM_lmp($/MWh)": 23.89189,
			"RTM_lmp($/MWh)": 18.0208
		},
		"08:00:00": {
			"DAM_lmp($/MWh)": 12.47993,
			"RTM_lmp($/MWh)": 12.8688
		},
		"09:00:00": {
			"DAM_lmp($/MWh)": 9.39048,
			"RTM_lmp($/MWh)": 12.39389
		},
		"10:00:00": {
			"DAM_lmp($/MWh)": 6.40257,
			"RTM_lmp($/MWh)": 14.69609
		},
		"11:00:00": {
			"DAM_lmp($/MWh)": 4.76816,
			"RTM_lmp($/MWh)": 14.10101
		},
		"12:00:00": {
			"DAM_lmp($/MWh)": 2.01889,
			"RTM_lmp($/MWh)": 13.9535
		},
		"13:00:00": {
			"DAM_lmp($/MWh)": 1.95402,
			"RTM_lmp($/MWh)": 14.17716
		},
		"14:00:00": {
			"DAM_lmp($/MWh)": 3.95713,
			"RTM_lmp($/MWh)": 9.9976
		},
		"15:00:00": {
			"DAM_lmp($/MWh)": 6.66006,
			"RTM_lmp($/MWh)": 4.9988
		},
		"16:00:00": {
			"DAM_lmp($/MWh)": 11.15955,
			"RTM_lmp($/MWh)": 4.95
		},
		"17:00:00": {
			"DAM_lmp($/MWh)": 23.23324,
			"RTM_lmp($/MWh)": 0.0
		},
		"18:00:00": {
			"DAM_lmp($/MWh)": 42.51161,
			"RTM_lmp($/MWh)": 13.43197
		},
		"19:00:00": {
			"DAM_lmp($/MWh)": 62.52074,
			"RTM_lmp($/MWh)": 26.26747
		},
		"20:00:00": {
			"DAM_lmp($/MWh)": 62.48448,
			"RTM_lmp($/MWh)": 40.0
		},
		"21:00:00": {
			"DAM_lmp($/MWh)": 47.95827,
			"RTM_lmp($/MWh)": 39.56074
		},
		"22:00:00": {
			"DAM_lmp($/MWh)": 34.42763,
			"RTM_lmp($/MWh)": 30.20989
		},
		"23:00:00": {
			"DAM_lmp($/MWh)": 22.22124,
			"RTM_lmp($/MWh)": 23.19639
		}
	},
	"2023-05-23": {
		"00:00:00": {
			"DAM_lmp($/MWh)": 18.83732,
			"RTM_lmp($/MWh)": 25.43894
		},
		"01:00:00": {
			"DAM_lmp($/MWh)": 14.7551,
			"RTM_lmp($/MWh)": 22.00437
		},
		"02:00:00": {
			"DAM_lmp($/MWh)": 11.61891,
			"RTM_lmp($/MWh)": 18.23262
		},
		"03:00:00": {
			"DAM_lmp($/MWh)": 9.1267,
			"RTM_lmp($/MWh)": 6.29375
		},
		"04:00:00": {
			"DAM_lmp($/MWh)": 13.58012,
			"RTM_lmp($/MWh)": 1.68147
		},
		"05:00:00": {
			"DAM_lmp($/MWh)": 25.98694,
			"RTM_lmp($/MWh)": 29.45066
		},
		"06:00:00": {
			"DAM_lmp($/MWh)": 24.47441,
			"RTM_lmp($/MWh)": 68.75934
		},
		"07:00:00": {
			"DAM_lmp($/MWh)": 23.89189,
			"RTM_lmp($/MWh)": 18.0208
		},
		"08:00:00": {
			"DAM_lmp($/MWh)": 12.47993,
			"RTM_lmp($/MWh)": 12.8688
		},
		"09:00:00": {
			"DAM_lmp($/MWh)": 9.39048,
			"RTM_lmp($/MWh)": 12.39389
		},
		"10:00:00": {
			"DAM_lmp($/MWh)": 6.40257,
			"RTM_lmp($/MWh)": 14.69609
		},
		"11:00:00": {
			"DAM_lmp($/MWh)": 4.76816,
			"RTM_lmp($/MWh)": 14.10101
		},
		"12:00:00": {
			"DAM_lmp($/MWh)": 2.01889,
			"RTM_lmp($/MWh)": 13.9535
		},
		"13:00:00": {
			"DAM_lmp($/MWh)": 1.95402,
			"RTM_lmp($/MWh)": 14.17716
		},
		"14:00:00": {
			"DAM_lmp($/MWh)": 3.95713,
			"RTM_lmp($/MWh)": 9.9976
		},
		"15:00:00": {
			"DAM_lmp($/MWh)": 6.66006,
			"RTM_lmp($/MWh)": 4.9988
		},
		"16:00:00": {
			"DAM_lmp($/MWh)": 11.15955,
			"RTM_lmp($/MWh)": 4.95
		},
		"17:00:00": {
			"DAM_lmp($/MWh)": 23.23324,
			"RTM_lmp($/MWh)": 0.0
		},
		"18:00:00": {
			"DAM_lmp($/MWh)": 42.51161,
			"RTM_lmp($/MWh)": 13.43197
		},
		"19:00:00": {
			"DAM_lmp($/MWh)": 62.52074,
			"RTM_lmp($/MWh)": 26.26747
		},
		"20:00:00": {
			"DAM_lmp($/MWh)": 62.48448,
			"RTM_lmp($/MWh)": 40.0
		},
		"21:00:00": {
			"DAM_lmp($/MWh)": 47.95827,
			"RTM_lmp($/MWh)": 39.56074
		},
		"22:00:00": {
			"DAM_lmp($/MWh)": 34.42763,
			"RTM_lmp($/MWh)": 30.20989
		},
		"23:00:00": {
			"DAM_lmp($/MWh)": 22.22124,
			"RTM_lmp($/MWh)": 23.19639
		}
	}
}