{
	"2023-05-22": {
		"00:00:00": {
			"DAM_lmp($/MWh)": 0.42289,
			"RTM_lmp($/MWh)": 26.15196
		},
		"01:00:00": {
			"DAM_lmp($/MWh)": -1.00977,
			"RTM_lmp($/MWh)": 22.34663
		},
		"02:00:00": {
			"DAM_lmp($/MWh)": -6.12681,
			"RTM_lmp($/MWh)": 18.57964
		},
		"03:00:00": {
			"DAM_lmp($/MWh)": -6.95391,
			"RTM_lmp($/MWh)": 6.32328
		},
		"04:00:00": {
			"DAM_lmp($/MWh)": 6.94573,
			"RTM_lmp($/MWh)": 1.46841
		},
		"05:00:00": {
			"DAM_lmp($/MWh)": 24.86222,
			"RTM_lmp($/MWh)": 18.76137
		},
		"06:00:00": {
			"DAM_lmp($/MWh)": 25.83172,
			"RTM_lmp($/MWh)": 72.0
		},
		"07:00:00": {
			"DAM_lmp($/MWh)": 25.14581,
			"RTM_lmp($/MWh)": 18.0208
		},
		"08:00:00": {
			"DAM_lmp($/MWh)": 15.80095,
			"RTM_lmp($/MWh)": 12.8688
		},
		"09:00:00": {
			"DAM_lmp($/MWh)": 13.5199,
			"RTM_lmp($/MWh)": 12.94
		},
		"10:00:00": {
			"DAM_lmp($/MWh)": 9.35269,
			"RTM_lmp($/MWh)": 15.4
		},
		"11:00:00": {
			"DAM_lmp($/MWh)": 7.30778,
			"RTM_lmp($/MWh)": 14.7764
		},
		"12:00:00": {
			"DAM_lmp($/MWh)": 5.85359,
			"RTM_lmp($/MWh)": 14.60023
		},
		"13:00:00": {
			"DAM_lmp($/MWh)": 5.71551,
			"RTM_lmp($/MWh)": 14.84354
		},
		"14:00:00": {
			"DAM_lmp($/MWh)": 6.88321,
			"RTM_lmp($/MWh)": 9.9976
		},
		"15:00:00": {
			"DAM_lmp($/MWh)": 9.94049,
			"RTM_lmp($/MWh)": 4.9988
		},
		"16:00:00": {
			"DAM_lmp($/MWh)": 13.9479,
			"RTM_lmp($/MWh)": 4.95
		},
		"17:00:00": {
			"DAM_lmp($/MWh)": 25.01298,
			"RTM_lmp($/MWh)": 0.0
		},
		"18:00:00": {
			"DAM_lmp($/MWh)": 39.87947,
			"RTM_lmp($/MWh)": 13.57048
		},
		"19:00:00": {
			"DAM_lmp($/MWh)": 65.20306,
			"RTM_lmp($/MWh)": 26.84232
		},
		"20:00:00": {
			"DAM_lmp($/MWh)": 50.94137,
			"RTM_lmp($/MWh)": 40.0
		},
		"21:00:00": {
			"DAM_lmp($/MWh)": 39.00547,
			"RTM_lmp($/MWh)": 40.9958
		},
		"22:00:00": {
			"DAM_lmp($/MWh)": 20.60535,
			"RTM_lmp($/MWh)": 30.44228
		},
		"23:00:00": {
			"DAM_lmp($/MWh)": 15.00295,
			"RTM_lmp($/MWh)": 30.99949
		}
	},
	"2023-05-23": {
		"00:00:00": {
			"DAM_lmp($/MWh)": 0.42289,
			"RTM_lmp($/MWh)": 26.15196
		},
		"01:00:00": {
			"DAM_lmp($/MWh)": -1.00977,
			"RTM_lmp($/MWh)": 22.34663
		},
		"02:00:00": {
			"DAM_lmp($/MWh)": -6.12681,
			"RTM_lmp($/MWh)": 18.57964
		},
		"03:00:00": {
			"DAM_lmp($/MWh)": -6.95391,
			"RTM_lmp($/MWh)": 6.32328
		},
		"04:00:00": {
			"DAM_lmp($/MWh)": 6.94573,
			"RTM_lmp($/MWh)": 1.46841
		},
		"05:00:00": {
			"DAM_lmp($/MWh)": 24.86222,
			"RTM_lmp($/MWh)": 18.76137
		},
		"06:00:00": {
			"DAM_lmp($/MWh)": 25.83172,
			"RTM_lmp($/MWh)": 72.0
		},
		"07:00:00": {
			"DAM_lmp($/MWh)": 25.14581,
			"RTM_lmp($/MWh)": 18.0208
		},
		"08:00:00": {
			"DAM_lmp($/MWh)": 15.80095,
			"RTM_lmp($/MWh)": 12.8688
		},
		"09:00:00": {
			"DAM_lmp($/MWh)": 13.5199,
			"RTM_lmp($/MWh)": 12.94
		},
		"10:00:00": {
			"DAM_lmp($/MWh)": 9.35269,
			"RTM_lmp($/MWh)": 15.4
		},
		"11:00:00": {
			"DAM_lmp($/MWh)": 7.30778,
			"RTM_lmp($/MWh)": 14.7764
		},
		"12:00:00": {
			"DAM_lmp($/MWh)": 5.85359,
			"RTM_lmp($/MWh)": 14.60023
		},
		"13:00:00": {
			"DAM_lmp($/MWh)": 5.71551,
			"RTM_lmp($/MWh)": 14.84354
		},
		"14:00:00": {
			"DAM_lmp($/MWh)": 6.88321,
			"RTM_lmp($/MWh)": 9.9976
		},
		"15:00:00": {
			"DAM_lmp($/MWh)": 9.94049,
			"RTM_lmp($/MWh)": 4.9988
		},
		"16:00:00": {
			"DAM_lmp($/MWh)": 13.9479,
			"RTM_lmp($/MWh)": 4.95
		},
		"17:00:00": {
			"DAM_lmp($/MWh)": 25.01298,
			"RTM_lmp($/MWh)": 0.0
		},
		"18:00:00": {
			"DAM_lmp($/MWh)": 39.87947,
			"RTM_lmp($/MWh)": 13.57048
		},
		"19:00:00": {
			"DAM_lmp($/MWh)": 65.20306,
			"RTM_lmp($/MWh)": 26.84232
		},
		"20:00:00": {
			"DAM_lmp($/MWh)": 50.94137,
			"RTM_lmp($/MWh)": 40.0
		},
		"21:00:00": {
			"DAM_lmp($/MWh)": 39.00547,
			"RTM_lmp($/MWh)": 40.9958
		},
		"22:00:00": {
			"DAM_lmp($/MWh)": 20.60535,
			"RTM_lmp($/MWh)": 30.44228
		},
		"23:00:00": {
			"DAM_lmp($/MWh)": 15.00295,
			"RTM_lmp($/MWh)": 30.99949
		}
	}
}