{
	"2023-05-22": {
		"00:00:00": {
			"DAM_lmp($/MWh)": 15.75156,
			"RTM_lmp($/MWh)": 24.73889
		},
		"01:00:00": {
			"DAM_lmp($/MWh)": 11.58783,
			"RTM_lmp($/MWh)": 21.38143
		},
		"02:00:00": {
			"DAM_lmp($/MWh)": 8.0532,
			"RTM_lmp($/MWh)": 17.7074
		},
		"03:00:00": {
			"DAM_lmp($/MWh)": 5.39758,
			"RTM_lmp($/MWh)": 6.10187
		},
		"04:00:00": {
			"DAM_lmp($/MWh)": 9.98995,
			"RTM_lmp($/MWh)": 1.59742
		},
		"05:00:00": {
			"DAM_lmp($/MWh)": 23.57738,
			"RTM_lmp($/MWh)": 28.89402
		},
		"06:00:00": {
			"DAM_lmp($/MWh)": 20.99417,
			"RTM_lmp($/MWh)": 67.43361
		},
		"07:00:00": {
			"DAM_lmp($/MWh)": 23.04904,
			"RTM_lmp($/MWh)": 18.0208
		},
		"08:00:00": {
			"DAM_lmp($/MWh)": 11.41303,
			"RTM_lmp($/MWh)": 12.8688
		},
		"09:00:00": {
			"DAM_lmp($/MWh)": 8.95967,
			"RTM_lmp($/MWh)": 12.14565
		},
		"10:00:00": {
			"DAM_lmp($/MWh)": 5.81655,
			"RTM_lmp($/MWh)": 14.37613
		},
		"11:00:00": {
			"DAM_lmp($/MWh)": 4.18763,
			"RTM_lmp($/MWh)": 13.79402
		},
		"12:00:00": {
			"DAM_lmp($/MWh)": 1.08818,
			"RTM_lmp($/MWh)": 13.55455
		},
		"13:00:00": {
			"DAM_lmp($/MWh)": 1.12567,
			"RTM_lmp($/MWh)": 13.77995
		},
		"14:00:00": {
			"DAM_lmp($/MWh)": 3.55166,
			"RTM_lmp($/MWh)": 9.9976
		},
		"15:00:00": {
			"DAM_lmp($/MWh)": 6.15133,
			"RTM_lmp($/MWh)": 4.9988
		},
		"16:00:00": {
			"DAM_lmp($/MWh)": 10.73523,
			"RTM_lmp($/MWh)": 4.95
		},
		"17:00:00": {
			"DAM_lmp($/MWh)": 22.53298,
			"RTM_lmp($/MWh)": 0.0
		},
		"18:00:00": {
			"DAM_lmp($/MWh)": 39.71631,
			"RTM_lmp($/MWh)": 13.2806
		},
		"19:00:00": {
			"DAM_lmp($/MWh)": 60.5664,
			"RTM_lmp($/MWh)": 25.94841
		},
		"20:00:00": {
			"DAM_lmp($/MWh)": 59.9468,
			"RTM_lmp($/MWh)": 40.0
		},
		"21:00:00": {
			"DAM_lmp($/MWh)": 45.2599,
			"RTM_lmp($/MWh)": 38.90195
		},
		"22:00:00": {
			"DAM_lmp($/MWh)": 31.43434,
			"RTM_lmp($/MWh)": 29.79287
		},
		"23:00:00": {
			"DAM_lmp($/MWh)": 19.58121,
			"RTM_lmp($/MWh)": 19.1585
		}
	},
	"2023-05-23": {
		"00:00:00": {
			"DAM_lmp($/MWh)": 15.75156,
			"RTM_lmp($/MWh)": 24.73889
		},
		"01:00:00": {
			"DAM_lmp($/MWh)": 11.58783,
			"RTM_lmp($/MWh)": 21.38143
		},
		"02:00:00": {
			"DAM_lmp($/MWh)": 8.0532,
			"RTM_lmp($/MWh)": 17.7074
		},
		"03:00:00": {
			"DAM_lmp($/MWh)": 5.39758,
			"RTM_lmp($/MWh)": 6.10187
		},
		"04:00:00": {
			"DAM_lmp($/MWh)": 9.98995,
			"RTM_lmp($/MWh)": 1.59742
		},
		"05:00:00": {
			"DAM_lmp($/MWh)": 23.57738,
			"RTM_lmp($/MWh)": 28.89402
		},
		"06:00:00": {
			"DAM_lmp($/MWh)": 20.99417,
			"RTM_lmp($/MWh)": 67.43361
		},
		"07:00:00": {
			"DAM_lmp($/MWh)": 23.04904,
			"RTM_lmp($/MWh)": 18.0208
		},
		"08:00:00": {
			"DAM_lmp($/MWh)": 11.41303,
			"RTM_lmp($/MWh)": 12.8688
		},
		"09:00:00": {
			"DAM_lmp($/MWh)": 8.95967,
			"RTM_lmp($/MWh)": 12.14565
		},
		"10:00:00": {
			"DAM_lmp($/MWh)": 5.81655,
			"RTM_lmp($/MWh)": 14.37613
		},
		"11:00:00": {
			"DAM_lmp($/MWh)": 4.18763,
			"RTM_lmp($/MWh)": 13.79402
		},
		"12:00:00": {
			"DAM_lmp($/MWh)": 1.08818,
			"RTM_lmp($/MWh)": 13.55455
		},
		"13:00:00": {
			"DAM_lmp($/MWh)": 1.12567,
			"RTM_lmp($/MWh)": 13.77995
		},
		"14:00:00": {
			"DAM_lmp($/MWh)": 3.55166,
			"RTM_lmp($/MWh)": 9.9976
		},
		"15:00:00": {
			"DAM_lmp($/MWh)": 6.15133,
			"RTM_lmp($/MWh)": 4.9988
		},
		"16:00:00": {
			"DAM_lmp($/MWh)": 10.73523,
			"RTM_lmp($/MWh)": 4.95
		},
		"17:00:00": {
			"DAM_lmp($/MWh)": 22.53298,
			"RTM_lmp($/MWh)": 0.0
		},
		"18:00:00": {
			"DAM_lmp($/MWh)": 39.71631,
			"RTM_lmp($/MWh)": 13.2806
		},
		"19:00:00": {
			"DAM_lmp($/MWh)": 60.5664,
			"RTM_lmp($/MWh)": 25.94841
		},
		"20:00:00": {
			"DAM_lmp($/MWh)": 59.9468,
			"RTM_lmp($/MWh)": 40.0
		},
		"21:00:00": {
			"DAM_lmp($/MWh)": 45.2599,
			"RTM_lmp($/MWh)": 38.90195
		},
		"22:00:00": {
			"DAM_lmp($/MWh)": 31.43434,
			"RTM_lmp($/MWh)": 29.79287
		},
		"23:00:00": {
			"DAM_lmp($/MWh)": 19.58121,
			"RTM_lmp($/MWh)": 19.1585
		}
	}
}