{
	"2023-05-22": {
		"00:00:00": {
			"DAM_lmp($/MWh)": 30.16695,
			"RTM_lmp($/MWh)": 29.56111
		},
		"01:00:00": {
			"DAM_lmp($/MWh)": 26.38548,
			"RTM_lmp($/MWh)": 25.78095
		},
		"02:00:00": {
			"DAM_lmp($/MWh)": 25.06034,
			"RTM_lmp($/MWh)": 21.36289
		},
		"03:00:00": {
			"DAM_lmp($/MWh)": 23.21581,
			"RTM_lmp($/MWh)": 23.89434
		},
		"04:00:00": {
			"DAM_lmp($/MWh)": 26.97523,
			"RTM_lmp($/MWh)": 20.95869
		},
		"05:00:00": {
			"DAM_lmp($/MWh)": 35.06979,
			"RTM_lmp($/MWh)": 30.81135
		},
		"06:00:00": {
			"DAM_lmp($/MWh)": 36.4609,
			"RTM_lmp($/MWh)": 72.0
		},
		"07:00:00": {
			"DAM_lmp($/MWh)": 25.83165,
			"RTM_lmp($/MWh)": 18.0208
		},
		"08:00:00": {
			"DAM_lmp($/MWh)": 13.54835,
			"RTM_lmp($/MWh)": 12.8688
		},
		"09:00:00": {
			"DAM_lmp($/MWh)": 10.8531,
			"RTM_lmp($/MWh)": 12.94
		},
		"10:00:00": {
			"DAM_lmp($/MWh)": 6.25761,
			"RTM_lmp($/MWh)": 15.4
		},
		"11:00:00": {
			"DAM_lmp($/MWh)": 6.06506,
			"RTM_lmp($/MWh)": 14.7764
		},
		"12:00:00": {
			"DAM_lmp($/MWh)": 4.01335,
			"RTM_lmp($/MWh)": 15.77509
		},
		"13:00:00": {
			"DAM_lmp($/MWh)": 2.15305,
			"RTM_lmp($/MWh)": 16.13374
		},
		"14:00:00": {
			"DAM_lmp($/MWh)": 4.73718,
			"RTM_lmp($/MWh)": 9.9976
		},
		"15:00:00": {
			"DAM_lmp($/MWh)": 7.66022,
			"RTM_lmp($/MWh)": 4.9988
		},
		"16:00:00": {
			"DAM_lmp($/MWh)": 11.91037,
			"RTM_lmp($/MWh)": 4.95
		},
		"17:00:00": {
			"DAM_lmp($/MWh)": 24.8636,
			"RTM_lmp($/MWh)": 0.0
		},
		"18:00:00": {
			"DAM_lmp($/MWh)": 43.83516,
			"RTM_lmp($/MWh)": 14.67863
		},
		"19:00:00": {
			"DAM_lmp($/MWh)": 64.73769,
			"RTM_lmp($/MWh)": 27.84076
		},
		"20:00:00": {
			"DAM_lmp($/MWh)": 64.72416,
			"RTM_lmp($/MWh)": 40.0
		},
		"21:00:00": {
			"DAM_lmp($/MWh)": 50.11981,
			"RTM_lmp($/MWh)": 42.46863
		},
		"22:00:00": {
			"DAM_lmp($/MWh)": 40.77443,
			"RTM_lmp($/MWh)": 32.45415
		},
		"23:00:00": {
			"DAM_lmp($/MWh)": 32.29794,
			"RTM_lmp($/MWh)": 34.13199
		}
	},
	"2023-05-23": {
		"00:00:00": {
			"DAM_lmp($/MWh)": 30.16695,
			"RTM_lmp($/MWh)": 29.56111
		},
		"01:00:00": {
			"DAM_lmp($/MWh)": 26.38548,
			"RTM_lmp($/MWh)": 25.78095
		},
		"02:00:00": {
			"DAM_lmp($/MWh)": 25.06034,
			"RTM_lmp($/MWh)": 21.36289
		},
		"03:00:00": {
			"DAM_lmp($/MWh)": 23.21581,
			"RTM_lmp($/MWh)": 23.89434
		},
		"04:00:00": {
			"DAM_lmp($/MWh)": 26.97523,
			"RTM_lmp($/MWh)": 20.95869
		},
		"05:00:00": {
			"DAM_lmp($/MWh)": 35.06979,
			"RTM_lmp($/MWh)": 30.81135
		},
		"06:00:00": {
			"DAM_lmp($/MWh)": 36.4609,
			"RTM_lmp($/MWh)": 72.0
		},
		"07:00:00": {
			"DAM_lmp($/MWh)": 25.83165,
			"RTM_lmp($/MWh)": 18.0208
		},
		"08:00:00": {
			"DAM_lmp($/MWh)": 13.54835,
			"RTM_lmp($/MWh)": 12.8688
		},
		"09:00:00": {
			"DAM_lmp($/MWh)": 10.8531,
			"RTM_lmp($/MWh)": 12.94
		},
		"10:00:00": {
			"DAM_lmp($/MWh)": 6.25761,
			"RTM_lmp($/MWh)": 15.4
		},
		"11:00:00": {
			"DAM_lmp($/MWh)": 6.06506,
			"RTM_lmp($/MWh)": 14.7764
		},
		"12:00:00": {
			"DAM_lmp($/MWh)": 4.01335,
			"RTM_lmp($/MWh)": 15.77509
		},
		"13:00:00": {
			"DAM_lmp($/MWh)": 2.15305,
			"RTM_lmp($/MWh)": 16.13374
		},
		"14:00:00": {
			"DAM_lmp($/MWh)": 4.73718,
			"RTM_lmp($/MWh)": 9.9976
		},
		"15:00:00": {
			"DAM_lmp($/MWh)": 7.66022,
			"RTM_lmp($/MWh)": 4.9988
		},
		"16:00:00": {
			"DAM_lmp($/MWh)": 11.91037,
			"RTM_lmp($/MWh)": 4.95
		},
		"17:00:00": {
			"DAM_lmp($/MWh)": 24.8636,
			"RTM_lmp($/MWh)": 0.0
		},
		"18:00:00": {
			"DAM_lmp($/MWh)": 43.83516,
			"RTM_lmp($/MWh)": 14.67863
		},
		"19:00:00": {
			"DAM_lmp($/MWh)": 64.73769,
			"RTM_lmp($/MWh)": 27.84076
		},
		"20:00:00": {
			"DAM_lmp($/MWh)": 64.72416,
			"RTM_lmp($/MWh)": 40.0
		},
		"21:00:00": {
			"DAM_lmp($/MWh)": 50.11981,
			"RTM_lmp($/MWh)": 42.46863
		},
		"22:00:00": {
			"DAM_lmp($/MWh)": 40.77443,
			"RTM_lmp($/MWh)": 32.45415
		},
		"23:00:00": {
			"DAM_lmp($/MWh)": 32.29794,
			"RTM_lmp($/MWh)": 34.13199
		}
	}
}