{
	"2023-05-22": {
		"00:00:00": {
			"DAM_lmp($/MWh)": 47.45554,
			"RTM_lmp($/MWh)": 28.58503
		},
		"01:00:00": {
			"DAM_lmp($/MWh)": 45.20945,
			"RTM_lmp($/MWh)": 24.49277
		},
		"02:00:00": {
			"DAM_lmp($/MWh)": 48.34907,
			"RTM_lmp($/MWh)": 20.53571
		},
		"03:00:00": {
			"DAM_lmp($/MWh)": 48.17751,
			"RTM_lmp($/MWh)": 6.64232
		},
		"04:00:00": {
			"DAM_lmp($/MWh)": 48.79366,
			"RTM_lmp($/MWh)": 1.76121
		},
		"05:00:00": {
			"DAM_lmp($/MWh)": 44.73021,
			"RTM_lmp($/MWh)": 30.81135
		},
		"06:00:00": {
			"DAM_lmp($/MWh)": 54.23057,
			"RTM_lmp($/MWh)": 72.0
		},
		"07:00:00": {
			"DAM_lmp($/MWh)": 25.57284,
			"RTM_lmp($/MWh)": 18.0208
		},
		"08:00:00": {
			"DAM_lmp($/MWh)": 5.92848,
			"RTM_lmp($/MWh)": 12.8688
		},
		"09:00:00": {
			"DAM_lmp($/MWh)": 2.38268,
			"RTM_lmp($/MWh)": 12.94
		},
		"10:00:00": {
			"DAM_lmp($/MWh)": 2.35598,
			"RTM_lmp($/MWh)": 15.4
		},
		"11:00:00": {
			"DAM_lmp($/MWh)": 1.35246,
			"RTM_lmp($/MWh)": 3.80971
		},
		"12:00:00": {
			"DAM_lmp($/MWh)": -0.84084,
			"RTM_lmp($/MWh)": 14.43548
		},
		"13:00:00": {
			"DAM_lmp($/MWh)": -1.56107,
			"RTM_lmp($/MWh)": 14.72425
		},
		"14:00:00": {
			"DAM_lmp($/MWh)": -0.45733,
			"RTM_lmp($/MWh)": 9.9976
		},
		"15:00:00": {
			"DAM_lmp($/MWh)": 2.51961,
			"RTM_lmp($/MWh)": 4.9988
		},
		"16:00:00": {
			"DAM_lmp($/MWh)": 7.72296,
			"RTM_lmp($/MWh)": 4.95
		},
		"17:00:00": {
			"DAM_lmp($/MWh)": 24.58974,
			"RTM_lmp($/MWh)": 0.0
		},
		"18:00:00": {
			"DAM_lmp($/MWh)": 44.94835,
			"RTM_lmp($/MWh)": 13.76327
		},
		"19:00:00": {
			"DAM_lmp($/MWh)": 64.51794,
			"RTM_lmp($/MWh)": 27.65648
		},
		"20:00:00": {
			"DAM_lmp($/MWh)": 64.2581,
			"RTM_lmp($/MWh)": 40.0
		},
		"21:00:00": {
			"DAM_lmp($/MWh)": 51.07827,
			"RTM_lmp($/MWh)": 43.62675
		},
		"22:00:00": {
			"DAM_lmp($/MWh)": 47.4393,
			"RTM_lmp($/MWh)": 32.58466
		},
		"23:00:00": {
			"DAM_lmp($/MWh)": 46.54678,
			"RTM_lmp($/MWh)": 33.53738
		}
	},
	"2023-05-23": {
		"00:00:00": {
			"DAM_lmp($/MWh)": 47.45554,
			"RTM_lmp($/MWh)": 28.58503
		},
		"01:00:00": {
			"DAM_lmp($/MWh)": 45.20945,
			"RTM_lmp($/MWh)": 24.49277
		},
		"02:00:00": {
			"DAM_lmp($/MWh)": 48.34907,
			"RTM_lmp($/MWh)": 20.53571
		},
		"03:00:00": {
			"DAM_lmp($/MWh)": 48.17751,
			"RTM_lmp($/MWh)": 6.64232
		},
		"04:00:00": {
			"DAM_lmp($/MWh)": 48.79366,
			"RTM_lmp($/MWh)": 1.76121
		},
		"05:00:00": {
			"DAM_lmp($/MWh)": 44.73021,
			"RTM_lmp($/MWh)": 30.81135
		},
		"06:00:00": {
			"DAM_lmp($/MWh)": 54.23057,
			"RTM_lmp($/MWh)": 72.0
		},
		"07:00:00": {
			"DAM_lmp($/MWh)": 25.57284,
			"RTM_lmp($/MWh)": 18.0208
		},
		"08:00:00": {
			"DAM_lmp($/MWh)": 5.92848,
			"RTM_lmp($/MWh)": 12.8688
		},
		"09:00:00": {
			"DAM_lmp($/MWh)": 2.38268,
			"RTM_lmp($/MWh)": 12.94
		},
		"10:00:00": {
			"DAM_lmp($/MWh)": 2.35598,
			"RTM_lmp($/MWh)": 15.4
		},
		"11:00:00": {
			"DAM_lmp($/MWh)": 1.35246,
			"RTM_lmp($/MWh)": 3.80971
		},
		"12:00:00": {
			"DAM_lmp($/MWh)": -0.84084,
			"RTM_lmp($/MWh)": 14.43548
		},
		"13:00:00": {
			"DAM_lmp($/MWh)": -1.56107,
			"RTM_lmp($/MWh)": 14.72425
		},
		"14:00:00": {
			"DAM_lmp($/MWh)": -0.45733,
			"RTM_lmp($/MWh)": 9.9976
		},
		"15:00:00": {
			"DAM_lmp($/MWh)": 2.51961,
			"RTM_lmp($/MWh)": 4.9988
		},
		"16:00:00": {
			"DAM_lmp($/MWh)": 7.72296,
			"RTM_lmp($/MWh)": 4.95
		},
		"17:00:00": {
			"DAM_lmp($/MWh)": 24.58974,
			"RTM_lmp($/MWh)": 0.0
		},
		"18:00:00": {
			"DAM_lmp($/MWh)": 44.94835,
			"RTM_lmp($/MWh)": 13.76327
		},
		"19:00:00": {
			"DAM_lmp($/MWh)": 64.51794,
			"RTM_lmp($/MWh)": 27.65648
		},
		"20:00:00": {
			"DAM_lmp($/MWh)": 64.2581,
			"RTM_lmp($/MWh)": 40.0
		},
		"21:00:00": {
			"DAM_lmp($/MWh)": 51.07827,
			"RTM_lmp($/MWh)": 43.62675
		},
		"22:00:00": {
			"DAM_lmp($/MWh)": 47.4393,
			"RTM_lmp($/MWh)": 32.58466
		},
		"23:00:00": {
			"DAM_lmp($/MWh)": 46.54678,
			"RTM_lmp($/MWh)": 33.53738
		}
	}
}