{
	"2023-05-22": {
		"00:00:00": {
			"DAM_lmp($/MWh)": 30.24081,
			"RTM_lmp($/MWh)": 29.66355
		},
		"01:00:00": {
			"DAM_lmp($/MWh)": 26.18377,
			"RTM_lmp($/MWh)": 25.48425
		},
		"02:00:00": {
			"DAM_lmp($/MWh)": 25.39952,
			"RTM_lmp($/MWh)": 21.02627
		},
		"03:00:00": {
			"DAM_lmp($/MWh)": 23.94102,
			"RTM_lmp($/MWh)": 22.97536
		},
		"04:00:00": {
			"DAM_lmp($/MWh)": 27.9391,
			"RTM_lmp($/MWh)": 20.25766
		},
		"05:00:00": {
			"DAM_lmp($/MWh)": 36.35927,
			"RTM_lmp($/MWh)": 30.81135
		},
		"06:00:00": {
			"DAM_lmp($/MWh)": 31.15455,
			"RTM_lmp($/MWh)": 72.0
		},
		"07:00:00": {
			"DAM_lmp($/MWh)": 22.23681,
			"RTM_lmp($/MWh)": 18.0208
		},
		"08:00:00": {
			"DAM_lmp($/MWh)": 14.06694,
			"RTM_lmp($/MWh)": 12.8688
		},
		"09:00:00": {
			"DAM_lmp($/MWh)": 2.21,
			"RTM_lmp($/MWh)": 12.94
		},
		"10:00:00": {
			"DAM_lmp($/MWh)": -6.14803,
			"RTM_lmp($/MWh)": 15.4
		},
		"11:00:00": {
			"DAM_lmp($/MWh)": -8.41,
			"RTM_lmp($/MWh)": 14.7764
		},
		"12:00:00": {
			"DAM_lmp($/MWh)": -10.61,
			"RTM_lmp($/MWh)": 14.85738
		},
		"13:00:00": {
			"DAM_lmp($/MWh)": -10.73,
			"RTM_lmp($/MWh)": 15.0366
		},
		"14:00:00": {
			"DAM_lmp($/MWh)": -10.43375,
			"RTM_lmp($/MWh)": 9.9976
		},
		"15:00:00": {
			"DAM_lmp($/MWh)": 5.36007,
			"RTM_lmp($/MWh)": 4.9988
		},
		"16:00:00": {
			"DAM_lmp($/MWh)": -2.93597,
			"RTM_lmp($/MWh)": 4.95
		},
		"17:00:00": {
			"DAM_lmp($/MWh)": 21.15908,
			"RTM_lmp($/MWh)": 0.0
		},
		"18:00:00": {
			"DAM_lmp($/MWh)": 33.15029,
			"RTM_lmp($/MWh)": 13.25918
		},
		"19:00:00": {
			"DAM_lmp($/MWh)": 61.38317,
			"RTM_lmp($/MWh)": 24.97197
		},
		"20:00:00": {
			"DAM_lmp($/MWh)": 59.94057,
			"RTM_lmp($/MWh)": 40.0
		},
		"21:00:00": {
			"DAM_lmp($/MWh)": 47.24441,
			"RTM_lmp($/MWh)": 38.48654
		},
		"22:00:00": {
			"DAM_lmp($/MWh)": 38.77382,
			"RTM_lmp($/MWh)": 29.31537
		},
		"23:00:00": {
			"DAM_lmp($/MWh)": 30.32964,
			"RTM_lmp($/MWh)": 31.08254
		}
	},
	"2023-05-23": {
		"00:00:00": {
			"DAM_lmp($/MWh)": 30.24081,
			"RTM_lmp($/MWh)": 29.66355
		},
		"01:00:00": {
			"DAM_lmp($/MWh)": 26.18377,
			"RTM_lmp($/MWh)": 25.48425
		},
		"02:00:00": {
			"DAM_lmp($/MWh)": 25.39952,
			"RTM_lmp($/MWh)": 21.02627
		},
		"03:00:00": {
			"DAM_lmp($/MWh)": 23.94102,
			"RTM_lmp($/MWh)": 22.97536
		},
		"04:00:00": {
			"DAM_lmp($/MWh)": 27.9391,
			"RTM_lmp($/MWh)": 20.25766
		},
		"05:00:00": {
			"DAM_lmp($/MWh)": 36.35927,
			"RTM_lmp($/MWh)": 30.81135
		},
		"06:00:00": {
			"DAM_lmp($/MWh)": 31.15455,
			"RTM_lmp($/MWh)": 72.0
		},
		"07:00:00": {
			"DAM_lmp($/MWh)": 22.23681,
			"RTM_lmp($/MWh)": 18.0208
		},
		"08:00:00": {
			"DAM_lmp($/MWh)": 14.06694,
			"RTM_lmp($/MWh)": 12.8688
		},
		"09:00:00": {
			"DAM_lmp($/MWh)": 2.21,
			"RTM_lmp($/MWh)": 12.94
		},
		"10:00:00": {
			"DAM_lmp($/MWh)": -6.14803,
			"RTM_lmp($/MWh)": 15.4
		},
		"11:00:00": {
			"DAM_lmp($/MWh)": -8.41,
			"RTM_lmp($/MWh)": 14.7764
		},
		"12:00:00": {
			"DAM_lmp($/MWh)": -10.61,
			"RTM_lmp($/MWh)": 14.85738
		},
		"13:00:00": {
			"DAM_lmp($/MWh)": -10.73,
			"RTM_lmp($/MWh)": 15.0366
		},
		"14:00:00": {
			"DAM_lmp($/MWh)": -10.43375,
			"RTM_lmp($/MWh)": 9.9976
		},
		"15:00:00": {
			"DAM_lmp($/MWh)": 5.36007,
			"RTM_lmp($/MWh)": 4.9988
		},
		"16:00:00": {
			"DAM_lmp($/MWh)": -2.93597,
			"RTM_lmp($/MWh)": 4.95
		},
		"17:00:00": {
			"DAM_lmp($/MWh)": 21.15908,
			"RTM_lmp($/MWh)": 0.0
		},
		"18:00:00": {
			"DAM_lmp($/MWh)": 33.15029,
			"RTM_lmp($/MWh)": 13.25918
		},
		"19:00:00": {
			"DAM_lmp($/MWh)": 61.38317,
			"RTM_lmp($/MWh)": 24.97197
		},
		"20:00:00": {
			"DAM_lmp($/MWh)": 59.94057,
			"RTM_lmp($/MWh)": 40.0
		},
		"21:00:00": {
			"DAM_lmp($/MWh)": 47.24441,
			"RTM_lmp($/MWh)": 38.48654
		},
		"22:00:00": {
			"DAM_lmp($/MWh)": 38.77382,
			"RTM_lmp($/MWh)": 29.31537
		},
		"23:00:00": {
			"DAM_lmp($/MWh)": 30.32964,
			"RTM_lmp($/MWh)": 31.08254
		}
	}
}