{
	"2023-05-22": {
		"00:00:00": {
			"DAM_lmp($/MWh)": 24.2979,
			"RTM_lmp($/MWh)": 23.95793
		},
		"01:00:00": {
			"DAM_lmp($/MWh)": 20.6467,
			"RTM_lmp($/MWh)": 20.65542
		},
		"02:00:00": {
			"DAM_lmp($/MWh)": 18.77104,
			"RTM_lmp($/MWh)": 17.28654
		},
		"03:00:00": {
			"DAM_lmp($/MWh)": 16.74192,
			"RTM_lmp($/MWh)": 6.00287
		},
		"04:00:00": {
			"DAM_lmp($/MWh)": 20.47907,
			"RTM_lmp($/MWh)": 1.13871
		},
		"05:00:00": {
			"DAM_lmp($/MWh)": 29.7835,
			"RTM_lmp($/MWh)": 30.81135
		},
		"06:00:00": {
			"DAM_lmp($/MWh)": 30.38356,
			"RTM_lmp($/MWh)": 72.0
		},
		"07:00:00": {
			"DAM_lmp($/MWh)": 24.63078,
			"RTM_lmp($/MWh)": 18.0208
		},
		"08:00:00": {
			"DAM_lmp($/MWh)": 14.83312,
			"RTM_lmp($/MWh)": 12.8688
		},
		"09:00:00": {
			"DAM_lmp($/MWh)": 12.46509,
			"RTM_lmp($/MWh)": 12.94
		},
		"10:00:00": {
			"DAM_lmp($/MWh)": 7.18937,
			"RTM_lmp($/MWh)": 15.4
		},
		"11:00:00": {
			"DAM_lmp($/MWh)": 5.36793,
			"RTM_lmp($/MWh)": 14.7764
		},
		"12:00:00": {
			"DAM_lmp($/MWh)": 3.73328,
			"RTM_lmp($/MWh)": 13.972
		},
		"13:00:00": {
			"DAM_lmp($/MWh)": 3.5161,
			"RTM_lmp($/MWh)": 14.23768
		},
		"14:00:00": {
			"DAM_lmp($/MWh)": 4.57014,
			"RTM_lmp($/MWh)": 9.9976
		},
		"15:00:00": {
			"DAM_lmp($/MWh)": 8.95339,
			"RTM_lmp($/MWh)": 4.9988
		},
		"16:00:00": {
			"DAM_lmp($/MWh)": 12.74412,
			"RTM_lmp($/MWh)": 4.95
		},
		"17:00:00": {
			"DAM_lmp($/MWh)": 23.45947,
			"RTM_lmp($/MWh)": 0.0
		},
		"18:00:00": {
			"DAM_lmp($/MWh)": 41.10916,
			"RTM_lmp($/MWh)": 12.19102
		},
		"19:00:00": {
			"DAM_lmp($/MWh)": 60.37488,
			"RTM_lmp($/MWh)": 23.27765
		},
		"20:00:00": {
			"DAM_lmp($/MWh)": 60.30953,
			"RTM_lmp($/MWh)": 40.0
		},
		"21:00:00": {
			"DAM_lmp($/MWh)": 46.45567,
			"RTM_lmp($/MWh)": 34.94085
		},
		"22:00:00": {
			"DAM_lmp($/MWh)": 36.12114,
			"RTM_lmp($/MWh)": 26.88649
		},
		"23:00:00": {
			"DAM_lmp($/MWh)": 26.74577,
			"RTM_lmp($/MWh)": 28.1726
		}
	},
	"2023-05-23": {
		"00:00:00": {
			"DAM_lmp($/MWh)": 24.2979,
			"RTM_lmp($/MWh)": 23.95793
		},
		"01:00:00": {
			"DAM_lmp($/MWh)": 20.6467,
			"RTM_lmp($/MWh)": 20.65542
		},
		"02:00:00": {
			"DAM_lmp($/MWh)": 18.77104,
			"RTM_lmp($/MWh)": 17.28654
		},
		"03:00:00": {
			"DAM_lmp($/MWh)": 16.74192,
			"RTM_lmp($/MWh)": 6.00287
		},
		"04:00:00": {
			"DAM_lmp($/MWh)": 20.47907,
			"RTM_lmp($/MWh)": 1.13871
		},
		"05:00:00": {
			"DAM_lmp($/MWh)": 29.7835,
			"RTM_lmp($/MWh)": 30.81135
		},
		"06:00:00": {
			"DAM_lmp($/MWh)": 30.38356,
			"RTM_lmp($/MWh)": 72.0
		},
		"07:00:00": {
			"DAM_lmp($/MWh)": 24.63078,
			"RTM_lmp($/MWh)": 18.0208
		},
		"08:00:00": {
			"DAM_lmp($/MWh)": 14.83312,
			"RTM_lmp($/MWh)": 12.8688
		},
		"09:00:00": {
			"DAM_lmp($/MWh)": 12.46509,
			"RTM_lmp($/MWh)": 12.94
		},
		"10:00:00": {
			"DAM_lmp($/MWh)": 7.18937,
			"RTM_lmp($/MWh)": 15.4
		},
		"11:00:00": {
			"DAM_lmp($/MWh)": 5.36793,
			"RTM_lmp($/MWh)": 14.7764
		},
		"12:00:00": {
			"DAM_lmp($/MWh)": 3.73328,
			"RTM_lmp($/MWh)": 13.972
		},
		"13:00:00": {
			"DAM_lmp($/MWh)": 3.5161,
			"RTM_lmp($/MWh)": 14.23768
		},
		"14:00:00": {
			"DAM_lmp($/MWh)": 4.57014,
			"RTM_lmp($/MWh)": 9.9976
		},
		"15:00:00": {
			"DAM_lmp($/MWh)": 8.95339,
			"RTM_lmp($/MWh)": 4.9988
		},
		"16:00:00": {
			"DAM_lmp($/MWh)": 12.74412,
			"RTM_lmp($/MWh)": 4.95
		},
		"17:00:00": {
			"DAM_lmp($/MWh)": 23.45947,
			"RTM_lmp($/MWh)": 0.0
		},
		"18:00:00": {
			"DAM_lmp($/MWh)": 41.10916,
			"RTM_lmp($/MWh)": 12.19102
		},
		"19:00:00": {
			"DAM_lmp($/MWh)": 60.37488,
			"RTM_lmp($/MWh)": 23.27765
		},
		"20:00:00": {
			"DAM_lmp($/MWh)": 60.30953,
			"RTM_lmp($/MWh)": 40.0
		},
		"21:00:00": {
			"DAM_lmp($/MWh)": 46.45567,
			"RTM_lmp($/MWh)": 34.94085
		},
		"22:00:00": {
			"DAM_lmp($/MWh)": 36.12114,
			"RTM_lmp($/MWh)": 26.88649
		},
		"23:00:00": {
			"DAM_lmp($/MWh)": 26.74577,
			"RTM_lmp($/MWh)": 28.1726
		}
	}
}