{
	"2023-05-22": {
		"00:00:00": {
			"DAM_lmp($/MWh)": 20.58503,
			"RTM_lmp($/MWh)": 21.48786
		},
		"01:00:00": {
			"DAM_lmp($/MWh)": 18.0015,
			"RTM_lmp($/MWh)": 19.32273
		},
		"02:00:00": {
			"DAM_lmp($/MWh)": 17.23697,
			"RTM_lmp($/MWh)": 15.94007
		},
		"03:00:00": {
			"DAM_lmp($/MWh)": 16.07284,
			"RTM_lmp($/MWh)": 18.38249
		},
		"04:00:00": {
			"DAM_lmp($/MWh)": 18.24508,
			"RTM_lmp($/MWh)": 16.84631
		},
		"05:00:00": {
			"DAM_lmp($/MWh)": 24.04403,
			"RTM_lmp($/MWh)": 30.81135
		},
		"06:00:00": {
			"DAM_lmp($/MWh)": 25.14669,
			"RTM_lmp($/MWh)": 72.0
		},
		"07:00:00": {
			"DAM_lmp($/MWh)": 17.59637,
			"RTM_lmp($/MWh)": 18.0208
		},
		"08:00:00": {
			"DAM_lmp($/MWh)": 8.64376,
			"RTM_lmp($/MWh)": 12.8688
		},
		"09:00:00": {
			"DAM_lmp($/MWh)": 7.06125,
			"RTM_lmp($/MWh)": 12.94
		},
		"10:00:00": {
			"DAM_lmp($/MWh)": 4.88969,
			"RTM_lmp($/MWh)": 15.4
		},
		"11:00:00": {
			"DAM_lmp($/MWh)": 4.09246,
			"RTM_lmp($/MWh)": 14.7764
		},
		"12:00:00": {
			"DAM_lmp($/MWh)": 2.86598,
			"RTM_lmp($/MWh)": 11.27584
		},
		"13:00:00": {
			"DAM_lmp($/MWh)": 2.73858,
			"RTM_lmp($/MWh)": 11.4454
		},
		"14:00:00": {
			"DAM_lmp($/MWh)": 3.54408,
			"RTM_lmp($/MWh)": 9.9976
		},
		"15:00:00": {
			"DAM_lmp($/MWh)": 5.78894,
			"RTM_lmp($/MWh)": 4.9988
		},
		"16:00:00": {
			"DAM_lmp($/MWh)": 8.97509,
			"RTM_lmp($/MWh)": 4.95
		},
		"17:00:00": {
			"DAM_lmp($/MWh)": 18.55994,
			"RTM_lmp($/MWh)": 0.0
		},
		"18:00:00": {
			"DAM_lmp($/MWh)": 32.1308,
			"RTM_lmp($/MWh)": 7.20008
		},
		"19:00:00": {
			"DAM_lmp($/MWh)": 48.19211,
			"RTM_lmp($/MWh)": 14.87481
		},
		"20:00:00": {
			"DAM_lmp($/MWh)": 45.38925,
			"RTM_lmp($/MWh)": 40.0
		},
		"21:00:00": {
			"DAM_lmp($/MWh)": 36.51544,
			"RTM_lmp($/MWh)": 23.00297
		},
		"22:00:00": {
			"DAM_lmp($/MWh)": 29.86326,
			"RTM_lmp($/MWh)": 17.35557
		},
		"23:00:00": {
			"DAM_lmp($/MWh)": 23.21297,
			"RTM_lmp($/MWh)": 17.37327
		}
	},
	"2023-05-23": {
		"00:00:00": {
			"DAM_lmp($/MWh)": 20.58503,
			"RTM_lmp($/MWh)": 21.48786
		},
		"01:00:00": {
			"DAM_lmp($/MWh)": 18.0015,
			"RTM_lmp($/MWh)": 19.32273
		},
		"02:00:00": {
			"DAM_lmp($/MWh)": 17.23697,
			"RTM_lmp($/MWh)": 15.94007
		},
		"03:00:00": {
			"DAM_lmp($/MWh)": 16.07284,
			"RTM_lmp($/MWh)": 18.38249
		},
		"04:00:00": {
			"DAM_lmp($/MWh)": 18.24508,
			"RTM_lmp($/MWh)": 16.84631
		},
		"05:00:00": {
			"DAM_lmp($/MWh)": 24.04403,
			"RTM_lmp($/MWh)": 30.81135
		},
		"06:00:00": {
			"DAM_lmp($/MWh)": 25.14669,
			"RTM_lmp($/MWh)": 72.0
		},
		"07:00:00": {
			"DAM_lmp($/MWh)": 17.59637,
			"RTM_lmp($/MWh)": 18.0208
		},
		"08:00:00": {
			"DAM_lmp($/MWh)": 8.64376,
			"RTM_lmp($/MWh)": 12.8688
		},
		"09:00:00": {
			"DAM_lmp($/MWh)": 7.06125,
			"RTM_lmp($/MWh)": 12.94
		},
		"10:00:00": {
			"DAM_lmp($/MWh)": 4.88969,
			"RTM_lmp($/MWh)": 15.4
		},
		"11:00:00": {
			"DAM_lmp($/MWh)": 4.09246,
			"RTM_lmp($/MWh)": 14.7764
		},
		"12:00:00": {
			"DAM_lmp($/MWh)": 2.86598,
			"RTM_lmp($/MWh)": 11.27584
		},
		"13:00:00": {
			"DAM_lmp($/MWh)": 2.73858,
			"RTM_lmp($/MWh)": 11.4454
		},
		"14:00:00": {
			"DAM_lmp($/MWh)": 3.54408,
			"RTM_lmp($/MWh)": 9.9976
		},
		"15:00:00": {
			"DAM_lmp($/MWh)": 5.78894,
			"RTM_lmp($/MWh)": 4.9988
		},
		"16:00:00": {
			"DAM_lmp($/MWh)": 8.97509,
			"RTM_lmp($/MWh)": 4.95
		},
		"17:00:00": {
			"DAM_lmp($/MWh)": 18.55994,
			"RTM_lmp($/MWh)": 0.0
		},
		"18:00:00": {
			"DAM_lmp($/MWh)": 32.1308,
			"RTM_lmp($/MWh)": 7.20008
		},
		"19:00:00": {
			"DAM_lmp($/MWh)": 48.19211,
			"RTM_lmp($/MWh)": 14.87481
		},
		"20:00:00": {
			"DAM_lmp($/MWh)": 45.38925,
			"RTM_lmp($/MWh)": 40.0
		},
		"21:00:00": {
			"DAM_lmp($/MWh)": 36.51544,
			"RTM_lmp($/MWh)": 23.00297
		},
		"22:00:00": {
			"DAM_lmp($/MWh)": 29.86326,
			"RTM_lmp($/MWh)": 17.35557
		},
		"23:00:00": {
			"DAM_lmp($/MWh)": 23.21297,
			"RTM_lmp($/MWh)": 17.37327
		}
	}
}