{
	"2023-05-22": {
		"00:00:00": {
			"DAM_lmp($/MWh)": 23.71042,
			"RTM_lmp($/MWh)": 24.86855
		},
		"01:00:00": {
			"DAM_lmp($/MWh)": 19.9395,
			"RTM_lmp($/MWh)": 21.49855
		},
		"02:00:00": {
			"DAM_lmp($/MWh)": 17.86855,
			"RTM_lmp($/MWh)": 17.84278
		},
		"03:00:00": {
			"DAM_lmp($/MWh)": 15.89678,
			"RTM_lmp($/MWh)": 6.13459
		},
		"04:00:00": {
			"DAM_lmp($/MWh)": 19.70934,
			"RTM_lmp($/MWh)": 1.41119
		},
		"05:00:00": {
			"DAM_lmp($/MWh)": 29.5579,
			"RTM_lmp($/MWh)": 30.81135
		},
		"06:00:00": {
			"DAM_lmp($/MWh)": 29.8882,
			"RTM_lmp($/MWh)": 72.0
		},
		"07:00:00": {
			"DAM_lmp($/MWh)": 24.7783,
			"RTM_lmp($/MWh)": 18.0208
		},
		"08:00:00": {
			"DAM_lmp($/MWh)": 14.89706,
			"RTM_lmp($/MWh)": 12.8688
		},
		"09:00:00": {
			"DAM_lmp($/MWh)": 12.52282,
			"RTM_lmp($/MWh)": 12.94
		},
		"10:00:00": {
			"DAM_lmp($/MWh)": 7.24122,
			"RTM_lmp($/MWh)": 15.4
		},
		"11:00:00": {
			"DAM_lmp($/MWh)": 6.72933,
			"RTM_lmp($/MWh)": 14.7764
		},
		"12:00:00": {
			"DAM_lmp($/MWh)": 5.25549,
			"RTM_lmp($/MWh)": 14.23222
		},
		"13:00:00": {
			"DAM_lmp($/MWh)": 5.03847,
			"RTM_lmp($/MWh)": 14.49196
		},
		"14:00:00": {
			"DAM_lmp($/MWh)": 6.1219,
			"RTM_lmp($/MWh)": 9.9976
		},
		"15:00:00": {
			"DAM_lmp($/MWh)": 9.02435,
			"RTM_lmp($/MWh)": 4.9988
		},
		"16:00:00": {
			"DAM_lmp($/MWh)": 12.93854,
			"RTM_lmp($/MWh)": 4.95
		},
		"17:00:00": {
			"DAM_lmp($/MWh)": 23.75324,
			"RTM_lmp($/MWh)": 0.0
		},
		"18:00:00": {
			"DAM_lmp($/MWh)": 41.54742,
			"RTM_lmp($/MWh)": 12.78222
		},
		"19:00:00": {
			"DAM_lmp($/MWh)": 60.97598,
			"RTM_lmp($/MWh)": 24.52914
		},
		"20:00:00": {
			"DAM_lmp($/MWh)": 60.88563,
			"RTM_lmp($/MWh)": 40.0
		},
		"21:00:00": {
			"DAM_lmp($/MWh)": 46.74022,
			"RTM_lmp($/MWh)": 36.90462
		},
		"22:00:00": {
			"DAM_lmp($/MWh)": 36.10065,
			"RTM_lmp($/MWh)": 28.15345
		},
		"23:00:00": {
			"DAM_lmp($/MWh)": 26.36672,
			"RTM_lmp($/MWh)": 29.48805
		}
	},
	"2023-05-23": {
		"00:00:00": {
			"DAM_lmp($/MWh)": 23.71042,
			"RTM_lmp($/MWh)": 24.86855
		},
		"01:00:00": {
			"DAM_lmp($/MWh)": 19.9395,
			"RTM_lmp($/MWh)": 21.49855
		},
		"02:00:00": {
			"DAM_lmp($/MWh)": 17.86855,
			"RTM_lmp($/MWh)": 17.84278
		},
		"03:00:00": {
			"DAM_lmp($/MWh)": 15.89678,
			"RTM_lmp($/MWh)": 6.13459
		},
		"04:00:00": {
			"DAM_lmp($/MWh)": 19.70934,
			"RTM_lmp($/MWh)": 1.41119
		},
		"05:00:00": {
			"DAM_lmp($/MWh)": 29.5579,
			"RTM_lmp($/MWh)": 30.81135
		},
		"06:00:00": {
			"DAM_lmp($/MWh)": 29.8882,
			"RTM_lmp($/MWh)": 72.0
		},
		"07:00:00": {
			"DAM_lmp($/MWh)": 24.7783,
			"RTM_lmp($/MWh)": 18.0208
		},
		"08:00:00": {
			"DAM_lmp($/MWh)": 14.89706,
			"RTM_lmp($/MWh)": 12.8688
		},
		"09:00:00": {
			"DAM_lmp($/MWh)": 12.52282,
			"RTM_lmp($/MWh)": 12.94
		},
		"10:00:00": {
			"DAM_lmp($/MWh)": 7.24122,
			"RTM_lmp($/MWh)": 15.4
		},
		"11:00:00": {
			"DAM_lmp($/MWh)": 6.72933,
			"RTM_lmp($/MWh)": 14.7764
		},
		"12:00:00": {
			"DAM_lmp($/MWh)": 5.25549,
			"RTM_lmp($/MWh)": 14.23222
		},
		"13:00:00": {
			"DAM_lmp($/MWh)": 5.03847,
			"RTM_lmp($/MWh)": 14.49196
		},
		"14:00:00": {
			"DAM_lmp($/MWh)": 6.1219,
			"RTM_lmp($/MWh)": 9.9976
		},
		"15:00:00": {
			"DAM_lmp($/MWh)": 9.02435,
			"RTM_lmp($/MWh)": 4.9988
		},
		"16:00:00": {
			"DAM_lmp($/MWh)": 12.93854,
			"RTM_lmp($/MWh)": 4.95
		},
		"17:00:00": {
			"DAM_lmp($/MWh)": 23.75324,
			"RTM_lmp($/MWh)": 0.0
		},
		"18:00:00": {
			"DAM_lmp($/MWh)": 41.54742,
			"RTM_lmp($/MWh)": 12.78222
		},
		"19:00:00": {
			"DAM_lmp($/MWh)": 60.97598,
			"RTM_lmp($/MWh)": 24.52914
		},
		"20:00:00": {
			"DAM_lmp($/MWh)": 60.88563,
			"RTM_lmp($/MWh)": 40.0
		},
		"21:00:00": {
			"DAM_lmp($/MWh)": 46.74022,
			"RTM_lmp($/MWh)": 36.90462
		},
		"22:00:00": {
			"DAM_lmp($/MWh)": 36.10065,
			"RTM_lmp($/MWh)": 28.15345
		},
		"23:00:00": {
			"DAM_lmp($/MWh)": 26.36672,
			"RTM_lmp($/MWh)": 29.48805
		}
	}
}