{
	"2023-05-22": {
		"00:00:00": {
			"DAM_lmp($/MWh)": 23.6395,
			"RTM_lmp($/MWh)": 24.79172
		},
		"01:00:00": {
			"DAM_lmp($/MWh)": 19.90588,
			"RTM_lmp($/MWh)": 21.4219
		},
		"02:00:00": {
			"DAM_lmp($/MWh)": 17.83414,
			"RTM_lmp($/MWh)": 17.79967
		},
		"03:00:00": {
			"DAM_lmp($/MWh)": 15.86495,
			"RTM_lmp($/MWh)": 6.10512
		},
		"04:00:00": {
			"DAM_lmp($/MWh)": 19.67511,
			"RTM_lmp($/MWh)": 1.38734
		},
		"05:00:00": {
			"DAM_lmp($/MWh)": 29.51675,
			"RTM_lmp($/MWh)": 30.81135
		},
		"06:00:00": {
			"DAM_lmp($/MWh)": 29.87381,
			"RTM_lmp($/MWh)": 72.0
		},
		"07:00:00": {
			"DAM_lmp($/MWh)": 24.77054,
			"RTM_lmp($/MWh)": 18.0208
		},
		"08:00:00": {
			"DAM_lmp($/MWh)": 14.87121,
			"RTM_lmp($/MWh)": 12.8688
		},
		"09:00:00": {
			"DAM_lmp($/MWh)": 12.50757,
			"RTM_lmp($/MWh)": 12.94
		},
		"10:00:00": {
			"DAM_lmp($/MWh)": 7.22961,
			"RTM_lmp($/MWh)": 15.4
		},
		"11:00:00": {
			"DAM_lmp($/MWh)": 6.72264,
			"RTM_lmp($/MWh)": 14.7764
		},
		"12:00:00": {
			"DAM_lmp($/MWh)": 5.24825,
			"RTM_lmp($/MWh)": 14.21221
		},
		"13:00:00": {
			"DAM_lmp($/MWh)": 5.0348,
			"RTM_lmp($/MWh)": 14.45742
		},
		"14:00:00": {
			"DAM_lmp($/MWh)": 6.11286,
			"RTM_lmp($/MWh)": 9.9976
		},
		"15:00:00": {
			"DAM_lmp($/MWh)": 9.00584,
			"RTM_lmp($/MWh)": 4.9988
		},
		"16:00:00": {
			"DAM_lmp($/MWh)": 12.91214,
			"RTM_lmp($/MWh)": 4.95
		},
		"17:00:00": {
			"DAM_lmp($/MWh)": 23.60884,
			"RTM_lmp($/MWh)": 0.0
		},
		"18:00:00": {
			"DAM_lmp($/MWh)": 41.41595,
			"RTM_lmp($/MWh)": 12.67511
		},
		"19:00:00": {
			"DAM_lmp($/MWh)": 60.82086,
			"RTM_lmp($/MWh)": 24.40261
		},
		"20:00:00": {
			"DAM_lmp($/MWh)": 60.69144,
			"RTM_lmp($/MWh)": 40.0
		},
		"21:00:00": {
			"DAM_lmp($/MWh)": 46.65535,
			"RTM_lmp($/MWh)": 36.74516
		},
		"22:00:00": {
			"DAM_lmp($/MWh)": 35.99175,
			"RTM_lmp($/MWh)": 28.08342
		},
		"23:00:00": {
			"DAM_lmp($/MWh)": 26.29699,
			"RTM_lmp($/MWh)": 29.38175
		}
	},
	"2023-05-23": {
		"00:00:00": {
			"DAM_lmp($/MWh)": 23.6395,
			"RTM_lmp($/MWh)": 24.79172
		},
		"01:00:00": {
			"DAM_lmp($/MWh)": 19.90588,
			"RTM_lmp($/MWh)": 21.4219
		},
		"02:00:00": {
			"DAM_lmp($/MWh)": 17.83414,
			"RTM_lmp($/MWh)": 17.79967
		},
		"03:00:00": {
			"DAM_lmp($/MWh)": 15.86495,
			"RTM_lmp($/MWh)": 6.10512
		},
		"04:00:00": {
			"DAM_lmp($/MWh)": 19.67511,
			"RTM_lmp($/MWh)": 1.38734
		},
		"05:00:00": {
			"DAM_lmp($/MWh)": 29.51675,
			"RTM_lmp($/MWh)": 30.81135
		},
		"06:00:00": {
			"DAM_lmp($/MWh)": 29.87381,
			"RTM_lmp($/MWh)": 72.0
		},
		"07:00:00": {
			"DAM_lmp($/MWh)": 24.77054,
			"RTM_lmp($/MWh)": 18.0208
		},
		"08:00:00": {
			"DAM_lmp($/MWh)": 14.87121,
			"RTM_lmp($/MWh)": 12.8688
		},
		"09:00:00": {
			"DAM_lmp($/MWh)": 12.50757,
			"RTM_lmp($/MWh)": 12.94
		},
		"10:00:00": {
			"DAM_lmp($/MWh)": 7.22961,
			"RTM_lmp($/MWh)": 15.4
		},
		"11:00:00": {
			"DAM_lmp($/MWh)": 6.72264,
			"RTM_lmp($/MWh)": 14.7764
		},
		"12:00:00": {
			"DAM_lmp($/MWh)": 5.24825,
			"RTM_lmp($/MWh)": 14.21221
		},
		"13:00:00": {
			"DAM_lmp($/MWh)": 5.0348,
			"RTM_lmp($/MWh)": 14.45742
		},
		"14:00:00": {
			"DAM_lmp($/MWh)": 6.11286,
			"RTM_lmp($/MWh)": 9.9976
		},
		"15:00:00": {
			"DAM_lmp($/MWh)": 9.00584,
			"RTM_lmp($/MWh)": 4.9988
		},
		"16:00:00": {
			"DAM_lmp($/MWh)": 12.91214,
			"RTM_lmp($/MWh)": 4.95
		},
		"17:00:00": {
			"DAM_lmp($/MWh)": 23.60884,
			"RTM_lmp($/MWh)": 0.0
		},
		"18:00:00": {
			"DAM_lmp($/MWh)": 41.41595,
			"RTM_lmp($/MWh)": 12.67511
		},
		"19:00:00": {
			"DAM_lmp($/MWh)": 60.82086,
			"RTM_lmp($/MWh)": 24.40261
		},
		"20:00:00": {
			"DAM_lmp($/MWh)": 60.69144,
			"RTM_lmp($/MWh)": 40.0
		},
		"21:00:00": {
			"DAM_lmp($/MWh)": 46.65535,
			"RTM_lmp($/MWh)": 36.74516
		},
		"22:00:00": {
			"DAM_lmp($/MWh)": 35.99175,
			"RTM_lmp($/MWh)": 28.08342
		},
		"23:00:00": {
			"DAM_lmp($/MWh)": 26.29699,
			"RTM_lmp($/MWh)": 29.38175
		}
	}
}