{
	"2023-05-22": {
		"00:00:00": {
			"DAM_lmp($/MWh)": 22.32764,
			"RTM_lmp($/MWh)": 23.28065
		},
		"01:00:00": {
			"DAM_lmp($/MWh)": 18.77061,
			"RTM_lmp($/MWh)": 20.10652
		},
		"02:00:00": {
			"DAM_lmp($/MWh)": 16.8486,
			"RTM_lmp($/MWh)": 16.71593
		},
		"03:00:00": {
			"DAM_lmp($/MWh)": 14.83283,
			"RTM_lmp($/MWh)": 5.7195
		},
		"04:00:00": {
			"DAM_lmp($/MWh)": 18.50582,
			"RTM_lmp($/MWh)": 1.32705
		},
		"05:00:00": {
			"DAM_lmp($/MWh)": 28.01464,
			"RTM_lmp($/MWh)": 30.81135
		},
		"06:00:00": {
			"DAM_lmp($/MWh)": 28.26931,
			"RTM_lmp($/MWh)": 72.0
		},
		"07:00:00": {
			"DAM_lmp($/MWh)": 23.59555,
			"RTM_lmp($/MWh)": 18.0208
		},
		"08:00:00": {
			"DAM_lmp($/MWh)": 14.23119,
			"RTM_lmp($/MWh)": 12.8688
		},
		"09:00:00": {
			"DAM_lmp($/MWh)": 9.74676,
			"RTM_lmp($/MWh)": 12.94
		},
		"10:00:00": {
			"DAM_lmp($/MWh)": 6.9789,
			"RTM_lmp($/MWh)": 15.4
		},
		"11:00:00": {
			"DAM_lmp($/MWh)": 5.21784,
			"RTM_lmp($/MWh)": 14.7764
		},
		"12:00:00": {
			"DAM_lmp($/MWh)": 3.62864,
			"RTM_lmp($/MWh)": 13.62555
		},
		"13:00:00": {
			"DAM_lmp($/MWh)": 3.46654,
			"RTM_lmp($/MWh)": 13.86883
		},
		"14:00:00": {
			"DAM_lmp($/MWh)": 4.45211,
			"RTM_lmp($/MWh)": 9.9976
		},
		"15:00:00": {
			"DAM_lmp($/MWh)": 8.67124,
			"RTM_lmp($/MWh)": 4.9988
		},
		"16:00:00": {
			"DAM_lmp($/MWh)": 11.17969,
			"RTM_lmp($/MWh)": 4.95
		},
		"17:00:00": {
			"DAM_lmp($/MWh)": 22.5906,
			"RTM_lmp($/MWh)": 0.0
		},
		"18:00:00": {
			"DAM_lmp($/MWh)": 30.0,
			"RTM_lmp($/MWh)": 11.93397
		},
		"19:00:00": {
			"DAM_lmp($/MWh)": 57.47926,
			"RTM_lmp($/MWh)": 22.78531
		},
		"20:00:00": {
			"DAM_lmp($/MWh)": 57.53259,
			"RTM_lmp($/MWh)": 40.0
		},
		"21:00:00": {
			"DAM_lmp($/MWh)": 38.0,
			"RTM_lmp($/MWh)": 34.345
		},
		"22:00:00": {
			"DAM_lmp($/MWh)": 29.84,
			"RTM_lmp($/MWh)": 26.17978
		},
		"23:00:00": {
			"DAM_lmp($/MWh)": 24.90555,
			"RTM_lmp($/MWh)": 27.96664
		}
	},
	"2023-05-23": {
		"00:00:00": {
			"DAM_lmp($/MWh)": 22.32764,
			"RTM_lmp($/MWh)": 23.28065
		},
		"01:00:00": {
			"DAM_lmp($/MWh)": 18.77061,
			"RTM_lmp($/MWh)": 20.10652
		},
		"02:00:00": {
			"DAM_lmp($/MWh)": 16.8486,
			"RTM_lmp($/MWh)": 16.71593
		},
		"03:00:00": {
			"DAM_lmp($/MWh)": 14.83283,
			"RTM_lmp($/MWh)": 5.7195
		},
		"04:00:00": {
			"DAM_lmp($/MWh)": 18.50582,
			"RTM_lmp($/MWh)": 1.32705
		},
		"05:00:00": {
			"DAM_lmp($/MWh)": 28.01464,
			"RTM_lmp($/MWh)": 30.81135
		},
		"06:00:00": {
			"DAM_lmp($/MWh)": 28.26931,
			"RTM_lmp($/MWh)": 72.0
		},
		"07:00:00": {
			"DAM_lmp($/MWh)": 23.59555,
			"RTM_lmp($/MWh)": 18.0208
		},
		"08:00:00": {
			"DAM_lmp($/MWh)": 14.23119,
			"RTM_lmp($/MWh)": 12.8688
		},
		"09:00:00": {
			"DAM_lmp($/MWh)": 9.74676,
			"RTM_lmp($/MWh)": 12.94
		},
		"10:00:00": {
			"DAM_lmp($/MWh)": 6.9789,
			"RTM_lmp($/MWh)": 15.4
		},
		"11:00:00": {
			"DAM_lmp($/MWh)": 5.21784,
			"RTM_lmp($/MWh)": 14.7764
		},
		"12:00:00": {
			"DAM_lmp($/MWh)": 3.62864,
			"RTM_lmp($/MWh)": 13.62555
		},
		"13:00:00": {
			"DAM_lmp($/MWh)": 3.46654,
			"RTM_lmp($/MWh)": 13.86883
		},
		"14:00:00": {
			"DAM_lmp($/MWh)": 4.45211,
			"RTM_lmp($/MWh)": 9.9976
		},
		"15:00:00": {
			"DAM_lmp($/MWh)": 8.67124,
			"RTM_lmp($/MWh)": 4.9988
		},
		"16:00:00": {
			"DAM_lmp($/MWh)": 11.17969,
			"RTM_lmp($/MWh)": 4.95
		},
		"17:00:00": {
			"DAM_lmp($/MWh)": 22.5906,
			"RTM_lmp($/MWh)": 0.0
		},
		"18:00:00": {
			"DAM_lmp($/MWh)": 30.0,
			"RTM_lmp($/MWh)": 11.93397
		},
		"19:00:00": {
			"DAM_lmp($/MWh)": 57.47926,
			"RTM_lmp($/MWh)": 22.78531
		},
		"20:00:00": {
			"DAM_lmp($/MWh)": 57.53259,
			"RTM_lmp($/MWh)": 40.0
		},
		"21:00:00": {
			"DAM_lmp($/MWh)": 38.0,
			"RTM_lmp($/MWh)": 34.345
		},
		"22:00:00": {
			"DAM_lmp($/MWh)": 29.84,
			"RTM_lmp($/MWh)": 26.17978
		},
		"23:00:00": {
			"DAM_lmp($/MWh)": 24.90555,
			"RTM_lmp($/MWh)": 27.96664
		}
	}
}