{
	"2023-05-22": {
		"00:00:00": {
			"DAM_lmp($/MWh)": 34.52588,
			"RTM_lmp($/MWh)": 27.57196
		},
		"01:00:00": {
			"DAM_lmp($/MWh)": 31.55601,
			"RTM_lmp($/MWh)": 23.86722
		},
		"02:00:00": {
			"DAM_lmp($/MWh)": 31.66154,
			"RTM_lmp($/MWh)": 19.82964
		},
		"03:00:00": {
			"DAM_lmp($/MWh)": 30.55042,
			"RTM_lmp($/MWh)": 5.81814
		},
		"04:00:00": {
			"DAM_lmp($/MWh)": 32.92232,
			"RTM_lmp($/MWh)": 1.25093
		},
		"05:00:00": {
			"DAM_lmp($/MWh)": 36.62852,
			"RTM_lmp($/MWh)": 30.81135
		},
		"06:00:00": {
			"DAM_lmp($/MWh)": 40.63185,
			"RTM_lmp($/MWh)": 72.0
		},
		"07:00:00": {
			"DAM_lmp($/MWh)": 24.39786,
			"RTM_lmp($/MWh)": 18.0208
		},
		"08:00:00": {
			"DAM_lmp($/MWh)": 6.70374,
			"RTM_lmp($/MWh)": 12.8688
		},
		"09:00:00": {
			"DAM_lmp($/MWh)": 3.61676,
			"RTM_lmp($/MWh)": 12.94
		},
		"10:00:00": {
			"DAM_lmp($/MWh)": 3.08671,
			"RTM_lmp($/MWh)": 15.4
		},
		"11:00:00": {
			"DAM_lmp($/MWh)": 2.06637,
			"RTM_lmp($/MWh)": 9.29305
		},
		"12:00:00": {
			"DAM_lmp($/MWh)": -0.08733,
			"RTM_lmp($/MWh)": 14.01204
		},
		"13:00:00": {
			"DAM_lmp($/MWh)": -0.70804,
			"RTM_lmp($/MWh)": 14.18275
		},
		"14:00:00": {
			"DAM_lmp($/MWh)": 0.33159,
			"RTM_lmp($/MWh)": 9.9976
		},
		"15:00:00": {
			"DAM_lmp($/MWh)": 3.19531,
			"RTM_lmp($/MWh)": 4.9988
		},
		"16:00:00": {
			"DAM_lmp($/MWh)": 7.78012,
			"RTM_lmp($/MWh)": 4.95
		},
		"17:00:00": {
			"DAM_lmp($/MWh)": 22.97649,
			"RTM_lmp($/MWh)": 0.0
		},
		"18:00:00": {
			"DAM_lmp($/MWh)": 41.42909,
			"RTM_lmp($/MWh)": 13.06354
		},
		"19:00:00": {
			"DAM_lmp($/MWh)": 61.26037,
			"RTM_lmp($/MWh)": 26.05017
		},
		"20:00:00": {
			"DAM_lmp($/MWh)": 61.85012,
			"RTM_lmp($/MWh)": 40.0
		},
		"21:00:00": {
			"DAM_lmp($/MWh)": 48.14796,
			"RTM_lmp($/MWh)": 40.61816
		},
		"22:00:00": {
			"DAM_lmp($/MWh)": 41.51845,
			"RTM_lmp($/MWh)": 30.97389
		},
		"23:00:00": {
			"DAM_lmp($/MWh)": 36.55775,
			"RTM_lmp($/MWh)": 32.15549
		}
	},
	"2023-05-23": {
		"00:00:00": {
			"DAM_lmp($/MWh)": 34.52588,
			"RTM_lmp($/MWh)": 27.57196
		},
		"01:00:00": {
			"DAM_lmp($/MWh)": 31.55601,
			"RTM_lmp($/MWh)": 23.86722
		},
		"02:00:00": {
			"DAM_lmp($/MWh)": 31.66154,
			"RTM_lmp($/MWh)": 19.82964
		},
		"03:00:00": {
			"DAM_lmp($/MWh)": 30.55042,
			"RTM_lmp($/MWh)": 5.81814
		},
		"04:00:00": {
			"DAM_lmp($/MWh)": 32.92232,
			"RTM_lmp($/MWh)": 1.25093
		},
		"05:00:00": {
			"DAM_lmp($/MWh)": 36.62852,
			"RTM_lmp($/MWh)": 30.81135
		},
		"06:00:00": {
			"DAM_lmp($/MWh)": 40.63185,
			"RTM_lmp($/MWh)": 72.0
		},
		"07:00:00": {
			"DAM_lmp($/MWh)": 24.39786,
			"RTM_lmp($/MWh)": 18.0208
		},
		"08:00:00": {
			"DAM_lmp($/MWh)": 6.70374,
			"RTM_lmp($/MWh)": 12.8688
		},
		"09:00:00": {
			"DAM_lmp($/MWh)": 3.61676,
			"RTM_lmp($/MWh)": 12.94
		},
		"10:00:00": {
			"DAM_lmp($/MWh)": 3.08671,
			"RTM_lmp($/MWh)": 15.4
		},
		"11:00:00": {
			"DAM_lmp($/MWh)": 2.06637,
			"RTM_lmp($/MWh)": 9.29305
		},
		"12:00:00": {
			"DAM_lmp($/MWh)": -0.08733,
			"RTM_lmp($/MWh)": 14.01204
		},
		"13:00:00": {
			"DAM_lmp($/MWh)": -0.70804,
			"RTM_lmp($/MWh)": 14.18275
		},
		"14:00:00": {
			"DAM_lmp($/MWh)": 0.33159,
			"RTM_lmp($/MWh)": 9.9976
		},
		"15:00:00": {
			"DAM_lmp($/MWh)": 3.19531,
			"RTM_lmp($/MWh)": 4.9988
		},
		"16:00:00": {
			"DAM_lmp($/MWh)": 7.78012,
			"RTM_lmp($/MWh)": 4.95
		},
		"17:00:00": {
			"DAM_lmp($/MWh)": 22.97649,
			"RTM_lmp($/MWh)": 0.0
		},
		"18:00:00": {
			"DAM_lmp($/MWh)": 41.42909,
			"RTM_lmp($/MWh)": 13.06354
		},
		"19:00:00": {
			"DAM_lmp($/MWh)": 61.26037,
			"RTM_lmp($/MWh)": 26.05017
		},
		"20:00:00": {
			"DAM_lmp($/MWh)": 61.85012,
			"RTM_lmp($/MWh)": 40.0
		},
		"21:00:00": {
			"DAM_lmp($/MWh)": 48.14796,
			"RTM_lmp($/MWh)": 40.61816
		},
		"22:00:00": {
			"DAM_lmp($/MWh)": 41.51845,
			"RTM_lmp($/MWh)": 30.97389
		},
		"23:00:00": {
			"DAM_lmp($/MWh)": 36.55775,
			"RTM_lmp($/MWh)": 32.15549
		}
	}
}