{
	"2023-05-22": {
		"00:00:00": {
			"DAM_lmp($/MWh)": 61.26117,
			"RTM_lmp($/MWh)": 27.78824
		},
		"01:00:00": {
			"DAM_lmp($/MWh)": 60.87397,
			"RTM_lmp($/MWh)": 23.90184
		},
		"02:00:00": {
			"DAM_lmp($/MWh)": 67.67649,
			"RTM_lmp($/MWh)": 19.95279
		},
		"03:00:00": {
			"DAM_lmp($/MWh)": 69.59969,
			"RTM_lmp($/MWh)": 6.30815
		},
		"04:00:00": {
			"DAM_lmp($/MWh)": 67.32985,
			"RTM_lmp($/MWh)": 1.51687
		},
		"05:00:00": {
			"DAM_lmp($/MWh)": 52.51308,
			"RTM_lmp($/MWh)": 30.81135
		},
		"06:00:00": {
			"DAM_lmp($/MWh)": 69.61506,
			"RTM_lmp($/MWh)": 72.0
		},
		"07:00:00": {
			"DAM_lmp($/MWh)": 26.01023,
			"RTM_lmp($/MWh)": 18.0208
		},
		"08:00:00": {
			"DAM_lmp($/MWh)": 7.75534,
			"RTM_lmp($/MWh)": 12.8688
		},
		"09:00:00": {
			"DAM_lmp($/MWh)": 4.42061,
			"RTM_lmp($/MWh)": 12.94
		},
		"10:00:00": {
			"DAM_lmp($/MWh)": 3.64662,
			"RTM_lmp($/MWh)": 15.4
		},
		"11:00:00": {
			"DAM_lmp($/MWh)": 2.42306,
			"RTM_lmp($/MWh)": 4.08387
		},
		"12:00:00": {
			"DAM_lmp($/MWh)": 0.21654,
			"RTM_lmp($/MWh)": 14.76037
		},
		"13:00:00": {
			"DAM_lmp($/MWh)": -0.40957,
			"RTM_lmp($/MWh)": 14.95184
		},
		"14:00:00": {
			"DAM_lmp($/MWh)": 0.6476,
			"RTM_lmp($/MWh)": 9.9976
		},
		"15:00:00": {
			"DAM_lmp($/MWh)": 3.81762,
			"RTM_lmp($/MWh)": 4.9988
		},
		"16:00:00": {
			"DAM_lmp($/MWh)": 8.83234,
			"RTM_lmp($/MWh)": 4.95
		},
		"17:00:00": {
			"DAM_lmp($/MWh)": 24.51257,
			"RTM_lmp($/MWh)": 0.0
		},
		"18:00:00": {
			"DAM_lmp($/MWh)": 43.9272,
			"RTM_lmp($/MWh)": 13.38627
		},
		"19:00:00": {
			"DAM_lmp($/MWh)": 62.86976,
			"RTM_lmp($/MWh)": 26.56177
		},
		"20:00:00": {
			"DAM_lmp($/MWh)": 62.74988,
			"RTM_lmp($/MWh)": 40.0
		},
		"21:00:00": {
			"DAM_lmp($/MWh)": 50.21965,
			"RTM_lmp($/MWh)": 42.10777
		},
		"22:00:00": {
			"DAM_lmp($/MWh)": 52.9805,
			"RTM_lmp($/MWh)": 31.80156
		},
		"23:00:00": {
			"DAM_lmp($/MWh)": 58.30014,
			"RTM_lmp($/MWh)": 32.98928
		}
	},
	"2023-05-23": {
		"00:00:00": {
			"DAM_lmp($/MWh)": 61.26117,
			"RTM_lmp($/MWh)": 27.78824
		},
		"01:00:00": {
			"DAM_lmp($/MWh)": 60.87397,
			"RTM_lmp($/MWh)": 23.90184
		},
		"02:00:00": {
			"DAM_lmp($/MWh)": 67.67649,
			"RTM_lmp($/MWh)": 19.95279
		},
		"03:00:00": {
			"DAM_lmp($/MWh)": 69.59969,
			"RTM_lmp($/MWh)": 6.30815
		},
		"04:00:00": {
			"DAM_lmp($/MWh)": 67.32985,
			"RTM_lmp($/MWh)": 1.51687
		},
		"05:00:00": {
			"DAM_lmp($/MWh)": 52.51308,
			"RTM_lmp($/MWh)": 30.81135
		},
		"06:00:00": {
			"DAM_lmp($/MWh)": 69.61506,
			"RTM_lmp($/MWh)": 72.0
		},
		"07:00:00": {
			"DAM_lmp($/MWh)": 26.01023,
			"RTM_lmp($/MWh)": 18.0208
		},
		"08:00:00": {
			"DAM_lmp($/MWh)": 7.75534,
			"RTM_lmp($/MWh)": 12.8688
		},
		"09:00:00": {
			"DAM_lmp($/MWh)": 4.42061,
			"RTM_lmp($/MWh)": 12.94
		},
		"10:00:00": {
			"DAM_lmp($/MWh)": 3.64662,
			"RTM_lmp($/MWh)": 15.4
		},
		"11:00:00": {
			"DAM_lmp($/MWh)": 2.42306,
			"RTM_lmp($/MWh)": 4.08387
		},
		"12:00:00": {
			"DAM_lmp($/MWh)": 0.21654,
			"RTM_lmp($/MWh)": 14.76037
		},
		"13:00:00": {
			"DAM_lmp($/MWh)": -0.40957,
			"RTM_lmp($/MWh)": 14.95184
		},
		"14:00:00": {
			"DAM_lmp($/MWh)": 0.6476,
			"RTM_lmp($/MWh)": 9.9976
		},
		"15:00:00": {
			"DAM_lmp($/MWh)": 3.81762,
			"RTM_lmp($/MWh)": 4.9988
		},
		"16:00:00": {
			"DAM_lmp($/MWh)": 8.83234,
			"RTM_lmp($/MWh)": 4.95
		},
		"17:00:00": {
			"DAM_lmp($/MWh)": 24.51257,
			"RTM_lmp($/MWh)": 0.0
		},
		"18:00:00": {
			"DAM_lmp($/MWh)": 43.9272,
			"RTM_lmp($/MWh)": 13.38627
		},
		"19:00:00": {
			"DAM_lmp($/MWh)": 62.86976,
			"RTM_lmp($/MWh)": 26.56177
		},
		"20:00:00": {
			"DAM_lmp($/MWh)": 62.74988,
			"RTM_lmp($/MWh)": 40.0
		},
		"21:00:00": {
			"DAM_lmp($/MWh)": 50.21965,
			"RTM_lmp($/MWh)": 42.10777
		},
		"22:00:00": {
			"DAM_lmp($/MWh)": 52.9805,
			"RTM_lmp($/MWh)": 31.80156
		},
		"23:00:00": {
			"DAM_lmp($/MWh)": 58.30014,
			"RTM_lmp($/MWh)": 32.98928
		}
	}
}