{
	"2023-05-22": {
		"00:00:00": {
			"DAM_lmp($/MWh)": 30.22013,
			"RTM_lmp($/MWh)": 29.28792
		},
		"01:00:00": {
			"DAM_lmp($/MWh)": 26.42944,
			"RTM_lmp($/MWh)": 25.5881
		},
		"02:00:00": {
			"DAM_lmp($/MWh)": 25.10704,
			"RTM_lmp($/MWh)": 21.20074
		},
		"03:00:00": {
			"DAM_lmp($/MWh)": 23.25446,
			"RTM_lmp($/MWh)": 23.59882
		},
		"04:00:00": {
			"DAM_lmp($/MWh)": 27.02527,
			"RTM_lmp($/MWh)": 20.75311
		},
		"05:00:00": {
			"DAM_lmp($/MWh)": 35.13152,
			"RTM_lmp($/MWh)": 30.81135
		},
		"06:00:00": {
			"DAM_lmp($/MWh)": 36.52565,
			"RTM_lmp($/MWh)": 72.0
		},
		"07:00:00": {
			"DAM_lmp($/MWh)": 25.85753,
			"RTM_lmp($/MWh)": 18.0208
		},
		"08:00:00": {
			"DAM_lmp($/MWh)": 13.57556,
			"RTM_lmp($/MWh)": 12.8688
		},
		"09:00:00": {
			"DAM_lmp($/MWh)": 10.87707,
			"RTM_lmp($/MWh)": 12.94
		},
		"10:00:00": {
			"DAM_lmp($/MWh)": 7.74247,
			"RTM_lmp($/MWh)": 15.4
		},
		"11:00:00": {
			"DAM_lmp($/MWh)": 6.08025,
			"RTM_lmp($/MWh)": 14.7764
		},
		"12:00:00": {
			"DAM_lmp($/MWh)": 4.02341,
			"RTM_lmp($/MWh)": 15.61803
		},
		"13:00:00": {
			"DAM_lmp($/MWh)": 3.65707,
			"RTM_lmp($/MWh)": 15.98306
		},
		"14:00:00": {
			"DAM_lmp($/MWh)": 4.73956,
			"RTM_lmp($/MWh)": 9.9976
		},
		"15:00:00": {
			"DAM_lmp($/MWh)": 7.66716,
			"RTM_lmp($/MWh)": 4.9988
		},
		"16:00:00": {
			"DAM_lmp($/MWh)": 11.91756,
			"RTM_lmp($/MWh)": 4.95
		},
		"17:00:00": {
			"DAM_lmp($/MWh)": 24.87605,
			"RTM_lmp($/MWh)": 0.0
		},
		"18:00:00": {
			"DAM_lmp($/MWh)": 43.85269,
			"RTM_lmp($/MWh)": 14.54868
		},
		"19:00:00": {
			"DAM_lmp($/MWh)": 64.63428,
			"RTM_lmp($/MWh)": 27.54371
		},
		"20:00:00": {
			"DAM_lmp($/MWh)": 64.55586,
			"RTM_lmp($/MWh)": 40.0
		},
		"21:00:00": {
			"DAM_lmp($/MWh)": 50.04992,
			"RTM_lmp($/MWh)": 41.95671
		},
		"22:00:00": {
			"DAM_lmp($/MWh)": 40.78653,
			"RTM_lmp($/MWh)": 32.139
		},
		"23:00:00": {
			"DAM_lmp($/MWh)": 32.35816,
			"RTM_lmp($/MWh)": 33.84964
		}
	},
	"2023-05-23": {
		"00:00:00": {
			"DAM_lmp($/MWh)": 30.22013,
			"RTM_lmp($/MWh)": 29.28792
		},
		"01:00:00": {
			"DAM_lmp($/MWh)": 26.42944,
			"RTM_lmp($/MWh)": 25.5881
		},
		"02:00:00": {
			"DAM_lmp($/MWh)": 25.10704,
			"RTM_lmp($/MWh)": 21.20074
		},
		"03:00:00": {
			"DAM_lmp($/MWh)": 23.25446,
			"RTM_lmp($/MWh)": 23.59882
		},
		"04:00:00": {
			"DAM_lmp($/MWh)": 27.02527,
			"RTM_lmp($/MWh)": 20.75311
		},
		"05:00:00": {
			"DAM_lmp($/MWh)": 35.13152,
			"RTM_lmp($/MWh)": 30.81135
		},
		"06:00:00": {
			"DAM_lmp($/MWh)": 36.52565,
			"RTM_lmp($/MWh)": 72.0
		},
		"07:00:00": {
			"DAM_lmp($/MWh)": 25.85753,
			"RTM_lmp($/MWh)": 18.0208
		},
		"08:00:00": {
			"DAM_lmp($/MWh)": 13.57556,
			"RTM_lmp($/MWh)": 12.8688
		},
		"09:00:00": {
			"DAM_lmp($/MWh)": 10.87707,
			"RTM_lmp($/MWh)": 12.94
		},
		"10:00:00": {
			"DAM_lmp($/MWh)": 7.74247,
			"RTM_lmp($/MWh)": 15.4
		},
		"11:00:00": {
			"DAM_lmp($/MWh)": 6.08025,
			"RTM_lmp($/MWh)": 14.7764
		},
		"12:00:00": {
			"DAM_lmp($/MWh)": 4.02341,
			"RTM_lmp($/MWh)": 15.61803
		},
		"13:00:00": {
			"DAM_lmp($/MWh)": 3.65707,
			"RTM_lmp($/MWh)": 15.98306
		},
		"14:00:00": {
			"DAM_lmp($/MWh)": 4.73956,
			"RTM_lmp($/MWh)": 9.9976
		},
		"15:00:00": {
			"DAM_lmp($/MWh)": 7.66716,
			"RTM_lmp($/MWh)": 4.9988
		},
		"16:00:00": {
			"DAM_lmp($/MWh)": 11.91756,
			"RTM_lmp($/MWh)": 4.95
		},
		"17:00:00": {
			"DAM_lmp($/MWh)": 24.87605,
			"RTM_lmp($/MWh)": 0.0
		},
		"18:00:00": {
			"DAM_lmp($/MWh)": 43.85269,
			"RTM_lmp($/MWh)": 14.54868
		},
		"19:00:00": {
			"DAM_lmp($/MWh)": 64.63428,
			"RTM_lmp($/MWh)": 27.54371
		},
		"20:00:00": {
			"DAM_lmp($/MWh)": 64.55586,
			"RTM_lmp($/MWh)": 40.0
		},
		"21:00:00": {
			"DAM_lmp($/MWh)": 50.04992,
			"RTM_lmp($/MWh)": 41.95671
		},
		"22:00:00": {
			"DAM_lmp($/MWh)": 40.78653,
			"RTM_lmp($/MWh)": 32.139
		},
		"23:00:00": {
			"DAM_lmp($/MWh)": 32.35816,
			"RTM_lmp($/MWh)": 33.84964
		}
	}
}