{
	"2023-05-22": {
		"00:00:00": {
			"DAM_lmp($/MWh)": 41.02926,
			"RTM_lmp($/MWh)": 28.0415
		},
		"01:00:00": {
			"DAM_lmp($/MWh)": 38.58384,
			"RTM_lmp($/MWh)": 24.10706
		},
		"02:00:00": {
			"DAM_lmp($/MWh)": 40.1531,
			"RTM_lmp($/MWh)": 20.04926
		},
		"03:00:00": {
			"DAM_lmp($/MWh)": 39.71019,
			"RTM_lmp($/MWh)": 6.39764
		},
		"04:00:00": {
			"DAM_lmp($/MWh)": 41.02255,
			"RTM_lmp($/MWh)": 1.62167
		},
		"05:00:00": {
			"DAM_lmp($/MWh)": 40.61696,
			"RTM_lmp($/MWh)": 30.81135
		},
		"06:00:00": {
			"DAM_lmp($/MWh)": 47.6418,
			"RTM_lmp($/MWh)": 72.0
		},
		"07:00:00": {
			"DAM_lmp($/MWh)": 24.76277,
			"RTM_lmp($/MWh)": 18.0208
		},
		"08:00:00": {
			"DAM_lmp($/MWh)": 4.7935,
			"RTM_lmp($/MWh)": 12.8688
		},
		"09:00:00": {
			"DAM_lmp($/MWh)": 1.38096,
			"RTM_lmp($/MWh)": 12.94
		},
		"10:00:00": {
			"DAM_lmp($/MWh)": 1.74424,
			"RTM_lmp($/MWh)": 15.4
		},
		"11:00:00": {
			"DAM_lmp($/MWh)": 0.83051,
			"RTM_lmp($/MWh)": 3.67262
		},
		"12:00:00": {
			"DAM_lmp($/MWh)": -1.37937,
			"RTM_lmp($/MWh)": 14.08749
		},
		"13:00:00": {
			"DAM_lmp($/MWh)": -2.11734,
			"RTM_lmp($/MWh)": 14.29733
		},
		"14:00:00": {
			"DAM_lmp($/MWh)": -1.05836,
			"RTM_lmp($/MWh)": 9.9976
		},
		"15:00:00": {
			"DAM_lmp($/MWh)": 1.89426,
			"RTM_lmp($/MWh)": 4.9988
		},
		"16:00:00": {
			"DAM_lmp($/MWh)": 6.84918,
			"RTM_lmp($/MWh)": 4.95
		},
		"17:00:00": {
			"DAM_lmp($/MWh)": 23.41714,
			"RTM_lmp($/MWh)": 0.0
		},
		"18:00:00": {
			"DAM_lmp($/MWh)": 42.60802,
			"RTM_lmp($/MWh)": 13.1892
		},
		"19:00:00": {
			"DAM_lmp($/MWh)": 62.21049,
			"RTM_lmp($/MWh)": 26.64154
		},
		"20:00:00": {
			"DAM_lmp($/MWh)": 62.53627,
			"RTM_lmp($/MWh)": 40.0
		},
		"21:00:00": {
			"DAM_lmp($/MWh)": 48.76198,
			"RTM_lmp($/MWh)": 42.04483
		},
		"22:00:00": {
			"DAM_lmp($/MWh)": 44.56751,
			"RTM_lmp($/MWh)": 31.64239
		},
		"23:00:00": {
			"DAM_lmp($/MWh)": 41.57741,
			"RTM_lmp($/MWh)": 32.54083
		}
	},
	"2023-05-23": {
		"00:00:00": {
			"DAM_lmp($/MWh)": 41.02926,
			"RTM_lmp($/MWh)": 28.0415
		},
		"01:00:00": {
			"DAM_lmp($/MWh)": 38.58384,
			"RTM_lmp($/MWh)": 24.10706
		},
		"02:00:00": {
			"DAM_lmp($/MWh)": 40.1531,
			"RTM_lmp($/MWh)": 20.04926
		},
		"03:00:00": {
			"DAM_lmp($/MWh)": 39.71019,
			"RTM_lmp($/MWh)": 6.39764
		},
		"04:00:00": {
			"DAM_lmp($/MWh)": 41.02255,
			"RTM_lmp($/MWh)": 1.62167
		},
		"05:00:00": {
			"DAM_lmp($/MWh)": 40.61696,
			"RTM_lmp($/MWh)": 30.81135
		},
		"06:00:00": {
			"DAM_lmp($/MWh)": 47.6418,
			"RTM_lmp($/MWh)": 72.0
		},
		"07:00:00": {
			"DAM_lmp($/MWh)": 24.76277,
			"RTM_lmp($/MWh)": 18.0208
		},
		"08:00:00": {
			"DAM_lmp($/MWh)": 4.7935,
			"RTM_lmp($/MWh)": 12.8688
		},
		"09:00:00": {
			"DAM_lmp($/MWh)": 1.38096,
			"RTM_lmp($/MWh)": 12.94
		},
		"10:00:00": {
			"DAM_lmp($/MWh)": 1.74424,
			"RTM_lmp($/MWh)": 15.4
		},
		"11:00:00": {
			"DAM_lmp($/MWh)": 0.83051,
			"RTM_lmp($/MWh)": 3.67262
		},
		"12:00:00": {
			"DAM_lmp($/MWh)": -1.37937,
			"RTM_lmp($/MWh)": 14.08749
		},
		"13:00:00": {
			"DAM_lmp($/MWh)": -2.11734,
			"RTM_lmp($/MWh)": 14.29733
		},
		"14:00:00": {
			"DAM_lmp($/MWh)": -1.05836,
			"RTM_lmp($/MWh)": 9.9976
		},
		"15:00:00": {
			"DAM_lmp($/MWh)": 1.89426,
			"RTM_lmp($/MWh)": 4.9988
		},
		"16:00:00": {
			"DAM_lmp($/MWh)": 6.84918,
			"RTM_lmp($/MWh)": 4.95
		},
		"17:00:00": {
			"DAM_lmp($/MWh)": 23.41714,
			"RTM_lmp($/MWh)": 0.0
		},
		"18:00:00": {
			"DAM_lmp($/MWh)": 42.60802,
			"RTM_lmp($/MWh)": 13.1892
		},
		"19:00:00": {
			"DAM_lmp($/MWh)": 62.21049,
			"RTM_lmp($/MWh)": 26.64154
		},
		"20:00:00": {
			"DAM_lmp($/MWh)": 62.53627,
			"RTM_lmp($/MWh)": 40.0
		},
		"21:00:00": {
			"DAM_lmp($/MWh)": 48.76198,
			"RTM_lmp($/MWh)": 42.04483
		},
		"22:00:00": {
			"DAM_lmp($/MWh)": 44.56751,
			"RTM_lmp($/MWh)": 31.64239
		},
		"23:00:00": {
			"DAM_lmp($/MWh)": 41.57741,
			"RTM_lmp($/MWh)": 32.54083
		}
	}
}