{
	"2023-05-22": {
		"00:00:00": {
			"DAM_lmp($/MWh)": 30.08717,
			"RTM_lmp($/MWh)": 29.09157
		},
		"01:00:00": {
			"DAM_lmp($/MWh)": 26.31566,
			"RTM_lmp($/MWh)": 25.41749
		},
		"02:00:00": {
			"DAM_lmp($/MWh)": 25.00381,
			"RTM_lmp($/MWh)": 21.05911
		},
		"03:00:00": {
			"DAM_lmp($/MWh)": 23.15898,
			"RTM_lmp($/MWh)": 23.48046
		},
		"04:00:00": {
			"DAM_lmp($/MWh)": 26.93046,
			"RTM_lmp($/MWh)": 20.65023
		},
		"05:00:00": {
			"DAM_lmp($/MWh)": 34.99091,
			"RTM_lmp($/MWh)": 30.81135
		},
		"06:00:00": {
			"DAM_lmp($/MWh)": 36.38895,
			"RTM_lmp($/MWh)": 72.0
		},
		"07:00:00": {
			"DAM_lmp($/MWh)": 25.73848,
			"RTM_lmp($/MWh)": 18.0208
		},
		"08:00:00": {
			"DAM_lmp($/MWh)": 13.49121,
			"RTM_lmp($/MWh)": 12.8688
		},
		"09:00:00": {
			"DAM_lmp($/MWh)": 10.81062,
			"RTM_lmp($/MWh)": 12.94
		},
		"10:00:00": {
			"DAM_lmp($/MWh)": 7.69294,
			"RTM_lmp($/MWh)": 15.4
		},
		"11:00:00": {
			"DAM_lmp($/MWh)": 6.04014,
			"RTM_lmp($/MWh)": 14.7764
		},
		"12:00:00": {
			"DAM_lmp($/MWh)": 3.99685,
			"RTM_lmp($/MWh)": 15.45943
		},
		"13:00:00": {
			"DAM_lmp($/MWh)": 3.63394,
			"RTM_lmp($/MWh)": 15.81511
		},
		"14:00:00": {
			"DAM_lmp($/MWh)": 4.71481,
			"RTM_lmp($/MWh)": 9.9976
		},
		"15:00:00": {
			"DAM_lmp($/MWh)": 7.62242,
			"RTM_lmp($/MWh)": 4.9988
		},
		"16:00:00": {
			"DAM_lmp($/MWh)": 11.85158,
			"RTM_lmp($/MWh)": 4.95
		},
		"17:00:00": {
			"DAM_lmp($/MWh)": 24.78144,
			"RTM_lmp($/MWh)": 0.0
		},
		"18:00:00": {
			"DAM_lmp($/MWh)": 43.74313,
			"RTM_lmp($/MWh)": 14.41444
		},
		"19:00:00": {
			"DAM_lmp($/MWh)": 64.60842,
			"RTM_lmp($/MWh)": 27.40618
		},
		"20:00:00": {
			"DAM_lmp($/MWh)": 64.54939,
			"RTM_lmp($/MWh)": 40.0
		},
		"21:00:00": {
			"DAM_lmp($/MWh)": 49.96506,
			"RTM_lmp($/MWh)": 41.75949
		},
		"22:00:00": {
			"DAM_lmp($/MWh)": 40.65746,
			"RTM_lmp($/MWh)": 31.94163
		},
		"23:00:00": {
			"DAM_lmp($/MWh)": 32.20602,
			"RTM_lmp($/MWh)": 33.64368
		}
	},
	"2023-05-23": {
		"00:00:00": {
			"DAM_lmp($/MWh)": 30.08717,
			"RTM_lmp($/MWh)": 29.09157
		},
		"01:00:00": {
			"DAM_lmp($/MWh)": 26.31566,
			"RTM_lmp($/MWh)": 25.41749
		},
		"02:00:00": {
			"DAM_lmp($/MWh)": 25.00381,
			"RTM_lmp($/MWh)": 21.05911
		},
		"03:00:00": {
			"DAM_lmp($/MWh)": 23.15898,
			"RTM_lmp($/MWh)": 23.48046
		},
		"04:00:00": {
			"DAM_lmp($/MWh)": 26.93046,
			"RTM_lmp($/MWh)": 20.65023
		},
		"05:00:00": {
			"DAM_lmp($/MWh)": 34.99091,
			"RTM_lmp($/MWh)": 30.81135
		},
		"06:00:00": {
			"DAM_lmp($/MWh)": 36.38895,
			"RTM_lmp($/MWh)": 72.0
		},
		"07:00:00": {
			"DAM_lmp($/MWh)": 25.73848,
			"RTM_lmp($/MWh)": 18.0208
		},
		"08:00:00": {
			"DAM_lmp($/MWh)": 13.49121,
			"RTM_lmp($/MWh)": 12.8688
		},
		"09:00:00": {
			"DAM_lmp($/MWh)": 10.81062,
			"RTM_lmp($/MWh)": 12.94
		},
		"10:00:00": {
			"DAM_lmp($/MWh)": 7.69294,
			"RTM_lmp($/MWh)": 15.4
		},
		"11:00:00": {
			"DAM_lmp($/MWh)": 6.04014,
			"RTM_lmp($/MWh)": 14.7764
		},
		"12:00:00": {
			"DAM_lmp($/MWh)": 3.99685,
			"RTM_lmp($/MWh)": 15.45943
		},
		"13:00:00": {
			"DAM_lmp($/MWh)": 3.63394,
			"RTM_lmp($/MWh)": 15.81511
		},
		"14:00:00": {
			"DAM_lmp($/MWh)": 4.71481,
			"RTM_lmp($/MWh)": 9.9976
		},
		"15:00:00": {
			"DAM_lmp($/MWh)": 7.62242,
			"RTM_lmp($/MWh)": 4.9988
		},
		"16:00:00": {
			"DAM_lmp($/MWh)": 11.85158,
			"RTM_lmp($/MWh)": 4.95
		},
		"17:00:00": {
			"DAM_lmp($/MWh)": 24.78144,
			"RTM_lmp($/MWh)": 0.0
		},
		"18:00:00": {
			"DAM_lmp($/MWh)": 43.74313,
			"RTM_lmp($/MWh)": 14.41444
		},
		"19:00:00": {
			"DAM_lmp($/MWh)": 64.60842,
			"RTM_lmp($/MWh)": 27.40618
		},
		"20:00:00": {
			"DAM_lmp($/MWh)": 64.54939,
			"RTM_lmp($/MWh)": 40.0
		},
		"21:00:00": {
			"DAM_lmp($/MWh)": 49.96506,
			"RTM_lmp($/MWh)": 41.75949
		},
		"22:00:00": {
			"DAM_lmp($/MWh)": 40.65746,
			"RTM_lmp($/MWh)": 31.94163
		},
		"23:00:00": {
			"DAM_lmp($/MWh)": 32.20602,
			"RTM_lmp($/MWh)": 33.64368
		}
	}
}