{
	"2023-05-22": {
		"00:00:00": {
			"DAM_lmp($/MWh)": 26.98304,
			"RTM_lmp($/MWh)": 28.41429
		},
		"01:00:00": {
			"DAM_lmp($/MWh)": 22.93846,
			"RTM_lmp($/MWh)": 24.30733
		},
		"02:00:00": {
			"DAM_lmp($/MWh)": 20.96856,
			"RTM_lmp($/MWh)": 20.1601
		},
		"03:00:00": {
			"DAM_lmp($/MWh)": 18.84566,
			"RTM_lmp($/MWh)": 7.37236
		},
		"04:00:00": {
			"DAM_lmp($/MWh)": 22.7589,
			"RTM_lmp($/MWh)": 2.24728
		},
		"05:00:00": {
			"DAM_lmp($/MWh)": 32.52186,
			"RTM_lmp($/MWh)": 30.81135
		},
		"06:00:00": {
			"DAM_lmp($/MWh)": 33.64347,
			"RTM_lmp($/MWh)": 72.0
		},
		"07:00:00": {
			"DAM_lmp($/MWh)": 26.78924,
			"RTM_lmp($/MWh)": 18.0208
		},
		"08:00:00": {
			"DAM_lmp($/MWh)": 17.47182,
			"RTM_lmp($/MWh)": 12.8688
		},
		"09:00:00": {
			"DAM_lmp($/MWh)": 14.94203,
			"RTM_lmp($/MWh)": 12.94
		},
		"10:00:00": {
			"DAM_lmp($/MWh)": 10.38735,
			"RTM_lmp($/MWh)": 15.4
		},
		"11:00:00": {
			"DAM_lmp($/MWh)": 8.45296,
			"RTM_lmp($/MWh)": 14.7764
		},
		"12:00:00": {
			"DAM_lmp($/MWh)": 6.4674,
			"RTM_lmp($/MWh)": 15.578
		},
		"13:00:00": {
			"DAM_lmp($/MWh)": 6.31071,
			"RTM_lmp($/MWh)": 15.76646
		},
		"14:00:00": {
			"DAM_lmp($/MWh)": 7.50973,
			"RTM_lmp($/MWh)": 9.9976
		},
		"15:00:00": {
			"DAM_lmp($/MWh)": 10.67135,
			"RTM_lmp($/MWh)": 4.9988
		},
		"16:00:00": {
			"DAM_lmp($/MWh)": 14.83727,
			"RTM_lmp($/MWh)": 4.95
		},
		"17:00:00": {
			"DAM_lmp($/MWh)": 26.21545,
			"RTM_lmp($/MWh)": 0.0
		},
		"18:00:00": {
			"DAM_lmp($/MWh)": 45.68902,
			"RTM_lmp($/MWh)": 14.64293
		},
		"19:00:00": {
			"DAM_lmp($/MWh)": 68.00172,
			"RTM_lmp($/MWh)": 28.66317
		},
		"20:00:00": {
			"DAM_lmp($/MWh)": 67.81828,
			"RTM_lmp($/MWh)": 40.0
		},
		"21:00:00": {
			"DAM_lmp($/MWh)": 51.89197,
			"RTM_lmp($/MWh)": 43.65193
		},
		"22:00:00": {
			"DAM_lmp($/MWh)": 40.27404,
			"RTM_lmp($/MWh)": 32.64833
		},
		"23:00:00": {
			"DAM_lmp($/MWh)": 29.75273,
			"RTM_lmp($/MWh)": 33.52077
		}
	},
	"2023-05-23": {
		"00:00:00": {
			"DAM_lmp($/MWh)": 26.98304,
			"RTM_lmp($/MWh)": 28.41429
		},
		"01:00:00": {
			"DAM_lmp($/MWh)": 22.93846,
			"RTM_lmp($/MWh)": 24.30733
		},
		"02:00:00": {
			"DAM_lmp($/MWh)": 20.96856,
			"RTM_lmp($/MWh)": 20.1601
		},
		"03:00:00": {
			"DAM_lmp($/MWh)": 18.84566,
			"RTM_lmp($/MWh)": 7.37236
		},
		"04:00:00": {
			"DAM_lmp($/MWh)": 22.7589,
			"RTM_lmp($/MWh)": 2.24728
		},
		"05:00:00": {
			"DAM_lmp($/MWh)": 32.52186,
			"RTM_lmp($/MWh)": 30.81135
		},
		"06:00:00": {
			"DAM_lmp($/MWh)": 33.64347,
			"RTM_lmp($/MWh)": 72.0
		},
		"07:00:00": {
			"DAM_lmp($/MWh)": 26.78924,
			"RTM_lmp($/MWh)": 18.0208
		},
		"08:00:00": {
			"DAM_lmp($/MWh)": 17.47182,
			"RTM_lmp($/MWh)": 12.8688
		},
		"09:00:00": {
			"DAM_lmp($/MWh)": 14.94203,
			"RTM_lmp($/MWh)": 12.94
		},
		"10:00:00": {
			"DAM_lmp($/MWh)": 10.38735,
			"RTM_lmp($/MWh)": 15.4
		},
		"11:00:00": {
			"DAM_lmp($/MWh)": 8.45296,
			"RTM_lmp($/MWh)": 14.7764
		},
		"12:00:00": {
			"DAM_lmp($/MWh)": 6.4674,
			"RTM_lmp($/MWh)": 15.578
		},
		"13:00:00": {
			"DAM_lmp($/MWh)": 6.31071,
			"RTM_lmp($/MWh)": 15.76646
		},
		"14:00:00": {
			"DAM_lmp($/MWh)": 7.50973,
			"RTM_lmp($/MWh)": 9.9976
		},
		"15:00:00": {
			"DAM_lmp($/MWh)": 10.67135,
			"RTM_lmp($/MWh)": 4.9988
		},
		"16:00:00": {
			"DAM_lmp($/MWh)": 14.83727,
			"RTM_lmp($/MWh)": 4.95
		},
		"17:00:00": {
			"DAM_lmp($/MWh)": 26.21545,
			"RTM_lmp($/MWh)": 0.0
		},
		"18:00:00": {
			"DAM_lmp($/MWh)": 45.68902,
			"RTM_lmp($/MWh)": 14.64293
		},
		"19:00:00": {
			"DAM_lmp($/MWh)": 68.00172,
			"RTM_lmp($/MWh)": 28.66317
		},
		"20:00:00": {
			"DAM_lmp($/MWh)": 67.81828,
			"RTM_lmp($/MWh)": 40.0
		},
		"21:00:00": {
			"DAM_lmp($/MWh)": 51.89197,
			"RTM_lmp($/MWh)": 43.65193
		},
		"22:00:00": {
			"DAM_lmp($/MWh)": 40.27404,
			"RTM_lmp($/MWh)": 32.64833
		},
		"23:00:00": {
			"DAM_lmp($/MWh)": 29.75273,
			"RTM_lmp($/MWh)": 33.52077
		}
	}
}