{
	"2023-05-22": {
		"00:00:00": {
			"DAM_lmp($/MWh)": 32.07367,
			"RTM_lmp($/MWh)": 29.27085
		},
		"01:00:00": {
			"DAM_lmp($/MWh)": 28.60654,
			"RTM_lmp($/MWh)": 25.1826
		},
		"02:00:00": {
			"DAM_lmp($/MWh)": 28.14193,
			"RTM_lmp($/MWh)": 20.88259
		},
		"03:00:00": {
			"DAM_lmp($/MWh)": 26.50384,
			"RTM_lmp($/MWh)": 6.56166
		},
		"04:00:00": {
			"DAM_lmp($/MWh)": 29.58538,
			"RTM_lmp($/MWh)": 1.84227
		},
		"05:00:00": {
			"DAM_lmp($/MWh)": 35.74926,
			"RTM_lmp($/MWh)": 30.81135
		},
		"06:00:00": {
			"DAM_lmp($/MWh)": 38.49269,
			"RTM_lmp($/MWh)": 72.0
		},
		"07:00:00": {
			"DAM_lmp($/MWh)": 25.46156,
			"RTM_lmp($/MWh)": 18.0208
		},
		"08:00:00": {
			"DAM_lmp($/MWh)": 8.59329,
			"RTM_lmp($/MWh)": 12.8688
		},
		"09:00:00": {
			"DAM_lmp($/MWh)": 5.45921,
			"RTM_lmp($/MWh)": 12.94
		},
		"10:00:00": {
			"DAM_lmp($/MWh)": 4.26191,
			"RTM_lmp($/MWh)": 15.4
		},
		"11:00:00": {
			"DAM_lmp($/MWh)": 2.99055,
			"RTM_lmp($/MWh)": 3.26137
		},
		"12:00:00": {
			"DAM_lmp($/MWh)": 0.87344,
			"RTM_lmp($/MWh)": 14.2815
		},
		"13:00:00": {
			"DAM_lmp($/MWh)": 0.31714,
			"RTM_lmp($/MWh)": 14.42446
		},
		"14:00:00": {
			"DAM_lmp($/MWh)": 1.32738,
			"RTM_lmp($/MWh)": 9.9976
		},
		"15:00:00": {
			"DAM_lmp($/MWh)": 4.33091,
			"RTM_lmp($/MWh)": 4.9988
		},
		"16:00:00": {
			"DAM_lmp($/MWh)": 8.93143,
			"RTM_lmp($/MWh)": 4.95
		},
		"17:00:00": {
			"DAM_lmp($/MWh)": 23.94743,
			"RTM_lmp($/MWh)": 0.0
		},
		"18:00:00": {
			"DAM_lmp($/MWh)": 43.34869,
			"RTM_lmp($/MWh)": 13.8004
		},
		"19:00:00": {
			"DAM_lmp($/MWh)": 64.5244,
			"RTM_lmp($/MWh)": 28.0223
		},
		"20:00:00": {
			"DAM_lmp($/MWh)": 64.78242,
			"RTM_lmp($/MWh)": 40.0
		},
		"21:00:00": {
			"DAM_lmp($/MWh)": 49.96006,
			"RTM_lmp($/MWh)": 43.60158
		},
		"22:00:00": {
			"DAM_lmp($/MWh)": 41.35655,
			"RTM_lmp($/MWh)": 33.14493
		},
		"23:00:00": {
			"DAM_lmp($/MWh)": 34.47515,
			"RTM_lmp($/MWh)": 34.10874
		}
	},
	"2023-05-23": {
		"00:00:00": {
			"DAM_lmp($/MWh)": 32.07367,
			"RTM_lmp($/MWh)": 29.27085
		},
		"01:00:00": {
			"DAM_lmp($/MWh)": 28.60654,
			"RTM_lmp($/MWh)": 25.1826
		},
		"02:00:00": {
			"DAM_lmp($/MWh)": 28.14193,
			"RTM_lmp($/MWh)": 20.88259
		},
		"03:00:00": {
			"DAM_lmp($/MWh)": 26.50384,
			"RTM_lmp($/MWh)": 6.56166
		},
		"04:00:00": {
			"DAM_lmp($/MWh)": 29.58538,
			"RTM_lmp($/MWh)": 1.84227
		},
		"05:00:00": {
			"DAM_lmp($/MWh)": 35.74926,
			"RTM_lmp($/MWh)": 30.81135
		},
		"06:00:00": {
			"DAM_lmp($/MWh)": 38.49269,
			"RTM_lmp($/MWh)": 72.0
		},
		"07:00:00": {
			"DAM_lmp($/MWh)": 25.46156,
			"RTM_lmp($/MWh)": 18.0208
		},
		"08:00:00": {
			"DAM_lmp($/MWh)": 8.59329,
			"RTM_lmp($/MWh)": 12.8688
		},
		"09:00:00": {
			"DAM_lmp($/MWh)": 5.45921,
			"RTM_lmp($/MWh)": 12.94
		},
		"10:00:00": {
			"DAM_lmp($/MWh)": 4.26191,
			"RTM_lmp($/MWh)": 15.4
		},
		"11:00:00": {
			"DAM_lmp($/MWh)": 2.99055,
			"RTM_lmp($/MWh)": 3.26137
		},
		"12:00:00": {
			"DAM_lmp($/MWh)": 0.87344,
			"RTM_lmp($/MWh)": 14.2815
		},
		"13:00:00": {
			"DAM_lmp($/MWh)": 0.31714,
			"RTM_lmp($/MWh)": 14.42446
		},
		"14:00:00": {
			"DAM_lmp($/MWh)": 1.32738,
			"RTM_lmp($/MWh)": 9.9976
		},
		"15:00:00": {
			"DAM_lmp($/MWh)": 4.33091,
			"RTM_lmp($/MWh)": 4.9988
		},
		"16:00:00": {
			"DAM_lmp($/MWh)": 8.93143,
			"RTM_lmp($/MWh)": 4.95
		},
		"17:00:00": {
			"DAM_lmp($/MWh)": 23.94743,
			"RTM_lmp($/MWh)": 0.0
		},
		"18:00:00": {
			"DAM_lmp($/MWh)": 43.34869,
			"RTM_lmp($/MWh)": 13.8004
		},
		"19:00:00": {
			"DAM_lmp($/MWh)": 64.5244,
			"RTM_lmp($/MWh)": 28.0223
		},
		"20:00:00": {
			"DAM_lmp($/MWh)": 64.78242,
			"RTM_lmp($/MWh)": 40.0
		},
		"21:00:00": {
			"DAM_lmp($/MWh)": 49.96006,
			"RTM_lmp($/MWh)": 43.60158
		},
		"22:00:00": {
			"DAM_lmp($/MWh)": 41.35655,
			"RTM_lmp($/MWh)": 33.14493
		},
		"23:00:00": {
			"DAM_lmp($/MWh)": 34.47515,
			"RTM_lmp($/MWh)": 34.10874
		}
	}
}