{
	"2023-05-22": {
		"00:00:00": {
			"DAM_lmp($/MWh)": 52.376,
			"RTM_lmp($/MWh)": 27.92483
		},
		"01:00:00": {
			"DAM_lmp($/MWh)": 51.09442,
			"RTM_lmp($/MWh)": 23.91667
		},
		"02:00:00": {
			"DAM_lmp($/MWh)": 55.71493,
			"RTM_lmp($/MWh)": 19.96716
		},
		"03:00:00": {
			"DAM_lmp($/MWh)": 56.76543,
			"RTM_lmp($/MWh)": 6.31097
		},
		"04:00:00": {
			"DAM_lmp($/MWh)": 55.72724,
			"RTM_lmp($/MWh)": 1.53955
		},
		"05:00:00": {
			"DAM_lmp($/MWh)": 47.33254,
			"RTM_lmp($/MWh)": 30.81135
		},
		"06:00:00": {
			"DAM_lmp($/MWh)": 60.231,
			"RTM_lmp($/MWh)": 72.0
		},
		"07:00:00": {
			"DAM_lmp($/MWh)": 25.61684,
			"RTM_lmp($/MWh)": 18.0208
		},
		"08:00:00": {
			"DAM_lmp($/MWh)": 5.85502,
			"RTM_lmp($/MWh)": 12.8688
		},
		"09:00:00": {
			"DAM_lmp($/MWh)": 2.49161,
			"RTM_lmp($/MWh)": 12.94
		},
		"10:00:00": {
			"DAM_lmp($/MWh)": 2.41479,
			"RTM_lmp($/MWh)": 15.4
		},
		"11:00:00": {
			"DAM_lmp($/MWh)": 1.35307,
			"RTM_lmp($/MWh)": 2.57595
		},
		"12:00:00": {
			"DAM_lmp($/MWh)": -0.90282,
			"RTM_lmp($/MWh)": 14.46781
		},
		"13:00:00": {
			"DAM_lmp($/MWh)": -1.60696,
			"RTM_lmp($/MWh)": 14.58613
		},
		"14:00:00": {
			"DAM_lmp($/MWh)": -0.5844,
			"RTM_lmp($/MWh)": 9.9976
		},
		"15:00:00": {
			"DAM_lmp($/MWh)": 2.5736,
			"RTM_lmp($/MWh)": 4.9988
		},
		"16:00:00": {
			"DAM_lmp($/MWh)": 7.76375,
			"RTM_lmp($/MWh)": 4.95
		},
		"17:00:00": {
			"DAM_lmp($/MWh)": 24.04701,
			"RTM_lmp($/MWh)": 0.0
		},
		"18:00:00": {
			"DAM_lmp($/MWh)": 43.58097,
			"RTM_lmp($/MWh)": 13.17492
		},
		"19:00:00": {
			"DAM_lmp($/MWh)": 62.51427,
			"RTM_lmp($/MWh)": 26.6993
		},
		"20:00:00": {
			"DAM_lmp($/MWh)": 63.56548,
			"RTM_lmp($/MWh)": 40.0
		},
		"21:00:00": {
			"DAM_lmp($/MWh)": 50.46426,
			"RTM_lmp($/MWh)": 42.24624
		},
		"22:00:00": {
			"DAM_lmp($/MWh)": 49.47139,
			"RTM_lmp($/MWh)": 31.88751
		},
		"23:00:00": {
			"DAM_lmp($/MWh)": 50.9146,
			"RTM_lmp($/MWh)": 32.78
		}
	},
	"2023-05-23": {
		"00:00:00": {
			"DAM_lmp($/MWh)": 52.376,
			"RTM_lmp($/MWh)": 27.92483
		},
		"01:00:00": {
			"DAM_lmp($/MWh)": 51.09442,
			"RTM_lmp($/MWh)": 23.91667
		},
		"02:00:00": {
			"DAM_lmp($/MWh)": 55.71493,
			"RTM_lmp($/MWh)": 19.96716
		},
		"03:00:00": {
			"DAM_lmp($/MWh)": 56.76543,
			"RTM_lmp($/MWh)": 6.31097
		},
		"04:00:00": {
			"DAM_lmp($/MWh)": 55.72724,
			"RTM_lmp($/MWh)": 1.53955
		},
		"05:00:00": {
			"DAM_lmp($/MWh)": 47.33254,
			"RTM_lmp($/MWh)": 30.81135
		},
		"06:00:00": {
			"DAM_lmp($/MWh)": 60.231,
			"RTM_lmp($/MWh)": 72.0
		},
		"07:00:00": {
			"DAM_lmp($/MWh)": 25.61684,
			"RTM_lmp($/MWh)": 18.0208
		},
		"08:00:00": {
			"DAM_lmp($/MWh)": 5.85502,
			"RTM_lmp($/MWh)": 12.8688
		},
		"09:00:00": {
			"DAM_lmp($/MWh)": 2.49161,
			"RTM_lmp($/MWh)": 12.94
		},
		"10:00:00": {
			"DAM_lmp($/MWh)": 2.41479,
			"RTM_lmp($/MWh)": 15.4
		},
		"11:00:00": {
			"DAM_lmp($/MWh)": 1.35307,
			"RTM_lmp($/MWh)": 2.57595
		},
		"12:00:00": {
			"DAM_lmp($/MWh)": -0.90282,
			"RTM_lmp($/MWh)": 14.46781
		},
		"13:00:00": {
			"DAM_lmp($/MWh)": -1.60696,
			"RTM_lmp($/MWh)": 14.58613
		},
		"14:00:00": {
			"DAM_lmp($/MWh)": -0.5844,
			"RTM_lmp($/MWh)": 9.9976
		},
		"15:00:00": {
			"DAM_lmp($/MWh)": 2.5736,
			"RTM_lmp($/MWh)": 4.9988
		},
		"16:00:00": {
			"DAM_lmp($/MWh)": 7.76375,
			"RTM_lmp($/MWh)": 4.95
		},
		"17:00:00": {
			"DAM_lmp($/MWh)": 24.04701,
			"RTM_lmp($/MWh)": 0.0
		},
		"18:00:00": {
			"DAM_lmp($/MWh)": 43.58097,
			"RTM_lmp($/MWh)": 13.17492
		},
		"19:00:00": {
			"DAM_lmp($/MWh)": 62.51427,
			"RTM_lmp($/MWh)": 26.6993
		},
		"20:00:00": {
			"DAM_lmp($/MWh)": 63.56548,
			"RTM_lmp($/MWh)": 40.0
		},
		"21:00:00": {
			"DAM_lmp($/MWh)": 50.46426,
			"RTM_lmp($/MWh)": 42.24624
		},
		"22:00:00": {
			"DAM_lmp($/MWh)": 49.47139,
			"RTM_lmp($/MWh)": 31.88751
		},
		"23:00:00": {
			"DAM_lmp($/MWh)": 50.9146,
			"RTM_lmp($/MWh)": 32.78
		}
	}
}