{
	"2023-05-22": {
		"00:00:00": {
			"DAM_lmp($/MWh)": 30.71947,
			"RTM_lmp($/MWh)": 29.47289
		},
		"01:00:00": {
			"DAM_lmp($/MWh)": 26.87424,
			"RTM_lmp($/MWh)": 25.82299
		},
		"02:00:00": {
			"DAM_lmp($/MWh)": 25.5347,
			"RTM_lmp($/MWh)": 21.42241
		},
		"03:00:00": {
			"DAM_lmp($/MWh)": 23.64776,
			"RTM_lmp($/MWh)": 23.5292
		},
		"04:00:00": {
			"DAM_lmp($/MWh)": 27.44927,
			"RTM_lmp($/MWh)": 20.73087
		},
		"05:00:00": {
			"DAM_lmp($/MWh)": 35.61851,
			"RTM_lmp($/MWh)": 30.81135
		},
		"06:00:00": {
			"DAM_lmp($/MWh)": 37.14443,
			"RTM_lmp($/MWh)": 72.0
		},
		"07:00:00": {
			"DAM_lmp($/MWh)": 26.39585,
			"RTM_lmp($/MWh)": 18.0208
		},
		"08:00:00": {
			"DAM_lmp($/MWh)": 17.15279,
			"RTM_lmp($/MWh)": 12.8688
		},
		"09:00:00": {
			"DAM_lmp($/MWh)": 13.19888,
			"RTM_lmp($/MWh)": 12.94
		},
		"10:00:00": {
			"DAM_lmp($/MWh)": 9.01149,
			"RTM_lmp($/MWh)": 15.4
		},
		"11:00:00": {
			"DAM_lmp($/MWh)": 8.48679,
			"RTM_lmp($/MWh)": 14.7764
		},
		"12:00:00": {
			"DAM_lmp($/MWh)": 4.75095,
			"RTM_lmp($/MWh)": 15.85978
		},
		"13:00:00": {
			"DAM_lmp($/MWh)": 4.23011,
			"RTM_lmp($/MWh)": 16.25931
		},
		"14:00:00": {
			"DAM_lmp($/MWh)": 4.80761,
			"RTM_lmp($/MWh)": 9.9976
		},
		"15:00:00": {
			"DAM_lmp($/MWh)": 7.80292,
			"RTM_lmp($/MWh)": 4.9988
		},
		"16:00:00": {
			"DAM_lmp($/MWh)": 12.11433,
			"RTM_lmp($/MWh)": 4.95
		},
		"17:00:00": {
			"DAM_lmp($/MWh)": 25.25945,
			"RTM_lmp($/MWh)": 0.0
		},
		"18:00:00": {
			"DAM_lmp($/MWh)": 44.2033,
			"RTM_lmp($/MWh)": 14.7586
		},
		"19:00:00": {
			"DAM_lmp($/MWh)": 65.03501,
			"RTM_lmp($/MWh)": 27.78575
		},
		"20:00:00": {
			"DAM_lmp($/MWh)": 64.88599,
			"RTM_lmp($/MWh)": 40.0
		},
		"21:00:00": {
			"DAM_lmp($/MWh)": 50.44928,
			"RTM_lmp($/MWh)": 42.20847
		},
		"22:00:00": {
			"DAM_lmp($/MWh)": 41.08904,
			"RTM_lmp($/MWh)": 32.21858
		},
		"23:00:00": {
			"DAM_lmp($/MWh)": 32.75119,
			"RTM_lmp($/MWh)": 34.01905
		}
	},
	"2023-05-23": {
		"00:00:00": {
			"DAM_lmp($/MWh)": 30.71947,
			"RTM_lmp($/MWh)": 29.47289
		},
		"01:00:00": {
			"DAM_lmp($/MWh)": 26.87424,
			"RTM_lmp($/MWh)": 25.82299
		},
		"02:00:00": {
			"DAM_lmp($/MWh)": 25.5347,
			"RTM_lmp($/MWh)": 21.42241
		},
		"03:00:00": {
			"DAM_lmp($/MWh)": 23.64776,
			"RTM_lmp($/MWh)": 23.5292
		},
		"04:00:00": {
			"DAM_lmp($/MWh)": 27.44927,
			"RTM_lmp($/MWh)": 20.73087
		},
		"05:00:00": {
			"DAM_lmp($/MWh)": 35.61851,
			"RTM_lmp($/MWh)": 30.81135
		},
		"06:00:00": {
			"DAM_lmp($/MWh)": 37.14443,
			"RTM_lmp($/MWh)": 72.0
		},
		"07:00:00": {
			"DAM_lmp($/MWh)": 26.39585,
			"RTM_lmp($/MWh)": 18.0208
		},
		"08:00:00": {
			"DAM_lmp($/MWh)": 17.15279,
			"RTM_lmp($/MWh)": 12.8688
		},
		"09:00:00": {
			"DAM_lmp($/MWh)": 13.19888,
			"RTM_lmp($/MWh)": 12.94
		},
		"10:00:00": {
			"DAM_lmp($/MWh)": 9.01149,
			"RTM_lmp($/MWh)": 15.4
		},
		"11:00:00": {
			"DAM_lmp($/MWh)": 8.48679,
			"RTM_lmp($/MWh)": 14.7764
		},
		"12:00:00": {
			"DAM_lmp($/MWh)": 4.75095,
			"RTM_lmp($/MWh)": 15.85978
		},
		"13:00:00": {
			"DAM_lmp($/MWh)": 4.23011,
			"RTM_lmp($/MWh)": 16.25931
		},
		"14:00:00": {
			"DAM_lmp($/MWh)": 4.80761,
			"RTM_lmp($/MWh)": 9.9976
		},
		"15:00:00": {
			"DAM_lmp($/MWh)": 7.80292,
			"RTM_lmp($/MWh)": 4.9988
		},
		"16:00:00": {
			"DAM_lmp($/MWh)": 12.11433,
			"RTM_lmp($/MWh)": 4.95
		},
		"17:00:00": {
			"DAM_lmp($/MWh)": 25.25945,
			"RTM_lmp($/MWh)": 0.0
		},
		"18:00:00": {
			"DAM_lmp($/MWh)": 44.2033,
			"RTM_lmp($/MWh)": 14.7586
		},
		"19:00:00": {
			"DAM_lmp($/MWh)": 65.03501,
			"RTM_lmp($/MWh)": 27.78575
		},
		"20:00:00": {
			"DAM_lmp($/MWh)": 64.88599,
			"RTM_lmp($/MWh)": 40.0
		},
		"21:00:00": {
			"DAM_lmp($/MWh)": 50.44928,
			"RTM_lmp($/MWh)": 42.20847
		},
		"22:00:00": {
			"DAM_lmp($/MWh)": 41.08904,
			"RTM_lmp($/MWh)": 32.21858
		},
		"23:00:00": {
			"DAM_lmp($/MWh)": 32.75119,
			"RTM_lmp($/MWh)": 34.01905
		}
	}
}