{
	"2023-05-22": {
		"00:00:00": {
			"DAM_lmp($/MWh)": 26.69798,
			"RTM_lmp($/MWh)": 27.85653
		},
		"01:00:00": {
			"DAM_lmp($/MWh)": 22.82501,
			"RTM_lmp($/MWh)": 24.02547
		},
		"02:00:00": {
			"DAM_lmp($/MWh)": 20.88021,
			"RTM_lmp($/MWh)": 19.90148
		},
		"03:00:00": {
			"DAM_lmp($/MWh)": 18.67497,
			"RTM_lmp($/MWh)": 7.0313
		},
		"04:00:00": {
			"DAM_lmp($/MWh)": 22.56084,
			"RTM_lmp($/MWh)": 1.99071
		},
		"05:00:00": {
			"DAM_lmp($/MWh)": 32.10227,
			"RTM_lmp($/MWh)": 56.63274
		},
		"06:00:00": {
			"DAM_lmp($/MWh)": 33.15697,
			"RTM_lmp($/MWh)": 72.0
		},
		"07:00:00": {
			"DAM_lmp($/MWh)": 26.31562,
			"RTM_lmp($/MWh)": 18.0208
		},
		"08:00:00": {
			"DAM_lmp($/MWh)": 20.13771,
			"RTM_lmp($/MWh)": 12.8688
		},
		"09:00:00": {
			"DAM_lmp($/MWh)": 17.62078,
			"RTM_lmp($/MWh)": 12.94
		},
		"10:00:00": {
			"DAM_lmp($/MWh)": 11.80427,
			"RTM_lmp($/MWh)": 15.4
		},
		"11:00:00": {
			"DAM_lmp($/MWh)": 9.75018,
			"RTM_lmp($/MWh)": 18.75183
		},
		"12:00:00": {
			"DAM_lmp($/MWh)": 7.90273,
			"RTM_lmp($/MWh)": 15.40092
		},
		"13:00:00": {
			"DAM_lmp($/MWh)": 7.87533,
			"RTM_lmp($/MWh)": 15.59066
		},
		"14:00:00": {
			"DAM_lmp($/MWh)": 9.03035,
			"RTM_lmp($/MWh)": 9.9976
		},
		"15:00:00": {
			"DAM_lmp($/MWh)": 11.96143,
			"RTM_lmp($/MWh)": 4.9988
		},
		"16:00:00": {
			"DAM_lmp($/MWh)": 15.80191,
			"RTM_lmp($/MWh)": 4.95
		},
		"17:00:00": {
			"DAM_lmp($/MWh)": 25.55571,
			"RTM_lmp($/MWh)": 0.0
		},
		"18:00:00": {
			"DAM_lmp($/MWh)": 44.65472,
			"RTM_lmp($/MWh)": 14.39302
		},
		"19:00:00": {
			"DAM_lmp($/MWh)": 65.52623,
			"RTM_lmp($/MWh)": 28.01405
		},
		"20:00:00": {
			"DAM_lmp($/MWh)": 66.04467,
			"RTM_lmp($/MWh)": 40.0
		},
		"21:00:00": {
			"DAM_lmp($/MWh)": 50.34445,
			"RTM_lmp($/MWh)": 42.79173
		},
		"22:00:00": {
			"DAM_lmp($/MWh)": 39.26864,
			"RTM_lmp($/MWh)": 31.94163
		},
		"23:00:00": {
			"DAM_lmp($/MWh)": 29.29145,
			"RTM_lmp($/MWh)": 32.86637
		}
	},
	"2023-05-23": {
		"00:00:00": {
			"DAM_lmp($/MWh)": 26.69798,
			"RTM_lmp($/MWh)": 27.85653
		},
		"01:00:00": {
			"DAM_lmp($/MWh)": 22.82501,
			"RTM_lmp($/MWh)": 24.02547
		},
		"02:00:00": {
			"DAM_lmp($/MWh)": 20.88021,
			"RTM_lmp($/MWh)": 19.90148
		},
		"03:00:00": {
			"DAM_lmp($/MWh)": 18.67497,
			"RTM_lmp($/MWh)": 7.0313
		},
		"04:00:00": {
			"DAM_lmp($/MWh)": 22.56084,
			"RTM_lmp($/MWh)": 1.99071
		},
		"05:00:00": {
			"DAM_lmp($/MWh)": 32.10227,
			"RTM_lmp($/MWh)": 56.63274
		},
		"06:00:00": {
			"DAM_lmp($/MWh)": 33.15697,
			"RTM_lmp($/MWh)": 72.0
		},
		"07:00:00": {
			"DAM_lmp($/MWh)": 26.31562,
			"RTM_lmp($/MWh)": 18.0208
		},
		"08:00:00": {
			"DAM_lmp($/MWh)": 20.13771,
			"RTM_lmp($/MWh)": 12.8688
		},
		"09:00:00": {
			"DAM_lmp($/MWh)": 17.62078,
			"RTM_lmp($/MWh)": 12.94
		},
		"10:00:00": {
			"DAM_lmp($/MWh)": 11.80427,
			"RTM_lmp($/MWh)": 15.4
		},
		"11:00:00": {
			"DAM_lmp($/MWh)": 9.75018,
			"RTM_lmp($/MWh)": 18.75183
		},
		"12:00:00": {
			"DAM_lmp($/MWh)": 7.90273,
			"RTM_lmp($/MWh)": 15.40092
		},
		"13:00:00": {
			"DAM_lmp($/MWh)": 7.87533,
			"RTM_lmp($/MWh)": 15.59066
		},
		"14:00:00": {
			"DAM_lmp($/MWh)": 9.03035,
			"RTM_lmp($/MWh)": 9.9976
		},
		"15:00:00": {
			"DAM_lmp($/MWh)": 11.96143,
			"RTM_lmp($/MWh)": 4.9988
		},
		"16:00:00": {
			"DAM_lmp($/MWh)": 15.80191,
			"RTM_lmp($/MWh)": 4.95
		},
		"17:00:00": {
			"DAM_lmp($/MWh)": 25.55571,
			"RTM_lmp($/MWh)": 0.0
		},
		"18:00:00": {
			"DAM_lmp($/MWh)": 44.65472,
			"RTM_lmp($/MWh)": 14.39302
		},
		"19:00:00": {
			"DAM_lmp($/MWh)": 65.52623,
			"RTM_lmp($/MWh)": 28.01405
		},
		"20:00:00": {
			"DAM_lmp($/MWh)": 66.04467,
			"RTM_lmp($/MWh)": 40.0
		},
		"21:00:00": {
			"DAM_lmp($/MWh)": 50.34445,
			"RTM_lmp($/MWh)": 42.79173
		},
		"22:00:00": {
			"DAM_lmp($/MWh)": 39.26864,
			"RTM_lmp($/MWh)": 31.94163
		},
		"23:00:00": {
			"DAM_lmp($/MWh)": 29.29145,
			"RTM_lmp($/MWh)": 32.86637
		}
	}
}