{
	"2023-05-22": {
		"00:00:00": {
			"DAM_lmp($/MWh)": 40.71551,
			"RTM_lmp($/MWh)": 29.16271
		},
		"01:00:00": {
			"DAM_lmp($/MWh)": 38.06129,
			"RTM_lmp($/MWh)": 25.11337
		},
		"02:00:00": {
			"DAM_lmp($/MWh)": 39.18858,
			"RTM_lmp($/MWh)": 20.91749
		},
		"03:00:00": {
			"DAM_lmp($/MWh)": 38.57272,
			"RTM_lmp($/MWh)": 6.94017
		},
		"04:00:00": {
			"DAM_lmp($/MWh)": 40.19205,
			"RTM_lmp($/MWh)": 2.05409
		},
		"05:00:00": {
			"DAM_lmp($/MWh)": 41.09635,
			"RTM_lmp($/MWh)": 30.81135
		},
		"06:00:00": {
			"DAM_lmp($/MWh)": 47.4146,
			"RTM_lmp($/MWh)": 72.0
		},
		"07:00:00": {
			"DAM_lmp($/MWh)": 25.2571,
			"RTM_lmp($/MWh)": 18.0208
		},
		"08:00:00": {
			"DAM_lmp($/MWh)": 5.00091,
			"RTM_lmp($/MWh)": 12.8688
		},
		"09:00:00": {
			"DAM_lmp($/MWh)": 1.38285,
			"RTM_lmp($/MWh)": 12.94
		},
		"10:00:00": {
			"DAM_lmp($/MWh)": 1.79855,
			"RTM_lmp($/MWh)": 15.4
		},
		"11:00:00": {
			"DAM_lmp($/MWh)": 0.82929,
			"RTM_lmp($/MWh)": 4.22096
		},
		"12:00:00": {
			"DAM_lmp($/MWh)": -1.29001,
			"RTM_lmp($/MWh)": 13.94736
		},
		"13:00:00": {
			"DAM_lmp($/MWh)": -2.01305,
			"RTM_lmp($/MWh)": 14.15606
		},
		"14:00:00": {
			"DAM_lmp($/MWh)": -1.04086,
			"RTM_lmp($/MWh)": 9.9976
		},
		"15:00:00": {
			"DAM_lmp($/MWh)": 1.95719,
			"RTM_lmp($/MWh)": 4.9988
		},
		"16:00:00": {
			"DAM_lmp($/MWh)": 6.88768,
			"RTM_lmp($/MWh)": 4.95
		},
		"17:00:00": {
			"DAM_lmp($/MWh)": 23.7856,
			"RTM_lmp($/MWh)": 0.0
		},
		"18:00:00": {
			"DAM_lmp($/MWh)": 44.03238,
			"RTM_lmp($/MWh)": 13.55906
		},
		"19:00:00": {
			"DAM_lmp($/MWh)": 65.24184,
			"RTM_lmp($/MWh)": 27.98104
		},
		"20:00:00": {
			"DAM_lmp($/MWh)": 65.65628,
			"RTM_lmp($/MWh)": 40.0
		},
		"21:00:00": {
			"DAM_lmp($/MWh)": 50.96346,
			"RTM_lmp($/MWh)": 44.34009
		},
		"22:00:00": {
			"DAM_lmp($/MWh)": 45.66503,
			"RTM_lmp($/MWh)": 33.2277
		},
		"23:00:00": {
			"DAM_lmp($/MWh)": 41.61658,
			"RTM_lmp($/MWh)": 33.97587
		}
	},
	"2023-05-23": {
		"00:00:00": {
			"DAM_lmp($/MWh)": 40.71551,
			"RTM_lmp($/MWh)": 29.16271
		},
		"01:00:00": {
			"DAM_lmp($/MWh)": 38.06129,
			"RTM_lmp($/MWh)": 25.11337
		},
		"02:00:00": {
			"DAM_lmp($/MWh)": 39.18858,
			"RTM_lmp($/MWh)": 20.91749
		},
		"03:00:00": {
			"DAM_lmp($/MWh)": 38.57272,
			"RTM_lmp($/MWh)": 6.94017
		},
		"04:00:00": {
			"DAM_lmp($/MWh)": 40.19205,
			"RTM_lmp($/MWh)": 2.05409
		},
		"05:00:00": {
			"DAM_lmp($/MWh)": 41.09635,
			"RTM_lmp($/MWh)": 30.81135
		},
		"06:00:00": {
			"DAM_lmp($/MWh)": 47.4146,
			"RTM_lmp($/MWh)": 72.0
		},
		"07:00:00": {
			"DAM_lmp($/MWh)": 25.2571,
			"RTM_lmp($/MWh)": 18.0208
		},
		"08:00:00": {
			"DAM_lmp($/MWh)": 5.00091,
			"RTM_lmp($/MWh)": 12.8688
		},
		"09:00:00": {
			"DAM_lmp($/MWh)": 1.38285,
			"RTM_lmp($/MWh)": 12.94
		},
		"10:00:00": {
			"DAM_lmp($/MWh)": 1.79855,
			"RTM_lmp($/MWh)": 15.4
		},
		"11:00:00": {
			"DAM_lmp($/MWh)": 0.82929,
			"RTM_lmp($/MWh)": 4.22096
		},
		"12:00:00": {
			"DAM_lmp($/MWh)": -1.29001,
			"RTM_lmp($/MWh)": 13.94736
		},
		"13:00:00": {
			"DAM_lmp($/MWh)": -2.01305,
			"RTM_lmp($/MWh)": 14.15606
		},
		"14:00:00": {
			"DAM_lmp($/MWh)": -1.04086,
			"RTM_lmp($/MWh)": 9.9976
		},
		"15:00:00": {
			"DAM_lmp($/MWh)": 1.95719,
			"RTM_lmp($/MWh)": 4.9988
		},
		"16:00:00": {
			"DAM_lmp($/MWh)": 6.88768,
			"RTM_lmp($/MWh)": 4.95
		},
		"17:00:00": {
			"DAM_lmp($/MWh)": 23.7856,
			"RTM_lmp($/MWh)": 0.0
		},
		"18:00:00": {
			"DAM_lmp($/MWh)": 44.03238,
			"RTM_lmp($/MWh)": 13.55906
		},
		"19:00:00": {
			"DAM_lmp($/MWh)": 65.24184,
			"RTM_lmp($/MWh)": 27.98104
		},
		"20:00:00": {
			"DAM_lmp($/MWh)": 65.65628,
			"RTM_lmp($/MWh)": 40.0
		},
		"21:00:00": {
			"DAM_lmp($/MWh)": 50.96346,
			"RTM_lmp($/MWh)": 44.34009
		},
		"22:00:00": {
			"DAM_lmp($/MWh)": 45.66503,
			"RTM_lmp($/MWh)": 33.2277
		},
		"23:00:00": {
			"DAM_lmp($/MWh)": 41.61658,
			"RTM_lmp($/MWh)": 33.97587
		}
	}
}