{
	"2023-05-22": {
		"00:00:00": {
			"DAM_lmp($/MWh)": 25.47244,
			"RTM_lmp($/MWh)": 26.31701
		},
		"01:00:00": {
			"DAM_lmp($/MWh)": 21.76956,
			"RTM_lmp($/MWh)": 22.70267
		},
		"02:00:00": {
			"DAM_lmp($/MWh)": 19.8699,
			"RTM_lmp($/MWh)": 18.80747
		},
		"03:00:00": {
			"DAM_lmp($/MWh)": 17.79763,
			"RTM_lmp($/MWh)": 6.4005
		},
		"04:00:00": {
			"DAM_lmp($/MWh)": 21.57381,
			"RTM_lmp($/MWh)": 1.4983
		},
		"05:00:00": {
			"DAM_lmp($/MWh)": 30.93804,
			"RTM_lmp($/MWh)": -32.3076
		},
		"06:00:00": {
			"DAM_lmp($/MWh)": 31.76058,
			"RTM_lmp($/MWh)": 72.0
		},
		"07:00:00": {
			"DAM_lmp($/MWh)": 25.64272,
			"RTM_lmp($/MWh)": 18.0208
		},
		"08:00:00": {
			"DAM_lmp($/MWh)": 16.54759,
			"RTM_lmp($/MWh)": 12.8688
		},
		"09:00:00": {
			"DAM_lmp($/MWh)": 14.13688,
			"RTM_lmp($/MWh)": 12.94
		},
		"10:00:00": {
			"DAM_lmp($/MWh)": 9.90436,
			"RTM_lmp($/MWh)": 15.4
		},
		"11:00:00": {
			"DAM_lmp($/MWh)": 7.99906,
			"RTM_lmp($/MWh)": 14.7764
		},
		"12:00:00": {
			"DAM_lmp($/MWh)": 6.09027,
			"RTM_lmp($/MWh)": 14.73573
		},
		"13:00:00": {
			"DAM_lmp($/MWh)": 5.92336,
			"RTM_lmp($/MWh)": 14.97382
		},
		"14:00:00": {
			"DAM_lmp($/MWh)": 7.04555,
			"RTM_lmp($/MWh)": 9.9976
		},
		"15:00:00": {
			"DAM_lmp($/MWh)": 10.03702,
			"RTM_lmp($/MWh)": 4.9988
		},
		"16:00:00": {
			"DAM_lmp($/MWh)": 14.0021,
			"RTM_lmp($/MWh)": 4.95
		},
		"17:00:00": {
			"DAM_lmp($/MWh)": 24.78393,
			"RTM_lmp($/MWh)": 0.0
		},
		"18:00:00": {
			"DAM_lmp($/MWh)": 43.41881,
			"RTM_lmp($/MWh)": 13.58334
		},
		"19:00:00": {
			"DAM_lmp($/MWh)": 63.81342,
			"RTM_lmp($/MWh)": 26.53427
		},
		"20:00:00": {
			"DAM_lmp($/MWh)": 63.92797,
			"RTM_lmp($/MWh)": 40.0
		},
		"21:00:00": {
			"DAM_lmp($/MWh)": 49.15136,
			"RTM_lmp($/MWh)": 40.31184
		},
		"22:00:00": {
			"DAM_lmp($/MWh)": 38.2089,
			"RTM_lmp($/MWh)": 30.45819
		},
		"23:00:00": {
			"DAM_lmp($/MWh)": 28.24085,
			"RTM_lmp($/MWh)": 31.5177
		}
	},
	"2023-05-23": {
		"00:00:00": {
			"DAM_lmp($/MWh)": 25.47244,
			"RTM_lmp($/MWh)": 26.31701
		},
		"01:00:00": {
			"DAM_lmp($/MWh)": 21.76956,
			"RTM_lmp($/MWh)": 22.70267
		},
		"02:00:00": {
			"DAM_lmp($/MWh)": 19.8699,
			"RTM_lmp($/MWh)": 18.80747
		},
		"03:00:00": {
			"DAM_lmp($/MWh)": 17.79763,
			"RTM_lmp($/MWh)": 6.4005
		},
		"04:00:00": {
			"DAM_lmp($/MWh)": 21.57381,
			"RTM_lmp($/MWh)": 1.4983
		},
		"05:00:00": {
			"DAM_lmp($/MWh)": 30.93804,
			"RTM_lmp($/MWh)": -32.3076
		},
		"06:00:00": {
			"DAM_lmp($/MWh)": 31.76058,
			"RTM_lmp($/MWh)": 72.0
		},
		"07:00:00": {
			"DAM_lmp($/MWh)": 25.64272,
			"RTM_lmp($/MWh)": 18.0208
		},
		"08:00:00": {
			"DAM_lmp($/MWh)": 16.54759,
			"RTM_lmp($/MWh)": 12.8688
		},
		"09:00:00": {
			"DAM_lmp($/MWh)": 14.13688,
			"RTM_lmp($/MWh)": 12.94
		},
		"10:00:00": {
			"DAM_lmp($/MWh)": 9.90436,
			"RTM_lmp($/MWh)": 15.4
		},
		"11:00:00": {
			"DAM_lmp($/MWh)": 7.99906,
			"RTM_lmp($/MWh)": 14.7764
		},
		"12:00:00": {
			"DAM_lmp($/MWh)": 6.09027,
			"RTM_lmp($/MWh)": 14.73573
		},
		"13:00:00": {
			"DAM_lmp($/MWh)": 5.92336,
			"RTM_lmp($/MWh)": 14.97382
		},
		"14:00:00": {
			"DAM_lmp($/MWh)": 7.04555,
			"RTM_lmp($/MWh)": 9.9976
		},
		"15:00:00": {
			"DAM_lmp($/MWh)": 10.03702,
			"RTM_lmp($/MWh)": 4.9988
		},
		"16:00:00": {
			"DAM_lmp($/MWh)": 14.0021,
			"RTM_lmp($/MWh)": 4.95
		},
		"17:00:00": {
			"DAM_lmp($/MWh)": 24.78393,
			"RTM_lmp($/MWh)": 0.0
		},
		"18:00:00": {
			"DAM_lmp($/MWh)": 43.41881,
			"RTM_lmp($/MWh)": 13.58334
		},
		"19:00:00": {
			"DAM_lmp($/MWh)": 63.81342,
			"RTM_lmp($/MWh)": 26.53427
		},
		"20:00:00": {
			"DAM_lmp($/MWh)": 63.92797,
			"RTM_lmp($/MWh)": 40.0
		},
		"21:00:00": {
			"DAM_lmp($/MWh)": 49.15136,
			"RTM_lmp($/MWh)": 40.31184
		},
		"22:00:00": {
			"DAM_lmp($/MWh)": 38.2089,
			"RTM_lmp($/MWh)": 30.45819
		},
		"23:00:00": {
			"DAM_lmp($/MWh)": 28.24085,
			"RTM_lmp($/MWh)": 31.5177
		}
	}
}