{
	"2023-05-22": {
		"00:00:00": {
			"DAM_lmp($/MWh)": 21.94945,
			"RTM_lmp($/MWh)": 23.08999
		},
		"01:00:00": {
			"DAM_lmp($/MWh)": 18.55597,
			"RTM_lmp($/MWh)": 20.05955
		},
		"02:00:00": {
			"DAM_lmp($/MWh)": 16.35949,
			"RTM_lmp($/MWh)": 16.64204
		},
		"03:00:00": {
			"DAM_lmp($/MWh)": 14.35997,
			"RTM_lmp($/MWh)": 5.62289
		},
		"04:00:00": {
			"DAM_lmp($/MWh)": 18.22403,
			"RTM_lmp($/MWh)": 1.31298
		},
		"05:00:00": {
			"DAM_lmp($/MWh)": 27.74028,
			"RTM_lmp($/MWh)": 30.81135
		},
		"06:00:00": {
			"DAM_lmp($/MWh)": 27.70091,
			"RTM_lmp($/MWh)": 72.0
		},
		"07:00:00": {
			"DAM_lmp($/MWh)": 23.29792,
			"RTM_lmp($/MWh)": 18.0208
		},
		"08:00:00": {
			"DAM_lmp($/MWh)": 14.12236,
			"RTM_lmp($/MWh)": 12.8688
		},
		"09:00:00": {
			"DAM_lmp($/MWh)": 9.5714,
			"RTM_lmp($/MWh)": 12.94
		},
		"10:00:00": {
			"DAM_lmp($/MWh)": 6.90385,
			"RTM_lmp($/MWh)": 15.4
		},
		"11:00:00": {
			"DAM_lmp($/MWh)": 5.22149,
			"RTM_lmp($/MWh)": 14.7764
		},
		"12:00:00": {
			"DAM_lmp($/MWh)": 3.63387,
			"RTM_lmp($/MWh)": 13.41152
		},
		"13:00:00": {
			"DAM_lmp($/MWh)": 3.45443,
			"RTM_lmp($/MWh)": 13.90493
		},
		"14:00:00": {
			"DAM_lmp($/MWh)": 4.45449,
			"RTM_lmp($/MWh)": 9.9976
		},
		"15:00:00": {
			"DAM_lmp($/MWh)": 7.1249,
			"RTM_lmp($/MWh)": 4.9988
		},
		"16:00:00": {
			"DAM_lmp($/MWh)": 11.21089,
			"RTM_lmp($/MWh)": 4.95
		},
		"17:00:00": {
			"DAM_lmp($/MWh)": 22.82213,
			"RTM_lmp($/MWh)": 0.0
		},
		"18:00:00": {
			"DAM_lmp($/MWh)": 39.19833,
			"RTM_lmp($/MWh)": 12.10391
		},
		"19:00:00": {
			"DAM_lmp($/MWh)": 57.38878,
			"RTM_lmp($/MWh)": 22.69729
		},
		"20:00:00": {
			"DAM_lmp($/MWh)": 57.44844,
			"RTM_lmp($/MWh)": 40.0
		},
		"21:00:00": {
			"DAM_lmp($/MWh)": 42.58686,
			"RTM_lmp($/MWh)": 34.3408
		},
		"22:00:00": {
			"DAM_lmp($/MWh)": 33.39419,
			"RTM_lmp($/MWh)": 25.65772
		},
		"23:00:00": {
			"DAM_lmp($/MWh)": 24.5252,
			"RTM_lmp($/MWh)": 27.70422
		}
	},
	"2023-05-23": {
		"00:00:00": {
			"DAM_lmp($/MWh)": 21.94945,
			"RTM_lmp($/MWh)": 23.08999
		},
		"01:00:00": {
			"DAM_lmp($/MWh)": 18.55597,
			"RTM_lmp($/MWh)": 20.05955
		},
		"02:00:00": {
			"DAM_lmp($/MWh)": 16.35949,
			"RTM_lmp($/MWh)": 16.64204
		},
		"03:00:00": {
			"DAM_lmp($/MWh)": 14.35997,
			"RTM_lmp($/MWh)": 5.62289
		},
		"04:00:00": {
			"DAM_lmp($/MWh)": 18.22403,
			"RTM_lmp($/MWh)": 1.31298
		},
		"05:00:00": {
			"DAM_lmp($/MWh)": 27.74028,
			"RTM_lmp($/MWh)": 30.81135
		},
		"06:00:00": {
			"DAM_lmp($/MWh)": 27.70091,
			"RTM_lmp($/MWh)": 72.0
		},
		"07:00:00": {
			"DAM_lmp($/MWh)": 23.29792,
			"RTM_lmp($/MWh)": 18.0208
		},
		"08:00:00": {
			"DAM_lmp($/MWh)": 14.12236,
			"RTM_lmp($/MWh)": 12.8688
		},
		"09:00:00": {
			"DAM_lmp($/MWh)": 9.5714,
			"RTM_lmp($/MWh)": 12.94
		},
		"10:00:00": {
			"DAM_lmp($/MWh)": 6.90385,
			"RTM_lmp($/MWh)": 15.4
		},
		"11:00:00": {
			"DAM_lmp($/MWh)": 5.22149,
			"RTM_lmp($/MWh)": 14.7764
		},
		"12:00:00": {
			"DAM_lmp($/MWh)": 3.63387,
			"RTM_lmp($/MWh)": 13.41152
		},
		"13:00:00": {
			"DAM_lmp($/MWh)": 3.45443,
			"RTM_lmp($/MWh)": 13.90493
		},
		"14:00:00": {
			"DAM_lmp($/MWh)": 4.45449,
			"RTM_lmp($/MWh)": 9.9976
		},
		"15:00:00": {
			"DAM_lmp($/MWh)": 7.1249,
			"RTM_lmp($/MWh)": 4.9988
		},
		"16:00:00": {
			"DAM_lmp($/MWh)": 11.21089,
			"RTM_lmp($/MWh)": 4.95
		},
		"17:00:00": {
			"DAM_lmp($/MWh)": 22.82213,
			"RTM_lmp($/MWh)": 0.0
		},
		"18:00:00": {
			"DAM_lmp($/MWh)": 39.19833,
			"RTM_lmp($/MWh)": 12.10391
		},
		"19:00:00": {
			"DAM_lmp($/MWh)": 57.38878,
			"RTM_lmp($/MWh)": 22.69729
		},
		"20:00:00": {
			"DAM_lmp($/MWh)": 57.44844,
			"RTM_lmp($/MWh)": 40.0
		},
		"21:00:00": {
			"DAM_lmp($/MWh)": 42.58686,
			"RTM_lmp($/MWh)": 34.3408
		},
		"22:00:00": {
			"DAM_lmp($/MWh)": 33.39419,
			"RTM_lmp($/MWh)": 25.65772
		},
		"23:00:00": {
			"DAM_lmp($/MWh)": 24.5252,
			"RTM_lmp($/MWh)": 27.70422
		}
	}
}