{
	"2023-05-22": {
		"00:00:00": {
			"DAM_lmp($/MWh)": 31.09175,
			"RTM_lmp($/MWh)": 29.2993
		},
		"01:00:00": {
			"DAM_lmp($/MWh)": 27.18974,
			"RTM_lmp($/MWh)": 25.82793
		},
		"02:00:00": {
			"DAM_lmp($/MWh)": 25.83702,
			"RTM_lmp($/MWh)": 21.4922
		},
		"03:00:00": {
			"DAM_lmp($/MWh)": 23.93193,
			"RTM_lmp($/MWh)": 23.35841
		},
		"04:00:00": {
			"DAM_lmp($/MWh)": 27.79426,
			"RTM_lmp($/MWh)": 20.623
		},
		"05:00:00": {
			"DAM_lmp($/MWh)": 36.06777,
			"RTM_lmp($/MWh)": 30.81135
		},
		"06:00:00": {
			"DAM_lmp($/MWh)": 37.75241,
			"RTM_lmp($/MWh)": 72.0
		},
		"07:00:00": {
			"DAM_lmp($/MWh)": 26.72195,
			"RTM_lmp($/MWh)": 18.0208
		},
		"08:00:00": {
			"DAM_lmp($/MWh)": 20.78914,
			"RTM_lmp($/MWh)": 12.8688
		},
		"09:00:00": {
			"DAM_lmp($/MWh)": 15.60248,
			"RTM_lmp($/MWh)": 12.94
		},
		"10:00:00": {
			"DAM_lmp($/MWh)": 10.30513,
			"RTM_lmp($/MWh)": 15.4
		},
		"11:00:00": {
			"DAM_lmp($/MWh)": 11.07917,
			"RTM_lmp($/MWh)": 14.7764
		},
		"12:00:00": {
			"DAM_lmp($/MWh)": 5.50379,
			"RTM_lmp($/MWh)": 16.05841
		},
		"13:00:00": {
			"DAM_lmp($/MWh)": 4.80992,
			"RTM_lmp($/MWh)": 16.53555
		},
		"14:00:00": {
			"DAM_lmp($/MWh)": 4.83855,
			"RTM_lmp($/MWh)": 9.9976
		},
		"15:00:00": {
			"DAM_lmp($/MWh)": 7.80986,
			"RTM_lmp($/MWh)": 4.9988
		},
		"16:00:00": {
			"DAM_lmp($/MWh)": 12.18632,
			"RTM_lmp($/MWh)": 4.95
		},
		"17:00:00": {
			"DAM_lmp($/MWh)": 25.4138,
			"RTM_lmp($/MWh)": 0.0
		},
		"18:00:00": {
			"DAM_lmp($/MWh)": 44.16824,
			"RTM_lmp($/MWh)": 14.86713
		},
		"19:00:00": {
			"DAM_lmp($/MWh)": 64.85403,
			"RTM_lmp($/MWh)": 27.80226
		},
		"20:00:00": {
			"DAM_lmp($/MWh)": 64.53644,
			"RTM_lmp($/MWh)": 40.0
		},
		"21:00:00": {
			"DAM_lmp($/MWh)": 50.42432,
			"RTM_lmp($/MWh)": 41.95671
		},
		"22:00:00": {
			"DAM_lmp($/MWh)": 41.0003,
			"RTM_lmp($/MWh)": 32.00848
		},
		"23:00:00": {
			"DAM_lmp($/MWh)": 32.8748,
			"RTM_lmp($/MWh)": 33.86292
		}
	},
	"2023-05-23": {
		"00:00:00": {
			"DAM_lmp($/MWh)": 31.09175,
			"RTM_lmp($/MWh)": 29.2993
		},
		"01:00:00": {
			"DAM_lmp($/MWh)": 27.18974,
			"RTM_lmp($/MWh)": 25.82793
		},
		"02:00:00": {
			"DAM_lmp($/MWh)": 25.83702,
			"RTM_lmp($/MWh)": 21.4922
		},
		"03:00:00": {
			"DAM_lmp($/MWh)": 23.93193,
			"RTM_lmp($/MWh)": 23.35841
		},
		"04:00:00": {
			"DAM_lmp($/MWh)": 27.79426,
			"RTM_lmp($/MWh)": 20.623
		},
		"05:00:00": {
			"DAM_lmp($/MWh)": 36.06777,
			"RTM_lmp($/MWh)": 30.81135
		},
		"06:00:00": {
			"DAM_lmp($/MWh)": 37.75241,
			"RTM_lmp($/MWh)": 72.0
		},
		"07:00:00": {
			"DAM_lmp($/MWh)": 26.72195,
			"RTM_lmp($/MWh)": 18.0208
		},
		"08:00:00": {
			"DAM_lmp($/MWh)": 20.78914,
			"RTM_lmp($/MWh)": 12.8688
		},
		"09:00:00": {
			"DAM_lmp($/MWh)": 15.60248,
			"RTM_lmp($/MWh)": 12.94
		},
		"10:00:00": {
			"DAM_lmp($/MWh)": 10.30513,
			"RTM_lmp($/MWh)": 15.4
		},
		"11:00:00": {
			"DAM_lmp($/MWh)": 11.07917,
			"RTM_lmp($/MWh)": 14.7764
		},
		"12:00:00": {
			"DAM_lmp($/MWh)": 5.50379,
			"RTM_lmp($/MWh)": 16.05841
		},
		"13:00:00": {
			"DAM_lmp($/MWh)": 4.80992,
			"RTM_lmp($/MWh)": 16.53555
		},
		"14:00:00": {
			"DAM_lmp($/MWh)": 4.83855,
			"RTM_lmp($/MWh)": 9.9976
		},
		"15:00:00": {
			"DAM_lmp($/MWh)": 7.80986,
			"RTM_lmp($/MWh)": 4.9988
		},
		"16:00:00": {
			"DAM_lmp($/MWh)": 12.18632,
			"RTM_lmp($/MWh)": 4.95
		},
		"17:00:00": {
			"DAM_lmp($/MWh)": 25.4138,
			"RTM_lmp($/MWh)": 0.0
		},
		"18:00:00": {
			"DAM_lmp($/MWh)": 44.16824,
			"RTM_lmp($/MWh)": 14.86713
		},
		"19:00:00": {
			"DAM_lmp($/MWh)": 64.85403,
			"RTM_lmp($/MWh)": 27.80226
		},
		"20:00:00": {
			"DAM_lmp($/MWh)": 64.53644,
			"RTM_lmp($/MWh)": 40.0
		},
		"21:00:00": {
			"DAM_lmp($/MWh)": 50.42432,
			"RTM_lmp($/MWh)": 41.95671
		},
		"22:00:00": {
			"DAM_lmp($/MWh)": 41.0003,
			"RTM_lmp($/MWh)": 32.00848
		},
		"23:00:00": {
			"DAM_lmp($/MWh)": 32.8748,
			"RTM_lmp($/MWh)": 33.86292
		}
	}
}