{
	"2023-05-22": {
		"00:00:00": {
			"DAM_lmp($/MWh)": 28.62378,
			"RTM_lmp($/MWh)": 30.16446
		},
		"01:00:00": {
			"DAM_lmp($/MWh)": 24.25036,
			"RTM_lmp($/MWh)": 25.94555
		},
		"02:00:00": {
			"DAM_lmp($/MWh)": 22.19461,
			"RTM_lmp($/MWh)": 21.57661
		},
		"03:00:00": {
			"DAM_lmp($/MWh)": 19.60106,
			"RTM_lmp($/MWh)": 7.34266
		},
		"04:00:00": {
			"DAM_lmp($/MWh)": 23.68264,
			"RTM_lmp($/MWh)": 1.69189
		},
		"05:00:00": {
			"DAM_lmp($/MWh)": 34.78307,
			"RTM_lmp($/MWh)": 35.1408
		},
		"06:00:00": {
			"DAM_lmp($/MWh)": 34.82752,
			"RTM_lmp($/MWh)": 82.3112
		},
		"07:00:00": {
			"DAM_lmp($/MWh)": 28.58579,
			"RTM_lmp($/MWh)": 18.0208
		},
		"08:00:00": {
			"DAM_lmp($/MWh)": 17.80923,
			"RTM_lmp($/MWh)": 12.8688
		},
		"09:00:00": {
			"DAM_lmp($/MWh)": 14.93966,
			"RTM_lmp($/MWh)": 14.70245
		},
		"10:00:00": {
			"DAM_lmp($/MWh)": 12.28153,
			"RTM_lmp($/MWh)": 17.6717
		},
		"11:00:00": {
			"DAM_lmp($/MWh)": 10.59043,
			"RTM_lmp($/MWh)": 16.95606
		},
		"12:00:00": {
			"DAM_lmp($/MWh)": 11.29673,
			"RTM_lmp($/MWh)": 16.15619
		},
		"13:00:00": {
			"DAM_lmp($/MWh)": 10.3331,
			"RTM_lmp($/MWh)": 16.10097
		},
		"14:00:00": {
			"DAM_lmp($/MWh)": 8.42125,
			"RTM_lmp($/MWh)": 9.9976
		},
		"15:00:00": {
			"DAM_lmp($/MWh)": 11.84089,
			"RTM_lmp($/MWh)": 4.9988
		},
		"16:00:00": {
			"DAM_lmp($/MWh)": 14.71992,
			"RTM_lmp($/MWh)": 4.95
		},
		"17:00:00": {
			"DAM_lmp($/MWh)": 26.18868,
			"RTM_lmp($/MWh)": 0.0
		},
		"18:00:00": {
			"DAM_lmp($/MWh)": 46.74382,
			"RTM_lmp($/MWh)": 13.05354
		},
		"19:00:00": {
			"DAM_lmp($/MWh)": 64.95008,
			"RTM_lmp($/MWh)": 26.2097
		},
		"20:00:00": {
			"DAM_lmp($/MWh)": 66.27234,
			"RTM_lmp($/MWh)": 40.0
		},
		"21:00:00": {
			"DAM_lmp($/MWh)": 52.65309,
			"RTM_lmp($/MWh)": 39.99713
		},
		"22:00:00": {
			"DAM_lmp($/MWh)": 42.52833,
			"RTM_lmp($/MWh)": 30.40408
		},
		"23:00:00": {
			"DAM_lmp($/MWh)": 31.34301,
			"RTM_lmp($/MWh)": 58.46372
		}
	},
	"2023-05-23": {
		"00:00:00": {
			"DAM_lmp($/MWh)": 28.62378,
			"RTM_lmp($/MWh)": 30.16446
		},
		"01:00:00": {
			"DAM_lmp($/MWh)": 24.25036,
			"RTM_lmp($/MWh)": 25.94555
		},
		"02:00:00": {
			"DAM_lmp($/MWh)": 22.19461,
			"RTM_lmp($/MWh)": 21.57661
		},
		"03:00:00": {
			"DAM_lmp($/MWh)": 19.60106,
			"RTM_lmp($/MWh)": 7.34266
		},
		"04:00:00": {
			"DAM_lmp($/MWh)": 23.68264,
			"RTM_lmp($/MWh)": 1.69189
		},
		"05:00:00": {
			"DAM_lmp($/MWh)": 34.78307,
			"RTM_lmp($/MWh)": 35.1408
		},
		"06:00:00": {
			"DAM_lmp($/MWh)": 34.82752,
			"RTM_lmp($/MWh)": 82.3112
		},
		"07:00:00": {
			"DAM_lmp($/MWh)": 28.58579,
			"RTM_lmp($/MWh)": 18.0208
		},
		"08:00:00": {
			"DAM_lmp($/MWh)": 17.80923,
			"RTM_lmp($/MWh)": 12.8688
		},
		"09:00:00": {
			"DAM_lmp($/MWh)": 14.93966,
			"RTM_lmp($/MWh)": 14.70245
		},
		"10:00:00": {
			"DAM_lmp($/MWh)": 12.28153,
			"RTM_lmp($/MWh)": 17.6717
		},
		"11:00:00": {
			"DAM_lmp($/MWh)": 10.59043,
			"RTM_lmp($/MWh)": 16.95606
		},
		"12:00:00": {
			"DAM_lmp($/MWh)": 11.29673,
			"RTM_lmp($/MWh)": 16.15619
		},
		"13:00:00": {
			"DAM_lmp($/MWh)": 10.3331,
			"RTM_lmp($/MWh)": 16.10097
		},
		"14:00:00": {
			"DAM_lmp($/MWh)": 8.42125,
			"RTM_lmp($/MWh)": 9.9976
		},
		"15:00:00": {
			"DAM_lmp($/MWh)": 11.84089,
			"RTM_lmp($/MWh)": 4.9988
		},
		"16:00:00": {
			"DAM_lmp($/MWh)": 14.71992,
			"RTM_lmp($/MWh)": 4.95
		},
		"17:00:00": {
			"DAM_lmp($/MWh)": 26.18868,
			"RTM_lmp($/MWh)": 0.0
		},
		"18:00:00": {
			"DAM_lmp($/MWh)": 46.74382,
			"RTM_lmp($/MWh)": 13.05354
		},
		"19:00:00": {
			"DAM_lmp($/MWh)": 64.95008,
			"RTM_lmp($/MWh)": 26.2097
		},
		"20:00:00": {
			"DAM_lmp($/MWh)": 66.27234,
			"RTM_lmp($/MWh)": 40.0
		},
		"21:00:00": {
			"DAM_lmp($/MWh)": 52.65309,
			"RTM_lmp($/MWh)": 39.99713
		},
		"22:00:00": {
			"DAM_lmp($/MWh)": 42.52833,
			"RTM_lmp($/MWh)": 30.40408
		},
		"23:00:00": {
			"DAM_lmp($/MWh)": 31.34301,
			"RTM_lmp($/MWh)": 58.46372
		}
	}
}