{
	"2023-05-22": {
		"00:00:00": {
			"DAM_lmp($/MWh)": 24.05562,
			"RTM_lmp($/MWh)": 23.75304
		},
		"01:00:00": {
			"DAM_lmp($/MWh)": 20.43981,
			"RTM_lmp($/MWh)": 20.53921
		},
		"02:00:00": {
			"DAM_lmp($/MWh)": 18.67519,
			"RTM_lmp($/MWh)": 17.18801
		},
		"03:00:00": {
			"DAM_lmp($/MWh)": 16.6578,
			"RTM_lmp($/MWh)": 5.92184
		},
		"04:00:00": {
			"DAM_lmp($/MWh)": 20.4343,
			"RTM_lmp($/MWh)": 1.04063
		},
		"05:00:00": {
			"DAM_lmp($/MWh)": 29.48171,
			"RTM_lmp($/MWh)": 30.81135
		},
		"06:00:00": {
			"DAM_lmp($/MWh)": 30.39795,
			"RTM_lmp($/MWh)": 72.0
		},
		"07:00:00": {
			"DAM_lmp($/MWh)": 24.6049,
			"RTM_lmp($/MWh)": 18.0208
		},
		"08:00:00": {
			"DAM_lmp($/MWh)": 14.80455,
			"RTM_lmp($/MWh)": 12.8688
		},
		"09:00:00": {
			"DAM_lmp($/MWh)": 12.4444,
			"RTM_lmp($/MWh)": 12.94
		},
		"10:00:00": {
			"DAM_lmp($/MWh)": 7.153,
			"RTM_lmp($/MWh)": 15.4
		},
		"11:00:00": {
			"DAM_lmp($/MWh)": 5.32783,
			"RTM_lmp($/MWh)": 14.7764
		},
		"12:00:00": {
			"DAM_lmp($/MWh)": 3.72161,
			"RTM_lmp($/MWh)": 13.89655
		},
		"13:00:00": {
			"DAM_lmp($/MWh)": 3.49003,
			"RTM_lmp($/MWh)": 14.15136
		},
		"14:00:00": {
			"DAM_lmp($/MWh)": 4.54253,
			"RTM_lmp($/MWh)": 9.9976
		},
		"15:00:00": {
			"DAM_lmp($/MWh)": 8.93179,
			"RTM_lmp($/MWh)": 4.9988
		},
		"16:00:00": {
			"DAM_lmp($/MWh)": 12.69373,
			"RTM_lmp($/MWh)": 4.95
		},
		"17:00:00": {
			"DAM_lmp($/MWh)": 23.36984,
			"RTM_lmp($/MWh)": 0.0
		},
		"18:00:00": {
			"DAM_lmp($/MWh)": 41.19681,
			"RTM_lmp($/MWh)": 12.12818
		},
		"19:00:00": {
			"DAM_lmp($/MWh)": 60.45244,
			"RTM_lmp($/MWh)": 23.20614
		},
		"20:00:00": {
			"DAM_lmp($/MWh)": 60.41957,
			"RTM_lmp($/MWh)": 40.0
		},
		"21:00:00": {
			"DAM_lmp($/MWh)": 46.24101,
			"RTM_lmp($/MWh)": 34.52543
		},
		"22:00:00": {
			"DAM_lmp($/MWh)": 35.94367,
			"RTM_lmp($/MWh)": 26.58407
		},
		"23:00:00": {
			"DAM_lmp($/MWh)": 26.53341,
			"RTM_lmp($/MWh)": 27.88027
		}
	},
	"2023-05-23": {
		"00:00:00": {
			"DAM_lmp($/MWh)": 24.05562,
			"RTM_lmp($/MWh)": 23.75304
		},
		"01:00:00": {
			"DAM_lmp($/MWh)": 20.43981,
			"RTM_lmp($/MWh)": 20.53921
		},
		"02:00:00": {
			"DAM_lmp($/MWh)": 18.67519,
			"RTM_lmp($/MWh)": 17.18801
		},
		"03:00:00": {
			"DAM_lmp($/MWh)": 16.6578,
			"RTM_lmp($/MWh)": 5.92184
		},
		"04:00:00": {
			"DAM_lmp($/MWh)": 20.4343,
			"RTM_lmp($/MWh)": 1.04063
		},
		"05:00:00": {
			"DAM_lmp($/MWh)": 29.48171,
			"RTM_lmp($/MWh)": 30.81135
		},
		"06:00:00": {
			"DAM_lmp($/MWh)": 30.39795,
			"RTM_lmp($/MWh)": 72.0
		},
		"07:00:00": {
			"DAM_lmp($/MWh)": 24.6049,
			"RTM_lmp($/MWh)": 18.0208
		},
		"08:00:00": {
			"DAM_lmp($/MWh)": 14.80455,
			"RTM_lmp($/MWh)": 12.8688
		},
		"09:00:00": {
			"DAM_lmp($/MWh)": 12.4444,
			"RTM_lmp($/MWh)": 12.94
		},
		"10:00:00": {
			"DAM_lmp($/MWh)": 7.153,
			"RTM_lmp($/MWh)": 15.4
		},
		"11:00:00": {
			"DAM_lmp($/MWh)": 5.32783,
			"RTM_lmp($/MWh)": 14.7764
		},
		"12:00:00": {
			"DAM_lmp($/MWh)": 3.72161,
			"RTM_lmp($/MWh)": 13.89655
		},
		"13:00:00": {
			"DAM_lmp($/MWh)": 3.49003,
			"RTM_lmp($/MWh)": 14.15136
		},
		"14:00:00": {
			"DAM_lmp($/MWh)": 4.54253,
			"RTM_lmp($/MWh)": 9.9976
		},
		"15:00:00": {
			"DAM_lmp($/MWh)": 8.93179,
			"RTM_lmp($/MWh)": 4.9988
		},
		"16:00:00": {
			"DAM_lmp($/MWh)": 12.69373,
			"RTM_lmp($/MWh)": 4.95
		},
		"17:00:00": {
			"DAM_lmp($/MWh)": 23.36984,
			"RTM_lmp($/MWh)": 0.0
		},
		"18:00:00": {
			"DAM_lmp($/MWh)": 41.19681,
			"RTM_lmp($/MWh)": 12.12818
		},
		"19:00:00": {
			"DAM_lmp($/MWh)": 60.45244,
			"RTM_lmp($/MWh)": 23.20614
		},
		"20:00:00": {
			"DAM_lmp($/MWh)": 60.41957,
			"RTM_lmp($/MWh)": 40.0
		},
		"21:00:00": {
			"DAM_lmp($/MWh)": 46.24101,
			"RTM_lmp($/MWh)": 34.52543
		},
		"22:00:00": {
			"DAM_lmp($/MWh)": 35.94367,
			"RTM_lmp($/MWh)": 26.58407
		},
		"23:00:00": {
			"DAM_lmp($/MWh)": 26.53341,
			"RTM_lmp($/MWh)": 27.88027
		}
	}
}