{
	"2023-05-22": {
		"00:00:00": {
			"DAM_lmp($/MWh)": 29.01463,
			"RTM_lmp($/MWh)": 28.27201
		},
		"01:00:00": {
			"DAM_lmp($/MWh)": 25.39502,
			"RTM_lmp($/MWh)": 24.74991
		},
		"02:00:00": {
			"DAM_lmp($/MWh)": 24.14847,
			"RTM_lmp($/MWh)": 20.47619
		},
		"03:00:00": {
			"DAM_lmp($/MWh)": 22.36329,
			"RTM_lmp($/MWh)": 22.11102
		},
		"04:00:00": {
			"DAM_lmp($/MWh)": 26.01926,
			"RTM_lmp($/MWh)": 19.74925
		},
		"05:00:00": {
			"DAM_lmp($/MWh)": 33.79403,
			"RTM_lmp($/MWh)": 30.81135
		},
		"06:00:00": {
			"DAM_lmp($/MWh)": 35.16939,
			"RTM_lmp($/MWh)": 72.0
		},
		"07:00:00": {
			"DAM_lmp($/MWh)": 24.87665,
			"RTM_lmp($/MWh)": 18.0208
		},
		"08:00:00": {
			"DAM_lmp($/MWh)": 11.02739,
			"RTM_lmp($/MWh)": 12.8688
		},
		"09:00:00": {
			"DAM_lmp($/MWh)": 9.14224,
			"RTM_lmp($/MWh)": 12.94
		},
		"10:00:00": {
			"DAM_lmp($/MWh)": 6.75669,
			"RTM_lmp($/MWh)": 15.4
		},
		"11:00:00": {
			"DAM_lmp($/MWh)": 4.43547,
			"RTM_lmp($/MWh)": 14.7764
		},
		"12:00:00": {
			"DAM_lmp($/MWh)": 3.48178,
			"RTM_lmp($/MWh)": 14.96516
		},
		"13:00:00": {
			"DAM_lmp($/MWh)": 3.22503,
			"RTM_lmp($/MWh)": 15.34738
		},
		"14:00:00": {
			"DAM_lmp($/MWh)": 4.55967,
			"RTM_lmp($/MWh)": 9.9976
		},
		"15:00:00": {
			"DAM_lmp($/MWh)": 7.36248,
			"RTM_lmp($/MWh)": 4.9988
		},
		"16:00:00": {
			"DAM_lmp($/MWh)": 11.43165,
			"RTM_lmp($/MWh)": 4.95
		},
		"17:00:00": {
			"DAM_lmp($/MWh)": 23.93747,
			"RTM_lmp($/MWh)": 0.0
		},
		"18:00:00": {
			"DAM_lmp($/MWh)": 42.39327,
			"RTM_lmp($/MWh)": 13.94605
		},
		"19:00:00": {
			"DAM_lmp($/MWh)": 62.77281,
			"RTM_lmp($/MWh)": 26.58653
		},
		"20:00:00": {
			"DAM_lmp($/MWh)": 62.601,
			"RTM_lmp($/MWh)": 40.0
		},
		"21:00:00": {
			"DAM_lmp($/MWh)": 48.21785,
			"RTM_lmp($/MWh)": 40.19855
		},
		"22:00:00": {
			"DAM_lmp($/MWh)": 39.157,
			"RTM_lmp($/MWh)": 30.79244
		},
		"23:00:00": {
			"DAM_lmp($/MWh)": 31.00475,
			"RTM_lmp($/MWh)": 32.69031
		}
	},
	"2023-05-23": {
		"00:00:00": {
			"DAM_lmp($/MWh)": 29.01463,
			"RTM_lmp($/MWh)": 28.27201
		},
		"01:00:00": {
			"DAM_lmp($/MWh)": 25.39502,
			"RTM_lmp($/MWh)": 24.74991
		},
		"02:00:00": {
			"DAM_lmp($/MWh)": 24.14847,
			"RTM_lmp($/MWh)": 20.47619
		},
		"03:00:00": {
			"DAM_lmp($/MWh)": 22.36329,
			"RTM_lmp($/MWh)": 22.11102
		},
		"04:00:00": {
			"DAM_lmp($/MWh)": 26.01926,
			"RTM_lmp($/MWh)": 19.74925
		},
		"05:00:00": {
			"DAM_lmp($/MWh)": 33.79403,
			"RTM_lmp($/MWh)": 30.81135
		},
		"06:00:00": {
			"DAM_lmp($/MWh)": 35.16939,
			"RTM_lmp($/MWh)": 72.0
		},
		"07:00:00": {
			"DAM_lmp($/MWh)": 24.87665,
			"RTM_lmp($/MWh)": 18.0208
		},
		"08:00:00": {
			"DAM_lmp($/MWh)": 11.02739,
			"RTM_lmp($/MWh)": 12.8688
		},
		"09:00:00": {
			"DAM_lmp($/MWh)": 9.14224,
			"RTM_lmp($/MWh)": 12.94
		},
		"10:00:00": {
			"DAM_lmp($/MWh)": 6.75669,
			"RTM_lmp($/MWh)": 15.4
		},
		"11:00:00": {
			"DAM_lmp($/MWh)": 4.43547,
			"RTM_lmp($/MWh)": 14.7764
		},
		"12:00:00": {
			"DAM_lmp($/MWh)": 3.48178,
			"RTM_lmp($/MWh)": 14.96516
		},
		"13:00:00": {
			"DAM_lmp($/MWh)": 3.22503,
			"RTM_lmp($/MWh)": 15.34738
		},
		"14:00:00": {
			"DAM_lmp($/MWh)": 4.55967,
			"RTM_lmp($/MWh)": 9.9976
		},
		"15:00:00": {
			"DAM_lmp($/MWh)": 7.36248,
			"RTM_lmp($/MWh)": 4.9988
		},
		"16:00:00": {
			"DAM_lmp($/MWh)": 11.43165,
			"RTM_lmp($/MWh)": 4.95
		},
		"17:00:00": {
			"DAM_lmp($/MWh)": 23.93747,
			"RTM_lmp($/MWh)": 0.0
		},
		"18:00:00": {
			"DAM_lmp($/MWh)": 42.39327,
			"RTM_lmp($/MWh)": 13.94605
		},
		"19:00:00": {
			"DAM_lmp($/MWh)": 62.77281,
			"RTM_lmp($/MWh)": 26.58653
		},
		"20:00:00": {
			"DAM_lmp($/MWh)": 62.601,
			"RTM_lmp($/MWh)": 40.0
		},
		"21:00:00": {
			"DAM_lmp($/MWh)": 48.21785,
			"RTM_lmp($/MWh)": 40.19855
		},
		"22:00:00": {
			"DAM_lmp($/MWh)": 39.157,
			"RTM_lmp($/MWh)": 30.79244
		},
		"23:00:00": {
			"DAM_lmp($/MWh)": 31.00475,
			"RTM_lmp($/MWh)": 32.69031
		}
	}
}