{
	"2023-05-22": {
		"00:00:00": {
			"DAM_lmp($/MWh)": 46.18131,
			"RTM_lmp($/MWh)": 27.85369
		},
		"01:00:00": {
			"DAM_lmp($/MWh)": 44.29899,
			"RTM_lmp($/MWh)": 23.94882
		},
		"02:00:00": {
			"DAM_lmp($/MWh)": 47.01684,
			"RTM_lmp($/MWh)": 19.90969
		},
		"03:00:00": {
			"DAM_lmp($/MWh)": 47.15799,
			"RTM_lmp($/MWh)": 6.32606
		},
		"04:00:00": {
			"DAM_lmp($/MWh)": 47.62201,
			"RTM_lmp($/MWh)": 1.49038
		},
		"05:00:00": {
			"DAM_lmp($/MWh)": 43.81856,
			"RTM_lmp($/MWh)": 30.81135
		},
		"06:00:00": {
			"DAM_lmp($/MWh)": 53.26864,
			"RTM_lmp($/MWh)": 72.0
		},
		"07:00:00": {
			"DAM_lmp($/MWh)": 24.95947,
			"RTM_lmp($/MWh)": 18.0208
		},
		"08:00:00": {
			"DAM_lmp($/MWh)": 5.18853,
			"RTM_lmp($/MWh)": 12.8688
		},
		"09:00:00": {
			"DAM_lmp($/MWh)": 1.8038,
			"RTM_lmp($/MWh)": 12.94
		},
		"10:00:00": {
			"DAM_lmp($/MWh)": 2.00097,
			"RTM_lmp($/MWh)": 15.4
		},
		"11:00:00": {
			"DAM_lmp($/MWh)": 1.05472,
			"RTM_lmp($/MWh)": 3.26137
		},
		"12:00:00": {
			"DAM_lmp($/MWh)": -1.16766,
			"RTM_lmp($/MWh)": 14.01666
		},
		"13:00:00": {
			"DAM_lmp($/MWh)": -1.88491,
			"RTM_lmp($/MWh)": 14.22042
		},
		"14:00:00": {
			"DAM_lmp($/MWh)": -0.85546,
			"RTM_lmp($/MWh)": 9.9976
		},
		"15:00:00": {
			"DAM_lmp($/MWh)": 2.1028,
			"RTM_lmp($/MWh)": 4.9988
		},
		"16:00:00": {
			"DAM_lmp($/MWh)": 7.07611,
			"RTM_lmp($/MWh)": 4.95
		},
		"17:00:00": {
			"DAM_lmp($/MWh)": 23.29266,
			"RTM_lmp($/MWh)": 0.0
		},
		"18:00:00": {
			"DAM_lmp($/MWh)": 42.68691,
			"RTM_lmp($/MWh)": 13.01927
		},
		"19:00:00": {
			"DAM_lmp($/MWh)": 62.32037,
			"RTM_lmp($/MWh)": 26.53427
		},
		"20:00:00": {
			"DAM_lmp($/MWh)": 62.71751,
			"RTM_lmp($/MWh)": 40.0
		},
		"21:00:00": {
			"DAM_lmp($/MWh)": 49.39097,
			"RTM_lmp($/MWh)": 42.29659
		},
		"22:00:00": {
			"DAM_lmp($/MWh)": 46.39165,
			"RTM_lmp($/MWh)": 31.92571
		},
		"23:00:00": {
			"DAM_lmp($/MWh)": 45.58238,
			"RTM_lmp($/MWh)": 32.47771
		}
	},
	"2023-05-23": {
		"00:00:00": {
			"DAM_lmp($/MWh)": 46.18131,
			"RTM_lmp($/MWh)": 27.85369
		},
		"01:00:00": {
			"DAM_lmp($/MWh)": 44.29899,
			"RTM_lmp($/MWh)": 23.94882
		},
		"02:00:00": {
			"DAM_lmp($/MWh)": 47.01684,
			"RTM_lmp($/MWh)": 19.90969
		},
		"03:00:00": {
			"DAM_lmp($/MWh)": 47.15799,
			"RTM_lmp($/MWh)": 6.32606
		},
		"04:00:00": {
			"DAM_lmp($/MWh)": 47.62201,
			"RTM_lmp($/MWh)": 1.49038
		},
		"05:00:00": {
			"DAM_lmp($/MWh)": 43.81856,
			"RTM_lmp($/MWh)": 30.81135
		},
		"06:00:00": {
			"DAM_lmp($/MWh)": 53.26864,
			"RTM_lmp($/MWh)": 72.0
		},
		"07:00:00": {
			"DAM_lmp($/MWh)": 24.95947,
			"RTM_lmp($/MWh)": 18.0208
		},
		"08:00:00": {
			"DAM_lmp($/MWh)": 5.18853,
			"RTM_lmp($/MWh)": 12.8688
		},
		"09:00:00": {
			"DAM_lmp($/MWh)": 1.8038,
			"RTM_lmp($/MWh)": 12.94
		},
		"10:00:00": {
			"DAM_lmp($/MWh)": 2.00097,
			"RTM_lmp($/MWh)": 15.4
		},
		"11:00:00": {
			"DAM_lmp($/MWh)": 1.05472,
			"RTM_lmp($/MWh)": 3.26137
		},
		"12:00:00": {
			"DAM_lmp($/MWh)": -1.16766,
			"RTM_lmp($/MWh)": 14.01666
		},
		"13:00:00": {
			"DAM_lmp($/MWh)": -1.88491,
			"RTM_lmp($/MWh)": 14.22042
		},
		"14:00:00": {
			"DAM_lmp($/MWh)": -0.85546,
			"RTM_lmp($/MWh)": 9.9976
		},
		"15:00:00": {
			"DAM_lmp($/MWh)": 2.1028,
			"RTM_lmp($/MWh)": 4.9988
		},
		"16:00:00": {
			"DAM_lmp($/MWh)": 7.07611,
			"RTM_lmp($/MWh)": 4.95
		},
		"17:00:00": {
			"DAM_lmp($/MWh)": 23.29266,
			"RTM_lmp($/MWh)": 0.0
		},
		"18:00:00": {
			"DAM_lmp($/MWh)": 42.68691,
			"RTM_lmp($/MWh)": 13.01927
		},
		"19:00:00": {
			"DAM_lmp($/MWh)": 62.32037,
			"RTM_lmp($/MWh)": 26.53427
		},
		"20:00:00": {
			"DAM_lmp($/MWh)": 62.71751,
			"RTM_lmp($/MWh)": 40.0
		},
		"21:00:00": {
			"DAM_lmp($/MWh)": 49.39097,
			"RTM_lmp($/MWh)": 42.29659
		},
		"22:00:00": {
			"DAM_lmp($/MWh)": 46.39165,
			"RTM_lmp($/MWh)": 31.92571
		},
		"23:00:00": {
			"DAM_lmp($/MWh)": 45.58238,
			"RTM_lmp($/MWh)": 32.47771
		}
	}
}