{
	"2023-05-22": {
		"00:00:00": {
			"DAM_lmp($/MWh)": 19.00715,
			"RTM_lmp($/MWh)": 25.53729
		},
		"01:00:00": {
			"DAM_lmp($/MWh)": 15.85462,
			"RTM_lmp($/MWh)": 22.03509
		},
		"02:00:00": {
			"DAM_lmp($/MWh)": 13.20246,
			"RTM_lmp($/MWh)": 18.32923
		},
		"03:00:00": {
			"DAM_lmp($/MWh)": 11.44336,
			"RTM_lmp($/MWh)": 6.28744
		},
		"04:00:00": {
			"DAM_lmp($/MWh)": 17.69529,
			"RTM_lmp($/MWh)": 1.41937
		},
		"05:00:00": {
			"DAM_lmp($/MWh)": 30.53336,
			"RTM_lmp($/MWh)": 17.61375
		},
		"06:00:00": {
			"DAM_lmp($/MWh)": 31.28211,
			"RTM_lmp($/MWh)": 72.0
		},
		"07:00:00": {
			"DAM_lmp($/MWh)": 25.07593,
			"RTM_lmp($/MWh)": 18.0208
		},
		"08:00:00": {
			"DAM_lmp($/MWh)": 15.62663,
			"RTM_lmp($/MWh)": 12.8688
		},
		"09:00:00": {
			"DAM_lmp($/MWh)": 13.25224,
			"RTM_lmp($/MWh)": 12.94
		},
		"10:00:00": {
			"DAM_lmp($/MWh)": 9.15878,
			"RTM_lmp($/MWh)": 15.4
		},
		"11:00:00": {
			"DAM_lmp($/MWh)": 7.1182,
			"RTM_lmp($/MWh)": 14.7764
		},
		"12:00:00": {
			"DAM_lmp($/MWh)": 5.6435,
			"RTM_lmp($/MWh)": 14.38466
		},
		"13:00:00": {
			"DAM_lmp($/MWh)": 5.45889,
			"RTM_lmp($/MWh)": 14.63165
		},
		"14:00:00": {
			"DAM_lmp($/MWh)": 6.55208,
			"RTM_lmp($/MWh)": 9.9976
		},
		"15:00:00": {
			"DAM_lmp($/MWh)": 9.48017,
			"RTM_lmp($/MWh)": 4.9988
		},
		"16:00:00": {
			"DAM_lmp($/MWh)": 13.39234,
			"RTM_lmp($/MWh)": 4.95
		},
		"17:00:00": {
			"DAM_lmp($/MWh)": 24.09431,
			"RTM_lmp($/MWh)": 0.0
		},
		"18:00:00": {
			"DAM_lmp($/MWh)": 41.3831,
			"RTM_lmp($/MWh)": 13.00356
		},
		"19:00:00": {
			"DAM_lmp($/MWh)": 62.25574,
			"RTM_lmp($/MWh)": 25.31303
		},
		"20:00:00": {
			"DAM_lmp($/MWh)": 58.98998,
			"RTM_lmp($/MWh)": 40.0
		},
		"21:00:00": {
			"DAM_lmp($/MWh)": 45.36094,
			"RTM_lmp($/MWh)": 38.29352
		},
		"22:00:00": {
			"DAM_lmp($/MWh)": 33.13106,
			"RTM_lmp($/MWh)": 29.03524
		},
		"23:00:00": {
			"DAM_lmp($/MWh)": 24.44862,
			"RTM_lmp($/MWh)": 30.20557
		}
	},
	"2023-05-23": {
		"00:00:00": {
			"DAM_lmp($/MWh)": 19.00715,
			"RTM_lmp($/MWh)": 25.53729
		},
		"01:00:00": {
			"DAM_lmp($/MWh)": 15.85462,
			"RTM_lmp($/MWh)": 22.03509
		},
		"02:00:00": {
			"DAM_lmp($/MWh)": 13.20246,
			"RTM_lmp($/MWh)": 18.32923
		},
		"03:00:00": {
			"DAM_lmp($/MWh)": 11.44336,
			"RTM_lmp($/MWh)": 6.28744
		},
		"04:00:00": {
			"DAM_lmp($/MWh)": 17.69529,
			"RTM_lmp($/MWh)": 1.41937
		},
		"05:00:00": {
			"DAM_lmp($/MWh)": 30.53336,
			"RTM_lmp($/MWh)": 17.61375
		},
		"06:00:00": {
			"DAM_lmp($/MWh)": 31.28211,
			"RTM_lmp($/MWh)": 72.0
		},
		"07:00:00": {
			"DAM_lmp($/MWh)": 25.07593,
			"RTM_lmp($/MWh)": 18.0208
		},
		"08:00:00": {
			"DAM_lmp($/MWh)": 15.62663,
			"RTM_lmp($/MWh)": 12.8688
		},
		"09:00:00": {
			"DAM_lmp($/MWh)": 13.25224,
			"RTM_lmp($/MWh)": 12.94
		},
		"10:00:00": {
			"DAM_lmp($/MWh)": 9.15878,
			"RTM_lmp($/MWh)": 15.4
		},
		"11:00:00": {
			"DAM_lmp($/MWh)": 7.1182,
			"RTM_lmp($/MWh)": 14.7764
		},
		"12:00:00": {
			"DAM_lmp($/MWh)": 5.6435,
			"RTM_lmp($/MWh)": 14.38466
		},
		"13:00:00": {
			"DAM_lmp($/MWh)": 5.45889,
			"RTM_lmp($/MWh)": 14.63165
		},
		"14:00:00": {
			"DAM_lmp($/MWh)": 6.55208,
			"RTM_lmp($/MWh)": 9.9976
		},
		"15:00:00": {
			"DAM_lmp($/MWh)": 9.48017,
			"RTM_lmp($/MWh)": 4.9988
		},
		"16:00:00": {
			"DAM_lmp($/MWh)": 13.39234,
			"RTM_lmp($/MWh)": 4.95
		},
		"17:00:00": {
			"DAM_lmp($/MWh)": 24.09431,
			"RTM_lmp($/MWh)": 0.0
		},
		"18:00:00": {
			"DAM_lmp($/MWh)": 41.3831,
			"RTM_lmp($/MWh)": 13.00356
		},
		"19:00:00": {
			"DAM_lmp($/MWh)": 62.25574,
			"RTM_lmp($/MWh)": 25.31303
		},
		"20:00:00": {
			"DAM_lmp($/MWh)": 58.98998,
			"RTM_lmp($/MWh)": 40.0
		},
		"21:00:00": {
			"DAM_lmp($/MWh)": 45.36094,
			"RTM_lmp($/MWh)": 38.29352
		},
		"22:00:00": {
			"DAM_lmp($/MWh)": 33.13106,
			"RTM_lmp($/MWh)": 29.03524
		},
		"23:00:00": {
			"DAM_lmp($/MWh)": 24.44862,
			"RTM_lmp($/MWh)": 30.20557
		}
	}
}