{
	"2023-05-22": {
		"00:00:00": {
			"DAM_lmp($/MWh)": -6.58568,
			"RTM_lmp($/MWh)": 26.00399
		},
		"01:00:00": {
			"DAM_lmp($/MWh)": -7.46372,
			"RTM_lmp($/MWh)": 22.19086
		},
		"02:00:00": {
			"DAM_lmp($/MWh)": -13.14353,
			"RTM_lmp($/MWh)": 18.36002
		},
		"03:00:00": {
			"DAM_lmp($/MWh)": -13.84,
			"RTM_lmp($/MWh)": 6.17043
		},
		"04:00:00": {
			"DAM_lmp($/MWh)": 2.78468,
			"RTM_lmp($/MWh)": 1.34577
		},
		"05:00:00": {
			"DAM_lmp($/MWh)": 23.52873,
			"RTM_lmp($/MWh)": 18.76137
		},
		"06:00:00": {
			"DAM_lmp($/MWh)": 24.60474,
			"RTM_lmp($/MWh)": 72.0
		},
		"07:00:00": {
			"DAM_lmp($/MWh)": 24.86889,
			"RTM_lmp($/MWh)": 18.0208
		},
		"08:00:00": {
			"DAM_lmp($/MWh)": 15.66355,
			"RTM_lmp($/MWh)": 12.8688
		},
		"09:00:00": {
			"DAM_lmp($/MWh)": 13.46623,
			"RTM_lmp($/MWh)": 12.94
		},
		"10:00:00": {
			"DAM_lmp($/MWh)": 9.18323,
			"RTM_lmp($/MWh)": 15.4
		},
		"11:00:00": {
			"DAM_lmp($/MWh)": 7.1741,
			"RTM_lmp($/MWh)": 14.7764
		},
		"12:00:00": {
			"DAM_lmp($/MWh)": 5.77189,
			"RTM_lmp($/MWh)": 14.42316
		},
		"13:00:00": {
			"DAM_lmp($/MWh)": 5.6487,
			"RTM_lmp($/MWh)": 14.68344
		},
		"14:00:00": {
			"DAM_lmp($/MWh)": 6.88263,
			"RTM_lmp($/MWh)": 9.9976
		},
		"15:00:00": {
			"DAM_lmp($/MWh)": 9.86104,
			"RTM_lmp($/MWh)": 4.9988
		},
		"16:00:00": {
			"DAM_lmp($/MWh)": 13.9143,
			"RTM_lmp($/MWh)": 4.95
		},
		"17:00:00": {
			"DAM_lmp($/MWh)": 25.04783,
			"RTM_lmp($/MWh)": 0.0
		},
		"18:00:00": {
			"DAM_lmp($/MWh)": 104.1,
			"RTM_lmp($/MWh)": 13.52193
		},
		"19:00:00": {
			"DAM_lmp($/MWh)": 65.57147,
			"RTM_lmp($/MWh)": 26.81757
		},
		"20:00:00": {
			"DAM_lmp($/MWh)": 118.0,
			"RTM_lmp($/MWh)": 40.0
		},
		"21:00:00": {
			"DAM_lmp($/MWh)": 36.05194,
			"RTM_lmp($/MWh)": 41.18043
		},
		"22:00:00": {
			"DAM_lmp($/MWh)": 15.45869,
			"RTM_lmp($/MWh)": 30.43591
		},
		"23:00:00": {
			"DAM_lmp($/MWh)": 11.22,
			"RTM_lmp($/MWh)": 30.92641
		}
	},
	"2023-05-23": {
		"00:00:00": {
			"DAM_lmp($/MWh)": -6.58568,
			"RTM_lmp($/MWh)": 26.00399
		},
		"01:00:00": {
			"DAM_lmp($/MWh)": -7.46372,
			"RTM_lmp($/MWh)": 22.19086
		},
		"02:00:00": {
			"DAM_lmp($/MWh)": -13.14353,
			"RTM_lmp($/MWh)": 18.36002
		},
		"03:00:00": {
			"DAM_lmp($/MWh)": -13.84,
			"RTM_lmp($/MWh)": 6.17043
		},
		"04:00:00": {
			"DAM_lmp($/MWh)": 2.78468,
			"RTM_lmp($/MWh)": 1.34577
		},
		"05:00:00": {
			"DAM_lmp($/MWh)": 23.52873,
			"RTM_lmp($/MWh)": 18.76137
		},
		"06:00:00": {
			"DAM_lmp($/MWh)": 24.60474,
			"RTM_lmp($/MWh)": 72.0
		},
		"07:00:00": {
			"DAM_lmp($/MWh)": 24.86889,
			"RTM_lmp($/MWh)": 18.0208
		},
		"08:00:00": {
			"DAM_lmp($/MWh)": 15.66355,
			"RTM_lmp($/MWh)": 12.8688
		},
		"09:00:00": {
			"DAM_lmp($/MWh)": 13.46623,
			"RTM_lmp($/MWh)": 12.94
		},
		"10:00:00": {
			"DAM_lmp($/MWh)": 9.18323,
			"RTM_lmp($/MWh)": 15.4
		},
		"11:00:00": {
			"DAM_lmp($/MWh)": 7.1741,
			"RTM_lmp($/MWh)": 14.7764
		},
		"12:00:00": {
			"DAM_lmp($/MWh)": 5.77189,
			"RTM_lmp($/MWh)": 14.42316
		},
		"13:00:00": {
			"DAM_lmp($/MWh)": 5.6487,
			"RTM_lmp($/MWh)": 14.68344
		},
		"14:00:00": {
			"DAM_lmp($/MWh)": 6.88263,
			"RTM_lmp($/MWh)": 9.9976
		},
		"15:00:00": {
			"DAM_lmp($/MWh)": 9.86104,
			"RTM_lmp($/MWh)": 4.9988
		},
		"16:00:00": {
			"DAM_lmp($/MWh)": 13.9143,
			"RTM_lmp($/MWh)": 4.95
		},
		"17:00:00": {
			"DAM_lmp($/MWh)": 25.04783,
			"RTM_lmp($/MWh)": 0.0
		},
		"18:00:00": {
			"DAM_lmp($/MWh)": 104.1,
			"RTM_lmp($/MWh)": 13.52193
		},
		"19:00:00": {
			"DAM_lmp($/MWh)": 65.57147,
			"RTM_lmp($/MWh)": 26.81757
		},
		"20:00:00": {
			"DAM_lmp($/MWh)": 118.0,
			"RTM_lmp($/MWh)": 40.0
		},
		"21:00:00": {
			"DAM_lmp($/MWh)": 36.05194,
			"RTM_lmp($/MWh)": 41.18043
		},
		"22:00:00": {
			"DAM_lmp($/MWh)": 15.45869,
			"RTM_lmp($/MWh)": 30.43591
		},
		"23:00:00": {
			"DAM_lmp($/MWh)": 11.22,
			"RTM_lmp($/MWh)": 30.92641
		}
	}
}