{
	"2023-05-22": {
		"00:00:00": {
			"DAM_lmp($/MWh)": 16.62177,
			"RTM_lmp($/MWh)": 25.0965
		},
		"01:00:00": {
			"DAM_lmp($/MWh)": 12.51746,
			"RTM_lmp($/MWh)": 21.60803
		},
		"02:00:00": {
			"DAM_lmp($/MWh)": 9.02362,
			"RTM_lmp($/MWh)": 17.90437
		},
		"03:00:00": {
			"DAM_lmp($/MWh)": 6.41912,
			"RTM_lmp($/MWh)": 6.22088
		},
		"04:00:00": {
			"DAM_lmp($/MWh)": 10.97619,
			"RTM_lmp($/MWh)": 1.70628
		},
		"05:00:00": {
			"DAM_lmp($/MWh)": 24.10635,
			"RTM_lmp($/MWh)": 29.07957
		},
		"06:00:00": {
			"DAM_lmp($/MWh)": 21.80115,
			"RTM_lmp($/MWh)": 67.87552
		},
		"07:00:00": {
			"DAM_lmp($/MWh)": 23.52395,
			"RTM_lmp($/MWh)": 18.0208
		},
		"08:00:00": {
			"DAM_lmp($/MWh)": 11.67819,
			"RTM_lmp($/MWh)": 12.8688
		},
		"09:00:00": {
			"DAM_lmp($/MWh)": 9.21365,
			"RTM_lmp($/MWh)": 12.22012
		},
		"10:00:00": {
			"DAM_lmp($/MWh)": 5.8856,
			"RTM_lmp($/MWh)": 14.47212
		},
		"11:00:00": {
			"DAM_lmp($/MWh)": 4.41891,
			"RTM_lmp($/MWh)": 13.88612
		},
		"12:00:00": {
			"DAM_lmp($/MWh)": 1.4076,
			"RTM_lmp($/MWh)": 13.73505
		},
		"13:00:00": {
			"DAM_lmp($/MWh)": 1.40897,
			"RTM_lmp($/MWh)": 13.96143
		},
		"14:00:00": {
			"DAM_lmp($/MWh)": 3.73646,
			"RTM_lmp($/MWh)": 9.9976
		},
		"15:00:00": {
			"DAM_lmp($/MWh)": 6.40484,
			"RTM_lmp($/MWh)": 4.9988
		},
		"16:00:00": {
			"DAM_lmp($/MWh)": 11.01646,
			"RTM_lmp($/MWh)": 4.95
		},
		"17:00:00": {
			"DAM_lmp($/MWh)": 23.01841,
			"RTM_lmp($/MWh)": 0.0
		},
		"18:00:00": {
			"DAM_lmp($/MWh)": 42.62117,
			"RTM_lmp($/MWh)": 13.40341
		},
		"19:00:00": {
			"DAM_lmp($/MWh)": 62.20403,
			"RTM_lmp($/MWh)": 26.28672
		},
		"20:00:00": {
			"DAM_lmp($/MWh)": 62.48448,
			"RTM_lmp($/MWh)": 40.0
		},
		"21:00:00": {
			"DAM_lmp($/MWh)": 47.65375,
			"RTM_lmp($/MWh)": 39.47262
		},
		"22:00:00": {
			"DAM_lmp($/MWh)": 33.41977,
			"RTM_lmp($/MWh)": 30.12394
		},
		"23:00:00": {
			"DAM_lmp($/MWh)": 20.38003,
			"RTM_lmp($/MWh)": 20.53663
		}
	},
	"2023-05-23": {
		"00:00:00": {
			"DAM_lmp($/MWh)": 16.62177,
			"RTM_lmp($/MWh)": 25.0965
		},
		"01:00:00": {
			"DAM_lmp($/MWh)": 12.51746,
			"RTM_lmp($/MWh)": 21.60803
		},
		"02:00:00": {
			"DAM_lmp($/MWh)": 9.02362,
			"RTM_lmp($/MWh)": 17.90437
		},
		"03:00:00": {
			"DAM_lmp($/MWh)": 6.41912,
			"RTM_lmp($/MWh)": 6.22088
		},
		"04:00:00": {
			"DAM_lmp($/MWh)": 10.97619,
			"RTM_lmp($/MWh)": 1.70628
		},
		"05:00:00": {
			"DAM_lmp($/MWh)": 24.10635,
			"RTM_lmp($/MWh)": 29.07957
		},
		"06:00:00": {
			"DAM_lmp($/MWh)": 21.80115,
			"RTM_lmp($/MWh)": 67.87552
		},
		"07:00:00": {
			"DAM_lmp($/MWh)": 23.52395,
			"RTM_lmp($/MWh)": 18.0208
		},
		"08:00:00": {
			"DAM_lmp($/MWh)": 11.67819,
			"RTM_lmp($/MWh)": 12.8688
		},
		"09:00:00": {
			"DAM_lmp($/MWh)": 9.21365,
			"RTM_lmp($/MWh)": 12.22012
		},
		"10:00:00": {
			"DAM_lmp($/MWh)": 5.8856,
			"RTM_lmp($/MWh)": 14.47212
		},
		"11:00:00": {
			"DAM_lmp($/MWh)": 4.41891,
			"RTM_lmp($/MWh)": 13.88612
		},
		"12:00:00": {
			"DAM_lmp($/MWh)": 1.4076,
			"RTM_lmp($/MWh)": 13.73505
		},
		"13:00:00": {
			"DAM_lmp($/MWh)": 1.40897,
			"RTM_lmp($/MWh)": 13.96143
		},
		"14:00:00": {
			"DAM_lmp($/MWh)": 3.73646,
			"RTM_lmp($/MWh)": 9.9976
		},
		"15:00:00": {
			"DAM_lmp($/MWh)": 6.40484,
			"RTM_lmp($/MWh)": 4.9988
		},
		"16:00:00": {
			"DAM_lmp($/MWh)": 11.01646,
			"RTM_lmp($/MWh)": 4.95
		},
		"17:00:00": {
			"DAM_lmp($/MWh)": 23.01841,
			"RTM_lmp($/MWh)": 0.0
		},
		"18:00:00": {
			"DAM_lmp($/MWh)": 42.62117,
			"RTM_lmp($/MWh)": 13.40341
		},
		"19:00:00": {
			"DAM_lmp($/MWh)": 62.20403,
			"RTM_lmp($/MWh)": 26.28672
		},
		"20:00:00": {
			"DAM_lmp($/MWh)": 62.48448,
			"RTM_lmp($/MWh)": 40.0
		},
		"21:00:00": {
			"DAM_lmp($/MWh)": 47.65375,
			"RTM_lmp($/MWh)": 39.47262
		},
		"22:00:00": {
			"DAM_lmp($/MWh)": 33.41977,
			"RTM_lmp($/MWh)": 30.12394
		},
		"23:00:00": {
			"DAM_lmp($/MWh)": 20.38003,
			"RTM_lmp($/MWh)": 20.53663
		}
	}
}