{
	"2023-05-22": {
		"00:00:00": {
			"DAM_lmp($/MWh)": 30.11376,
			"RTM_lmp($/MWh)": 28.34884
		},
		"01:00:00": {
			"DAM_lmp($/MWh)": 26.35186,
			"RTM_lmp($/MWh)": 25.012
		},
		"02:00:00": {
			"DAM_lmp($/MWh)": 25.05296,
			"RTM_lmp($/MWh)": 20.80665
		},
		"03:00:00": {
			"DAM_lmp($/MWh)": 23.21127,
			"RTM_lmp($/MWh)": 22.66609
		},
		"04:00:00": {
			"DAM_lmp($/MWh)": 26.97523,
			"RTM_lmp($/MWh)": 20.13027
		},
		"05:00:00": {
			"DAM_lmp($/MWh)": 35.01492,
			"RTM_lmp($/MWh)": 30.81135
		},
		"06:00:00": {
			"DAM_lmp($/MWh)": 36.18389,
			"RTM_lmp($/MWh)": 72.0
		},
		"07:00:00": {
			"DAM_lmp($/MWh)": 25.30886,
			"RTM_lmp($/MWh)": 18.0208
		},
		"08:00:00": {
			"DAM_lmp($/MWh)": 11.12846,
			"RTM_lmp($/MWh)": 12.8688
		},
		"09:00:00": {
			"DAM_lmp($/MWh)": 9.35029,
			"RTM_lmp($/MWh)": 12.94
		},
		"10:00:00": {
			"DAM_lmp($/MWh)": 6.90198,
			"RTM_lmp($/MWh)": 15.4
		},
		"11:00:00": {
			"DAM_lmp($/MWh)": 4.53234,
			"RTM_lmp($/MWh)": 14.7764
		},
		"12:00:00": {
			"DAM_lmp($/MWh)": 3.54712,
			"RTM_lmp($/MWh)": 15.11298
		},
		"13:00:00": {
			"DAM_lmp($/MWh)": 3.25092,
			"RTM_lmp($/MWh)": 15.5216
		},
		"14:00:00": {
			"DAM_lmp($/MWh)": 4.61059,
			"RTM_lmp($/MWh)": 9.9976
		},
		"15:00:00": {
			"DAM_lmp($/MWh)": 7.40799,
			"RTM_lmp($/MWh)": 4.9988
		},
		"16:00:00": {
			"DAM_lmp($/MWh)": 11.54683,
			"RTM_lmp($/MWh)": 4.95
		},
		"17:00:00": {
			"DAM_lmp($/MWh)": 24.2661,
			"RTM_lmp($/MWh)": 0.0
		},
		"18:00:00": {
			"DAM_lmp($/MWh)": 42.61241,
			"RTM_lmp($/MWh)": 14.21738
		},
		"19:00:00": {
			"DAM_lmp($/MWh)": 63.02488,
			"RTM_lmp($/MWh)": 26.7103
		},
		"20:00:00": {
			"DAM_lmp($/MWh)": 62.70456,
			"RTM_lmp($/MWh)": 40.0
		},
		"21:00:00": {
			"DAM_lmp($/MWh)": 48.76697,
			"RTM_lmp($/MWh)": 40.26568
		},
		"22:00:00": {
			"DAM_lmp($/MWh)": 39.72572,
			"RTM_lmp($/MWh)": 30.81154
		},
		"23:00:00": {
			"DAM_lmp($/MWh)": 31.78764,
			"RTM_lmp($/MWh)": 32.78
		}
	},
	"2023-05-23": {
		"00:00:00": {
			"DAM_lmp($/MWh)": 30.11376,
			"RTM_lmp($/MWh)": 28.34884
		},
		"01:00:00": {
			"DAM_lmp($/MWh)": 26.35186,
			"RTM_lmp($/MWh)": 25.012
		},
		"02:00:00": {
			"DAM_lmp($/MWh)": 25.05296,
			"RTM_lmp($/MWh)": 20.80665
		},
		"03:00:00": {
			"DAM_lmp($/MWh)": 23.21127,
			"RTM_lmp($/MWh)": 22.66609
		},
		"04:00:00": {
			"DAM_lmp($/MWh)": 26.97523,
			"RTM_lmp($/MWh)": 20.13027
		},
		"05:00:00": {
			"DAM_lmp($/MWh)": 35.01492,
			"RTM_lmp($/MWh)": 30.81135
		},
		"06:00:00": {
			"DAM_lmp($/MWh)": 36.18389,
			"RTM_lmp($/MWh)": 72.0
		},
		"07:00:00": {
			"DAM_lmp($/MWh)": 25.30886,
			"RTM_lmp($/MWh)": 18.0208
		},
		"08:00:00": {
			"DAM_lmp($/MWh)": 11.12846,
			"RTM_lmp($/MWh)": 12.8688
		},
		"09:00:00": {
			"DAM_lmp($/MWh)": 9.35029,
			"RTM_lmp($/MWh)": 12.94
		},
		"10:00:00": {
			"DAM_lmp($/MWh)": 6.90198,
			"RTM_lmp($/MWh)": 15.4
		},
		"11:00:00": {
			"DAM_lmp($/MWh)": 4.53234,
			"RTM_lmp($/MWh)": 14.7764
		},
		"12:00:00": {
			"DAM_lmp($/MWh)": 3.54712,
			"RTM_lmp($/MWh)": 15.11298
		},
		"13:00:00": {
			"DAM_lmp($/MWh)": 3.25092,
			"RTM_lmp($/MWh)": 15.5216
		},
		"14:00:00": {
			"DAM_lmp($/MWh)": 4.61059,
			"RTM_lmp($/MWh)": 9.9976
		},
		"15:00:00": {
			"DAM_lmp($/MWh)": 7.40799,
			"RTM_lmp($/MWh)": 4.9988
		},
		"16:00:00": {
			"DAM_lmp($/MWh)": 11.54683,
			"RTM_lmp($/MWh)": 4.95
		},
		"17:00:00": {
			"DAM_lmp($/MWh)": 24.2661,
			"RTM_lmp($/MWh)": 0.0
		},
		"18:00:00": {
			"DAM_lmp($/MWh)": 42.61241,
			"RTM_lmp($/MWh)": 14.21738
		},
		"19:00:00": {
			"DAM_lmp($/MWh)": 63.02488,
			"RTM_lmp($/MWh)": 26.7103
		},
		"20:00:00": {
			"DAM_lmp($/MWh)": 62.70456,
			"RTM_lmp($/MWh)": 40.0
		},
		"21:00:00": {
			"DAM_lmp($/MWh)": 48.76697,
			"RTM_lmp($/MWh)": 40.26568
		},
		"22:00:00": {
			"DAM_lmp($/MWh)": 39.72572,
			"RTM_lmp($/MWh)": 30.81154
		},
		"23:00:00": {
			"DAM_lmp($/MWh)": 31.78764,
			"RTM_lmp($/MWh)": 32.78
		}
	}
}