{
	"2023-05-22": {
		"00:00:00": {
			"DAM_lmp($/MWh)": 18.08014,
			"RTM_lmp($/MWh)": 25.28687
		},
		"01:00:00": {
			"DAM_lmp($/MWh)": 15.32892,
			"RTM_lmp($/MWh)": 21.31558
		},
		"02:00:00": {
			"DAM_lmp($/MWh)": 13.23084,
			"RTM_lmp($/MWh)": 18.08498
		},
		"03:00:00": {
			"DAM_lmp($/MWh)": 10.81195,
			"RTM_lmp($/MWh)": 6.491
		},
		"04:00:00": {
			"DAM_lmp($/MWh)": 16.03845,
			"RTM_lmp($/MWh)": 1.36776
		},
		"05:00:00": {
			"DAM_lmp($/MWh)": 26.22249,
			"RTM_lmp($/MWh)": 30.81135
		},
		"06:00:00": {
			"DAM_lmp($/MWh)": 26.13384,
			"RTM_lmp($/MWh)": 72.0
		},
		"07:00:00": {
			"DAM_lmp($/MWh)": 22.42832,
			"RTM_lmp($/MWh)": 18.0208
		},
		"08:00:00": {
			"DAM_lmp($/MWh)": 14.7766,
			"RTM_lmp($/MWh)": 12.8688
		},
		"09:00:00": {
			"DAM_lmp($/MWh)": 12.75018,
			"RTM_lmp($/MWh)": 12.94
		},
		"10:00:00": {
			"DAM_lmp($/MWh)": 8.39953,
			"RTM_lmp($/MWh)": 15.4
		},
		"11:00:00": {
			"DAM_lmp($/MWh)": 6.52844,
			"RTM_lmp($/MWh)": 14.7764
		},
		"12:00:00": {
			"DAM_lmp($/MWh)": 5.21731,
			"RTM_lmp($/MWh)": 13.43308
		},
		"13:00:00": {
			"DAM_lmp($/MWh)": 5.03186,
			"RTM_lmp($/MWh)": 13.69147
		},
		"14:00:00": {
			"DAM_lmp($/MWh)": 6.09039,
			"RTM_lmp($/MWh)": 9.9976
		},
		"15:00:00": {
			"DAM_lmp($/MWh)": 9.36143,
			"RTM_lmp($/MWh)": 4.9988
		},
		"16:00:00": {
			"DAM_lmp($/MWh)": 13.51564,
			"RTM_lmp($/MWh)": 4.95
		},
		"17:00:00": {
			"DAM_lmp($/MWh)": 24.04203,
			"RTM_lmp($/MWh)": 0.0
		},
		"18:00:00": {
			"DAM_lmp($/MWh)": 39.20428,
			"RTM_lmp($/MWh)": 12.25813
		},
		"19:00:00": {
			"DAM_lmp($/MWh)": 56.8717,
			"RTM_lmp($/MWh)": 23.16763
		},
		"20:00:00": {
			"DAM_lmp($/MWh)": 51.66751,
			"RTM_lmp($/MWh)": 40.0
		},
		"21:00:00": {
			"DAM_lmp($/MWh)": 41.90441,
			"RTM_lmp($/MWh)": 33.75755
		},
		"22:00:00": {
			"DAM_lmp($/MWh)": 31.28565,
			"RTM_lmp($/MWh)": 25.91238
		},
		"23:00:00": {
			"DAM_lmp($/MWh)": 22.45237,
			"RTM_lmp($/MWh)": 27.32552
		}
	},
	"2023-05-23": {
		"00:00:00": {
			"DAM_lmp($/MWh)": 18.08014,
			"RTM_lmp($/MWh)": 25.28687
		},
		"01:00:00": {
			"DAM_lmp($/MWh)": 15.32892,
			"RTM_lmp($/MWh)": 21.31558
		},
		"02:00:00": {
			"DAM_lmp($/MWh)": 13.23084,
			"RTM_lmp($/MWh)": 18.08498
		},
		"03:00:00": {
			"DAM_lmp($/MWh)": 10.81195,
			"RTM_lmp($/MWh)": 6.491
		},
		"04:00:00": {
			"DAM_lmp($/MWh)": 16.03845,
			"RTM_lmp($/MWh)": 1.36776
		},
		"05:00:00": {
			"DAM_lmp($/MWh)": 26.22249,
			"RTM_lmp($/MWh)": 30.81135
		},
		"06:00:00": {
			"DAM_lmp($/MWh)": 26.13384,
			"RTM_lmp($/MWh)": 72.0
		},
		"07:00:00": {
			"DAM_lmp($/MWh)": 22.42832,
			"RTM_lmp($/MWh)": 18.0208
		},
		"08:00:00": {
			"DAM_lmp($/MWh)": 14.7766,
			"RTM_lmp($/MWh)": 12.8688
		},
		"09:00:00": {
			"DAM_lmp($/MWh)": 12.75018,
			"RTM_lmp($/MWh)": 12.94
		},
		"10:00:00": {
			"DAM_lmp($/MWh)": 8.39953,
			"RTM_lmp($/MWh)": 15.4
		},
		"11:00:00": {
			"DAM_lmp($/MWh)": 6.52844,
			"RTM_lmp($/MWh)": 14.7764
		},
		"12:00:00": {
			"DAM_lmp($/MWh)": 5.21731,
			"RTM_lmp($/MWh)": 13.43308
		},
		"13:00:00": {
			"DAM_lmp($/MWh)": 5.03186,
			"RTM_lmp($/MWh)": 13.69147
		},
		"14:00:00": {
			"DAM_lmp($/MWh)": 6.09039,
			"RTM_lmp($/MWh)": 9.9976
		},
		"15:00:00": {
			"DAM_lmp($/MWh)": 9.36143,
			"RTM_lmp($/MWh)": 4.9988
		},
		"16:00:00": {
			"DAM_lmp($/MWh)": 13.51564,
			"RTM_lmp($/MWh)": 4.95
		},
		"17:00:00": {
			"DAM_lmp($/MWh)": 24.04203,
			"RTM_lmp($/MWh)": 0.0
		},
		"18:00:00": {
			"DAM_lmp($/MWh)": 39.20428,
			"RTM_lmp($/MWh)": 12.25813
		},
		"19:00:00": {
			"DAM_lmp($/MWh)": 56.8717,
			"RTM_lmp($/MWh)": 23.16763
		},
		"20:00:00": {
			"DAM_lmp($/MWh)": 51.66751,
			"RTM_lmp($/MWh)": 40.0
		},
		"21:00:00": {
			"DAM_lmp($/MWh)": 41.90441,
			"RTM_lmp($/MWh)": 33.75755
		},
		"22:00:00": {
			"DAM_lmp($/MWh)": 31.28565,
			"RTM_lmp($/MWh)": 25.91238
		},
		"23:00:00": {
			"DAM_lmp($/MWh)": 22.45237,
			"RTM_lmp($/MWh)": 27.32552
		}
	}
}