{
	"2023-05-22": {
		"00:00:00": {
			"DAM_lmp($/MWh)": -0.44965,
			"RTM_lmp($/MWh)": 26.10643
		},
		"01:00:00": {
			"DAM_lmp($/MWh)": -1.8056,
			"RTM_lmp($/MWh)": 22.31943
		},
		"02:00:00": {
			"DAM_lmp($/MWh)": -7.02697,
			"RTM_lmp($/MWh)": 18.54885
		},
		"03:00:00": {
			"DAM_lmp($/MWh)": -7.80436,
			"RTM_lmp($/MWh)": 6.30707
		},
		"04:00:00": {
			"DAM_lmp($/MWh)": 6.44466,
			"RTM_lmp($/MWh)": 1.45093
		},
		"05:00:00": {
			"DAM_lmp($/MWh)": 24.58746,
			"RTM_lmp($/MWh)": 18.76137
		},
		"06:00:00": {
			"DAM_lmp($/MWh)": 25.54957,
			"RTM_lmp($/MWh)": 72.0
		},
		"07:00:00": {
			"DAM_lmp($/MWh)": 25.13546,
			"RTM_lmp($/MWh)": 18.0208
		},
		"08:00:00": {
			"DAM_lmp($/MWh)": 15.80503,
			"RTM_lmp($/MWh)": 12.8688
		},
		"09:00:00": {
			"DAM_lmp($/MWh)": 13.52643,
			"RTM_lmp($/MWh)": 12.94
		},
		"10:00:00": {
			"DAM_lmp($/MWh)": 9.35346,
			"RTM_lmp($/MWh)": 15.4
		},
		"11:00:00": {
			"DAM_lmp($/MWh)": 7.31082,
			"RTM_lmp($/MWh)": 14.7764
		},
		"12:00:00": {
			"DAM_lmp($/MWh)": 5.85721,
			"RTM_lmp($/MWh)": 14.5833
		},
		"13:00:00": {
			"DAM_lmp($/MWh)": 5.72102,
			"RTM_lmp($/MWh)": 14.82785
		},
		"14:00:00": {
			"DAM_lmp($/MWh)": 6.8913,
			"RTM_lmp($/MWh)": 9.9976
		},
		"15:00:00": {
			"DAM_lmp($/MWh)": 9.95361,
			"RTM_lmp($/MWh)": 4.9988
		},
		"16:00:00": {
			"DAM_lmp($/MWh)": 13.97069,
			"RTM_lmp($/MWh)": 4.95
		},
		"17:00:00": {
			"DAM_lmp($/MWh)": 25.07273,
			"RTM_lmp($/MWh)": 0.0
		},
		"18:00:00": {
			"DAM_lmp($/MWh)": 39.78145,
			"RTM_lmp($/MWh)": 13.57048
		},
		"19:00:00": {
			"DAM_lmp($/MWh)": 65.2483,
			"RTM_lmp($/MWh)": 26.84232
		},
		"20:00:00": {
			"DAM_lmp($/MWh)": 50.41119,
			"RTM_lmp($/MWh)": 40.0
		},
		"21:00:00": {
			"DAM_lmp($/MWh)": 38.6569,
			"RTM_lmp($/MWh)": 40.94965
		},
		"22:00:00": {
			"DAM_lmp($/MWh)": 19.9821,
			"RTM_lmp($/MWh)": 30.41999
		},
		"23:00:00": {
			"DAM_lmp($/MWh)": 14.55776,
			"RTM_lmp($/MWh)": 30.97291
		}
	},
	"2023-05-23": {
		"00:00:00": {
			"DAM_lmp($/MWh)": -0.44965,
			"RTM_lmp($/MWh)": 26.10643
		},
		"01:00:00": {
			"DAM_lmp($/MWh)": -1.8056,
			"RTM_lmp($/MWh)": 22.31943
		},
		"02:00:00": {
			"DAM_lmp($/MWh)": -7.02697,
			"RTM_lmp($/MWh)": 18.54885
		},
		"03:00:00": {
			"DAM_lmp($/MWh)": -7.80436,
			"RTM_lmp($/MWh)": 6.30707
		},
		"04:00:00": {
			"DAM_lmp($/MWh)": 6.44466,
			"RTM_lmp($/MWh)": 1.45093
		},
		"05:00:00": {
			"DAM_lmp($/MWh)": 24.58746,
			"RTM_lmp($/MWh)": 18.76137
		},
		"06:00:00": {
			"DAM_lmp($/MWh)": 25.54957,
			"RTM_lmp($/MWh)": 72.0
		},
		"07:00:00": {
			"DAM_lmp($/MWh)": 25.13546,
			"RTM_lmp($/MWh)": 18.0208
		},
		"08:00:00": {
			"DAM_lmp($/MWh)": 15.80503,
			"RTM_lmp($/MWh)": 12.8688
		},
		"09:00:00": {
			"DAM_lmp($/MWh)": 13.52643,
			"RTM_lmp($/MWh)": 12.94
		},
		"10:00:00": {
			"DAM_lmp($/MWh)": 9.35346,
			"RTM_lmp($/MWh)": 15.4
		},
		"11:00:00": {
			"DAM_lmp($/MWh)": 7.31082,
			"RTM_lmp($/MWh)": 14.7764
		},
		"12:00:00": {
			"DAM_lmp($/MWh)": 5.85721,
			"RTM_lmp($/MWh)": 14.5833
		},
		"13:00:00": {
			"DAM_lmp($/MWh)": 5.72102,
			"RTM_lmp($/MWh)": 14.82785
		},
		"14:00:00": {
			"DAM_lmp($/MWh)": 6.8913,
			"RTM_lmp($/MWh)": 9.9976
		},
		"15:00:00": {
			"DAM_lmp($/MWh)": 9.95361,
			"RTM_lmp($/MWh)": 4.9988
		},
		"16:00:00": {
			"DAM_lmp($/MWh)": 13.97069,
			"RTM_lmp($/MWh)": 4.95
		},
		"17:00:00": {
			"DAM_lmp($/MWh)": 25.07273,
			"RTM_lmp($/MWh)": 0.0
		},
		"18:00:00": {
			"DAM_lmp($/MWh)": 39.78145,
			"RTM_lmp($/MWh)": 13.57048
		},
		"19:00:00": {
			"DAM_lmp($/MWh)": 65.2483,
			"RTM_lmp($/MWh)": 26.84232
		},
		"20:00:00": {
			"DAM_lmp($/MWh)": 50.41119,
			"RTM_lmp($/MWh)": 40.0
		},
		"21:00:00": {
			"DAM_lmp($/MWh)": 38.6569,
			"RTM_lmp($/MWh)": 40.94965
		},
		"22:00:00": {
			"DAM_lmp($/MWh)": 19.9821,
			"RTM_lmp($/MWh)": 30.41999
		},
		"23:00:00": {
			"DAM_lmp($/MWh)": 14.55776,
			"RTM_lmp($/MWh)": 30.97291
		}
	}
}