{
	"2023-05-22": {
		"00:00:00": {
			"DAM_lmp($/MWh)": 30.19945,
			"RTM_lmp($/MWh)": 29.5668
		},
		"01:00:00": {
			"DAM_lmp($/MWh)": 26.41393,
			"RTM_lmp($/MWh)": 25.80321
		},
		"02:00:00": {
			"DAM_lmp($/MWh)": 25.08492,
			"RTM_lmp($/MWh)": 21.38136
		},
		"03:00:00": {
			"DAM_lmp($/MWh)": 23.23855,
			"RTM_lmp($/MWh)": 23.9076
		},
		"04:00:00": {
			"DAM_lmp($/MWh)": 26.99893,
			"RTM_lmp($/MWh)": 20.96628
		},
		"05:00:00": {
			"DAM_lmp($/MWh)": 35.10408,
			"RTM_lmp($/MWh)": 30.81135
		},
		"06:00:00": {
			"DAM_lmp($/MWh)": 36.48248,
			"RTM_lmp($/MWh)": 72.0
		},
		"07:00:00": {
			"DAM_lmp($/MWh)": 25.84718,
			"RTM_lmp($/MWh)": 18.0208
		},
		"08:00:00": {
			"DAM_lmp($/MWh)": 13.55923,
			"RTM_lmp($/MWh)": 12.8688
		},
		"09:00:00": {
			"DAM_lmp($/MWh)": 10.85746,
			"RTM_lmp($/MWh)": 12.94
		},
		"10:00:00": {
			"DAM_lmp($/MWh)": 6.25916,
			"RTM_lmp($/MWh)": 15.4
		},
		"11:00:00": {
			"DAM_lmp($/MWh)": 6.06627,
			"RTM_lmp($/MWh)": 14.7764
		},
		"12:00:00": {
			"DAM_lmp($/MWh)": 4.01536,
			"RTM_lmp($/MWh)": 15.77201
		},
		"13:00:00": {
			"DAM_lmp($/MWh)": 2.15415,
			"RTM_lmp($/MWh)": 16.13374
		},
		"14:00:00": {
			"DAM_lmp($/MWh)": 4.73766,
			"RTM_lmp($/MWh)": 9.9976
		},
		"15:00:00": {
			"DAM_lmp($/MWh)": 7.6633,
			"RTM_lmp($/MWh)": 4.9988
		},
		"16:00:00": {
			"DAM_lmp($/MWh)": 11.91636,
			"RTM_lmp($/MWh)": 4.95
		},
		"17:00:00": {
			"DAM_lmp($/MWh)": 24.87605,
			"RTM_lmp($/MWh)": 0.0
		},
		"18:00:00": {
			"DAM_lmp($/MWh)": 43.86146,
			"RTM_lmp($/MWh)": 14.68434
		},
		"19:00:00": {
			"DAM_lmp($/MWh)": 64.7894,
			"RTM_lmp($/MWh)": 27.86002
		},
		"20:00:00": {
			"DAM_lmp($/MWh)": 64.75653,
			"RTM_lmp($/MWh)": 40.0
		},
		"21:00:00": {
			"DAM_lmp($/MWh)": 50.16973,
			"RTM_lmp($/MWh)": 42.48542
		},
		"22:00:00": {
			"DAM_lmp($/MWh)": 40.81476,
			"RTM_lmp($/MWh)": 32.47961
		},
		"23:00:00": {
			"DAM_lmp($/MWh)": 32.34231,
			"RTM_lmp($/MWh)": 34.15857
		}
	},
	"2023-05-23": {
		"00:00:00": {
			"DAM_lmp($/MWh)": 30.19945,
			"RTM_lmp($/MWh)": 29.5668
		},
		"01:00:00": {
			"DAM_lmp($/MWh)": 26.41393,
			"RTM_lmp($/MWh)": 25.80321
		},
		"02:00:00": {
			"DAM_lmp($/MWh)": 25.08492,
			"RTM_lmp($/MWh)": 21.38136
		},
		"03:00:00": {
			"DAM_lmp($/MWh)": 23.23855,
			"RTM_lmp($/MWh)": 23.9076
		},
		"04:00:00": {
			"DAM_lmp($/MWh)": 26.99893,
			"RTM_lmp($/MWh)": 20.96628
		},
		"05:00:00": {
			"DAM_lmp($/MWh)": 35.10408,
			"RTM_lmp($/MWh)": 30.81135
		},
		"06:00:00": {
			"DAM_lmp($/MWh)": 36.48248,
			"RTM_lmp($/MWh)": 72.0
		},
		"07:00:00": {
			"DAM_lmp($/MWh)": 25.84718,
			"RTM_lmp($/MWh)": 18.0208
		},
		"08:00:00": {
			"DAM_lmp($/MWh)": 13.55923,
			"RTM_lmp($/MWh)": 12.8688
		},
		"09:00:00": {
			"DAM_lmp($/MWh)": 10.85746,
			"RTM_lmp($/MWh)": 12.94
		},
		"10:00:00": {
			"DAM_lmp($/MWh)": 6.25916,
			"RTM_lmp($/MWh)": 15.4
		},
		"11:00:00": {
			"DAM_lmp($/MWh)": 6.06627,
			"RTM_lmp($/MWh)": 14.7764
		},
		"12:00:00": {
			"DAM_lmp($/MWh)": 4.01536,
			"RTM_lmp($/MWh)": 15.77201
		},
		"13:00:00": {
			"DAM_lmp($/MWh)": 2.15415,
			"RTM_lmp($/MWh)": 16.13374
		},
		"14:00:00": {
			"DAM_lmp($/MWh)": 4.73766,
			"RTM_lmp($/MWh)": 9.9976
		},
		"15:00:00": {
			"DAM_lmp($/MWh)": 7.6633,
			"RTM_lmp($/MWh)": 4.9988
		},
		"16:00:00": {
			"DAM_lmp($/MWh)": 11.91636,
			"RTM_lmp($/MWh)": 4.95
		},
		"17:00:00": {
			"DAM_lmp($/MWh)": 24.87605,
			"RTM_lmp($/MWh)": 0.0
		},
		"18:00:00": {
			"DAM_lmp($/MWh)": 43.86146,
			"RTM_lmp($/MWh)": 14.68434
		},
		"19:00:00": {
			"DAM_lmp($/MWh)": 64.7894,
			"RTM_lmp($/MWh)": 27.86002
		},
		"20:00:00": {
			"DAM_lmp($/MWh)": 64.75653,
			"RTM_lmp($/MWh)": 40.0
		},
		"21:00:00": {
			"DAM_lmp($/MWh)": 50.16973,
			"RTM_lmp($/MWh)": 42.48542
		},
		"22:00:00": {
			"DAM_lmp($/MWh)": 40.81476,
			"RTM_lmp($/MWh)": 32.47961
		},
		"23:00:00": {
			"DAM_lmp($/MWh)": 32.34231,
			"RTM_lmp($/MWh)": 34.15857
		}
	}
}