{
	"2023-05-22": {
		"00:00:00": {
			"DAM_lmp($/MWh)": 31.05039,
			"RTM_lmp($/MWh)": 29.26515
		},
		"01:00:00": {
			"DAM_lmp($/MWh)": 27.15612,
			"RTM_lmp($/MWh)": 25.79332
		},
		"02:00:00": {
			"DAM_lmp($/MWh)": 25.80015,
			"RTM_lmp($/MWh)": 21.46552
		},
		"03:00:00": {
			"DAM_lmp($/MWh)": 23.89783,
			"RTM_lmp($/MWh)": 23.33631
		},
		"04:00:00": {
			"DAM_lmp($/MWh)": 27.76265,
			"RTM_lmp($/MWh)": 20.60565
		},
		"05:00:00": {
			"DAM_lmp($/MWh)": 36.00947,
			"RTM_lmp($/MWh)": 30.81135
		},
		"06:00:00": {
			"DAM_lmp($/MWh)": 37.63729,
			"RTM_lmp($/MWh)": 72.0
		},
		"07:00:00": {
			"DAM_lmp($/MWh)": 26.64172,
			"RTM_lmp($/MWh)": 18.0208
		},
		"08:00:00": {
			"DAM_lmp($/MWh)": 20.8232,
			"RTM_lmp($/MWh)": 12.8688
		},
		"09:00:00": {
			"DAM_lmp($/MWh)": 15.60686,
			"RTM_lmp($/MWh)": 12.94
		},
		"10:00:00": {
			"DAM_lmp($/MWh)": 11.53093,
			"RTM_lmp($/MWh)": 15.4
		},
		"11:00:00": {
			"DAM_lmp($/MWh)": 12.57681,
			"RTM_lmp($/MWh)": 14.7764
		},
		"12:00:00": {
			"DAM_lmp($/MWh)": 6.72905,
			"RTM_lmp($/MWh)": 16.02915
		},
		"13:00:00": {
			"DAM_lmp($/MWh)": 6.02374,
			"RTM_lmp($/MWh)": 16.50573
		},
		"14:00:00": {
			"DAM_lmp($/MWh)": 5.98219,
			"RTM_lmp($/MWh)": 9.9976
		},
		"15:00:00": {
			"DAM_lmp($/MWh)": 7.77823,
			"RTM_lmp($/MWh)": 4.9988
		},
		"16:00:00": {
			"DAM_lmp($/MWh)": 13.14886,
			"RTM_lmp($/MWh)": 4.95
		},
		"17:00:00": {
			"DAM_lmp($/MWh)": 25.3416,
			"RTM_lmp($/MWh)": 0.0
		},
		"18:00:00": {
			"DAM_lmp($/MWh)": 44.04991,
			"RTM_lmp($/MWh)": 14.83285
		},
		"19:00:00": {
			"DAM_lmp($/MWh)": 64.69245,
			"RTM_lmp($/MWh)": 27.73074
		},
		"20:00:00": {
			"DAM_lmp($/MWh)": 64.40698,
			"RTM_lmp($/MWh)": 40.0
		},
		"21:00:00": {
			"DAM_lmp($/MWh)": 50.31949,
			"RTM_lmp($/MWh)": 41.87698
		},
		"22:00:00": {
			"DAM_lmp($/MWh)": 40.92367,
			"RTM_lmp($/MWh)": 31.95118
		},
		"23:00:00": {
			"DAM_lmp($/MWh)": 32.82092,
			"RTM_lmp($/MWh)": 33.80645
		}
	},
	"2023-05-23": {
		"00:00:00": {
			"DAM_lmp($/MWh)": 31.05039,
			"RTM_lmp($/MWh)": 29.26515
		},
		"01:00:00": {
			"DAM_lmp($/MWh)": 27.15612,
			"RTM_lmp($/MWh)": 25.79332
		},
		"02:00:00": {
			"DAM_lmp($/MWh)": 25.80015,
			"RTM_lmp($/MWh)": 21.46552
		},
		"03:00:00": {
			"DAM_lmp($/MWh)": 23.89783,
			"RTM_lmp($/MWh)": 23.33631
		},
		"04:00:00": {
			"DAM_lmp($/MWh)": 27.76265,
			"RTM_lmp($/MWh)": 20.60565
		},
		"05:00:00": {
			"DAM_lmp($/MWh)": 36.00947,
			"RTM_lmp($/MWh)": 30.81135
		},
		"06:00:00": {
			"DAM_lmp($/MWh)": 37.63729,
			"RTM_lmp($/MWh)": 72.0
		},
		"07:00:00": {
			"DAM_lmp($/MWh)": 26.64172,
			"RTM_lmp($/MWh)": 18.0208
		},
		"08:00:00": {
			"DAM_lmp($/MWh)": 20.8232,
			"RTM_lmp($/MWh)": 12.8688
		},
		"09:00:00": {
			"DAM_lmp($/MWh)": 15.60686,
			"RTM_lmp($/MWh)": 12.94
		},
		"10:00:00": {
			"DAM_lmp($/MWh)": 11.53093,
			"RTM_lmp($/MWh)": 15.4
		},
		"11:00:00": {
			"DAM_lmp($/MWh)": 12.57681,
			"RTM_lmp($/MWh)": 14.7764
		},
		"12:00:00": {
			"DAM_lmp($/MWh)": 6.72905,
			"RTM_lmp($/MWh)": 16.02915
		},
		"13:00:00": {
			"DAM_lmp($/MWh)": 6.02374,
			"RTM_lmp($/MWh)": 16.50573
		},
		"14:00:00": {
			"DAM_lmp($/MWh)": 5.98219,
			"RTM_lmp($/MWh)": 9.9976
		},
		"15:00:00": {
			"DAM_lmp($/MWh)": 7.77823,
			"RTM_lmp($/MWh)": 4.9988
		},
		"16:00:00": {
			"DAM_lmp($/MWh)": 13.14886,
			"RTM_lmp($/MWh)": 4.95
		},
		"17:00:00": {
			"DAM_lmp($/MWh)": 25.3416,
			"RTM_lmp($/MWh)": 0.0
		},
		"18:00:00": {
			"DAM_lmp($/MWh)": 44.04991,
			"RTM_lmp($/MWh)": 14.83285
		},
		"19:00:00": {
			"DAM_lmp($/MWh)": 64.69245,
			"RTM_lmp($/MWh)": 27.73074
		},
		"20:00:00": {
			"DAM_lmp($/MWh)": 64.40698,
			"RTM_lmp($/MWh)": 40.0
		},
		"21:00:00": {
			"DAM_lmp($/MWh)": 50.31949,
			"RTM_lmp($/MWh)": 41.87698
		},
		"22:00:00": {
			"DAM_lmp($/MWh)": 40.92367,
			"RTM_lmp($/MWh)": 31.95118
		},
		"23:00:00": {
			"DAM_lmp($/MWh)": 32.82092,
			"RTM_lmp($/MWh)": 33.80645
		}
	}
}