{
	"2023-05-22": {
		"00:00:00": {
			"DAM_lmp($/MWh)": 42.06585,
			"RTM_lmp($/MWh)": 28.41714
		},
		"01:00:00": {
			"DAM_lmp($/MWh)": 39.60136,
			"RTM_lmp($/MWh)": 24.44332
		},
		"02:00:00": {
			"DAM_lmp($/MWh)": 41.22027,
			"RTM_lmp($/MWh)": 20.33456
		},
		"03:00:00": {
			"DAM_lmp($/MWh)": 40.87238,
			"RTM_lmp($/MWh)": 6.64073
		},
		"04:00:00": {
			"DAM_lmp($/MWh)": 42.01903,
			"RTM_lmp($/MWh)": 1.82434
		},
		"05:00:00": {
			"DAM_lmp($/MWh)": 41.49073,
			"RTM_lmp($/MWh)": 30.81135
		},
		"06:00:00": {
			"DAM_lmp($/MWh)": 48.82429,
			"RTM_lmp($/MWh)": 72.0
		},
		"07:00:00": {
			"DAM_lmp($/MWh)": 25.03452,
			"RTM_lmp($/MWh)": 18.0208
		},
		"08:00:00": {
			"DAM_lmp($/MWh)": 4.89825,
			"RTM_lmp($/MWh)": 12.8688
		},
		"09:00:00": {
			"DAM_lmp($/MWh)": 1.39512,
			"RTM_lmp($/MWh)": 12.94
		},
		"10:00:00": {
			"DAM_lmp($/MWh)": 1.80273,
			"RTM_lmp($/MWh)": 15.4
		},
		"11:00:00": {
			"DAM_lmp($/MWh)": 0.81957,
			"RTM_lmp($/MWh)": 3.67262
		},
		"12:00:00": {
			"DAM_lmp($/MWh)": -1.31216,
			"RTM_lmp($/MWh)": 14.06285
		},
		"13:00:00": {
			"DAM_lmp($/MWh)": -2.03729,
			"RTM_lmp($/MWh)": 14.25338
		},
		"14:00:00": {
			"DAM_lmp($/MWh)": -1.05075,
			"RTM_lmp($/MWh)": 9.9976
		},
		"15:00:00": {
			"DAM_lmp($/MWh)": 1.95735,
			"RTM_lmp($/MWh)": 4.9988
		},
		"16:00:00": {
			"DAM_lmp($/MWh)": 6.91282,
			"RTM_lmp($/MWh)": 4.95
		},
		"17:00:00": {
			"DAM_lmp($/MWh)": 23.66112,
			"RTM_lmp($/MWh)": 0.0
		},
		"18:00:00": {
			"DAM_lmp($/MWh)": 43.41005,
			"RTM_lmp($/MWh)": 13.36913
		},
		"19:00:00": {
			"DAM_lmp($/MWh)": 63.01842,
			"RTM_lmp($/MWh)": 27.30166
		},
		"20:00:00": {
			"DAM_lmp($/MWh)": 63.55254,
			"RTM_lmp($/MWh)": 40.0
		},
		"21:00:00": {
			"DAM_lmp($/MWh)": 49.39097,
			"RTM_lmp($/MWh)": 42.74977
		},
		"22:00:00": {
			"DAM_lmp($/MWh)": 45.46327,
			"RTM_lmp($/MWh)": 32.07215
		},
		"23:00:00": {
			"DAM_lmp($/MWh)": 42.47639,
			"RTM_lmp($/MWh)": 33.10554
		}
	},
	"2023-05-23": {
		"00:00:00": {
			"DAM_lmp($/MWh)": 42.06585,
			"RTM_lmp($/MWh)": 28.41714
		},
		"01:00:00": {
			"DAM_lmp($/MWh)": 39.60136,
			"RTM_lmp($/MWh)": 24.44332
		},
		"02:00:00": {
			"DAM_lmp($/MWh)": 41.22027,
			"RTM_lmp($/MWh)": 20.33456
		},
		"03:00:00": {
			"DAM_lmp($/MWh)": 40.87238,
			"RTM_lmp($/MWh)": 6.64073
		},
		"04:00:00": {
			"DAM_lmp($/MWh)": 42.01903,
			"RTM_lmp($/MWh)": 1.82434
		},
		"05:00:00": {
			"DAM_lmp($/MWh)": 41.49073,
			"RTM_lmp($/MWh)": 30.81135
		},
		"06:00:00": {
			"DAM_lmp($/MWh)": 48.82429,
			"RTM_lmp($/MWh)": 72.0
		},
		"07:00:00": {
			"DAM_lmp($/MWh)": 25.03452,
			"RTM_lmp($/MWh)": 18.0208
		},
		"08:00:00": {
			"DAM_lmp($/MWh)": 4.89825,
			"RTM_lmp($/MWh)": 12.8688
		},
		"09:00:00": {
			"DAM_lmp($/MWh)": 1.39512,
			"RTM_lmp($/MWh)": 12.94
		},
		"10:00:00": {
			"DAM_lmp($/MWh)": 1.80273,
			"RTM_lmp($/MWh)": 15.4
		},
		"11:00:00": {
			"DAM_lmp($/MWh)": 0.81957,
			"RTM_lmp($/MWh)": 3.67262
		},
		"12:00:00": {
			"DAM_lmp($/MWh)": -1.31216,
			"RTM_lmp($/MWh)": 14.06285
		},
		"13:00:00": {
			"DAM_lmp($/MWh)": -2.03729,
			"RTM_lmp($/MWh)": 14.25338
		},
		"14:00:00": {
			"DAM_lmp($/MWh)": -1.05075,
			"RTM_lmp($/MWh)": 9.9976
		},
		"15:00:00": {
			"DAM_lmp($/MWh)": 1.95735,
			"RTM_lmp($/MWh)": 4.9988
		},
		"16:00:00": {
			"DAM_lmp($/MWh)": 6.91282,
			"RTM_lmp($/MWh)": 4.95
		},
		"17:00:00": {
			"DAM_lmp($/MWh)": 23.66112,
			"RTM_lmp($/MWh)": 0.0
		},
		"18:00:00": {
			"DAM_lmp($/MWh)": 43.41005,
			"RTM_lmp($/MWh)": 13.36913
		},
		"19:00:00": {
			"DAM_lmp($/MWh)": 63.01842,
			"RTM_lmp($/MWh)": 27.30166
		},
		"20:00:00": {
			"DAM_lmp($/MWh)": 63.55254,
			"RTM_lmp($/MWh)": 40.0
		},
		"21:00:00": {
			"DAM_lmp($/MWh)": 49.39097,
			"RTM_lmp($/MWh)": 42.74977
		},
		"22:00:00": {
			"DAM_lmp($/MWh)": 45.46327,
			"RTM_lmp($/MWh)": 32.07215
		},
		"23:00:00": {
			"DAM_lmp($/MWh)": 42.47639,
			"RTM_lmp($/MWh)": 33.10554
		}
	}
}