{
	"2023-05-22": {
		"00:00:00": {
			"DAM_lmp($/MWh)": 28.56553,
			"RTM_lmp($/MWh)": 27.22764
		},
		"01:00:00": {
			"DAM_lmp($/MWh)": 25.01746,
			"RTM_lmp($/MWh)": 23.57794
		},
		"02:00:00": {
			"DAM_lmp($/MWh)": 23.74047,
			"RTM_lmp($/MWh)": 19.56486
		},
		"03:00:00": {
			"DAM_lmp($/MWh)": 22.01774,
			"RTM_lmp($/MWh)": 6.50079
		},
		"04:00:00": {
			"DAM_lmp($/MWh)": 25.32137,
			"RTM_lmp($/MWh)": 1.6338
		},
		"05:00:00": {
			"DAM_lmp($/MWh)": 33.0807,
			"RTM_lmp($/MWh)": 30.81135
		},
		"06:00:00": {
			"DAM_lmp($/MWh)": 34.92835,
			"RTM_lmp($/MWh)": 72.0
		},
		"07:00:00": {
			"DAM_lmp($/MWh)": 25.42015,
			"RTM_lmp($/MWh)": 18.0208
		},
		"08:00:00": {
			"DAM_lmp($/MWh)": 32.06842,
			"RTM_lmp($/MWh)": 12.8688
		},
		"09:00:00": {
			"DAM_lmp($/MWh)": 30.68312,
			"RTM_lmp($/MWh)": 12.94
		},
		"10:00:00": {
			"DAM_lmp($/MWh)": 19.64063,
			"RTM_lmp($/MWh)": 15.4
		},
		"11:00:00": {
			"DAM_lmp($/MWh)": 16.65072,
			"RTM_lmp($/MWh)": 30.26685
		},
		"12:00:00": {
			"DAM_lmp($/MWh)": 15.36074,
			"RTM_lmp($/MWh)": 14.73419
		},
		"13:00:00": {
			"DAM_lmp($/MWh)": 15.96752,
			"RTM_lmp($/MWh)": 14.96283
		},
		"14:00:00": {
			"DAM_lmp($/MWh)": 17.22776,
			"RTM_lmp($/MWh)": 9.9976
		},
		"15:00:00": {
			"DAM_lmp($/MWh)": 19.72756,
			"RTM_lmp($/MWh)": 4.9988
		},
		"16:00:00": {
			"DAM_lmp($/MWh)": 22.18369,
			"RTM_lmp($/MWh)": 4.95
		},
		"17:00:00": {
			"DAM_lmp($/MWh)": 24.33083,
			"RTM_lmp($/MWh)": 0.0
		},
		"18:00:00": {
			"DAM_lmp($/MWh)": 43.00246,
			"RTM_lmp($/MWh)": 13.5662
		},
		"19:00:00": {
			"DAM_lmp($/MWh)": 63.2511,
			"RTM_lmp($/MWh)": 26.68554
		},
		"20:00:00": {
			"DAM_lmp($/MWh)": 63.20299,
			"RTM_lmp($/MWh)": 40.0
		},
		"21:00:00": {
			"DAM_lmp($/MWh)": 48.75699,
			"RTM_lmp($/MWh)": 40.86992
		},
		"22:00:00": {
			"DAM_lmp($/MWh)": 39.33448,
			"RTM_lmp($/MWh)": 31.01209
		},
		"23:00:00": {
			"DAM_lmp($/MWh)": 30.5832,
			"RTM_lmp($/MWh)": 32.09238
		}
	},
	"2023-05-23": {
		"00:00:00": {
			"DAM_lmp($/MWh)": 28.56553,
			"RTM_lmp($/MWh)": 27.22764
		},
		"01:00:00": {
			"DAM_lmp($/MWh)": 25.01746,
			"RTM_lmp($/MWh)": 23.57794
		},
		"02:00:00": {
			"DAM_lmp($/MWh)": 23.74047,
			"RTM_lmp($/MWh)": 19.56486
		},
		"03:00:00": {
			"DAM_lmp($/MWh)": 22.01774,
			"RTM_lmp($/MWh)": 6.50079
		},
		"04:00:00": {
			"DAM_lmp($/MWh)": 25.32137,
			"RTM_lmp($/MWh)": 1.6338
		},
		"05:00:00": {
			"DAM_lmp($/MWh)": 33.0807,
			"RTM_lmp($/MWh)": 30.81135
		},
		"06:00:00": {
			"DAM_lmp($/MWh)": 34.92835,
			"RTM_lmp($/MWh)": 72.0
		},
		"07:00:00": {
			"DAM_lmp($/MWh)": 25.42015,
			"RTM_lmp($/MWh)": 18.0208
		},
		"08:00:00": {
			"DAM_lmp($/MWh)": 32.06842,
			"RTM_lmp($/MWh)": 12.8688
		},
		"09:00:00": {
			"DAM_lmp($/MWh)": 30.68312,
			"RTM_lmp($/MWh)": 12.94
		},
		"10:00:00": {
			"DAM_lmp($/MWh)": 19.64063,
			"RTM_lmp($/MWh)": 15.4
		},
		"11:00:00": {
			"DAM_lmp($/MWh)": 16.65072,
			"RTM_lmp($/MWh)": 30.26685
		},
		"12:00:00": {
			"DAM_lmp($/MWh)": 15.36074,
			"RTM_lmp($/MWh)": 14.73419
		},
		"13:00:00": {
			"DAM_lmp($/MWh)": 15.96752,
			"RTM_lmp($/MWh)": 14.96283
		},
		"14:00:00": {
			"DAM_lmp($/MWh)": 17.22776,
			"RTM_lmp($/MWh)": 9.9976
		},
		"15:00:00": {
			"DAM_lmp($/MWh)": 19.72756,
			"RTM_lmp($/MWh)": 4.9988
		},
		"16:00:00": {
			"DAM_lmp($/MWh)": 22.18369,
			"RTM_lmp($/MWh)": 4.95
		},
		"17:00:00": {
			"DAM_lmp($/MWh)": 24.33083,
			"RTM_lmp($/MWh)": 0.0
		},
		"18:00:00": {
			"DAM_lmp($/MWh)": 43.00246,
			"RTM_lmp($/MWh)": 13.5662
		},
		"19:00:00": {
			"DAM_lmp($/MWh)": 63.2511,
			"RTM_lmp($/MWh)": 26.68554
		},
		"20:00:00": {
			"DAM_lmp($/MWh)": 63.20299,
			"RTM_lmp($/MWh)": 40.0
		},
		"21:00:00": {
			"DAM_lmp($/MWh)": 48.75699,
			"RTM_lmp($/MWh)": 40.86992
		},
		"22:00:00": {
			"DAM_lmp($/MWh)": 39.33448,
			"RTM_lmp($/MWh)": 31.01209
		},
		"23:00:00": {
			"DAM_lmp($/MWh)": 30.5832,
			"RTM_lmp($/MWh)": 32.09238
		}
	}
}