{
	"2023-05-22": {
		"00:00:00": {
			"DAM_lmp($/MWh)": 28.48871,
			"RTM_lmp($/MWh)": 27.09673
		},
		"01:00:00": {
			"DAM_lmp($/MWh)": 24.95281,
			"RTM_lmp($/MWh)": 23.49635
		},
		"02:00:00": {
			"DAM_lmp($/MWh)": 23.67656,
			"RTM_lmp($/MWh)": 19.49918
		},
		"03:00:00": {
			"DAM_lmp($/MWh)": 21.94726,
			"RTM_lmp($/MWh)": 6.44923
		},
		"04:00:00": {
			"DAM_lmp($/MWh)": 25.25817,
			"RTM_lmp($/MWh)": 1.60128
		},
		"05:00:00": {
			"DAM_lmp($/MWh)": 32.98467,
			"RTM_lmp($/MWh)": 30.81135
		},
		"06:00:00": {
			"DAM_lmp($/MWh)": 34.83122,
			"RTM_lmp($/MWh)": 72.0
		},
		"07:00:00": {
			"DAM_lmp($/MWh)": 25.35286,
			"RTM_lmp($/MWh)": 18.0208
		},
		"08:00:00": {
			"DAM_lmp($/MWh)": 32.03985,
			"RTM_lmp($/MWh)": 12.8688
		},
		"09:00:00": {
			"DAM_lmp($/MWh)": 30.66025,
			"RTM_lmp($/MWh)": 12.94
		},
		"10:00:00": {
			"DAM_lmp($/MWh)": 19.62051,
			"RTM_lmp($/MWh)": 15.4
		},
		"11:00:00": {
			"DAM_lmp($/MWh)": 16.63978,
			"RTM_lmp($/MWh)": 30.26685
		},
		"12:00:00": {
			"DAM_lmp($/MWh)": 15.35229,
			"RTM_lmp($/MWh)": 14.71264
		},
		"13:00:00": {
			"DAM_lmp($/MWh)": 15.96018,
			"RTM_lmp($/MWh)": 14.94086
		},
		"14:00:00": {
			"DAM_lmp($/MWh)": 17.21967,
			"RTM_lmp($/MWh)": 9.9976
		},
		"15:00:00": {
			"DAM_lmp($/MWh)": 19.71213,
			"RTM_lmp($/MWh)": 4.9988
		},
		"16:00:00": {
			"DAM_lmp($/MWh)": 22.1525,
			"RTM_lmp($/MWh)": 4.95
		},
		"17:00:00": {
			"DAM_lmp($/MWh)": 24.25614,
			"RTM_lmp($/MWh)": 0.0
		},
		"18:00:00": {
			"DAM_lmp($/MWh)": 42.84907,
			"RTM_lmp($/MWh)": 13.54478
		},
		"19:00:00": {
			"DAM_lmp($/MWh)": 63.03781,
			"RTM_lmp($/MWh)": 26.61128
		},
		"20:00:00": {
			"DAM_lmp($/MWh)": 62.99585,
			"RTM_lmp($/MWh)": 40.0
		},
		"21:00:00": {
			"DAM_lmp($/MWh)": 48.59225,
			"RTM_lmp($/MWh)": 40.73565
		},
		"22:00:00": {
			"DAM_lmp($/MWh)": 39.22154,
			"RTM_lmp($/MWh)": 30.94843
		},
		"23:00:00": {
			"DAM_lmp($/MWh)": 30.52298,
			"RTM_lmp($/MWh)": 32.04587
		}
	},
	"2023-05-23": {
		"00:00:00": {
			"DAM_lmp($/MWh)": 28.48871,
			"RTM_lmp($/MWh)": 27.09673
		},
		"01:00:00": {
			"DAM_lmp($/MWh)": 24.95281,
			"RTM_lmp($/MWh)": 23.49635
		},
		"02:00:00": {
			"DAM_lmp($/MWh)": 23.67656,
			"RTM_lmp($/MWh)": 19.49918
		},
		"03:00:00": {
			"DAM_lmp($/MWh)": 21.94726,
			"RTM_lmp($/MWh)": 6.44923
		},
		"04:00:00": {
			"DAM_lmp($/MWh)": 25.25817,
			"RTM_lmp($/MWh)": 1.60128
		},
		"05:00:00": {
			"DAM_lmp($/MWh)": 32.98467,
			"RTM_lmp($/MWh)": 30.81135
		},
		"06:00:00": {
			"DAM_lmp($/MWh)": 34.83122,
			"RTM_lmp($/MWh)": 72.0
		},
		"07:00:00": {
			"DAM_lmp($/MWh)": 25.35286,
			"RTM_lmp($/MWh)": 18.0208
		},
		"08:00:00": {
			"DAM_lmp($/MWh)": 32.03985,
			"RTM_lmp($/MWh)": 12.8688
		},
		"09:00:00": {
			"DAM_lmp($/MWh)": 30.66025,
			"RTM_lmp($/MWh)": 12.94
		},
		"10:00:00": {
			"DAM_lmp($/MWh)": 19.62051,
			"RTM_lmp($/MWh)": 15.4
		},
		"11:00:00": {
			"DAM_lmp($/MWh)": 16.63978,
			"RTM_lmp($/MWh)": 30.26685
		},
		"12:00:00": {
			"DAM_lmp($/MWh)": 15.35229,
			"RTM_lmp($/MWh)": 14.71264
		},
		"13:00:00": {
			"DAM_lmp($/MWh)": 15.96018,
			"RTM_lmp($/MWh)": 14.94086
		},
		"14:00:00": {
			"DAM_lmp($/MWh)": 17.21967,
			"RTM_lmp($/MWh)": 9.9976
		},
		"15:00:00": {
			"DAM_lmp($/MWh)": 19.71213,
			"RTM_lmp($/MWh)": 4.9988
		},
		"16:00:00": {
			"DAM_lmp($/MWh)": 22.1525,
			"RTM_lmp($/MWh)": 4.95
		},
		"17:00:00": {
			"DAM_lmp($/MWh)": 24.25614,
			"RTM_lmp($/MWh)": 0.0
		},
		"18:00:00": {
			"DAM_lmp($/MWh)": 42.84907,
			"RTM_lmp($/MWh)": 13.54478
		},
		"19:00:00": {
			"DAM_lmp($/MWh)": 63.03781,
			"RTM_lmp($/MWh)": 26.61128
		},
		"20:00:00": {
			"DAM_lmp($/MWh)": 62.99585,
			"RTM_lmp($/MWh)": 40.0
		},
		"21:00:00": {
			"DAM_lmp($/MWh)": 48.59225,
			"RTM_lmp($/MWh)": 40.73565
		},
		"22:00:00": {
			"DAM_lmp($/MWh)": 39.22154,
			"RTM_lmp($/MWh)": 30.94843
		},
		"23:00:00": {
			"DAM_lmp($/MWh)": 30.52298,
			"RTM_lmp($/MWh)": 32.04587
		}
	}
}