{
	"2023-05-22": {
		"00:00:00": {
			"DAM_lmp($/MWh)": 31.04743,
			"RTM_lmp($/MWh)": 29.35622
		},
		"01:00:00": {
			"DAM_lmp($/MWh)": 27.1613,
			"RTM_lmp($/MWh)": 25.86749
		},
		"02:00:00": {
			"DAM_lmp($/MWh)": 25.7977,
			"RTM_lmp($/MWh)": 21.50862
		},
		"03:00:00": {
			"DAM_lmp($/MWh)": 23.87055,
			"RTM_lmp($/MWh)": 23.42041
		},
		"04:00:00": {
			"DAM_lmp($/MWh)": 27.71262,
			"RTM_lmp($/MWh)": 20.64151
		},
		"05:00:00": {
			"DAM_lmp($/MWh)": 35.96831,
			"RTM_lmp($/MWh)": 30.81135
		},
		"06:00:00": {
			"DAM_lmp($/MWh)": 37.73082,
			"RTM_lmp($/MWh)": 72.0
		},
		"07:00:00": {
			"DAM_lmp($/MWh)": 26.92124,
			"RTM_lmp($/MWh)": 18.0208
		},
		"08:00:00": {
			"DAM_lmp($/MWh)": 20.46937,
			"RTM_lmp($/MWh)": 12.8688
		},
		"09:00:00": {
			"DAM_lmp($/MWh)": 19.88398,
			"RTM_lmp($/MWh)": 12.94
		},
		"10:00:00": {
			"DAM_lmp($/MWh)": 14.6163,
			"RTM_lmp($/MWh)": 15.4
		},
		"11:00:00": {
			"DAM_lmp($/MWh)": 10.97377,
			"RTM_lmp($/MWh)": 14.7764
		},
		"12:00:00": {
			"DAM_lmp($/MWh)": 5.95375,
			"RTM_lmp($/MWh)": 16.01068
		},
		"13:00:00": {
			"DAM_lmp($/MWh)": 5.26839,
			"RTM_lmp($/MWh)": 16.43353
		},
		"14:00:00": {
			"DAM_lmp($/MWh)": 4.84188,
			"RTM_lmp($/MWh)": 9.9976
		},
		"15:00:00": {
			"DAM_lmp($/MWh)": 7.84688,
			"RTM_lmp($/MWh)": 4.9988
		},
		"16:00:00": {
			"DAM_lmp($/MWh)": 12.23551,
			"RTM_lmp($/MWh)": 4.95
		},
		"17:00:00": {
			"DAM_lmp($/MWh)": 25.54575,
			"RTM_lmp($/MWh)": 0.0
		},
		"18:00:00": {
			"DAM_lmp($/MWh)": 44.43997,
			"RTM_lmp($/MWh)": 14.88283
		},
		"19:00:00": {
			"DAM_lmp($/MWh)": 65.22891,
			"RTM_lmp($/MWh)": 27.87102
		},
		"20:00:00": {
			"DAM_lmp($/MWh)": 64.68532,
			"RTM_lmp($/MWh)": 40.0
		},
		"21:00:00": {
			"DAM_lmp($/MWh)": 50.49421,
			"RTM_lmp($/MWh)": 42.12455
		},
		"22:00:00": {
			"DAM_lmp($/MWh)": 41.08501,
			"RTM_lmp($/MWh)": 32.10398
		},
		"23:00:00": {
			"DAM_lmp($/MWh)": 32.87797,
			"RTM_lmp($/MWh)": 33.97254
		}
	},
	"2023-05-23": {
		"00:00:00": {
			"DAM_lmp($/MWh)": 31.04743,
			"RTM_lmp($/MWh)": 29.35622
		},
		"01:00:00": {
			"DAM_lmp($/MWh)": 27.1613,
			"RTM_lmp($/MWh)": 25.86749
		},
		"02:00:00": {
			"DAM_lmp($/MWh)": 25.7977,
			"RTM_lmp($/MWh)": 21.50862
		},
		"03:00:00": {
			"DAM_lmp($/MWh)": 23.87055,
			"RTM_lmp($/MWh)": 23.42041
		},
		"04:00:00": {
			"DAM_lmp($/MWh)": 27.71262,
			"RTM_lmp($/MWh)": 20.64151
		},
		"05:00:00": {
			"DAM_lmp($/MWh)": 35.96831,
			"RTM_lmp($/MWh)": 30.81135
		},
		"06:00:00": {
			"DAM_lmp($/MWh)": 37.73082,
			"RTM_lmp($/MWh)": 72.0
		},
		"07:00:00": {
			"DAM_lmp($/MWh)": 26.92124,
			"RTM_lmp($/MWh)": 18.0208
		},
		"08:00:00": {
			"DAM_lmp($/MWh)": 20.46937,
			"RTM_lmp($/MWh)": 12.8688
		},
		"09:00:00": {
			"DAM_lmp($/MWh)": 19.88398,
			"RTM_lmp($/MWh)": 12.94
		},
		"10:00:00": {
			"DAM_lmp($/MWh)": 14.6163,
			"RTM_lmp($/MWh)": 15.4
		},
		"11:00:00": {
			"DAM_lmp($/MWh)": 10.97377,
			"RTM_lmp($/MWh)": 14.7764
		},
		"12:00:00": {
			"DAM_lmp($/MWh)": 5.95375,
			"RTM_lmp($/MWh)": 16.01068
		},
		"13:00:00": {
			"DAM_lmp($/MWh)": 5.26839,
			"RTM_lmp($/MWh)": 16.43353
		},
		"14:00:00": {
			"DAM_lmp($/MWh)": 4.84188,
			"RTM_lmp($/MWh)": 9.9976
		},
		"15:00:00": {
			"DAM_lmp($/MWh)": 7.84688,
			"RTM_lmp($/MWh)": 4.9988
		},
		"16:00:00": {
			"DAM_lmp($/MWh)": 12.23551,
			"RTM_lmp($/MWh)": 4.95
		},
		"17:00:00": {
			"DAM_lmp($/MWh)": 25.54575,
			"RTM_lmp($/MWh)": 0.0
		},
		"18:00:00": {
			"DAM_lmp($/MWh)": 44.43997,
			"RTM_lmp($/MWh)": 14.88283
		},
		"19:00:00": {
			"DAM_lmp($/MWh)": 65.22891,
			"RTM_lmp($/MWh)": 27.87102
		},
		"20:00:00": {
			"DAM_lmp($/MWh)": 64.68532,
			"RTM_lmp($/MWh)": 40.0
		},
		"21:00:00": {
			"DAM_lmp($/MWh)": 50.49421,
			"RTM_lmp($/MWh)": 42.12455
		},
		"22:00:00": {
			"DAM_lmp($/MWh)": 41.08501,
			"RTM_lmp($/MWh)": 32.10398
		},
		"23:00:00": {
			"DAM_lmp($/MWh)": 32.87797,
			"RTM_lmp($/MWh)": 33.97254
		}
	}
}