{
	"2023-05-22": {
		"00:00:00": {
			"DAM_lmp($/MWh)": 31.46051,
			"RTM_lmp($/MWh)": 28.79561
		},
		"01:00:00": {
			"DAM_lmp($/MWh)": 28.13554,
			"RTM_lmp($/MWh)": 24.85376
		},
		"02:00:00": {
			"DAM_lmp($/MWh)": 27.39946,
			"RTM_lmp($/MWh)": 20.64039
		},
		"03:00:00": {
			"DAM_lmp($/MWh)": 25.8778,
			"RTM_lmp($/MWh)": 6.2983
		},
		"04:00:00": {
			"DAM_lmp($/MWh)": 28.98021,
			"RTM_lmp($/MWh)": 1.63821
		},
		"05:00:00": {
			"DAM_lmp($/MWh)": 35.2326,
			"RTM_lmp($/MWh)": 30.81135
		},
		"06:00:00": {
			"DAM_lmp($/MWh)": 37.85675,
			"RTM_lmp($/MWh)": 72.0
		},
		"07:00:00": {
			"DAM_lmp($/MWh)": 25.01382,
			"RTM_lmp($/MWh)": 18.0208
		},
		"08:00:00": {
			"DAM_lmp($/MWh)": 8.61766,
			"RTM_lmp($/MWh)": 12.8688
		},
		"09:00:00": {
			"DAM_lmp($/MWh)": 5.55013,
			"RTM_lmp($/MWh)": 12.94
		},
		"10:00:00": {
			"DAM_lmp($/MWh)": 4.27677,
			"RTM_lmp($/MWh)": 15.4
		},
		"11:00:00": {
			"DAM_lmp($/MWh)": 3.03854,
			"RTM_lmp($/MWh)": 4.76929
		},
		"12:00:00": {
			"DAM_lmp($/MWh)": 0.9632,
			"RTM_lmp($/MWh)": 13.98586
		},
		"13:00:00": {
			"DAM_lmp($/MWh)": 0.41813,
			"RTM_lmp($/MWh)": 14.1592
		},
		"14:00:00": {
			"DAM_lmp($/MWh)": 1.41569,
			"RTM_lmp($/MWh)": 9.9976
		},
		"15:00:00": {
			"DAM_lmp($/MWh)": 4.37609,
			"RTM_lmp($/MWh)": 4.9988
		},
		"16:00:00": {
			"DAM_lmp($/MWh)": 8.84276,
			"RTM_lmp($/MWh)": 4.95
		},
		"17:00:00": {
			"DAM_lmp($/MWh)": 23.5715,
			"RTM_lmp($/MWh)": 0.0
		},
		"18:00:00": {
			"DAM_lmp($/MWh)": 42.55105,
			"RTM_lmp($/MWh)": 13.49194
		},
		"19:00:00": {
			"DAM_lmp($/MWh)": 63.56135,
			"RTM_lmp($/MWh)": 27.2329
		},
		"20:00:00": {
			"DAM_lmp($/MWh)": 63.73378,
			"RTM_lmp($/MWh)": 40.0
		},
		"21:00:00": {
			"DAM_lmp($/MWh)": 49.05152,
			"RTM_lmp($/MWh)": 42.25883
		},
		"22:00:00": {
			"DAM_lmp($/MWh)": 40.68051,
			"RTM_lmp($/MWh)": 32.20585
		},
		"23:00:00": {
			"DAM_lmp($/MWh)": 33.83282,
			"RTM_lmp($/MWh)": 33.2816
		}
	},
	"2023-05-23": {
		"00:00:00": {
			"DAM_lmp($/MWh)": 31.46051,
			"RTM_lmp($/MWh)": 28.79561
		},
		"01:00:00": {
			"DAM_lmp($/MWh)": 28.13554,
			"RTM_lmp($/MWh)": 24.85376
		},
		"02:00:00": {
			"DAM_lmp($/MWh)": 27.39946,
			"RTM_lmp($/MWh)": 20.64039
		},
		"03:00:00": {
			"DAM_lmp($/MWh)": 25.8778,
			"RTM_lmp($/MWh)": 6.2983
		},
		"04:00:00": {
			"DAM_lmp($/MWh)": 28.98021,
			"RTM_lmp($/MWh)": 1.63821
		},
		"05:00:00": {
			"DAM_lmp($/MWh)": 35.2326,
			"RTM_lmp($/MWh)": 30.81135
		},
		"06:00:00": {
			"DAM_lmp($/MWh)": 37.85675,
			"RTM_lmp($/MWh)": 72.0
		},
		"07:00:00": {
			"DAM_lmp($/MWh)": 25.01382,
			"RTM_lmp($/MWh)": 18.0208
		},
		"08:00:00": {
			"DAM_lmp($/MWh)": 8.61766,
			"RTM_lmp($/MWh)": 12.8688
		},
		"09:00:00": {
			"DAM_lmp($/MWh)": 5.55013,
			"RTM_lmp($/MWh)": 12.94
		},
		"10:00:00": {
			"DAM_lmp($/MWh)": 4.27677,
			"RTM_lmp($/MWh)": 15.4
		},
		"11:00:00": {
			"DAM_lmp($/MWh)": 3.03854,
			"RTM_lmp($/MWh)": 4.76929
		},
		"12:00:00": {
			"DAM_lmp($/MWh)": 0.9632,
			"RTM_lmp($/MWh)": 13.98586
		},
		"13:00:00": {
			"DAM_lmp($/MWh)": 0.41813,
			"RTM_lmp($/MWh)": 14.1592
		},
		"14:00:00": {
			"DAM_lmp($/MWh)": 1.41569,
			"RTM_lmp($/MWh)": 9.9976
		},
		"15:00:00": {
			"DAM_lmp($/MWh)": 4.37609,
			"RTM_lmp($/MWh)": 4.9988
		},
		"16:00:00": {
			"DAM_lmp($/MWh)": 8.84276,
			"RTM_lmp($/MWh)": 4.95
		},
		"17:00:00": {
			"DAM_lmp($/MWh)": 23.5715,
			"RTM_lmp($/MWh)": 0.0
		},
		"18:00:00": {
			"DAM_lmp($/MWh)": 42.55105,
			"RTM_lmp($/MWh)": 13.49194
		},
		"19:00:00": {
			"DAM_lmp($/MWh)": 63.56135,
			"RTM_lmp($/MWh)": 27.2329
		},
		"20:00:00": {
			"DAM_lmp($/MWh)": 63.73378,
			"RTM_lmp($/MWh)": 40.0
		},
		"21:00:00": {
			"DAM_lmp($/MWh)": 49.05152,
			"RTM_lmp($/MWh)": 42.25883
		},
		"22:00:00": {
			"DAM_lmp($/MWh)": 40.68051,
			"RTM_lmp($/MWh)": 32.20585
		},
		"23:00:00": {
			"DAM_lmp($/MWh)": 33.83282,
			"RTM_lmp($/MWh)": 33.2816
		}
	}
}