{
	"2023-05-22": {
		"00:00:00": {
			"DAM_lmp($/MWh)": 21.97435,
			"RTM_lmp($/MWh)": 24.72911
		},
		"01:00:00": {
			"DAM_lmp($/MWh)": 18.3896,
			"RTM_lmp($/MWh)": 21.27108
		},
		"02:00:00": {
			"DAM_lmp($/MWh)": 16.11577,
			"RTM_lmp($/MWh)": 17.66215
		},
		"03:00:00": {
			"DAM_lmp($/MWh)": 13.94905,
			"RTM_lmp($/MWh)": 8.22488
		},
		"04:00:00": {
			"DAM_lmp($/MWh)": 17.85932,
			"RTM_lmp($/MWh)": 4.91106
		},
		"05:00:00": {
			"DAM_lmp($/MWh)": 27.68213,
			"RTM_lmp($/MWh)": 30.81135
		},
		"06:00:00": {
			"DAM_lmp($/MWh)": 27.97099,
			"RTM_lmp($/MWh)": 72.0
		},
		"07:00:00": {
			"DAM_lmp($/MWh)": 23.71978,
			"RTM_lmp($/MWh)": 18.0208
		},
		"08:00:00": {
			"DAM_lmp($/MWh)": 11.4309,
			"RTM_lmp($/MWh)": 12.8688
		},
		"09:00:00": {
			"DAM_lmp($/MWh)": 9.45622,
			"RTM_lmp($/MWh)": 12.94
		},
		"10:00:00": {
			"DAM_lmp($/MWh)": 6.84776,
			"RTM_lmp($/MWh)": 15.4
		},
		"11:00:00": {
			"DAM_lmp($/MWh)": 4.8761,
			"RTM_lmp($/MWh)": 14.7764
		},
		"12:00:00": {
			"DAM_lmp($/MWh)": 3.67898,
			"RTM_lmp($/MWh)": 14.8081
		},
		"13:00:00": {
			"DAM_lmp($/MWh)": 3.43951,
			"RTM_lmp($/MWh)": 14.92673
		},
		"14:00:00": {
			"DAM_lmp($/MWh)": 4.51493,
			"RTM_lmp($/MWh)": 9.9976
		},
		"15:00:00": {
			"DAM_lmp($/MWh)": 7.09251,
			"RTM_lmp($/MWh)": 4.9988
		},
		"16:00:00": {
			"DAM_lmp($/MWh)": 10.57376,
			"RTM_lmp($/MWh)": 4.95
		},
		"17:00:00": {
			"DAM_lmp($/MWh)": 22.10264,
			"RTM_lmp($/MWh)": 0.0
		},
		"18:00:00": {
			"DAM_lmp($/MWh)": 26.4518,
			"RTM_lmp($/MWh)": 12.26956
		},
		"19:00:00": {
			"DAM_lmp($/MWh)": 31.06762,
			"RTM_lmp($/MWh)": 23.69298
		},
		"20:00:00": {
			"DAM_lmp($/MWh)": 35.9273,
			"RTM_lmp($/MWh)": 40.0
		},
		"21:00:00": {
			"DAM_lmp($/MWh)": 30.82867,
			"RTM_lmp($/MWh)": 35.45696
		},
		"22:00:00": {
			"DAM_lmp($/MWh)": 21.38137,
			"RTM_lmp($/MWh)": 27.19209
		},
		"23:00:00": {
			"DAM_lmp($/MWh)": 19.63189,
			"RTM_lmp($/MWh)": 28.68416
		}
	},
	"2023-05-23": {
		"00:00:00": {
			"DAM_lmp($/MWh)": 21.97435,
			"RTM_lmp($/MWh)": 24.72911
		},
		"01:00:00": {
			"DAM_lmp($/MWh)": 18.3896,
			"RTM_lmp($/MWh)": 21.27108
		},
		"02:00:00": {
			"DAM_lmp($/MWh)": 16.11577,
			"RTM_lmp($/MWh)": 17.66215
		},
		"03:00:00": {
			"DAM_lmp($/MWh)": 13.94905,
			"RTM_lmp($/MWh)": 8.22488
		},
		"04:00:00": {
			"DAM_lmp($/MWh)": 17.85932,
			"RTM_lmp($/MWh)": 4.91106
		},
		"05:00:00": {
			"DAM_lmp($/MWh)": 27.68213,
			"RTM_lmp($/MWh)": 30.81135
		},
		"06:00:00": {
			"DAM_lmp($/MWh)": 27.97099,
			"RTM_lmp($/MWh)": 72.0
		},
		"07:00:00": {
			"DAM_lmp($/MWh)": 23.71978,
			"RTM_lmp($/MWh)": 18.0208
		},
		"08:00:00": {
			"DAM_lmp($/MWh)": 11.4309,
			"RTM_lmp($/MWh)": 12.8688
		},
		"09:00:00": {
			"DAM_lmp($/MWh)": 9.45622,
			"RTM_lmp($/MWh)": 12.94
		},
		"10:00:00": {
			"DAM_lmp($/MWh)": 6.84776,
			"RTM_lmp($/MWh)": 15.4
		},
		"11:00:00": {
			"DAM_lmp($/MWh)": 4.8761,
			"RTM_lmp($/MWh)": 14.7764
		},
		"12:00:00": {
			"DAM_lmp($/MWh)": 3.67898,
			"RTM_lmp($/MWh)": 14.8081
		},
		"13:00:00": {
			"DAM_lmp($/MWh)": 3.43951,
			"RTM_lmp($/MWh)": 14.92673
		},
		"14:00:00": {
			"DAM_lmp($/MWh)": 4.51493,
			"RTM_lmp($/MWh)": 9.9976
		},
		"15:00:00": {
			"DAM_lmp($/MWh)": 7.09251,
			"RTM_lmp($/MWh)": 4.9988
		},
		"16:00:00": {
			"DAM_lmp($/MWh)": 10.57376,
			"RTM_lmp($/MWh)": 4.95
		},
		"17:00:00": {
			"DAM_lmp($/MWh)": 22.10264,
			"RTM_lmp($/MWh)": 0.0
		},
		"18:00:00": {
			"DAM_lmp($/MWh)": 26.4518,
			"RTM_lmp($/MWh)": 12.26956
		},
		"19:00:00": {
			"DAM_lmp($/MWh)": 31.06762,
			"RTM_lmp($/MWh)": 23.69298
		},
		"20:00:00": {
			"DAM_lmp($/MWh)": 35.9273,
			"RTM_lmp($/MWh)": 40.0
		},
		"21:00:00": {
			"DAM_lmp($/MWh)": 30.82867,
			"RTM_lmp($/MWh)": 35.45696
		},
		"22:00:00": {
			"DAM_lmp($/MWh)": 21.38137,
			"RTM_lmp($/MWh)": 27.19209
		},
		"23:00:00": {
			"DAM_lmp($/MWh)": 19.63189,
			"RTM_lmp($/MWh)": 28.68416
		}
	}
}