{
	"2023-05-22": {
		"00:00:00": {
			"DAM_lmp($/MWh)": 26.69644,
			"RTM_lmp($/MWh)": 27.97321
		},
		"01:00:00": {
			"DAM_lmp($/MWh)": 22.76778,
			"RTM_lmp($/MWh)": 24.15651
		},
		"02:00:00": {
			"DAM_lmp($/MWh)": 20.7916,
			"RTM_lmp($/MWh)": 20.01847
		},
		"03:00:00": {
			"DAM_lmp($/MWh)": 18.60923,
			"RTM_lmp($/MWh)": 7.15457
		},
		"04:00:00": {
			"DAM_lmp($/MWh)": 22.54031,
			"RTM_lmp($/MWh)": 2.09657
		},
		"05:00:00": {
			"DAM_lmp($/MWh)": 32.24064,
			"RTM_lmp($/MWh)": 59.50178
		},
		"06:00:00": {
			"DAM_lmp($/MWh)": 33.23695,
			"RTM_lmp($/MWh)": 72.0
		},
		"07:00:00": {
			"DAM_lmp($/MWh)": 26.46315,
			"RTM_lmp($/MWh)": 18.0208
		},
		"08:00:00": {
			"DAM_lmp($/MWh)": 19.15062,
			"RTM_lmp($/MWh)": 12.8688
		},
		"09:00:00": {
			"DAM_lmp($/MWh)": 16.17045,
			"RTM_lmp($/MWh)": 12.94
		},
		"10:00:00": {
			"DAM_lmp($/MWh)": 11.20197,
			"RTM_lmp($/MWh)": 15.4
		},
		"11:00:00": {
			"DAM_lmp($/MWh)": 9.13955,
			"RTM_lmp($/MWh)": 17.92932
		},
		"12:00:00": {
			"DAM_lmp($/MWh)": 7.24061,
			"RTM_lmp($/MWh)": 15.49177
		},
		"13:00:00": {
			"DAM_lmp($/MWh)": 7.1549,
			"RTM_lmp($/MWh)": 15.70367
		},
		"14:00:00": {
			"DAM_lmp($/MWh)": 8.31943,
			"RTM_lmp($/MWh)": 9.9976
		},
		"15:00:00": {
			"DAM_lmp($/MWh)": 11.38286,
			"RTM_lmp($/MWh)": 4.9988
		},
		"16:00:00": {
			"DAM_lmp($/MWh)": 15.31425,
			"RTM_lmp($/MWh)": 4.95
		},
		"17:00:00": {
			"DAM_lmp($/MWh)": 25.76732,
			"RTM_lmp($/MWh)": 0.0
		},
		"18:00:00": {
			"DAM_lmp($/MWh)": 45.14119,
			"RTM_lmp($/MWh)": 14.54725
		},
		"19:00:00": {
			"DAM_lmp($/MWh)": 66.47635,
			"RTM_lmp($/MWh)": 28.37986
		},
		"20:00:00": {
			"DAM_lmp($/MWh)": 66.89911,
			"RTM_lmp($/MWh)": 40.0
		},
		"21:00:00": {
			"DAM_lmp($/MWh)": 51.08826,
			"RTM_lmp($/MWh)": 43.30365
		},
		"22:00:00": {
			"DAM_lmp($/MWh)": 39.73758,
			"RTM_lmp($/MWh)": 32.38093
		},
		"23:00:00": {
			"DAM_lmp($/MWh)": 29.46759,
			"RTM_lmp($/MWh)": 33.27828
		}
	},
	"2023-05-23": {
		"00:00:00": {
			"DAM_lmp($/MWh)": 26.69644,
			"RTM_lmp($/MWh)": 27.97321
		},
		"01:00:00": {
			"DAM_lmp($/MWh)": 22.76778,
			"RTM_lmp($/MWh)": 24.15651
		},
		"02:00:00": {
			"DAM_lmp($/MWh)": 20.7916,
			"RTM_lmp($/MWh)": 20.01847
		},
		"03:00:00": {
			"DAM_lmp($/MWh)": 18.60923,
			"RTM_lmp($/MWh)": 7.15457
		},
		"04:00:00": {
			"DAM_lmp($/MWh)": 22.54031,
			"RTM_lmp($/MWh)": 2.09657
		},
		"05:00:00": {
			"DAM_lmp($/MWh)": 32.24064,
			"RTM_lmp($/MWh)": 59.50178
		},
		"06:00:00": {
			"DAM_lmp($/MWh)": 33.23695,
			"RTM_lmp($/MWh)": 72.0
		},
		"07:00:00": {
			"DAM_lmp($/MWh)": 26.46315,
			"RTM_lmp($/MWh)": 18.0208
		},
		"08:00:00": {
			"DAM_lmp($/MWh)": 19.15062,
			"RTM_lmp($/MWh)": 12.8688
		},
		"09:00:00": {
			"DAM_lmp($/MWh)": 16.17045,
			"RTM_lmp($/MWh)": 12.94
		},
		"10:00:00": {
			"DAM_lmp($/MWh)": 11.20197,
			"RTM_lmp($/MWh)": 15.4
		},
		"11:00:00": {
			"DAM_lmp($/MWh)": 9.13955,
			"RTM_lmp($/MWh)": 17.92932
		},
		"12:00:00": {
			"DAM_lmp($/MWh)": 7.24061,
			"RTM_lmp($/MWh)": 15.49177
		},
		"13:00:00": {
			"DAM_lmp($/MWh)": 7.1549,
			"RTM_lmp($/MWh)": 15.70367
		},
		"14:00:00": {
			"DAM_lmp($/MWh)": 8.31943,
			"RTM_lmp($/MWh)": 9.9976
		},
		"15:00:00": {
			"DAM_lmp($/MWh)": 11.38286,
			"RTM_lmp($/MWh)": 4.9988
		},
		"16:00:00": {
			"DAM_lmp($/MWh)": 15.31425,
			"RTM_lmp($/MWh)": 4.95
		},
		"17:00:00": {
			"DAM_lmp($/MWh)": 25.76732,
			"RTM_lmp($/MWh)": 0.0
		},
		"18:00:00": {
			"DAM_lmp($/MWh)": 45.14119,
			"RTM_lmp($/MWh)": 14.54725
		},
		"19:00:00": {
			"DAM_lmp($/MWh)": 66.47635,
			"RTM_lmp($/MWh)": 28.37986
		},
		"20:00:00": {
			"DAM_lmp($/MWh)": 66.89911,
			"RTM_lmp($/MWh)": 40.0
		},
		"21:00:00": {
			"DAM_lmp($/MWh)": 51.08826,
			"RTM_lmp($/MWh)": 43.30365
		},
		"22:00:00": {
			"DAM_lmp($/MWh)": 39.73758,
			"RTM_lmp($/MWh)": 32.38093
		},
		"23:00:00": {
			"DAM_lmp($/MWh)": 29.46759,
			"RTM_lmp($/MWh)": 33.27828
		}
	}
}