{
	"2023-05-22": {
		"00:00:00": {
			"DAM_lmp($/MWh)": 21.87685,
			"RTM_lmp($/MWh)": 24.59252
		},
		"01:00:00": {
			"DAM_lmp($/MWh)": 18.30426,
			"RTM_lmp($/MWh)": 21.15487
		},
		"02:00:00": {
			"DAM_lmp($/MWh)": 16.03466,
			"RTM_lmp($/MWh)": 17.56158
		},
		"03:00:00": {
			"DAM_lmp($/MWh)": 13.87402,
			"RTM_lmp($/MWh)": 8.15416
		},
		"04:00:00": {
			"DAM_lmp($/MWh)": 17.75135,
			"RTM_lmp($/MWh)": 4.85902
		},
		"05:00:00": {
			"DAM_lmp($/MWh)": 27.57925,
			"RTM_lmp($/MWh)": 30.81135
		},
		"06:00:00": {
			"DAM_lmp($/MWh)": 27.83429,
			"RTM_lmp($/MWh)": 72.0
		},
		"07:00:00": {
			"DAM_lmp($/MWh)": 23.62402,
			"RTM_lmp($/MWh)": 18.0208
		},
		"08:00:00": {
			"DAM_lmp($/MWh)": 11.37376,
			"RTM_lmp($/MWh)": 12.8688
		},
		"09:00:00": {
			"DAM_lmp($/MWh)": 9.41047,
			"RTM_lmp($/MWh)": 12.94
		},
		"10:00:00": {
			"DAM_lmp($/MWh)": 6.81217,
			"RTM_lmp($/MWh)": 15.4
		},
		"11:00:00": {
			"DAM_lmp($/MWh)": 4.84815,
			"RTM_lmp($/MWh)": 14.7764
		},
		"12:00:00": {
			"DAM_lmp($/MWh)": 3.65966,
			"RTM_lmp($/MWh)": 14.72804
		},
		"13:00:00": {
			"DAM_lmp($/MWh)": 3.44098,
			"RTM_lmp($/MWh)": 14.84511
		},
		"14:00:00": {
			"DAM_lmp($/MWh)": 4.49209,
			"RTM_lmp($/MWh)": 9.9976
		},
		"15:00:00": {
			"DAM_lmp($/MWh)": 7.11873,
			"RTM_lmp($/MWh)": 4.9988
		},
		"16:00:00": {
			"DAM_lmp($/MWh)": 10.62775,
			"RTM_lmp($/MWh)": 4.95
		},
		"17:00:00": {
			"DAM_lmp($/MWh)": 22.21467,
			"RTM_lmp($/MWh)": 0.0
		},
		"18:00:00": {
			"DAM_lmp($/MWh)": 26.38606,
			"RTM_lmp($/MWh)": 12.26099
		},
		"19:00:00": {
			"DAM_lmp($/MWh)": 31.02888,
			"RTM_lmp($/MWh)": 23.67648
		},
		"20:00:00": {
			"DAM_lmp($/MWh)": 35.9273,
			"RTM_lmp($/MWh)": 40.0
		},
		"21:00:00": {
			"DAM_lmp($/MWh)": 30.8137,
			"RTM_lmp($/MWh)": 35.42759
		},
		"22:00:00": {
			"DAM_lmp($/MWh)": 21.40557,
			"RTM_lmp($/MWh)": 27.17299
		},
		"23:00:00": {
			"DAM_lmp($/MWh)": 19.62238,
			"RTM_lmp($/MWh)": 28.66091
		}
	},
	"2023-05-23": {
		"00:00:00": {
			"DAM_lmp($/MWh)": 21.87685,
			"RTM_lmp($/MWh)": 24.59252
		},
		"01:00:00": {
			"DAM_lmp($/MWh)": 18.30426,
			"RTM_lmp($/MWh)": 21.15487
		},
		"02:00:00": {
			"DAM_lmp($/MWh)": 16.03466,
			"RTM_lmp($/MWh)": 17.56158
		},
		"03:00:00": {
			"DAM_lmp($/MWh)": 13.87402,
			"RTM_lmp($/MWh)": 8.15416
		},
		"04:00:00": {
			"DAM_lmp($/MWh)": 17.75135,
			"RTM_lmp($/MWh)": 4.85902
		},
		"05:00:00": {
			"DAM_lmp($/MWh)": 27.57925,
			"RTM_lmp($/MWh)": 30.81135
		},
		"06:00:00": {
			"DAM_lmp($/MWh)": 27.83429,
			"RTM_lmp($/MWh)": 72.0
		},
		"07:00:00": {
			"DAM_lmp($/MWh)": 23.62402,
			"RTM_lmp($/MWh)": 18.0208
		},
		"08:00:00": {
			"DAM_lmp($/MWh)": 11.37376,
			"RTM_lmp($/MWh)": 12.8688
		},
		"09:00:00": {
			"DAM_lmp($/MWh)": 9.41047,
			"RTM_lmp($/MWh)": 12.94
		},
		"10:00:00": {
			"DAM_lmp($/MWh)": 6.81217,
			"RTM_lmp($/MWh)": 15.4
		},
		"11:00:00": {
			"DAM_lmp($/MWh)": 4.84815,
			"RTM_lmp($/MWh)": 14.7764
		},
		"12:00:00": {
			"DAM_lmp($/MWh)": 3.65966,
			"RTM_lmp($/MWh)": 14.72804
		},
		"13:00:00": {
			"DAM_lmp($/MWh)": 3.44098,
			"RTM_lmp($/MWh)": 14.84511
		},
		"14:00:00": {
			"DAM_lmp($/MWh)": 4.49209,
			"RTM_lmp($/MWh)": 9.9976
		},
		"15:00:00": {
			"DAM_lmp($/MWh)": 7.11873,
			"RTM_lmp($/MWh)": 4.9988
		},
		"16:00:00": {
			"DAM_lmp($/MWh)": 10.62775,
			"RTM_lmp($/MWh)": 4.95
		},
		"17:00:00": {
			"DAM_lmp($/MWh)": 22.21467,
			"RTM_lmp($/MWh)": 0.0
		},
		"18:00:00": {
			"DAM_lmp($/MWh)": 26.38606,
			"RTM_lmp($/MWh)": 12.26099
		},
		"19:00:00": {
			"DAM_lmp($/MWh)": 31.02888,
			"RTM_lmp($/MWh)": 23.67648
		},
		"20:00:00": {
			"DAM_lmp($/MWh)": 35.9273,
			"RTM_lmp($/MWh)": 40.0
		},
		"21:00:00": {
			"DAM_lmp($/MWh)": 30.8137,
			"RTM_lmp($/MWh)": 35.42759
		},
		"22:00:00": {
			"DAM_lmp($/MWh)": 21.40557,
			"RTM_lmp($/MWh)": 27.17299
		},
		"23:00:00": {
			"DAM_lmp($/MWh)": 19.62238,
			"RTM_lmp($/MWh)": 28.66091
		}
	}
}