{
	"2023-05-22": {
		"00:00:00": {
			"DAM_lmp($/MWh)": 28.8669,
			"RTM_lmp($/MWh)": 27.59188
		},
		"01:00:00": {
			"DAM_lmp($/MWh)": 25.23727,
			"RTM_lmp($/MWh)": 23.93893
		},
		"02:00:00": {
			"DAM_lmp($/MWh)": 23.9076,
			"RTM_lmp($/MWh)": 19.82143
		},
		"03:00:00": {
			"DAM_lmp($/MWh)": 22.14505,
			"RTM_lmp($/MWh)": 6.65107
		},
		"04:00:00": {
			"DAM_lmp($/MWh)": 25.47412,
			"RTM_lmp($/MWh)": 1.7292
		},
		"05:00:00": {
			"DAM_lmp($/MWh)": 33.23845,
			"RTM_lmp($/MWh)": 30.81135
		},
		"06:00:00": {
			"DAM_lmp($/MWh)": 35.20177,
			"RTM_lmp($/MWh)": 72.0
		},
		"07:00:00": {
			"DAM_lmp($/MWh)": 25.62461,
			"RTM_lmp($/MWh)": 18.0208
		},
		"08:00:00": {
			"DAM_lmp($/MWh)": 32.17045,
			"RTM_lmp($/MWh)": 12.8688
		},
		"09:00:00": {
			"DAM_lmp($/MWh)": 30.76373,
			"RTM_lmp($/MWh)": 12.94
		},
		"10:00:00": {
			"DAM_lmp($/MWh)": 19.70872,
			"RTM_lmp($/MWh)": 15.4
		},
		"11:00:00": {
			"DAM_lmp($/MWh)": 16.68171,
			"RTM_lmp($/MWh)": 30.26685
		},
		"12:00:00": {
			"DAM_lmp($/MWh)": 15.3877,
			"RTM_lmp($/MWh)": 14.84352
		},
		"13:00:00": {
			"DAM_lmp($/MWh)": 15.98881,
			"RTM_lmp($/MWh)": 15.09938
		},
		"14:00:00": {
			"DAM_lmp($/MWh)": 17.25917,
			"RTM_lmp($/MWh)": 9.9976
		},
		"15:00:00": {
			"DAM_lmp($/MWh)": 19.78001,
			"RTM_lmp($/MWh)": 4.9988
		},
		"16:00:00": {
			"DAM_lmp($/MWh)": 22.30247,
			"RTM_lmp($/MWh)": 4.95
		},
		"17:00:00": {
			"DAM_lmp($/MWh)": 24.58974,
			"RTM_lmp($/MWh)": 0.0
		},
		"18:00:00": {
			"DAM_lmp($/MWh)": 43.46702,
			"RTM_lmp($/MWh)": 13.7804
		},
		"19:00:00": {
			"DAM_lmp($/MWh)": 63.83928,
			"RTM_lmp($/MWh)": 27.08162
		},
		"20:00:00": {
			"DAM_lmp($/MWh)": 63.88266,
			"RTM_lmp($/MWh)": 40.0
		},
		"21:00:00": {
			"DAM_lmp($/MWh)": 49.3111,
			"RTM_lmp($/MWh)": 41.55808
		},
		"22:00:00": {
			"DAM_lmp($/MWh)": 39.71766,
			"RTM_lmp($/MWh)": 31.49278
		},
		"23:00:00": {
			"DAM_lmp($/MWh)": 30.96989,
			"RTM_lmp($/MWh)": 32.50096
		}
	},
	"2023-05-23": {
		"00:00:00": {
			"DAM_lmp($/MWh)": 28.8669,
			"RTM_lmp($/MWh)": 27.59188
		},
		"01:00:00": {
			"DAM_lmp($/MWh)": 25.23727,
			"RTM_lmp($/MWh)": 23.93893
		},
		"02:00:00": {
			"DAM_lmp($/MWh)": 23.9076,
			"RTM_lmp($/MWh)": 19.82143
		},
		"03:00:00": {
			"DAM_lmp($/MWh)": 22.14505,
			"RTM_lmp($/MWh)": 6.65107
		},
		"04:00:00": {
			"DAM_lmp($/MWh)": 25.47412,
			"RTM_lmp($/MWh)": 1.7292
		},
		"05:00:00": {
			"DAM_lmp($/MWh)": 33.23845,
			"RTM_lmp($/MWh)": 30.81135
		},
		"06:00:00": {
			"DAM_lmp($/MWh)": 35.20177,
			"RTM_lmp($/MWh)": 72.0
		},
		"07:00:00": {
			"DAM_lmp($/MWh)": 25.62461,
			"RTM_lmp($/MWh)": 18.0208
		},
		"08:00:00": {
			"DAM_lmp($/MWh)": 32.17045,
			"RTM_lmp($/MWh)": 12.8688
		},
		"09:00:00": {
			"DAM_lmp($/MWh)": 30.76373,
			"RTM_lmp($/MWh)": 12.94
		},
		"10:00:00": {
			"DAM_lmp($/MWh)": 19.70872,
			"RTM_lmp($/MWh)": 15.4
		},
		"11:00:00": {
			"DAM_lmp($/MWh)": 16.68171,
			"RTM_lmp($/MWh)": 30.26685
		},
		"12:00:00": {
			"DAM_lmp($/MWh)": 15.3877,
			"RTM_lmp($/MWh)": 14.84352
		},
		"13:00:00": {
			"DAM_lmp($/MWh)": 15.98881,
			"RTM_lmp($/MWh)": 15.09938
		},
		"14:00:00": {
			"DAM_lmp($/MWh)": 17.25917,
			"RTM_lmp($/MWh)": 9.9976
		},
		"15:00:00": {
			"DAM_lmp($/MWh)": 19.78001,
			"RTM_lmp($/MWh)": 4.9988
		},
		"16:00:00": {
			"DAM_lmp($/MWh)": 22.30247,
			"RTM_lmp($/MWh)": 4.95
		},
		"17:00:00": {
			"DAM_lmp($/MWh)": 24.58974,
			"RTM_lmp($/MWh)": 0.0
		},
		"18:00:00": {
			"DAM_lmp($/MWh)": 43.46702,
			"RTM_lmp($/MWh)": 13.7804
		},
		"19:00:00": {
			"DAM_lmp($/MWh)": 63.83928,
			"RTM_lmp($/MWh)": 27.08162
		},
		"20:00:00": {
			"DAM_lmp($/MWh)": 63.88266,
			"RTM_lmp($/MWh)": 40.0
		},
		"21:00:00": {
			"DAM_lmp($/MWh)": 49.3111,
			"RTM_lmp($/MWh)": 41.55808
		},
		"22:00:00": {
			"DAM_lmp($/MWh)": 39.71766,
			"RTM_lmp($/MWh)": 31.49278
		},
		"23:00:00": {
			"DAM_lmp($/MWh)": 30.96989,
			"RTM_lmp($/MWh)": 32.50096
		}
	}
}