{
	"2023-05-22": {
		"00:00:00": {
			"DAM_lmp($/MWh)": 26.87231,
			"RTM_lmp($/MWh)": 28.06142
		},
		"01:00:00": {
			"DAM_lmp($/MWh)": 23.05793,
			"RTM_lmp($/MWh)": 24.23563
		},
		"02:00:00": {
			"DAM_lmp($/MWh)": 21.14818,
			"RTM_lmp($/MWh)": 20.08005
		},
		"03:00:00": {
			"DAM_lmp($/MWh)": 19.00793,
			"RTM_lmp($/MWh)": 7.16242
		},
		"04:00:00": {
			"DAM_lmp($/MWh)": 22.88713,
			"RTM_lmp($/MWh)": 2.07966
		},
		"05:00:00": {
			"DAM_lmp($/MWh)": 32.41718,
			"RTM_lmp($/MWh)": 62.94463
		},
		"06:00:00": {
			"DAM_lmp($/MWh)": 33.41599,
			"RTM_lmp($/MWh)": 72.0
		},
		"07:00:00": {
			"DAM_lmp($/MWh)": 26.39585,
			"RTM_lmp($/MWh)": 18.0208
		},
		"08:00:00": {
			"DAM_lmp($/MWh)": 20.37368,
			"RTM_lmp($/MWh)": 12.8688
		},
		"09:00:00": {
			"DAM_lmp($/MWh)": 17.83943,
			"RTM_lmp($/MWh)": 12.94
		},
		"10:00:00": {
			"DAM_lmp($/MWh)": 11.91693,
			"RTM_lmp($/MWh)": 15.4
		},
		"11:00:00": {
			"DAM_lmp($/MWh)": 9.83343,
			"RTM_lmp($/MWh)": 18.88891
		},
		"12:00:00": {
			"DAM_lmp($/MWh)": 7.98806,
			"RTM_lmp($/MWh)": 15.49177
		},
		"13:00:00": {
			"DAM_lmp($/MWh)": 7.96712,
			"RTM_lmp($/MWh)": 15.70367
		},
		"14:00:00": {
			"DAM_lmp($/MWh)": 9.13828,
			"RTM_lmp($/MWh)": 9.9976
		},
		"15:00:00": {
			"DAM_lmp($/MWh)": 12.16937,
			"RTM_lmp($/MWh)": 4.9988
		},
		"16:00:00": {
			"DAM_lmp($/MWh)": 15.97714,
			"RTM_lmp($/MWh)": 4.95
		},
		"17:00:00": {
			"DAM_lmp($/MWh)": 25.725,
			"RTM_lmp($/MWh)": 0.0
		},
		"18:00:00": {
			"DAM_lmp($/MWh)": 45.11928,
			"RTM_lmp($/MWh)": 14.58009
		},
		"19:00:00": {
			"DAM_lmp($/MWh)": 66.51514,
			"RTM_lmp($/MWh)": 28.46238
		},
		"20:00:00": {
			"DAM_lmp($/MWh)": 66.81496,
			"RTM_lmp($/MWh)": 40.0
		},
		"21:00:00": {
			"DAM_lmp($/MWh)": 51.05831,
			"RTM_lmp($/MWh)": 43.46311
		},
		"22:00:00": {
			"DAM_lmp($/MWh)": 39.8328,
			"RTM_lmp($/MWh)": 32.46688
		},
		"23:00:00": {
			"DAM_lmp($/MWh)": 29.59585,
			"RTM_lmp($/MWh)": 33.358
		}
	},
	"2023-05-23": {
		"00:00:00": {
			"DAM_lmp($/MWh)": 26.87231,
			"RTM_lmp($/MWh)": 28.06142
		},
		"01:00:00": {
			"DAM_lmp($/MWh)": 23.05793,
			"RTM_lmp($/MWh)": 24.23563
		},
		"02:00:00": {
			"DAM_lmp($/MWh)": 21.14818,
			"RTM_lmp($/MWh)": 20.08005
		},
		"03:00:00": {
			"DAM_lmp($/MWh)": 19.00793,
			"RTM_lmp($/MWh)": 7.16242
		},
		"04:00:00": {
			"DAM_lmp($/MWh)": 22.88713,
			"RTM_lmp($/MWh)": 2.07966
		},
		"05:00:00": {
			"DAM_lmp($/MWh)": 32.41718,
			"RTM_lmp($/MWh)": 62.94463
		},
		"06:00:00": {
			"DAM_lmp($/MWh)": 33.41599,
			"RTM_lmp($/MWh)": 72.0
		},
		"07:00:00": {
			"DAM_lmp($/MWh)": 26.39585,
			"RTM_lmp($/MWh)": 18.0208
		},
		"08:00:00": {
			"DAM_lmp($/MWh)": 20.37368,
			"RTM_lmp($/MWh)": 12.8688
		},
		"09:00:00": {
			"DAM_lmp($/MWh)": 17.83943,
			"RTM_lmp($/MWh)": 12.94
		},
		"10:00:00": {
			"DAM_lmp($/MWh)": 11.91693,
			"RTM_lmp($/MWh)": 15.4
		},
		"11:00:00": {
			"DAM_lmp($/MWh)": 9.83343,
			"RTM_lmp($/MWh)": 18.88891
		},
		"12:00:00": {
			"DAM_lmp($/MWh)": 7.98806,
			"RTM_lmp($/MWh)": 15.49177
		},
		"13:00:00": {
			"DAM_lmp($/MWh)": 7.96712,
			"RTM_lmp($/MWh)": 15.70367
		},
		"14:00:00": {
			"DAM_lmp($/MWh)": 9.13828,
			"RTM_lmp($/MWh)": 9.9976
		},
		"15:00:00": {
			"DAM_lmp($/MWh)": 12.16937,
			"RTM_lmp($/MWh)": 4.9988
		},
		"16:00:00": {
			"DAM_lmp($/MWh)": 15.97714,
			"RTM_lmp($/MWh)": 4.95
		},
		"17:00:00": {
			"DAM_lmp($/MWh)": 25.725,
			"RTM_lmp($/MWh)": 0.0
		},
		"18:00:00": {
			"DAM_lmp($/MWh)": 45.11928,
			"RTM_lmp($/MWh)": 14.58009
		},
		"19:00:00": {
			"DAM_lmp($/MWh)": 66.51514,
			"RTM_lmp($/MWh)": 28.46238
		},
		"20:00:00": {
			"DAM_lmp($/MWh)": 66.81496,
			"RTM_lmp($/MWh)": 40.0
		},
		"21:00:00": {
			"DAM_lmp($/MWh)": 51.05831,
			"RTM_lmp($/MWh)": 43.46311
		},
		"22:00:00": {
			"DAM_lmp($/MWh)": 39.8328,
			"RTM_lmp($/MWh)": 32.46688
		},
		"23:00:00": {
			"DAM_lmp($/MWh)": 29.59585,
			"RTM_lmp($/MWh)": 33.358
		}
	}
}