{
	"2023-05-22": {
		"00:00:00": {
			"DAM_lmp($/MWh)": 22.06813,
			"RTM_lmp($/MWh)": 24.87993
		},
		"01:00:00": {
			"DAM_lmp($/MWh)": 18.45408,
			"RTM_lmp($/MWh)": 21.40212
		},
		"02:00:00": {
			"DAM_lmp($/MWh)": 16.1452,
			"RTM_lmp($/MWh)": 17.77709
		},
		"03:00:00": {
			"DAM_lmp($/MWh)": 13.9571,
			"RTM_lmp($/MWh)": 8.1937
		},
		"04:00:00": {
			"DAM_lmp($/MWh)": 17.8675,
			"RTM_lmp($/MWh)": 4.55187
		},
		"05:00:00": {
			"DAM_lmp($/MWh)": 27.90848,
			"RTM_lmp($/MWh)": 30.81135
		},
		"06:00:00": {
			"DAM_lmp($/MWh)": 28.1315,
			"RTM_lmp($/MWh)": 72.0
		},
		"07:00:00": {
			"DAM_lmp($/MWh)": 23.89059,
			"RTM_lmp($/MWh)": 18.0208
		},
		"08:00:00": {
			"DAM_lmp($/MWh)": 11.47307,
			"RTM_lmp($/MWh)": 12.8688
		},
		"09:00:00": {
			"DAM_lmp($/MWh)": 9.49652,
			"RTM_lmp($/MWh)": 12.94
		},
		"10:00:00": {
			"DAM_lmp($/MWh)": 6.88121,
			"RTM_lmp($/MWh)": 15.4
		},
		"11:00:00": {
			"DAM_lmp($/MWh)": 4.89494,
			"RTM_lmp($/MWh)": 14.7764
		},
		"12:00:00": {
			"DAM_lmp($/MWh)": 3.69306,
			"RTM_lmp($/MWh)": 14.82966
		},
		"13:00:00": {
			"DAM_lmp($/MWh)": 3.45273,
			"RTM_lmp($/MWh)": 14.9487
		},
		"14:00:00": {
			"DAM_lmp($/MWh)": 4.53159,
			"RTM_lmp($/MWh)": 9.9976
		},
		"15:00:00": {
			"DAM_lmp($/MWh)": 7.18121,
			"RTM_lmp($/MWh)": 4.9988
		},
		"16:00:00": {
			"DAM_lmp($/MWh)": 10.71886,
			"RTM_lmp($/MWh)": 4.95
		},
		"17:00:00": {
			"DAM_lmp($/MWh)": 22.40388,
			"RTM_lmp($/MWh)": 0.0
		},
		"18:00:00": {
			"DAM_lmp($/MWh)": 26.00442,
			"RTM_lmp($/MWh)": 12.39951
		},
		"19:00:00": {
			"DAM_lmp($/MWh)": 30.86782,
			"RTM_lmp($/MWh)": 23.96528
		},
		"20:00:00": {
			"DAM_lmp($/MWh)": 35.8155,
			"RTM_lmp($/MWh)": 40.0
		},
		"21:00:00": {
			"DAM_lmp($/MWh)": 30.85528,
			"RTM_lmp($/MWh)": 35.87238
		},
		"22:00:00": {
			"DAM_lmp($/MWh)": 21.35926,
			"RTM_lmp($/MWh)": 27.51679
		},
		"23:00:00": {
			"DAM_lmp($/MWh)": 19.64822,
			"RTM_lmp($/MWh)": 29.0396
		}
	},
	"2023-05-23": {
		"00:00:00": {
			"DAM_lmp($/MWh)": 22.06813,
			"RTM_lmp($/MWh)": 24.87993
		},
		"01:00:00": {
			"DAM_lmp($/MWh)": 18.45408,
			"RTM_lmp($/MWh)": 21.40212
		},
		"02:00:00": {
			"DAM_lmp($/MWh)": 16.1452,
			"RTM_lmp($/MWh)": 17.77709
		},
		"03:00:00": {
			"DAM_lmp($/MWh)": 13.9571,
			"RTM_lmp($/MWh)": 8.1937
		},
		"04:00:00": {
			"DAM_lmp($/MWh)": 17.8675,
			"RTM_lmp($/MWh)": 4.55187
		},
		"05:00:00": {
			"DAM_lmp($/MWh)": 27.90848,
			"RTM_lmp($/MWh)": 30.81135
		},
		"06:00:00": {
			"DAM_lmp($/MWh)": 28.1315,
			"RTM_lmp($/MWh)": 72.0
		},
		"07:00:00": {
			"DAM_lmp($/MWh)": 23.89059,
			"RTM_lmp($/MWh)": 18.0208
		},
		"08:00:00": {
			"DAM_lmp($/MWh)": 11.47307,
			"RTM_lmp($/MWh)": 12.8688
		},
		"09:00:00": {
			"DAM_lmp($/MWh)": 9.49652,
			"RTM_lmp($/MWh)": 12.94
		},
		"10:00:00": {
			"DAM_lmp($/MWh)": 6.88121,
			"RTM_lmp($/MWh)": 15.4
		},
		"11:00:00": {
			"DAM_lmp($/MWh)": 4.89494,
			"RTM_lmp($/MWh)": 14.7764
		},
		"12:00:00": {
			"DAM_lmp($/MWh)": 3.69306,
			"RTM_lmp($/MWh)": 14.82966
		},
		"13:00:00": {
			"DAM_lmp($/MWh)": 3.45273,
			"RTM_lmp($/MWh)": 14.9487
		},
		"14:00:00": {
			"DAM_lmp($/MWh)": 4.53159,
			"RTM_lmp($/MWh)": 9.9976
		},
		"15:00:00": {
			"DAM_lmp($/MWh)": 7.18121,
			"RTM_lmp($/MWh)": 4.9988
		},
		"16:00:00": {
			"DAM_lmp($/MWh)": 10.71886,
			"RTM_lmp($/MWh)": 4.95
		},
		"17:00:00": {
			"DAM_lmp($/MWh)": 22.40388,
			"RTM_lmp($/MWh)": 0.0
		},
		"18:00:00": {
			"DAM_lmp($/MWh)": 26.00442,
			"RTM_lmp($/MWh)": 12.39951
		},
		"19:00:00": {
			"DAM_lmp($/MWh)": 30.86782,
			"RTM_lmp($/MWh)": 23.96528
		},
		"20:00:00": {
			"DAM_lmp($/MWh)": 35.8155,
			"RTM_lmp($/MWh)": 40.0
		},
		"21:00:00": {
			"DAM_lmp($/MWh)": 30.85528,
			"RTM_lmp($/MWh)": 35.87238
		},
		"22:00:00": {
			"DAM_lmp($/MWh)": 21.35926,
			"RTM_lmp($/MWh)": 27.51679
		},
		"23:00:00": {
			"DAM_lmp($/MWh)": 19.64822,
			"RTM_lmp($/MWh)": 29.0396
		}
	}
}