{
	"2023-05-22": {
		"00:00:00": {
			"DAM_lmp($/MWh)": 42.1604,
			"RTM_lmp($/MWh)": 28.5082
		},
		"01:00:00": {
			"DAM_lmp($/MWh)": 39.67636,
			"RTM_lmp($/MWh)": 24.52986
		},
		"02:00:00": {
			"DAM_lmp($/MWh)": 41.27926,
			"RTM_lmp($/MWh)": 20.40435
		},
		"03:00:00": {
			"DAM_lmp($/MWh)": 40.91784,
			"RTM_lmp($/MWh)": 6.68934
		},
		"04:00:00": {
			"DAM_lmp($/MWh)": 42.08224,
			"RTM_lmp($/MWh)": 1.86012
		},
		"05:00:00": {
			"DAM_lmp($/MWh)": 41.59704,
			"RTM_lmp($/MWh)": 30.81135
		},
		"06:00:00": {
			"DAM_lmp($/MWh)": 48.93221,
			"RTM_lmp($/MWh)": 72.0
		},
		"07:00:00": {
			"DAM_lmp($/MWh)": 25.10181,
			"RTM_lmp($/MWh)": 18.0208
		},
		"08:00:00": {
			"DAM_lmp($/MWh)": 4.92818,
			"RTM_lmp($/MWh)": 12.8688
		},
		"09:00:00": {
			"DAM_lmp($/MWh)": 1.39948,
			"RTM_lmp($/MWh)": 12.94
		},
		"10:00:00": {
			"DAM_lmp($/MWh)": 1.80428,
			"RTM_lmp($/MWh)": 15.4
		},
		"11:00:00": {
			"DAM_lmp($/MWh)": 0.82078,
			"RTM_lmp($/MWh)": 3.67262
		},
		"12:00:00": {
			"DAM_lmp($/MWh)": -1.31135,
			"RTM_lmp($/MWh)": 14.06593
		},
		"13:00:00": {
			"DAM_lmp($/MWh)": -2.03693,
			"RTM_lmp($/MWh)": 14.25652
		},
		"14:00:00": {
			"DAM_lmp($/MWh)": -1.05027,
			"RTM_lmp($/MWh)": 9.9976
		},
		"15:00:00": {
			"DAM_lmp($/MWh)": 1.96198,
			"RTM_lmp($/MWh)": 4.9988
		},
		"16:00:00": {
			"DAM_lmp($/MWh)": 6.91882,
			"RTM_lmp($/MWh)": 4.95
		},
		"17:00:00": {
			"DAM_lmp($/MWh)": 23.70096,
			"RTM_lmp($/MWh)": 0.0
		},
		"18:00:00": {
			"DAM_lmp($/MWh)": 43.5722,
			"RTM_lmp($/MWh)": 13.39769
		},
		"19:00:00": {
			"DAM_lmp($/MWh)": 63.14769,
			"RTM_lmp($/MWh)": 27.43369
		},
		"20:00:00": {
			"DAM_lmp($/MWh)": 63.66905,
			"RTM_lmp($/MWh)": 40.0
		},
		"21:00:00": {
			"DAM_lmp($/MWh)": 49.48582,
			"RTM_lmp($/MWh)": 42.85467
		},
		"22:00:00": {
			"DAM_lmp($/MWh)": 45.60847,
			"RTM_lmp($/MWh)": 32.139
		},
		"23:00:00": {
			"DAM_lmp($/MWh)": 42.56514,
			"RTM_lmp($/MWh)": 33.23177
		}
	},
	"2023-05-23": {
		"00:00:00": {
			"DAM_lmp($/MWh)": 42.1604,
			"RTM_lmp($/MWh)": 28.5082
		},
		"01:00:00": {
			"DAM_lmp($/MWh)": 39.67636,
			"RTM_lmp($/MWh)": 24.52986
		},
		"02:00:00": {
			"DAM_lmp($/MWh)": 41.27926,
			"RTM_lmp($/MWh)": 20.40435
		},
		"03:00:00": {
			"DAM_lmp($/MWh)": 40.91784,
			"RTM_lmp($/MWh)": 6.68934
		},
		"04:00:00": {
			"DAM_lmp($/MWh)": 42.08224,
			"RTM_lmp($/MWh)": 1.86012
		},
		"05:00:00": {
			"DAM_lmp($/MWh)": 41.59704,
			"RTM_lmp($/MWh)": 30.81135
		},
		"06:00:00": {
			"DAM_lmp($/MWh)": 48.93221,
			"RTM_lmp($/MWh)": 72.0
		},
		"07:00:00": {
			"DAM_lmp($/MWh)": 25.10181,
			"RTM_lmp($/MWh)": 18.0208
		},
		"08:00:00": {
			"DAM_lmp($/MWh)": 4.92818,
			"RTM_lmp($/MWh)": 12.8688
		},
		"09:00:00": {
			"DAM_lmp($/MWh)": 1.39948,
			"RTM_lmp($/MWh)": 12.94
		},
		"10:00:00": {
			"DAM_lmp($/MWh)": 1.80428,
			"RTM_lmp($/MWh)": 15.4
		},
		"11:00:00": {
			"DAM_lmp($/MWh)": 0.82078,
			"RTM_lmp($/MWh)": 3.67262
		},
		"12:00:00": {
			"DAM_lmp($/MWh)": -1.31135,
			"RTM_lmp($/MWh)": 14.06593
		},
		"13:00:00": {
			"DAM_lmp($/MWh)": -2.03693,
			"RTM_lmp($/MWh)": 14.25652
		},
		"14:00:00": {
			"DAM_lmp($/MWh)": -1.05027,
			"RTM_lmp($/MWh)": 9.9976
		},
		"15:00:00": {
			"DAM_lmp($/MWh)": 1.96198,
			"RTM_lmp($/MWh)": 4.9988
		},
		"16:00:00": {
			"DAM_lmp($/MWh)": 6.91882,
			"RTM_lmp($/MWh)": 4.95
		},
		"17:00:00": {
			"DAM_lmp($/MWh)": 23.70096,
			"RTM_lmp($/MWh)": 0.0
		},
		"18:00:00": {
			"DAM_lmp($/MWh)": 43.5722,
			"RTM_lmp($/MWh)": 13.39769
		},
		"19:00:00": {
			"DAM_lmp($/MWh)": 63.14769,
			"RTM_lmp($/MWh)": 27.43369
		},
		"20:00:00": {
			"DAM_lmp($/MWh)": 63.66905,
			"RTM_lmp($/MWh)": 40.0
		},
		"21:00:00": {
			"DAM_lmp($/MWh)": 49.48582,
			"RTM_lmp($/MWh)": 42.85467
		},
		"22:00:00": {
			"DAM_lmp($/MWh)": 45.60847,
			"RTM_lmp($/MWh)": 32.139
		},
		"23:00:00": {
			"DAM_lmp($/MWh)": 42.56514,
			"RTM_lmp($/MWh)": 33.23177
		}
	}
}