{
	"2023-05-22": {
		"00:00:00": {
			"DAM_lmp($/MWh)": 26.03755,
			"RTM_lmp($/MWh)": 27.27886
		},
		"01:00:00": {
			"DAM_lmp($/MWh)": 22.18592,
			"RTM_lmp($/MWh)": 23.50129
		},
		"02:00:00": {
			"DAM_lmp($/MWh)": 20.24595,
			"RTM_lmp($/MWh)": 19.4766
		},
		"03:00:00": {
			"DAM_lmp($/MWh)": 18.14545,
			"RTM_lmp($/MWh)": 6.92658
		},
		"04:00:00": {
			"DAM_lmp($/MWh)": 21.96884,
			"RTM_lmp($/MWh)": 1.89578
		},
		"05:00:00": {
			"DAM_lmp($/MWh)": 31.52731,
			"RTM_lmp($/MWh)": 30.81135
		},
		"06:00:00": {
			"DAM_lmp($/MWh)": 32.50305,
			"RTM_lmp($/MWh)": 72.0
		},
		"07:00:00": {
			"DAM_lmp($/MWh)": 25.98953,
			"RTM_lmp($/MWh)": 18.0208
		},
		"08:00:00": {
			"DAM_lmp($/MWh)": 16.69587,
			"RTM_lmp($/MWh)": 12.8688
		},
		"09:00:00": {
			"DAM_lmp($/MWh)": 14.18045,
			"RTM_lmp($/MWh)": 12.94
		},
		"10:00:00": {
			"DAM_lmp($/MWh)": 9.66282,
			"RTM_lmp($/MWh)": 15.4
		},
		"11:00:00": {
			"DAM_lmp($/MWh)": 7.99237,
			"RTM_lmp($/MWh)": 14.7764
		},
		"12:00:00": {
			"DAM_lmp($/MWh)": 6.08222,
			"RTM_lmp($/MWh)": 14.8466
		},
		"13:00:00": {
			"DAM_lmp($/MWh)": 5.84625,
			"RTM_lmp($/MWh)": 15.03817
		},
		"14:00:00": {
			"DAM_lmp($/MWh)": 7.06887,
			"RTM_lmp($/MWh)": 9.9976
		},
		"15:00:00": {
			"DAM_lmp($/MWh)": 9.99091,
			"RTM_lmp($/MWh)": 4.9988
		},
		"16:00:00": {
			"DAM_lmp($/MWh)": 14.05964,
			"RTM_lmp($/MWh)": 4.95
		},
		"17:00:00": {
			"DAM_lmp($/MWh)": 24.97563,
			"RTM_lmp($/MWh)": 0.0
		},
		"18:00:00": {
			"DAM_lmp($/MWh)": 43.9009,
			"RTM_lmp($/MWh)": 13.85038
		},
		"19:00:00": {
			"DAM_lmp($/MWh)": 65.09318,
			"RTM_lmp($/MWh)": 27.13113
		},
		"20:00:00": {
			"DAM_lmp($/MWh)": 65.01545,
			"RTM_lmp($/MWh)": 40.0
		},
		"21:00:00": {
			"DAM_lmp($/MWh)": 49.83027,
			"RTM_lmp($/MWh)": 41.29373
		},
		"22:00:00": {
			"DAM_lmp($/MWh)": 38.58401,
			"RTM_lmp($/MWh)": 31.09804
		},
		"23:00:00": {
			"DAM_lmp($/MWh)": 28.58633,
			"RTM_lmp($/MWh)": 31.97943
		}
	},
	"2023-05-23": {
		"00:00:00": {
			"DAM_lmp($/MWh)": 26.03755,
			"RTM_lmp($/MWh)": 27.27886
		},
		"01:00:00": {
			"DAM_lmp($/MWh)": 22.18592,
			"RTM_lmp($/MWh)": 23.50129
		},
		"02:00:00": {
			"DAM_lmp($/MWh)": 20.24595,
			"RTM_lmp($/MWh)": 19.4766
		},
		"03:00:00": {
			"DAM_lmp($/MWh)": 18.14545,
			"RTM_lmp($/MWh)": 6.92658
		},
		"04:00:00": {
			"DAM_lmp($/MWh)": 21.96884,
			"RTM_lmp($/MWh)": 1.89578
		},
		"05:00:00": {
			"DAM_lmp($/MWh)": 31.52731,
			"RTM_lmp($/MWh)": 30.81135
		},
		"06:00:00": {
			"DAM_lmp($/MWh)": 32.50305,
			"RTM_lmp($/MWh)": 72.0
		},
		"07:00:00": {
			"DAM_lmp($/MWh)": 25.98953,
			"RTM_lmp($/MWh)": 18.0208
		},
		"08:00:00": {
			"DAM_lmp($/MWh)": 16.69587,
			"RTM_lmp($/MWh)": 12.8688
		},
		"09:00:00": {
			"DAM_lmp($/MWh)": 14.18045,
			"RTM_lmp($/MWh)": 12.94
		},
		"10:00:00": {
			"DAM_lmp($/MWh)": 9.66282,
			"RTM_lmp($/MWh)": 15.4
		},
		"11:00:00": {
			"DAM_lmp($/MWh)": 7.99237,
			"RTM_lmp($/MWh)": 14.7764
		},
		"12:00:00": {
			"DAM_lmp($/MWh)": 6.08222,
			"RTM_lmp($/MWh)": 14.8466
		},
		"13:00:00": {
			"DAM_lmp($/MWh)": 5.84625,
			"RTM_lmp($/MWh)": 15.03817
		},
		"14:00:00": {
			"DAM_lmp($/MWh)": 7.06887,
			"RTM_lmp($/MWh)": 9.9976
		},
		"15:00:00": {
			"DAM_lmp($/MWh)": 9.99091,
			"RTM_lmp($/MWh)": 4.9988
		},
		"16:00:00": {
			"DAM_lmp($/MWh)": 14.05964,
			"RTM_lmp($/MWh)": 4.95
		},
		"17:00:00": {
			"DAM_lmp($/MWh)": 24.97563,
			"RTM_lmp($/MWh)": 0.0
		},
		"18:00:00": {
			"DAM_lmp($/MWh)": 43.9009,
			"RTM_lmp($/MWh)": 13.85038
		},
		"19:00:00": {
			"DAM_lmp($/MWh)": 65.09318,
			"RTM_lmp($/MWh)": 27.13113
		},
		"20:00:00": {
			"DAM_lmp($/MWh)": 65.01545,
			"RTM_lmp($/MWh)": 40.0
		},
		"21:00:00": {
			"DAM_lmp($/MWh)": 49.83027,
			"RTM_lmp($/MWh)": 41.29373
		},
		"22:00:00": {
			"DAM_lmp($/MWh)": 38.58401,
			"RTM_lmp($/MWh)": 31.09804
		},
		"23:00:00": {
			"DAM_lmp($/MWh)": 28.58633,
			"RTM_lmp($/MWh)": 31.97943
		}
	}
}