{
	"2023-05-22": {
		"00:00:00": {
			"DAM_lmp($/MWh)": 29.80057,
			"RTM_lmp($/MWh)": 28.75008
		},
		"01:00:00": {
			"DAM_lmp($/MWh)": 26.05188,
			"RTM_lmp($/MWh)": 25.14799
		},
		"02:00:00": {
			"DAM_lmp($/MWh)": 24.7531,
			"RTM_lmp($/MWh)": 20.82307
		},
		"03:00:00": {
			"DAM_lmp($/MWh)": 22.91573,
			"RTM_lmp($/MWh)": 23.04879
		},
		"04:00:00": {
			"DAM_lmp($/MWh)": 26.66711,
			"RTM_lmp($/MWh)": 20.3617
		},
		"05:00:00": {
			"DAM_lmp($/MWh)": 34.65139,
			"RTM_lmp($/MWh)": 30.81135
		},
		"06:00:00": {
			"DAM_lmp($/MWh)": 35.92487,
			"RTM_lmp($/MWh)": 72.0
		},
		"07:00:00": {
			"DAM_lmp($/MWh)": 25.22863,
			"RTM_lmp($/MWh)": 18.0208
		},
		"08:00:00": {
			"DAM_lmp($/MWh)": 11.81858,
			"RTM_lmp($/MWh)": 12.8688
		},
		"09:00:00": {
			"DAM_lmp($/MWh)": 9.70236,
			"RTM_lmp($/MWh)": 12.94
		},
		"10:00:00": {
			"DAM_lmp($/MWh)": 7.07395,
			"RTM_lmp($/MWh)": 15.4
		},
		"11:00:00": {
			"DAM_lmp($/MWh)": 4.96037,
			"RTM_lmp($/MWh)": 14.7764
		},
		"12:00:00": {
			"DAM_lmp($/MWh)": 3.66094,
			"RTM_lmp($/MWh)": 15.12684
		},
		"13:00:00": {
			"DAM_lmp($/MWh)": 3.45274,
			"RTM_lmp($/MWh)": 15.48393
		},
		"14:00:00": {
			"DAM_lmp($/MWh)": 4.62296,
			"RTM_lmp($/MWh)": 9.9976
		},
		"15:00:00": {
			"DAM_lmp($/MWh)": 7.45581,
			"RTM_lmp($/MWh)": 4.9988
		},
		"16:00:00": {
			"DAM_lmp($/MWh)": 11.57442,
			"RTM_lmp($/MWh)": 4.95
		},
		"17:00:00": {
			"DAM_lmp($/MWh)": 24.30344,
			"RTM_lmp($/MWh)": 0.0
		},
		"18:00:00": {
			"DAM_lmp($/MWh)": 43.05046,
			"RTM_lmp($/MWh)": 14.1931
		},
		"19:00:00": {
			"DAM_lmp($/MWh)": 63.54943,
			"RTM_lmp($/MWh)": 26.94409
		},
		"20:00:00": {
			"DAM_lmp($/MWh)": 64.17301,
			"RTM_lmp($/MWh)": 40.0
		},
		"21:00:00": {
			"DAM_lmp($/MWh)": 49.45876,
			"RTM_lmp($/MWh)": 40.8951
		},
		"22:00:00": {
			"DAM_lmp($/MWh)": 40.54143,
			"RTM_lmp($/MWh)": 31.50869
		},
		"23:00:00": {
			"DAM_lmp($/MWh)": 31.86371,
			"RTM_lmp($/MWh)": 33.28492
		}
	},
	"2023-05-23": {
		"00:00:00": {
			"DAM_lmp($/MWh)": 29.80057,
			"RTM_lmp($/MWh)": 28.75008
		},
		"01:00:00": {
			"DAM_lmp($/MWh)": 26.05188,
			"RTM_lmp($/MWh)": 25.14799
		},
		"02:00:00": {
			"DAM_lmp($/MWh)": 24.7531,
			"RTM_lmp($/MWh)": 20.82307
		},
		"03:00:00": {
			"DAM_lmp($/MWh)": 22.91573,
			"RTM_lmp($/MWh)": 23.04879
		},
		"04:00:00": {
			"DAM_lmp($/MWh)": 26.66711,
			"RTM_lmp($/MWh)": 20.3617
		},
		"05:00:00": {
			"DAM_lmp($/MWh)": 34.65139,
			"RTM_lmp($/MWh)": 30.81135
		},
		"06:00:00": {
			"DAM_lmp($/MWh)": 35.92487,
			"RTM_lmp($/MWh)": 72.0
		},
		"07:00:00": {
			"DAM_lmp($/MWh)": 25.22863,
			"RTM_lmp($/MWh)": 18.0208
		},
		"08:00:00": {
			"DAM_lmp($/MWh)": 11.81858,
			"RTM_lmp($/MWh)": 12.8688
		},
		"09:00:00": {
			"DAM_lmp($/MWh)": 9.70236,
			"RTM_lmp($/MWh)": 12.94
		},
		"10:00:00": {
			"DAM_lmp($/MWh)": 7.07395,
			"RTM_lmp($/MWh)": 15.4
		},
		"11:00:00": {
			"DAM_lmp($/MWh)": 4.96037,
			"RTM_lmp($/MWh)": 14.7764
		},
		"12:00:00": {
			"DAM_lmp($/MWh)": 3.66094,
			"RTM_lmp($/MWh)": 15.12684
		},
		"13:00:00": {
			"DAM_lmp($/MWh)": 3.45274,
			"RTM_lmp($/MWh)": 15.48393
		},
		"14:00:00": {
			"DAM_lmp($/MWh)": 4.62296,
			"RTM_lmp($/MWh)": 9.9976
		},
		"15:00:00": {
			"DAM_lmp($/MWh)": 7.45581,
			"RTM_lmp($/MWh)": 4.9988
		},
		"16:00:00": {
			"DAM_lmp($/MWh)": 11.57442,
			"RTM_lmp($/MWh)": 4.95
		},
		"17:00:00": {
			"DAM_lmp($/MWh)": 24.30344,
			"RTM_lmp($/MWh)": 0.0
		},
		"18:00:00": {
			"DAM_lmp($/MWh)": 43.05046,
			"RTM_lmp($/MWh)": 14.1931
		},
		"19:00:00": {
			"DAM_lmp($/MWh)": 63.54943,
			"RTM_lmp($/MWh)": 26.94409
		},
		"20:00:00": {
			"DAM_lmp($/MWh)": 64.17301,
			"RTM_lmp($/MWh)": 40.0
		},
		"21:00:00": {
			"DAM_lmp($/MWh)": 49.45876,
			"RTM_lmp($/MWh)": 40.8951
		},
		"22:00:00": {
			"DAM_lmp($/MWh)": 40.54143,
			"RTM_lmp($/MWh)": 31.50869
		},
		"23:00:00": {
			"DAM_lmp($/MWh)": 31.86371,
			"RTM_lmp($/MWh)": 33.28492
		}
	}
}