{
	"2023-05-22": {
		"00:00:00": {
			"DAM_lmp($/MWh)": 18.84847,
			"RTM_lmp($/MWh)": 20.80774
		},
		"01:00:00": {
			"DAM_lmp($/MWh)": 15.70062,
			"RTM_lmp($/MWh)": 17.93812
		},
		"02:00:00": {
			"DAM_lmp($/MWh)": 13.72938,
			"RTM_lmp($/MWh)": 14.9179
		},
		"03:00:00": {
			"DAM_lmp($/MWh)": 11.95614,
			"RTM_lmp($/MWh)": 4.01749
		},
		"04:00:00": {
			"DAM_lmp($/MWh)": 15.37773,
			"RTM_lmp($/MWh)": -0.08421
		},
		"05:00:00": {
			"DAM_lmp($/MWh)": 24.11652,
			"RTM_lmp($/MWh)": 30.81135
		},
		"06:00:00": {
			"DAM_lmp($/MWh)": 24.04665,
			"RTM_lmp($/MWh)": 72.0
		},
		"07:00:00": {
			"DAM_lmp($/MWh)": 20.90912,
			"RTM_lmp($/MWh)": 18.0208
		},
		"08:00:00": {
			"DAM_lmp($/MWh)": 12.89181,
			"RTM_lmp($/MWh)": 12.8688
		},
		"09:00:00": {
			"DAM_lmp($/MWh)": 8.53663,
			"RTM_lmp($/MWh)": 12.94
		},
		"10:00:00": {
			"DAM_lmp($/MWh)": 6.48987,
			"RTM_lmp($/MWh)": 15.4
		},
		"11:00:00": {
			"DAM_lmp($/MWh)": 5.23764,
			"RTM_lmp($/MWh)": 14.7764
		},
		"12:00:00": {
			"DAM_lmp($/MWh)": 3.79884,
			"RTM_lmp($/MWh)": 12.02109
		},
		"13:00:00": {
			"DAM_lmp($/MWh)": 3.25289,
			"RTM_lmp($/MWh)": 12.40598
		},
		"14:00:00": {
			"DAM_lmp($/MWh)": 4.41452,
			"RTM_lmp($/MWh)": 9.9976
		},
		"15:00:00": {
			"DAM_lmp($/MWh)": 8.69053,
			"RTM_lmp($/MWh)": 4.9988
		},
		"16:00:00": {
			"DAM_lmp($/MWh)": 11.16039,
			"RTM_lmp($/MWh)": 4.95
		},
		"17:00:00": {
			"DAM_lmp($/MWh)": 20.06864,
			"RTM_lmp($/MWh)": 0.0
		},
		"18:00:00": {
			"DAM_lmp($/MWh)": 34.90334,
			"RTM_lmp($/MWh)": 10.71587
		},
		"19:00:00": {
			"DAM_lmp($/MWh)": 50.72498,
			"RTM_lmp($/MWh)": 20.40336
		},
		"20:00:00": {
			"DAM_lmp($/MWh)": 50.43811,
			"RTM_lmp($/MWh)": 40.0
		},
		"21:00:00": {
			"DAM_lmp($/MWh)": 39.13239,
			"RTM_lmp($/MWh)": 30.71958
		},
		"22:00:00": {
			"DAM_lmp($/MWh)": 29.83018,
			"RTM_lmp($/MWh)": 23.4835
		},
		"23:00:00": {
			"DAM_lmp($/MWh)": 21.29381,
			"RTM_lmp($/MWh)": 24.63151
		}
	},
	"2023-05-23": {
		"00:00:00": {
			"DAM_lmp($/MWh)": 18.84847,
			"RTM_lmp($/MWh)": 20.80774
		},
		"01:00:00": {
			"DAM_lmp($/MWh)": 15.70062,
			"RTM_lmp($/MWh)": 17.93812
		},
		"02:00:00": {
			"DAM_lmp($/MWh)": 13.72938,
			"RTM_lmp($/MWh)": 14.9179
		},
		"03:00:00": {
			"DAM_lmp($/MWh)": 11.95614,
			"RTM_lmp($/MWh)": 4.01749
		},
		"04:00:00": {
			"DAM_lmp($/MWh)": 15.37773,
			"RTM_lmp($/MWh)": -0.08421
		},
		"05:00:00": {
			"DAM_lmp($/MWh)": 24.11652,
			"RTM_lmp($/MWh)": 30.81135
		},
		"06:00:00": {
			"DAM_lmp($/MWh)": 24.04665,
			"RTM_lmp($/MWh)": 72.0
		},
		"07:00:00": {
			"DAM_lmp($/MWh)": 20.90912,
			"RTM_lmp($/MWh)": 18.0208
		},
		"08:00:00": {
			"DAM_lmp($/MWh)": 12.89181,
			"RTM_lmp($/MWh)": 12.8688
		},
		"09:00:00": {
			"DAM_lmp($/MWh)": 8.53663,
			"RTM_lmp($/MWh)": 12.94
		},
		"10:00:00": {
			"DAM_lmp($/MWh)": 6.48987,
			"RTM_lmp($/MWh)": 15.4
		},
		"11:00:00": {
			"DAM_lmp($/MWh)": 5.23764,
			"RTM_lmp($/MWh)": 14.7764
		},
		"12:00:00": {
			"DAM_lmp($/MWh)": 3.79884,
			"RTM_lmp($/MWh)": 12.02109
		},
		"13:00:00": {
			"DAM_lmp($/MWh)": 3.25289,
			"RTM_lmp($/MWh)": 12.40598
		},
		"14:00:00": {
			"DAM_lmp($/MWh)": 4.41452,
			"RTM_lmp($/MWh)": 9.9976
		},
		"15:00:00": {
			"DAM_lmp($/MWh)": 8.69053,
			"RTM_lmp($/MWh)": 4.9988
		},
		"16:00:00": {
			"DAM_lmp($/MWh)": 11.16039,
			"RTM_lmp($/MWh)": 4.95
		},
		"17:00:00": {
			"DAM_lmp($/MWh)": 20.06864,
			"RTM_lmp($/MWh)": 0.0
		},
		"18:00:00": {
			"DAM_lmp($/MWh)": 34.90334,
			"RTM_lmp($/MWh)": 10.71587
		},
		"19:00:00": {
			"DAM_lmp($/MWh)": 50.72498,
			"RTM_lmp($/MWh)": 20.40336
		},
		"20:00:00": {
			"DAM_lmp($/MWh)": 50.43811,
			"RTM_lmp($/MWh)": 40.0
		},
		"21:00:00": {
			"DAM_lmp($/MWh)": 39.13239,
			"RTM_lmp($/MWh)": 30.71958
		},
		"22:00:00": {
			"DAM_lmp($/MWh)": 29.83018,
			"RTM_lmp($/MWh)": 23.4835
		},
		"23:00:00": {
			"DAM_lmp($/MWh)": 21.29381,
			"RTM_lmp($/MWh)": 24.63151
		}
	}
}