{
	"2023-05-22": {
		"00:00:00": {
			"DAM_lmp($/MWh)": 28.48575,
			"RTM_lmp($/MWh)": 27.17641
		},
		"01:00:00": {
			"DAM_lmp($/MWh)": 24.95281,
			"RTM_lmp($/MWh)": 23.54085
		},
		"02:00:00": {
			"DAM_lmp($/MWh)": 23.67656,
			"RTM_lmp($/MWh)": 19.53407
		},
		"03:00:00": {
			"DAM_lmp($/MWh)": 21.94499,
			"RTM_lmp($/MWh)": 6.47575
		},
		"04:00:00": {
			"DAM_lmp($/MWh)": 25.25554,
			"RTM_lmp($/MWh)": 1.61971
		},
		"05:00:00": {
			"DAM_lmp($/MWh)": 32.98467,
			"RTM_lmp($/MWh)": 30.81135
		},
		"06:00:00": {
			"DAM_lmp($/MWh)": 34.82403,
			"RTM_lmp($/MWh)": 72.0
		},
		"07:00:00": {
			"DAM_lmp($/MWh)": 25.3658,
			"RTM_lmp($/MWh)": 18.0208
		},
		"08:00:00": {
			"DAM_lmp($/MWh)": 32.04393,
			"RTM_lmp($/MWh)": 12.8688
		},
		"09:00:00": {
			"DAM_lmp($/MWh)": 30.66461,
			"RTM_lmp($/MWh)": 12.94
		},
		"10:00:00": {
			"DAM_lmp($/MWh)": 19.6267,
			"RTM_lmp($/MWh)": 15.4
		},
		"11:00:00": {
			"DAM_lmp($/MWh)": 16.64464,
			"RTM_lmp($/MWh)": 30.26685
		},
		"12:00:00": {
			"DAM_lmp($/MWh)": 15.35591,
			"RTM_lmp($/MWh)": 14.71264
		},
		"13:00:00": {
			"DAM_lmp($/MWh)": 15.96385,
			"RTM_lmp($/MWh)": 14.94243
		},
		"14:00:00": {
			"DAM_lmp($/MWh)": 17.22443,
			"RTM_lmp($/MWh)": 9.9976
		},
		"15:00:00": {
			"DAM_lmp($/MWh)": 19.71676,
			"RTM_lmp($/MWh)": 4.9988
		},
		"16:00:00": {
			"DAM_lmp($/MWh)": 22.1669,
			"RTM_lmp($/MWh)": 4.95
		},
		"17:00:00": {
			"DAM_lmp($/MWh)": 24.2661,
			"RTM_lmp($/MWh)": 0.0
		},
		"18:00:00": {
			"DAM_lmp($/MWh)": 42.85345,
			"RTM_lmp($/MWh)": 13.54621
		},
		"19:00:00": {
			"DAM_lmp($/MWh)": 63.02488,
			"RTM_lmp($/MWh)": 26.61403
		},
		"20:00:00": {
			"DAM_lmp($/MWh)": 62.98938,
			"RTM_lmp($/MWh)": 40.0
		},
		"21:00:00": {
			"DAM_lmp($/MWh)": 48.58726,
			"RTM_lmp($/MWh)": 40.73145
		},
		"22:00:00": {
			"DAM_lmp($/MWh)": 39.22154,
			"RTM_lmp($/MWh)": 30.94524
		},
		"23:00:00": {
			"DAM_lmp($/MWh)": 30.52298,
			"RTM_lmp($/MWh)": 32.04587
		}
	},
	"2023-05-23": {
		"00:00:00": {
			"DAM_lmp($/MWh)": 28.48575,
			"RTM_lmp($/MWh)": 27.17641
		},
		"01:00:00": {
			"DAM_lmp($/MWh)": 24.95281,
			"RTM_lmp($/MWh)": 23.54085
		},
		"02:00:00": {
			"DAM_lmp($/MWh)": 23.67656,
			"RTM_lmp($/MWh)": 19.53407
		},
		"03:00:00": {
			"DAM_lmp($/MWh)": 21.94499,
			"RTM_lmp($/MWh)": 6.47575
		},
		"04:00:00": {
			"DAM_lmp($/MWh)": 25.25554,
			"RTM_lmp($/MWh)": 1.61971
		},
		"05:00:00": {
			"DAM_lmp($/MWh)": 32.98467,
			"RTM_lmp($/MWh)": 30.81135
		},
		"06:00:00": {
			"DAM_lmp($/MWh)": 34.82403,
			"RTM_lmp($/MWh)": 72.0
		},
		"07:00:00": {
			"DAM_lmp($/MWh)": 25.3658,
			"RTM_lmp($/MWh)": 18.0208
		},
		"08:00:00": {
			"DAM_lmp($/MWh)": 32.04393,
			"RTM_lmp($/MWh)": 12.8688
		},
		"09:00:00": {
			"DAM_lmp($/MWh)": 30.66461,
			"RTM_lmp($/MWh)": 12.94
		},
		"10:00:00": {
			"DAM_lmp($/MWh)": 19.6267,
			"RTM_lmp($/MWh)": 15.4
		},
		"11:00:00": {
			"DAM_lmp($/MWh)": 16.64464,
			"RTM_lmp($/MWh)": 30.26685
		},
		"12:00:00": {
			"DAM_lmp($/MWh)": 15.35591,
			"RTM_lmp($/MWh)": 14.71264
		},
		"13:00:00": {
			"DAM_lmp($/MWh)": 15.96385,
			"RTM_lmp($/MWh)": 14.94243
		},
		"14:00:00": {
			"DAM_lmp($/MWh)": 17.22443,
			"RTM_lmp($/MWh)": 9.9976
		},
		"15:00:00": {
			"DAM_lmp($/MWh)": 19.71676,
			"RTM_lmp($/MWh)": 4.9988
		},
		"16:00:00": {
			"DAM_lmp($/MWh)": 22.1669,
			"RTM_lmp($/MWh)": 4.95
		},
		"17:00:00": {
			"DAM_lmp($/MWh)": 24.2661,
			"RTM_lmp($/MWh)": 0.0
		},
		"18:00:00": {
			"DAM_lmp($/MWh)": 42.85345,
			"RTM_lmp($/MWh)": 13.54621
		},
		"19:00:00": {
			"DAM_lmp($/MWh)": 63.02488,
			"RTM_lmp($/MWh)": 26.61403
		},
		"20:00:00": {
			"DAM_lmp($/MWh)": 62.98938,
			"RTM_lmp($/MWh)": 40.0
		},
		"21:00:00": {
			"DAM_lmp($/MWh)": 48.58726,
			"RTM_lmp($/MWh)": 40.73145
		},
		"22:00:00": {
			"DAM_lmp($/MWh)": 39.22154,
			"RTM_lmp($/MWh)": 30.94524
		},
		"23:00:00": {
			"DAM_lmp($/MWh)": 30.52298,
			"RTM_lmp($/MWh)": 32.04587
		}
	}
}