{
	"2023-05-22": {
		"00:00:00": {
			"DAM_lmp($/MWh)": 29.15941,
			"RTM_lmp($/MWh)": 28.20656
		},
		"01:00:00": {
			"DAM_lmp($/MWh)": 25.48812,
			"RTM_lmp($/MWh)": 24.67079
		},
		"02:00:00": {
			"DAM_lmp($/MWh)": 24.23204,
			"RTM_lmp($/MWh)": 20.33456
		},
		"03:00:00": {
			"DAM_lmp($/MWh)": 22.43149,
			"RTM_lmp($/MWh)": 22.91313
		},
		"04:00:00": {
			"DAM_lmp($/MWh)": 26.1088,
			"RTM_lmp($/MWh)": 20.26243
		},
		"05:00:00": {
			"DAM_lmp($/MWh)": 33.9072,
			"RTM_lmp($/MWh)": 30.81135
		},
		"06:00:00": {
			"DAM_lmp($/MWh)": 35.28811,
			"RTM_lmp($/MWh)": 72.0
		},
		"07:00:00": {
			"DAM_lmp($/MWh)": 24.84559,
			"RTM_lmp($/MWh)": 18.0208
		},
		"08:00:00": {
			"DAM_lmp($/MWh)": 13.01371,
			"RTM_lmp($/MWh)": 12.8688
		},
		"09:00:00": {
			"DAM_lmp($/MWh)": 10.43919,
			"RTM_lmp($/MWh)": 12.94
		},
		"10:00:00": {
			"DAM_lmp($/MWh)": 7.43605,
			"RTM_lmp($/MWh)": 15.4
		},
		"11:00:00": {
			"DAM_lmp($/MWh)": 5.84083,
			"RTM_lmp($/MWh)": 14.7764
		},
		"12:00:00": {
			"DAM_lmp($/MWh)": 3.87329,
			"RTM_lmp($/MWh)": 14.92051
		},
		"13:00:00": {
			"DAM_lmp($/MWh)": 3.52124,
			"RTM_lmp($/MWh)": 15.31128
		},
		"14:00:00": {
			"DAM_lmp($/MWh)": 4.57537,
			"RTM_lmp($/MWh)": 9.9976
		},
		"15:00:00": {
			"DAM_lmp($/MWh)": 7.38948,
			"RTM_lmp($/MWh)": 4.9988
		},
		"16:00:00": {
			"DAM_lmp($/MWh)": 11.47724,
			"RTM_lmp($/MWh)": 4.95
		},
		"17:00:00": {
			"DAM_lmp($/MWh)": 23.99722,
			"RTM_lmp($/MWh)": 0.0
		},
		"18:00:00": {
			"DAM_lmp($/MWh)": 42.39327,
			"RTM_lmp($/MWh)": 13.92463
		},
		"19:00:00": {
			"DAM_lmp($/MWh)": 62.58537,
			"RTM_lmp($/MWh)": 26.75431
		},
		"20:00:00": {
			"DAM_lmp($/MWh)": 62.45859,
			"RTM_lmp($/MWh)": 40.0
		},
		"21:00:00": {
			"DAM_lmp($/MWh)": 48.2528,
			"RTM_lmp($/MWh)": 40.53423
		},
		"22:00:00": {
			"DAM_lmp($/MWh)": 39.41918,
			"RTM_lmp($/MWh)": 31.08849
		},
		"23:00:00": {
			"DAM_lmp($/MWh)": 31.23613,
			"RTM_lmp($/MWh)": 32.55744
		}
	},
	"2023-05-23": {
		"00:00:00": {
			"DAM_lmp($/MWh)": 29.15941,
			"RTM_lmp($/MWh)": 28.20656
		},
		"01:00:00": {
			"DAM_lmp($/MWh)": 25.48812,
			"RTM_lmp($/MWh)": 24.67079
		},
		"02:00:00": {
			"DAM_lmp($/MWh)": 24.23204,
			"RTM_lmp($/MWh)": 20.33456
		},
		"03:00:00": {
			"DAM_lmp($/MWh)": 22.43149,
			"RTM_lmp($/MWh)": 22.91313
		},
		"04:00:00": {
			"DAM_lmp($/MWh)": 26.1088,
			"RTM_lmp($/MWh)": 20.26243
		},
		"05:00:00": {
			"DAM_lmp($/MWh)": 33.9072,
			"RTM_lmp($/MWh)": 30.81135
		},
		"06:00:00": {
			"DAM_lmp($/MWh)": 35.28811,
			"RTM_lmp($/MWh)": 72.0
		},
		"07:00:00": {
			"DAM_lmp($/MWh)": 24.84559,
			"RTM_lmp($/MWh)": 18.0208
		},
		"08:00:00": {
			"DAM_lmp($/MWh)": 13.01371,
			"RTM_lmp($/MWh)": 12.8688
		},
		"09:00:00": {
			"DAM_lmp($/MWh)": 10.43919,
			"RTM_lmp($/MWh)": 12.94
		},
		"10:00:00": {
			"DAM_lmp($/MWh)": 7.43605,
			"RTM_lmp($/MWh)": 15.4
		},
		"11:00:00": {
			"DAM_lmp($/MWh)": 5.84083,
			"RTM_lmp($/MWh)": 14.7764
		},
		"12:00:00": {
			"DAM_lmp($/MWh)": 3.87329,
			"RTM_lmp($/MWh)": 14.92051
		},
		"13:00:00": {
			"DAM_lmp($/MWh)": 3.52124,
			"RTM_lmp($/MWh)": 15.31128
		},
		"14:00:00": {
			"DAM_lmp($/MWh)": 4.57537,
			"RTM_lmp($/MWh)": 9.9976
		},
		"15:00:00": {
			"DAM_lmp($/MWh)": 7.38948,
			"RTM_lmp($/MWh)": 4.9988
		},
		"16:00:00": {
			"DAM_lmp($/MWh)": 11.47724,
			"RTM_lmp($/MWh)": 4.95
		},
		"17:00:00": {
			"DAM_lmp($/MWh)": 23.99722,
			"RTM_lmp($/MWh)": 0.0
		},
		"18:00:00": {
			"DAM_lmp($/MWh)": 42.39327,
			"RTM_lmp($/MWh)": 13.92463
		},
		"19:00:00": {
			"DAM_lmp($/MWh)": 62.58537,
			"RTM_lmp($/MWh)": 26.75431
		},
		"20:00:00": {
			"DAM_lmp($/MWh)": 62.45859,
			"RTM_lmp($/MWh)": 40.0
		},
		"21:00:00": {
			"DAM_lmp($/MWh)": 48.2528,
			"RTM_lmp($/MWh)": 40.53423
		},
		"22:00:00": {
			"DAM_lmp($/MWh)": 39.41918,
			"RTM_lmp($/MWh)": 31.08849
		},
		"23:00:00": {
			"DAM_lmp($/MWh)": 31.23613,
			"RTM_lmp($/MWh)": 32.55744
		}
	}
}