{
	"2023-05-22": {
		"00:00:00": {
			"DAM_lmp($/MWh)": 31.18355,
			"RTM_lmp($/MWh)": 27.89637
		},
		"01:00:00": {
			"DAM_lmp($/MWh)": 27.94176,
			"RTM_lmp($/MWh)": 24.20349
		},
		"02:00:00": {
			"DAM_lmp($/MWh)": 27.28892,
			"RTM_lmp($/MWh)": 20.09852
		},
		"03:00:00": {
			"DAM_lmp($/MWh)": 25.80155,
			"RTM_lmp($/MWh)": 5.76756
		},
		"04:00:00": {
			"DAM_lmp($/MWh)": 28.79033,
			"RTM_lmp($/MWh)": 1.47956
		},
		"05:00:00": {
			"DAM_lmp($/MWh)": 34.8822,
			"RTM_lmp($/MWh)": 30.81135
		},
		"06:00:00": {
			"DAM_lmp($/MWh)": 37.40485,
			"RTM_lmp($/MWh)": 72.0
		},
		"07:00:00": {
			"DAM_lmp($/MWh)": 24.74725,
			"RTM_lmp($/MWh)": 18.0208
		},
		"08:00:00": {
			"DAM_lmp($/MWh)": 8.41434,
			"RTM_lmp($/MWh)": 12.8688
		},
		"09:00:00": {
			"DAM_lmp($/MWh)": 5.41535,
			"RTM_lmp($/MWh)": 12.94
		},
		"10:00:00": {
			"DAM_lmp($/MWh)": 4.23142,
			"RTM_lmp($/MWh)": 15.4
		},
		"11:00:00": {
			"DAM_lmp($/MWh)": 3.05738,
			"RTM_lmp($/MWh)": 11.34931
		},
		"12:00:00": {
			"DAM_lmp($/MWh)": 0.91168,
			"RTM_lmp($/MWh)": 14.31383
		},
		"13:00:00": {
			"DAM_lmp($/MWh)": 0.36048,
			"RTM_lmp($/MWh)": 14.5516
		},
		"14:00:00": {
			"DAM_lmp($/MWh)": 1.43853,
			"RTM_lmp($/MWh)": 9.9976
		},
		"15:00:00": {
			"DAM_lmp($/MWh)": 4.313,
			"RTM_lmp($/MWh)": 4.9988
		},
		"16:00:00": {
			"DAM_lmp($/MWh)": 8.78391,
			"RTM_lmp($/MWh)": 4.95
		},
		"17:00:00": {
			"DAM_lmp($/MWh)": 23.40221,
			"RTM_lmp($/MWh)": 0.0
		},
		"18:00:00": {
			"DAM_lmp($/MWh)": 41.90242,
			"RTM_lmp($/MWh)": 13.42625
		},
		"19:00:00": {
			"DAM_lmp($/MWh)": 62.46257,
			"RTM_lmp($/MWh)": 26.39949
		},
		"20:00:00": {
			"DAM_lmp($/MWh)": 62.87934,
			"RTM_lmp($/MWh)": 40.0
		},
		"21:00:00": {
			"DAM_lmp($/MWh)": 48.49241,
			"RTM_lmp($/MWh)": 40.66431
		},
		"22:00:00": {
			"DAM_lmp($/MWh)": 40.24034,
			"RTM_lmp($/MWh)": 30.98026
		},
		"23:00:00": {
			"DAM_lmp($/MWh)": 33.61193,
			"RTM_lmp($/MWh)": 32.29833
		}
	},
	"2023-05-23": {
		"00:00:00": {
			"DAM_lmp($/MWh)": 31.18355,
			"RTM_lmp($/MWh)": 27.89637
		},
		"01:00:00": {
			"DAM_lmp($/MWh)": 27.94176,
			"RTM_lmp($/MWh)": 24.20349
		},
		"02:00:00": {
			"DAM_lmp($/MWh)": 27.28892,
			"RTM_lmp($/MWh)": 20.09852
		},
		"03:00:00": {
			"DAM_lmp($/MWh)": 25.80155,
			"RTM_lmp($/MWh)": 5.76756
		},
		"04:00:00": {
			"DAM_lmp($/MWh)": 28.79033,
			"RTM_lmp($/MWh)": 1.47956
		},
		"05:00:00": {
			"DAM_lmp($/MWh)": 34.8822,
			"RTM_lmp($/MWh)": 30.81135
		},
		"06:00:00": {
			"DAM_lmp($/MWh)": 37.40485,
			"RTM_lmp($/MWh)": 72.0
		},
		"07:00:00": {
			"DAM_lmp($/MWh)": 24.74725,
			"RTM_lmp($/MWh)": 18.0208
		},
		"08:00:00": {
			"DAM_lmp($/MWh)": 8.41434,
			"RTM_lmp($/MWh)": 12.8688
		},
		"09:00:00": {
			"DAM_lmp($/MWh)": 5.41535,
			"RTM_lmp($/MWh)": 12.94
		},
		"10:00:00": {
			"DAM_lmp($/MWh)": 4.23142,
			"RTM_lmp($/MWh)": 15.4
		},
		"11:00:00": {
			"DAM_lmp($/MWh)": 3.05738,
			"RTM_lmp($/MWh)": 11.34931
		},
		"12:00:00": {
			"DAM_lmp($/MWh)": 0.91168,
			"RTM_lmp($/MWh)": 14.31383
		},
		"13:00:00": {
			"DAM_lmp($/MWh)": 0.36048,
			"RTM_lmp($/MWh)": 14.5516
		},
		"14:00:00": {
			"DAM_lmp($/MWh)": 1.43853,
			"RTM_lmp($/MWh)": 9.9976
		},
		"15:00:00": {
			"DAM_lmp($/MWh)": 4.313,
			"RTM_lmp($/MWh)": 4.9988
		},
		"16:00:00": {
			"DAM_lmp($/MWh)": 8.78391,
			"RTM_lmp($/MWh)": 4.95
		},
		"17:00:00": {
			"DAM_lmp($/MWh)": 23.40221,
			"RTM_lmp($/MWh)": 0.0
		},
		"18:00:00": {
			"DAM_lmp($/MWh)": 41.90242,
			"RTM_lmp($/MWh)": 13.42625
		},
		"19:00:00": {
			"DAM_lmp($/MWh)": 62.46257,
			"RTM_lmp($/MWh)": 26.39949
		},
		"20:00:00": {
			"DAM_lmp($/MWh)": 62.87934,
			"RTM_lmp($/MWh)": 40.0
		},
		"21:00:00": {
			"DAM_lmp($/MWh)": 48.49241,
			"RTM_lmp($/MWh)": 40.66431
		},
		"22:00:00": {
			"DAM_lmp($/MWh)": 40.24034,
			"RTM_lmp($/MWh)": 30.98026
		},
		"23:00:00": {
			"DAM_lmp($/MWh)": 33.61193,
			"RTM_lmp($/MWh)": 32.29833
		}
	}
}