{
	"2023-05-22": {
		"00:00:00": {
			"DAM_lmp($/MWh)": 25.51599,
			"RTM_lmp($/MWh)": 26.76379
		},
		"01:00:00": {
			"DAM_lmp($/MWh)": 21.70198,
			"RTM_lmp($/MWh)": 23.19717
		},
		"02:00:00": {
			"DAM_lmp($/MWh)": 19.75425,
			"RTM_lmp($/MWh)": 19.26108
		},
		"03:00:00": {
			"DAM_lmp($/MWh)": 17.67505,
			"RTM_lmp($/MWh)": 6.67588
		},
		"04:00:00": {
			"DAM_lmp($/MWh)": 21.50324,
			"RTM_lmp($/MWh)": 1.74629
		},
		"05:00:00": {
			"DAM_lmp($/MWh)": 31.05524,
			"RTM_lmp($/MWh)": 30.81135
		},
		"06:00:00": {
			"DAM_lmp($/MWh)": 31.71962,
			"RTM_lmp($/MWh)": 72.0
		},
		"07:00:00": {
			"DAM_lmp($/MWh)": 25.4305,
			"RTM_lmp($/MWh)": 18.0208
		},
		"08:00:00": {
			"DAM_lmp($/MWh)": 16.12904,
			"RTM_lmp($/MWh)": 12.8688
		},
		"09:00:00": {
			"DAM_lmp($/MWh)": 13.12921,
			"RTM_lmp($/MWh)": 12.94
		},
		"10:00:00": {
			"DAM_lmp($/MWh)": 9.2089,
			"RTM_lmp($/MWh)": 15.4
		},
		"11:00:00": {
			"DAM_lmp($/MWh)": 7.45099,
			"RTM_lmp($/MWh)": 14.7764
		},
		"12:00:00": {
			"DAM_lmp($/MWh)": 5.54689,
			"RTM_lmp($/MWh)": 14.75421
		},
		"13:00:00": {
			"DAM_lmp($/MWh)": 5.34909,
			"RTM_lmp($/MWh)": 14.9848
		},
		"14:00:00": {
			"DAM_lmp($/MWh)": 6.43807,
			"RTM_lmp($/MWh)": 9.9976
		},
		"15:00:00": {
			"DAM_lmp($/MWh)": 9.31328,
			"RTM_lmp($/MWh)": 4.9988
		},
		"16:00:00": {
			"DAM_lmp($/MWh)": 13.31658,
			"RTM_lmp($/MWh)": 4.95
		},
		"17:00:00": {
			"DAM_lmp($/MWh)": 24.33829,
			"RTM_lmp($/MWh)": 0.0
		},
		"18:00:00": {
			"DAM_lmp($/MWh)": 42.84907,
			"RTM_lmp($/MWh)": 13.52907
		},
		"19:00:00": {
			"DAM_lmp($/MWh)": 63.09598,
			"RTM_lmp($/MWh)": 26.38574
		},
		"20:00:00": {
			"DAM_lmp($/MWh)": 63.05411,
			"RTM_lmp($/MWh)": 40.0
		},
		"21:00:00": {
			"DAM_lmp($/MWh)": 48.56729,
			"RTM_lmp($/MWh)": 40.04749
		},
		"22:00:00": {
			"DAM_lmp($/MWh)": 37.86711,
			"RTM_lmp($/MWh)": 30.47093
		},
		"23:00:00": {
			"DAM_lmp($/MWh)": 28.07784,
			"RTM_lmp($/MWh)": 31.624
		}
	},
	"2023-05-23": {
		"00:00:00": {
			"DAM_lmp($/MWh)": 25.51599,
			"RTM_lmp($/MWh)": 26.76379
		},
		"01:00:00": {
			"DAM_lmp($/MWh)": 21.70198,
			"RTM_lmp($/MWh)": 23.19717
		},
		"02:00:00": {
			"DAM_lmp($/MWh)": 19.75425,
			"RTM_lmp($/MWh)": 19.26108
		},
		"03:00:00": {
			"DAM_lmp($/MWh)": 17.67505,
			"RTM_lmp($/MWh)": 6.67588
		},
		"04:00:00": {
			"DAM_lmp($/MWh)": 21.50324,
			"RTM_lmp($/MWh)": 1.74629
		},
		"05:00:00": {
			"DAM_lmp($/MWh)": 31.05524,
			"RTM_lmp($/MWh)": 30.81135
		},
		"06:00:00": {
			"DAM_lmp($/MWh)": 31.71962,
			"RTM_lmp($/MWh)": 72.0
		},
		"07:00:00": {
			"DAM_lmp($/MWh)": 25.4305,
			"RTM_lmp($/MWh)": 18.0208
		},
		"08:00:00": {
			"DAM_lmp($/MWh)": 16.12904,
			"RTM_lmp($/MWh)": 12.8688
		},
		"09:00:00": {
			"DAM_lmp($/MWh)": 13.12921,
			"RTM_lmp($/MWh)": 12.94
		},
		"10:00:00": {
			"DAM_lmp($/MWh)": 9.2089,
			"RTM_lmp($/MWh)": 15.4
		},
		"11:00:00": {
			"DAM_lmp($/MWh)": 7.45099,
			"RTM_lmp($/MWh)": 14.7764
		},
		"12:00:00": {
			"DAM_lmp($/MWh)": 5.54689,
			"RTM_lmp($/MWh)": 14.75421
		},
		"13:00:00": {
			"DAM_lmp($/MWh)": 5.34909,
			"RTM_lmp($/MWh)": 14.9848
		},
		"14:00:00": {
			"DAM_lmp($/MWh)": 6.43807,
			"RTM_lmp($/MWh)": 9.9976
		},
		"15:00:00": {
			"DAM_lmp($/MWh)": 9.31328,
			"RTM_lmp($/MWh)": 4.9988
		},
		"16:00:00": {
			"DAM_lmp($/MWh)": 13.31658,
			"RTM_lmp($/MWh)": 4.95
		},
		"17:00:00": {
			"DAM_lmp($/MWh)": 24.33829,
			"RTM_lmp($/MWh)": 0.0
		},
		"18:00:00": {
			"DAM_lmp($/MWh)": 42.84907,
			"RTM_lmp($/MWh)": 13.52907
		},
		"19:00:00": {
			"DAM_lmp($/MWh)": 63.09598,
			"RTM_lmp($/MWh)": 26.38574
		},
		"20:00:00": {
			"DAM_lmp($/MWh)": 63.05411,
			"RTM_lmp($/MWh)": 40.0
		},
		"21:00:00": {
			"DAM_lmp($/MWh)": 48.56729,
			"RTM_lmp($/MWh)": 40.04749
		},
		"22:00:00": {
			"DAM_lmp($/MWh)": 37.86711,
			"RTM_lmp($/MWh)": 30.47093
		},
		"23:00:00": {
			"DAM_lmp($/MWh)": 28.07784,
			"RTM_lmp($/MWh)": 31.624
		}
	}
}