{
	"2023-05-22": {
		"00:00:00": {
			"DAM_lmp($/MWh)": 24.91542,
			"RTM_lmp($/MWh)": 24.71773
		},
		"01:00:00": {
			"DAM_lmp($/MWh)": 21.00875,
			"RTM_lmp($/MWh)": 21.80762
		},
		"02:00:00": {
			"DAM_lmp($/MWh)": 19.22575,
			"RTM_lmp($/MWh)": 18.20813
		},
		"03:00:00": {
			"DAM_lmp($/MWh)": 17.13749,
			"RTM_lmp($/MWh)": 6.58334
		},
		"04:00:00": {
			"DAM_lmp($/MWh)": 21.31127,
			"RTM_lmp($/MWh)": 1.51764
		},
		"05:00:00": {
			"DAM_lmp($/MWh)": 30.27048,
			"RTM_lmp($/MWh)": 30.81135
		},
		"06:00:00": {
			"DAM_lmp($/MWh)": 31.97366,
			"RTM_lmp($/MWh)": 72.0
		},
		"07:00:00": {
			"DAM_lmp($/MWh)": 25.70742,
			"RTM_lmp($/MWh)": 18.0208
		},
		"08:00:00": {
			"DAM_lmp($/MWh)": 15.04942,
			"RTM_lmp($/MWh)": 12.8688
		},
		"09:00:00": {
			"DAM_lmp($/MWh)": 12.74067,
			"RTM_lmp($/MWh)": 12.94
		},
		"10:00:00": {
			"DAM_lmp($/MWh)": 7.33794,
			"RTM_lmp($/MWh)": 15.4
		},
		"11:00:00": {
			"DAM_lmp($/MWh)": 5.37705,
			"RTM_lmp($/MWh)": 14.7764
		},
		"12:00:00": {
			"DAM_lmp($/MWh)": 3.80251,
			"RTM_lmp($/MWh)": 14.29228
		},
		"13:00:00": {
			"DAM_lmp($/MWh)": 3.56933,
			"RTM_lmp($/MWh)": 14.51864
		},
		"14:00:00": {
			"DAM_lmp($/MWh)": 4.59536,
			"RTM_lmp($/MWh)": 9.9976
		},
		"15:00:00": {
			"DAM_lmp($/MWh)": 9.10303,
			"RTM_lmp($/MWh)": 4.9988
		},
		"16:00:00": {
			"DAM_lmp($/MWh)": 12.99128,
			"RTM_lmp($/MWh)": 4.95
		},
		"17:00:00": {
			"DAM_lmp($/MWh)": 24.29597,
			"RTM_lmp($/MWh)": 0.0
		},
		"18:00:00": {
			"DAM_lmp($/MWh)": 43.37937,
			"RTM_lmp($/MWh)": 12.74509
		},
		"19:00:00": {
			"DAM_lmp($/MWh)": 64.14952,
			"RTM_lmp($/MWh)": 24.77393
		},
		"20:00:00": {
			"DAM_lmp($/MWh)": 64.43287,
			"RTM_lmp($/MWh)": 40.0
		},
		"21:00:00": {
			"DAM_lmp($/MWh)": 49.1863,
			"RTM_lmp($/MWh)": 37.00113
		},
		"22:00:00": {
			"DAM_lmp($/MWh)": 38.07335,
			"RTM_lmp($/MWh)": 28.48134
		},
		"23:00:00": {
			"DAM_lmp($/MWh)": 27.71566,
			"RTM_lmp($/MWh)": 29.694
		}
	},
	"2023-05-23": {
		"00:00:00": {
			"DAM_lmp($/MWh)": 24.91542,
			"RTM_lmp($/MWh)": 24.71773
		},
		"01:00:00": {
			"DAM_lmp($/MWh)": 21.00875,
			"RTM_lmp($/MWh)": 21.80762
		},
		"02:00:00": {
			"DAM_lmp($/MWh)": 19.22575,
			"RTM_lmp($/MWh)": 18.20813
		},
		"03:00:00": {
			"DAM_lmp($/MWh)": 17.13749,
			"RTM_lmp($/MWh)": 6.58334
		},
		"04:00:00": {
			"DAM_lmp($/MWh)": 21.31127,
			"RTM_lmp($/MWh)": 1.51764
		},
		"05:00:00": {
			"DAM_lmp($/MWh)": 30.27048,
			"RTM_lmp($/MWh)": 30.81135
		},
		"06:00:00": {
			"DAM_lmp($/MWh)": 31.97366,
			"RTM_lmp($/MWh)": 72.0
		},
		"07:00:00": {
			"DAM_lmp($/MWh)": 25.70742,
			"RTM_lmp($/MWh)": 18.0208
		},
		"08:00:00": {
			"DAM_lmp($/MWh)": 15.04942,
			"RTM_lmp($/MWh)": 12.8688
		},
		"09:00:00": {
			"DAM_lmp($/MWh)": 12.74067,
			"RTM_lmp($/MWh)": 12.94
		},
		"10:00:00": {
			"DAM_lmp($/MWh)": 7.33794,
			"RTM_lmp($/MWh)": 15.4
		},
		"11:00:00": {
			"DAM_lmp($/MWh)": 5.37705,
			"RTM_lmp($/MWh)": 14.7764
		},
		"12:00:00": {
			"DAM_lmp($/MWh)": 3.80251,
			"RTM_lmp($/MWh)": 14.29228
		},
		"13:00:00": {
			"DAM_lmp($/MWh)": 3.56933,
			"RTM_lmp($/MWh)": 14.51864
		},
		"14:00:00": {
			"DAM_lmp($/MWh)": 4.59536,
			"RTM_lmp($/MWh)": 9.9976
		},
		"15:00:00": {
			"DAM_lmp($/MWh)": 9.10303,
			"RTM_lmp($/MWh)": 4.9988
		},
		"16:00:00": {
			"DAM_lmp($/MWh)": 12.99128,
			"RTM_lmp($/MWh)": 4.95
		},
		"17:00:00": {
			"DAM_lmp($/MWh)": 24.29597,
			"RTM_lmp($/MWh)": 0.0
		},
		"18:00:00": {
			"DAM_lmp($/MWh)": 43.37937,
			"RTM_lmp($/MWh)": 12.74509
		},
		"19:00:00": {
			"DAM_lmp($/MWh)": 64.14952,
			"RTM_lmp($/MWh)": 24.77393
		},
		"20:00:00": {
			"DAM_lmp($/MWh)": 64.43287,
			"RTM_lmp($/MWh)": 40.0
		},
		"21:00:00": {
			"DAM_lmp($/MWh)": 49.1863,
			"RTM_lmp($/MWh)": 37.00113
		},
		"22:00:00": {
			"DAM_lmp($/MWh)": 38.07335,
			"RTM_lmp($/MWh)": 28.48134
		},
		"23:00:00": {
			"DAM_lmp($/MWh)": 27.71566,
			"RTM_lmp($/MWh)": 29.694
		}
	}
}