{
	"2023-05-22": {
		"00:00:00": {
			"DAM_lmp($/MWh)": 25.63867,
			"RTM_lmp($/MWh)": 26.45645
		},
		"01:00:00": {
			"DAM_lmp($/MWh)": 21.75922,
			"RTM_lmp($/MWh)": 22.89305
		},
		"02:00:00": {
			"DAM_lmp($/MWh)": 19.85024,
			"RTM_lmp($/MWh)": 18.90599
		},
		"03:00:00": {
			"DAM_lmp($/MWh)": 17.84991,
			"RTM_lmp($/MWh)": 6.5622
		},
		"04:00:00": {
			"DAM_lmp($/MWh)": 21.62911,
			"RTM_lmp($/MWh)": 1.66895
		},
		"05:00:00": {
			"DAM_lmp($/MWh)": 30.95116,
			"RTM_lmp($/MWh)": 13.59709
		},
		"06:00:00": {
			"DAM_lmp($/MWh)": 31.82312,
			"RTM_lmp($/MWh)": 72.0
		},
		"07:00:00": {
			"DAM_lmp($/MWh)": 25.38909,
			"RTM_lmp($/MWh)": 18.0208
		},
		"08:00:00": {
			"DAM_lmp($/MWh)": 15.94379,
			"RTM_lmp($/MWh)": 12.8688
		},
		"09:00:00": {
			"DAM_lmp($/MWh)": 13.62364,
			"RTM_lmp($/MWh)": 12.94
		},
		"10:00:00": {
			"DAM_lmp($/MWh)": 9.31864,
			"RTM_lmp($/MWh)": 15.4
		},
		"11:00:00": {
			"DAM_lmp($/MWh)": 7.64542,
			"RTM_lmp($/MWh)": 14.7764
		},
		"12:00:00": {
			"DAM_lmp($/MWh)": 5.75338,
			"RTM_lmp($/MWh)": 14.64797
		},
		"13:00:00": {
			"DAM_lmp($/MWh)": 5.56206,
			"RTM_lmp($/MWh)": 14.88592
		},
		"14:00:00": {
			"DAM_lmp($/MWh)": 6.74699,
			"RTM_lmp($/MWh)": 9.9976
		},
		"15:00:00": {
			"DAM_lmp($/MWh)": 9.64892,
			"RTM_lmp($/MWh)": 4.9988
		},
		"16:00:00": {
			"DAM_lmp($/MWh)": 13.63595,
			"RTM_lmp($/MWh)": 4.95
		},
		"17:00:00": {
			"DAM_lmp($/MWh)": 24.66194,
			"RTM_lmp($/MWh)": 0.0
		},
		"18:00:00": {
			"DAM_lmp($/MWh)": 43.0682,
			"RTM_lmp($/MWh)": 13.67759
		},
		"19:00:00": {
			"DAM_lmp($/MWh)": 63.65184,
			"RTM_lmp($/MWh)": 26.37749
		},
		"20:00:00": {
			"DAM_lmp($/MWh)": 63.59785,
			"RTM_lmp($/MWh)": 40.0
		},
		"21:00:00": {
			"DAM_lmp($/MWh)": 48.77696,
			"RTM_lmp($/MWh)": 39.95517
		},
		"22:00:00": {
			"DAM_lmp($/MWh)": 37.95882,
			"RTM_lmp($/MWh)": 30.30539
		},
		"23:00:00": {
			"DAM_lmp($/MWh)": 28.23134,
			"RTM_lmp($/MWh)": 31.34164
		}
	},
	"2023-05-23": {
		"00:00:00": {
			"DAM_lmp($/MWh)": 25.63867,
			"RTM_lmp($/MWh)": 26.45645
		},
		"01:00:00": {
			"DAM_lmp($/MWh)": 21.75922,
			"RTM_lmp($/MWh)": 22.89305
		},
		"02:00:00": {
			"DAM_lmp($/MWh)": 19.85024,
			"RTM_lmp($/MWh)": 18.90599
		},
		"03:00:00": {
			"DAM_lmp($/MWh)": 17.84991,
			"RTM_lmp($/MWh)": 6.5622
		},
		"04:00:00": {
			"DAM_lmp($/MWh)": 21.62911,
			"RTM_lmp($/MWh)": 1.66895
		},
		"05:00:00": {
			"DAM_lmp($/MWh)": 30.95116,
			"RTM_lmp($/MWh)": 13.59709
		},
		"06:00:00": {
			"DAM_lmp($/MWh)": 31.82312,
			"RTM_lmp($/MWh)": 72.0
		},
		"07:00:00": {
			"DAM_lmp($/MWh)": 25.38909,
			"RTM_lmp($/MWh)": 18.0208
		},
		"08:00:00": {
			"DAM_lmp($/MWh)": 15.94379,
			"RTM_lmp($/MWh)": 12.8688
		},
		"09:00:00": {
			"DAM_lmp($/MWh)": 13.62364,
			"RTM_lmp($/MWh)": 12.94
		},
		"10:00:00": {
			"DAM_lmp($/MWh)": 9.31864,
			"RTM_lmp($/MWh)": 15.4
		},
		"11:00:00": {
			"DAM_lmp($/MWh)": 7.64542,
			"RTM_lmp($/MWh)": 14.7764
		},
		"12:00:00": {
			"DAM_lmp($/MWh)": 5.75338,
			"RTM_lmp($/MWh)": 14.64797
		},
		"13:00:00": {
			"DAM_lmp($/MWh)": 5.56206,
			"RTM_lmp($/MWh)": 14.88592
		},
		"14:00:00": {
			"DAM_lmp($/MWh)": 6.74699,
			"RTM_lmp($/MWh)": 9.9976
		},
		"15:00:00": {
			"DAM_lmp($/MWh)": 9.64892,
			"RTM_lmp($/MWh)": 4.9988
		},
		"16:00:00": {
			"DAM_lmp($/MWh)": 13.63595,
			"RTM_lmp($/MWh)": 4.95
		},
		"17:00:00": {
			"DAM_lmp($/MWh)": 24.66194,
			"RTM_lmp($/MWh)": 0.0
		},
		"18:00:00": {
			"DAM_lmp($/MWh)": 43.0682,
			"RTM_lmp($/MWh)": 13.67759
		},
		"19:00:00": {
			"DAM_lmp($/MWh)": 63.65184,
			"RTM_lmp($/MWh)": 26.37749
		},
		"20:00:00": {
			"DAM_lmp($/MWh)": 63.59785,
			"RTM_lmp($/MWh)": 40.0
		},
		"21:00:00": {
			"DAM_lmp($/MWh)": 48.77696,
			"RTM_lmp($/MWh)": 39.95517
		},
		"22:00:00": {
			"DAM_lmp($/MWh)": 37.95882,
			"RTM_lmp($/MWh)": 30.30539
		},
		"23:00:00": {
			"DAM_lmp($/MWh)": 28.23134,
			"RTM_lmp($/MWh)": 31.34164
		}
	}
}