{
	"2023-05-22": {
		"00:00:00": {
			"DAM_lmp($/MWh)": 26.79549,
			"RTM_lmp($/MWh)": 27.89637
		},
		"01:00:00": {
			"DAM_lmp($/MWh)": 22.91811,
			"RTM_lmp($/MWh)": 24.07986
		},
		"02:00:00": {
			"DAM_lmp($/MWh)": 21.11623,
			"RTM_lmp($/MWh)": 19.95895
		},
		"03:00:00": {
			"DAM_lmp($/MWh)": 18.97837,
			"RTM_lmp($/MWh)": 7.08286
		},
		"04:00:00": {
			"DAM_lmp($/MWh)": 22.72939,
			"RTM_lmp($/MWh)": 2.04492
		},
		"05:00:00": {
			"DAM_lmp($/MWh)": 32.32175,
			"RTM_lmp($/MWh)": 65.23987
		},
		"06:00:00": {
			"DAM_lmp($/MWh)": 33.44837,
			"RTM_lmp($/MWh)": 72.0
		},
		"07:00:00": {
			"DAM_lmp($/MWh)": 26.45279,
			"RTM_lmp($/MWh)": 18.0208
		},
		"08:00:00": {
			"DAM_lmp($/MWh)": 20.24048,
			"RTM_lmp($/MWh)": 12.8688
		},
		"09:00:00": {
			"DAM_lmp($/MWh)": 17.67009,
			"RTM_lmp($/MWh)": 12.94
		},
		"10:00:00": {
			"DAM_lmp($/MWh)": 11.90795,
			"RTM_lmp($/MWh)": 15.4
		},
		"11:00:00": {
			"DAM_lmp($/MWh)": 9.76538,
			"RTM_lmp($/MWh)": 18.61474
		},
		"12:00:00": {
			"DAM_lmp($/MWh)": 7.89226,
			"RTM_lmp($/MWh)": 15.675
		},
		"13:00:00": {
			"DAM_lmp($/MWh)": 7.85843,
			"RTM_lmp($/MWh)": 15.90144
		},
		"14:00:00": {
			"DAM_lmp($/MWh)": 9.02474,
			"RTM_lmp($/MWh)": 9.9976
		},
		"15:00:00": {
			"DAM_lmp($/MWh)": 12.09025,
			"RTM_lmp($/MWh)": 4.9988
		},
		"16:00:00": {
			"DAM_lmp($/MWh)": 15.93143,
			"RTM_lmp($/MWh)": 4.95
		},
		"17:00:00": {
			"DAM_lmp($/MWh)": 25.87438,
			"RTM_lmp($/MWh)": 0.0
		},
		"18:00:00": {
			"DAM_lmp($/MWh)": 45.31649,
			"RTM_lmp($/MWh)": 14.58009
		},
		"19:00:00": {
			"DAM_lmp($/MWh)": 66.68318,
			"RTM_lmp($/MWh)": 28.33036
		},
		"20:00:00": {
			"DAM_lmp($/MWh)": 67.08036,
			"RTM_lmp($/MWh)": 40.0
		},
		"21:00:00": {
			"DAM_lmp($/MWh)": 51.18311,
			"RTM_lmp($/MWh)": 43.07706
		},
		"22:00:00": {
			"DAM_lmp($/MWh)": 39.80106,
			"RTM_lmp($/MWh)": 32.24723
		},
		"23:00:00": {
			"DAM_lmp($/MWh)": 29.56415,
			"RTM_lmp($/MWh)": 33.16866
		}
	},
	"2023-05-23": {
		"00:00:00": {
			"DAM_lmp($/MWh)": 26.79549,
			"RTM_lmp($/MWh)": 27.89637
		},
		"01:00:00": {
			"DAM_lmp($/MWh)": 22.91811,
			"RTM_lmp($/MWh)": 24.07986
		},
		"02:00:00": {
			"DAM_lmp($/MWh)": 21.11623,
			"RTM_lmp($/MWh)": 19.95895
		},
		"03:00:00": {
			"DAM_lmp($/MWh)": 18.97837,
			"RTM_lmp($/MWh)": 7.08286
		},
		"04:00:00": {
			"DAM_lmp($/MWh)": 22.72939,
			"RTM_lmp($/MWh)": 2.04492
		},
		"05:00:00": {
			"DAM_lmp($/MWh)": 32.32175,
			"RTM_lmp($/MWh)": 65.23987
		},
		"06:00:00": {
			"DAM_lmp($/MWh)": 33.44837,
			"RTM_lmp($/MWh)": 72.0
		},
		"07:00:00": {
			"DAM_lmp($/MWh)": 26.45279,
			"RTM_lmp($/MWh)": 18.0208
		},
		"08:00:00": {
			"DAM_lmp($/MWh)": 20.24048,
			"RTM_lmp($/MWh)": 12.8688
		},
		"09:00:00": {
			"DAM_lmp($/MWh)": 17.67009,
			"RTM_lmp($/MWh)": 12.94
		},
		"10:00:00": {
			"DAM_lmp($/MWh)": 11.90795,
			"RTM_lmp($/MWh)": 15.4
		},
		"11:00:00": {
			"DAM_lmp($/MWh)": 9.76538,
			"RTM_lmp($/MWh)": 18.61474
		},
		"12:00:00": {
			"DAM_lmp($/MWh)": 7.89226,
			"RTM_lmp($/MWh)": 15.675
		},
		"13:00:00": {
			"DAM_lmp($/MWh)": 7.85843,
			"RTM_lmp($/MWh)": 15.90144
		},
		"14:00:00": {
			"DAM_lmp($/MWh)": 9.02474,
			"RTM_lmp($/MWh)": 9.9976
		},
		"15:00:00": {
			"DAM_lmp($/MWh)": 12.09025,
			"RTM_lmp($/MWh)": 4.9988
		},
		"16:00:00": {
			"DAM_lmp($/MWh)": 15.93143,
			"RTM_lmp($/MWh)": 4.95
		},
		"17:00:00": {
			"DAM_lmp($/MWh)": 25.87438,
			"RTM_lmp($/MWh)": 0.0
		},
		"18:00:00": {
			"DAM_lmp($/MWh)": 45.31649,
			"RTM_lmp($/MWh)": 14.58009
		},
		"19:00:00": {
			"DAM_lmp($/MWh)": 66.68318,
			"RTM_lmp($/MWh)": 28.33036
		},
		"20:00:00": {
			"DAM_lmp($/MWh)": 67.08036,
			"RTM_lmp($/MWh)": 40.0
		},
		"21:00:00": {
			"DAM_lmp($/MWh)": 51.18311,
			"RTM_lmp($/MWh)": 43.07706
		},
		"22:00:00": {
			"DAM_lmp($/MWh)": 39.80106,
			"RTM_lmp($/MWh)": 32.24723
		},
		"23:00:00": {
			"DAM_lmp($/MWh)": 29.56415,
			"RTM_lmp($/MWh)": 33.16866
		}
	}
}