{
	"2023-05-22": {
		"00:00:00": {
			"DAM_lmp($/MWh)": 28.01596,
			"RTM_lmp($/MWh)": 27.13657
		},
		"01:00:00": {
			"DAM_lmp($/MWh)": 24.58559,
			"RTM_lmp($/MWh)": 23.60514
		},
		"02:00:00": {
			"DAM_lmp($/MWh)": 23.33984,
			"RTM_lmp($/MWh)": 19.58744
		},
		"03:00:00": {
			"DAM_lmp($/MWh)": 21.60853,
			"RTM_lmp($/MWh)": 5.1931
		},
		"04:00:00": {
			"DAM_lmp($/MWh)": 24.94741,
			"RTM_lmp($/MWh)": 0.97419
		},
		"05:00:00": {
			"DAM_lmp($/MWh)": 32.4874,
			"RTM_lmp($/MWh)": 30.81135
		},
		"06:00:00": {
			"DAM_lmp($/MWh)": 34.02897,
			"RTM_lmp($/MWh)": 72.0
		},
		"07:00:00": {
			"DAM_lmp($/MWh)": 24.35127,
			"RTM_lmp($/MWh)": 18.0208
		},
		"08:00:00": {
			"DAM_lmp($/MWh)": 10.08809,
			"RTM_lmp($/MWh)": 12.8688
		},
		"09:00:00": {
			"DAM_lmp($/MWh)": 7.36338,
			"RTM_lmp($/MWh)": 12.94
		},
		"10:00:00": {
			"DAM_lmp($/MWh)": 5.4077,
			"RTM_lmp($/MWh)": 15.4
		},
		"11:00:00": {
			"DAM_lmp($/MWh)": 4.04838,
			"RTM_lmp($/MWh)": 14.7764
		},
		"12:00:00": {
			"DAM_lmp($/MWh)": 2.056,
			"RTM_lmp($/MWh)": 14.21375
		},
		"13:00:00": {
			"DAM_lmp($/MWh)": 1.59976,
			"RTM_lmp($/MWh)": 14.42603
		},
		"14:00:00": {
			"DAM_lmp($/MWh)": 2.60427,
			"RTM_lmp($/MWh)": 9.9976
		},
		"15:00:00": {
			"DAM_lmp($/MWh)": 5.4811,
			"RTM_lmp($/MWh)": 4.9988
		},
		"16:00:00": {
			"DAM_lmp($/MWh)": 9.70988,
			"RTM_lmp($/MWh)": 4.95
		},
		"17:00:00": {
			"DAM_lmp($/MWh)": 23.11341,
			"RTM_lmp($/MWh)": 0.0
		},
		"18:00:00": {
			"DAM_lmp($/MWh)": 41.18805,
			"RTM_lmp($/MWh)": 13.1992
		},
		"19:00:00": {
			"DAM_lmp($/MWh)": 61.11817,
			"RTM_lmp($/MWh)": 25.92915
		},
		"20:00:00": {
			"DAM_lmp($/MWh)": 61.30638,
			"RTM_lmp($/MWh)": 40.0
		},
		"21:00:00": {
			"DAM_lmp($/MWh)": 47.30431,
			"RTM_lmp($/MWh)": 39.65305
		},
		"22:00:00": {
			"DAM_lmp($/MWh)": 38.31401,
			"RTM_lmp($/MWh)": 30.30221
		},
		"23:00:00": {
			"DAM_lmp($/MWh)": 30.05388,
			"RTM_lmp($/MWh)": 31.63728
		}
	},
	"2023-05-23": {
		"00:00:00": {
			"DAM_lmp($/MWh)": 28.01596,
			"RTM_lmp($/MWh)": 27.13657
		},
		"01:00:00": {
			"DAM_lmp($/MWh)": 24.58559,
			"RTM_lmp($/MWh)": 23.60514
		},
		"02:00:00": {
			"DAM_lmp($/MWh)": 23.33984,
			"RTM_lmp($/MWh)": 19.58744
		},
		"03:00:00": {
			"DAM_lmp($/MWh)": 21.60853,
			"RTM_lmp($/MWh)": 5.1931
		},
		"04:00:00": {
			"DAM_lmp($/MWh)": 24.94741,
			"RTM_lmp($/MWh)": 0.97419
		},
		"05:00:00": {
			"DAM_lmp($/MWh)": 32.4874,
			"RTM_lmp($/MWh)": 30.81135
		},
		"06:00:00": {
			"DAM_lmp($/MWh)": 34.02897,
			"RTM_lmp($/MWh)": 72.0
		},
		"07:00:00": {
			"DAM_lmp($/MWh)": 24.35127,
			"RTM_lmp($/MWh)": 18.0208
		},
		"08:00:00": {
			"DAM_lmp($/MWh)": 10.08809,
			"RTM_lmp($/MWh)": 12.8688
		},
		"09:00:00": {
			"DAM_lmp($/MWh)": 7.36338,
			"RTM_lmp($/MWh)": 12.94
		},
		"10:00:00": {
			"DAM_lmp($/MWh)": 5.4077,
			"RTM_lmp($/MWh)": 15.4
		},
		"11:00:00": {
			"DAM_lmp($/MWh)": 4.04838,
			"RTM_lmp($/MWh)": 14.7764
		},
		"12:00:00": {
			"DAM_lmp($/MWh)": 2.056,
			"RTM_lmp($/MWh)": 14.21375
		},
		"13:00:00": {
			"DAM_lmp($/MWh)": 1.59976,
			"RTM_lmp($/MWh)": 14.42603
		},
		"14:00:00": {
			"DAM_lmp($/MWh)": 2.60427,
			"RTM_lmp($/MWh)": 9.9976
		},
		"15:00:00": {
			"DAM_lmp($/MWh)": 5.4811,
			"RTM_lmp($/MWh)": 4.9988
		},
		"16:00:00": {
			"DAM_lmp($/MWh)": 9.70988,
			"RTM_lmp($/MWh)": 4.95
		},
		"17:00:00": {
			"DAM_lmp($/MWh)": 23.11341,
			"RTM_lmp($/MWh)": 0.0
		},
		"18:00:00": {
			"DAM_lmp($/MWh)": 41.18805,
			"RTM_lmp($/MWh)": 13.1992
		},
		"19:00:00": {
			"DAM_lmp($/MWh)": 61.11817,
			"RTM_lmp($/MWh)": 25.92915
		},
		"20:00:00": {
			"DAM_lmp($/MWh)": 61.30638,
			"RTM_lmp($/MWh)": 40.0
		},
		"21:00:00": {
			"DAM_lmp($/MWh)": 47.30431,
			"RTM_lmp($/MWh)": 39.65305
		},
		"22:00:00": {
			"DAM_lmp($/MWh)": 38.31401,
			"RTM_lmp($/MWh)": 30.30221
		},
		"23:00:00": {
			"DAM_lmp($/MWh)": 30.05388,
			"RTM_lmp($/MWh)": 31.63728
		}
	}
}