{
	"2023-05-22": {
		"00:00:00": {
			"DAM_lmp($/MWh)": 27.23123,
			"RTM_lmp($/MWh)": 27.83092
		},
		"01:00:00": {
			"DAM_lmp($/MWh)": 23.14793,
			"RTM_lmp($/MWh)": 24.01063
		},
		"02:00:00": {
			"DAM_lmp($/MWh)": 21.1529,
			"RTM_lmp($/MWh)": 19.88711
		},
		"03:00:00": {
			"DAM_lmp($/MWh)": 18.97979,
			"RTM_lmp($/MWh)": 7.17397
		},
		"04:00:00": {
			"DAM_lmp($/MWh)": 22.93008,
			"RTM_lmp($/MWh)": 2.08358
		},
		"05:00:00": {
			"DAM_lmp($/MWh)": 32.80993,
			"RTM_lmp($/MWh)": 15.89233
		},
		"06:00:00": {
			"DAM_lmp($/MWh)": 33.84853,
			"RTM_lmp($/MWh)": 72.0
		},
		"07:00:00": {
			"DAM_lmp($/MWh)": 27.07134,
			"RTM_lmp($/MWh)": 18.0208
		},
		"08:00:00": {
			"DAM_lmp($/MWh)": 17.62282,
			"RTM_lmp($/MWh)": 12.8688
		},
		"09:00:00": {
			"DAM_lmp($/MWh)": 15.08255,
			"RTM_lmp($/MWh)": 12.94
		},
		"10:00:00": {
			"DAM_lmp($/MWh)": 10.56114,
			"RTM_lmp($/MWh)": 15.4
		},
		"11:00:00": {
			"DAM_lmp($/MWh)": 8.53257,
			"RTM_lmp($/MWh)": 14.7764
		},
		"12:00:00": {
			"DAM_lmp($/MWh)": 6.51851,
			"RTM_lmp($/MWh)": 15.51025
		},
		"13:00:00": {
			"DAM_lmp($/MWh)": 6.35476,
			"RTM_lmp($/MWh)": 15.70681
		},
		"14:00:00": {
			"DAM_lmp($/MWh)": 7.55541,
			"RTM_lmp($/MWh)": 9.9976
		},
		"15:00:00": {
			"DAM_lmp($/MWh)": 10.72611,
			"RTM_lmp($/MWh)": 4.9988
		},
		"16:00:00": {
			"DAM_lmp($/MWh)": 14.88046,
			"RTM_lmp($/MWh)": 4.95
		},
		"17:00:00": {
			"DAM_lmp($/MWh)": 26.30259,
			"RTM_lmp($/MWh)": 0.0
		},
		"18:00:00": {
			"DAM_lmp($/MWh)": 45.94759,
			"RTM_lmp($/MWh)": 14.48727
		},
		"19:00:00": {
			"DAM_lmp($/MWh)": 67.9888,
			"RTM_lmp($/MWh)": 28.3276
		},
		"20:00:00": {
			"DAM_lmp($/MWh)": 68.23256,
			"RTM_lmp($/MWh)": 40.0
		},
		"21:00:00": {
			"DAM_lmp($/MWh)": 52.32129,
			"RTM_lmp($/MWh)": 43.1484
		},
		"22:00:00": {
			"DAM_lmp($/MWh)": 40.58865,
			"RTM_lmp($/MWh)": 32.33318
		},
		"23:00:00": {
			"DAM_lmp($/MWh)": 30.02532,
			"RTM_lmp($/MWh)": 33.22513
		}
	},
	"2023-05-23": {
		"00:00:00": {
			"DAM_lmp($/MWh)": 27.23123,
			"RTM_lmp($/MWh)": 27.83092
		},
		"01:00:00": {
			"DAM_lmp($/MWh)": 23.14793,
			"RTM_lmp($/MWh)": 24.01063
		},
		"02:00:00": {
			"DAM_lmp($/MWh)": 21.1529,
			"RTM_lmp($/MWh)": 19.88711
		},
		"03:00:00": {
			"DAM_lmp($/MWh)": 18.97979,
			"RTM_lmp($/MWh)": 7.17397
		},
		"04:00:00": {
			"DAM_lmp($/MWh)": 22.93008,
			"RTM_lmp($/MWh)": 2.08358
		},
		"05:00:00": {
			"DAM_lmp($/MWh)": 32.80993,
			"RTM_lmp($/MWh)": 15.89233
		},
		"06:00:00": {
			"DAM_lmp($/MWh)": 33.84853,
			"RTM_lmp($/MWh)": 72.0
		},
		"07:00:00": {
			"DAM_lmp($/MWh)": 27.07134,
			"RTM_lmp($/MWh)": 18.0208
		},
		"08:00:00": {
			"DAM_lmp($/MWh)": 17.62282,
			"RTM_lmp($/MWh)": 12.8688
		},
		"09:00:00": {
			"DAM_lmp($/MWh)": 15.08255,
			"RTM_lmp($/MWh)": 12.94
		},
		"10:00:00": {
			"DAM_lmp($/MWh)": 10.56114,
			"RTM_lmp($/MWh)": 15.4
		},
		"11:00:00": {
			"DAM_lmp($/MWh)": 8.53257,
			"RTM_lmp($/MWh)": 14.7764
		},
		"12:00:00": {
			"DAM_lmp($/MWh)": 6.51851,
			"RTM_lmp($/MWh)": 15.51025
		},
		"13:00:00": {
			"DAM_lmp($/MWh)": 6.35476,
			"RTM_lmp($/MWh)": 15.70681
		},
		"14:00:00": {
			"DAM_lmp($/MWh)": 7.55541,
			"RTM_lmp($/MWh)": 9.9976
		},
		"15:00:00": {
			"DAM_lmp($/MWh)": 10.72611,
			"RTM_lmp($/MWh)": 4.9988
		},
		"16:00:00": {
			"DAM_lmp($/MWh)": 14.88046,
			"RTM_lmp($/MWh)": 4.95
		},
		"17:00:00": {
			"DAM_lmp($/MWh)": 26.30259,
			"RTM_lmp($/MWh)": 0.0
		},
		"18:00:00": {
			"DAM_lmp($/MWh)": 45.94759,
			"RTM_lmp($/MWh)": 14.48727
		},
		"19:00:00": {
			"DAM_lmp($/MWh)": 67.9888,
			"RTM_lmp($/MWh)": 28.3276
		},
		"20:00:00": {
			"DAM_lmp($/MWh)": 68.23256,
			"RTM_lmp($/MWh)": 40.0
		},
		"21:00:00": {
			"DAM_lmp($/MWh)": 52.32129,
			"RTM_lmp($/MWh)": 43.1484
		},
		"22:00:00": {
			"DAM_lmp($/MWh)": 40.58865,
			"RTM_lmp($/MWh)": 32.33318
		},
		"23:00:00": {
			"DAM_lmp($/MWh)": 30.02532,
			"RTM_lmp($/MWh)": 33.22513
		}
	}
}