{
	"2023-05-22": {
		"00:00:00": {
			"DAM_lmp($/MWh)": 29.53465,
			"RTM_lmp($/MWh)": 28.35169
		},
		"01:00:00": {
			"DAM_lmp($/MWh)": 25.81655,
			"RTM_lmp($/MWh)": 24.90815
		},
		"02:00:00": {
			"DAM_lmp($/MWh)": 24.53436,
			"RTM_lmp($/MWh)": 20.63013
		},
		"03:00:00": {
			"DAM_lmp($/MWh)": 22.71567,
			"RTM_lmp($/MWh)": 22.64805
		},
		"04:00:00": {
			"DAM_lmp($/MWh)": 26.43009,
			"RTM_lmp($/MWh)": 20.10413
		},
		"05:00:00": {
			"DAM_lmp($/MWh)": 34.32902,
			"RTM_lmp($/MWh)": 30.81135
		},
		"06:00:00": {
			"DAM_lmp($/MWh)": 35.41762,
			"RTM_lmp($/MWh)": 72.0
		},
		"07:00:00": {
			"DAM_lmp($/MWh)": 24.64372,
			"RTM_lmp($/MWh)": 18.0208
		},
		"08:00:00": {
			"DAM_lmp($/MWh)": 10.80701,
			"RTM_lmp($/MWh)": 12.8688
		},
		"09:00:00": {
			"DAM_lmp($/MWh)": 9.01591,
			"RTM_lmp($/MWh)": 12.94
		},
		"10:00:00": {
			"DAM_lmp($/MWh)": 6.66151,
			"RTM_lmp($/MWh)": 15.4
		},
		"11:00:00": {
			"DAM_lmp($/MWh)": 4.4142,
			"RTM_lmp($/MWh)": 14.7764
		},
		"12:00:00": {
			"DAM_lmp($/MWh)": 3.46849,
			"RTM_lmp($/MWh)": 14.78193
		},
		"13:00:00": {
			"DAM_lmp($/MWh)": 3.20888,
			"RTM_lmp($/MWh)": 15.11508
		},
		"14:00:00": {
			"DAM_lmp($/MWh)": 4.54158,
			"RTM_lmp($/MWh)": 9.9976
		},
		"15:00:00": {
			"DAM_lmp($/MWh)": 7.28534,
			"RTM_lmp($/MWh)": 4.9988
		},
		"16:00:00": {
			"DAM_lmp($/MWh)": 11.25528,
			"RTM_lmp($/MWh)": 4.95
		},
		"17:00:00": {
			"DAM_lmp($/MWh)": 23.72088,
			"RTM_lmp($/MWh)": 0.0
		},
		"18:00:00": {
			"DAM_lmp($/MWh)": 42.05581,
			"RTM_lmp($/MWh)": 13.9432
		},
		"19:00:00": {
			"DAM_lmp($/MWh)": 62.33976,
			"RTM_lmp($/MWh)": 26.49576
		},
		"20:00:00": {
			"DAM_lmp($/MWh)": 62.14788,
			"RTM_lmp($/MWh)": 40.0
		},
		"21:00:00": {
			"DAM_lmp($/MWh)": 48.00319,
			"RTM_lmp($/MWh)": 40.16078
		},
		"22:00:00": {
			"DAM_lmp($/MWh)": 39.64102,
			"RTM_lmp($/MWh)": 31.01209
		},
		"23:00:00": {
			"DAM_lmp($/MWh)": 31.49921,
			"RTM_lmp($/MWh)": 32.9162
		}
	},
	"2023-05-23": {
		"00:00:00": {
			"DAM_lmp($/MWh)": 29.53465,
			"RTM_lmp($/MWh)": 28.35169
		},
		"01:00:00": {
			"DAM_lmp($/MWh)": 25.81655,
			"RTM_lmp($/MWh)": 24.90815
		},
		"02:00:00": {
			"DAM_lmp($/MWh)": 24.53436,
			"RTM_lmp($/MWh)": 20.63013
		},
		"03:00:00": {
			"DAM_lmp($/MWh)": 22.71567,
			"RTM_lmp($/MWh)": 22.64805
		},
		"04:00:00": {
			"DAM_lmp($/MWh)": 26.43009,
			"RTM_lmp($/MWh)": 20.10413
		},
		"05:00:00": {
			"DAM_lmp($/MWh)": 34.32902,
			"RTM_lmp($/MWh)": 30.81135
		},
		"06:00:00": {
			"DAM_lmp($/MWh)": 35.41762,
			"RTM_lmp($/MWh)": 72.0
		},
		"07:00:00": {
			"DAM_lmp($/MWh)": 24.64372,
			"RTM_lmp($/MWh)": 18.0208
		},
		"08:00:00": {
			"DAM_lmp($/MWh)": 10.80701,
			"RTM_lmp($/MWh)": 12.8688
		},
		"09:00:00": {
			"DAM_lmp($/MWh)": 9.01591,
			"RTM_lmp($/MWh)": 12.94
		},
		"10:00:00": {
			"DAM_lmp($/MWh)": 6.66151,
			"RTM_lmp($/MWh)": 15.4
		},
		"11:00:00": {
			"DAM_lmp($/MWh)": 4.4142,
			"RTM_lmp($/MWh)": 14.7764
		},
		"12:00:00": {
			"DAM_lmp($/MWh)": 3.46849,
			"RTM_lmp($/MWh)": 14.78193
		},
		"13:00:00": {
			"DAM_lmp($/MWh)": 3.20888,
			"RTM_lmp($/MWh)": 15.11508
		},
		"14:00:00": {
			"DAM_lmp($/MWh)": 4.54158,
			"RTM_lmp($/MWh)": 9.9976
		},
		"15:00:00": {
			"DAM_lmp($/MWh)": 7.28534,
			"RTM_lmp($/MWh)": 4.9988
		},
		"16:00:00": {
			"DAM_lmp($/MWh)": 11.25528,
			"RTM_lmp($/MWh)": 4.95
		},
		"17:00:00": {
			"DAM_lmp($/MWh)": 23.72088,
			"RTM_lmp($/MWh)": 0.0
		},
		"18:00:00": {
			"DAM_lmp($/MWh)": 42.05581,
			"RTM_lmp($/MWh)": 13.9432
		},
		"19:00:00": {
			"DAM_lmp($/MWh)": 62.33976,
			"RTM_lmp($/MWh)": 26.49576
		},
		"20:00:00": {
			"DAM_lmp($/MWh)": 62.14788,
			"RTM_lmp($/MWh)": 40.0
		},
		"21:00:00": {
			"DAM_lmp($/MWh)": 48.00319,
			"RTM_lmp($/MWh)": 40.16078
		},
		"22:00:00": {
			"DAM_lmp($/MWh)": 39.64102,
			"RTM_lmp($/MWh)": 31.01209
		},
		"23:00:00": {
			"DAM_lmp($/MWh)": 31.49921,
			"RTM_lmp($/MWh)": 32.9162
		}
	}
}