{
	"2023-05-22": {
		"00:00:00": {
			"DAM_lmp($/MWh)": 31.70976,
			"RTM_lmp($/MWh)": 28.25493
		},
		"01:00:00": {
			"DAM_lmp($/MWh)": 28.56913,
			"RTM_lmp($/MWh)": 24.37656
		},
		"02:00:00": {
			"DAM_lmp($/MWh)": 28.08831,
			"RTM_lmp($/MWh)": 20.22578
		},
		"03:00:00": {
			"DAM_lmp($/MWh)": 26.72939,
			"RTM_lmp($/MWh)": 6.35491
		},
		"04:00:00": {
			"DAM_lmp($/MWh)": 29.49631,
			"RTM_lmp($/MWh)": 1.62817
		},
		"05:00:00": {
			"DAM_lmp($/MWh)": 35.00029,
			"RTM_lmp($/MWh)": 30.81135
		},
		"06:00:00": {
			"DAM_lmp($/MWh)": 37.90657,
			"RTM_lmp($/MWh)": 72.0
		},
		"07:00:00": {
			"DAM_lmp($/MWh)": 24.77572,
			"RTM_lmp($/MWh)": 18.0208
		},
		"08:00:00": {
			"DAM_lmp($/MWh)": 7.55093,
			"RTM_lmp($/MWh)": 12.8688
		},
		"09:00:00": {
			"DAM_lmp($/MWh)": 4.48966,
			"RTM_lmp($/MWh)": 12.94
		},
		"10:00:00": {
			"DAM_lmp($/MWh)": 3.75076,
			"RTM_lmp($/MWh)": 15.4
		},
		"11:00:00": {
			"DAM_lmp($/MWh)": 2.56218,
			"RTM_lmp($/MWh)": -1.39947
		},
		"12:00:00": {
			"DAM_lmp($/MWh)": 0.448,
			"RTM_lmp($/MWh)": 13.83188
		},
		"13:00:00": {
			"DAM_lmp($/MWh)": -0.14551,
			"RTM_lmp($/MWh)": 14.01323
		},
		"14:00:00": {
			"DAM_lmp($/MWh)": 0.8559,
			"RTM_lmp($/MWh)": 9.9976
		},
		"15:00:00": {
			"DAM_lmp($/MWh)": 3.84749,
			"RTM_lmp($/MWh)": 4.9988
		},
		"16:00:00": {
			"DAM_lmp($/MWh)": 8.33835,
			"RTM_lmp($/MWh)": 4.95
		},
		"17:00:00": {
			"DAM_lmp($/MWh)": 23.44951,
			"RTM_lmp($/MWh)": 0.0
		},
		"18:00:00": {
			"DAM_lmp($/MWh)": 41.81915,
			"RTM_lmp($/MWh)": 13.23061
		},
		"19:00:00": {
			"DAM_lmp($/MWh)": 61.90025,
			"RTM_lmp($/MWh)": 26.57827
		},
		"20:00:00": {
			"DAM_lmp($/MWh)": 62.17377,
			"RTM_lmp($/MWh)": 40.0
		},
		"21:00:00": {
			"DAM_lmp($/MWh)": 48.11801,
			"RTM_lmp($/MWh)": 41.45737
		},
		"22:00:00": {
			"DAM_lmp($/MWh)": 40.22347,
			"RTM_lmp($/MWh)": 31.66468
		},
		"23:00:00": {
			"DAM_lmp($/MWh)": 34.38727,
			"RTM_lmp($/MWh)": 32.72353
		}
	},
	"2023-05-23": {
		"00:00:00": {
			"DAM_lmp($/MWh)": 31.70976,
			"RTM_lmp($/MWh)": 28.25493
		},
		"01:00:00": {
			"DAM_lmp($/MWh)": 28.56913,
			"RTM_lmp($/MWh)": 24.37656
		},
		"02:00:00": {
			"DAM_lmp($/MWh)": 28.08831,
			"RTM_lmp($/MWh)": 20.22578
		},
		"03:00:00": {
			"DAM_lmp($/MWh)": 26.72939,
			"RTM_lmp($/MWh)": 6.35491
		},
		"04:00:00": {
			"DAM_lmp($/MWh)": 29.49631,
			"RTM_lmp($/MWh)": 1.62817
		},
		"05:00:00": {
			"DAM_lmp($/MWh)": 35.00029,
			"RTM_lmp($/MWh)": 30.81135
		},
		"06:00:00": {
			"DAM_lmp($/MWh)": 37.90657,
			"RTM_lmp($/MWh)": 72.0
		},
		"07:00:00": {
			"DAM_lmp($/MWh)": 24.77572,
			"RTM_lmp($/MWh)": 18.0208
		},
		"08:00:00": {
			"DAM_lmp($/MWh)": 7.55093,
			"RTM_lmp($/MWh)": 12.8688
		},
		"09:00:00": {
			"DAM_lmp($/MWh)": 4.48966,
			"RTM_lmp($/MWh)": 12.94
		},
		"10:00:00": {
			"DAM_lmp($/MWh)": 3.75076,
			"RTM_lmp($/MWh)": 15.4
		},
		"11:00:00": {
			"DAM_lmp($/MWh)": 2.56218,
			"RTM_lmp($/MWh)": -1.39947
		},
		"12:00:00": {
			"DAM_lmp($/MWh)": 0.448,
			"RTM_lmp($/MWh)": 13.83188
		},
		"13:00:00": {
			"DAM_lmp($/MWh)": -0.14551,
			"RTM_lmp($/MWh)": 14.01323
		},
		"14:00:00": {
			"DAM_lmp($/MWh)": 0.8559,
			"RTM_lmp($/MWh)": 9.9976
		},
		"15:00:00": {
			"DAM_lmp($/MWh)": 3.84749,
			"RTM_lmp($/MWh)": 4.9988
		},
		"16:00:00": {
			"DAM_lmp($/MWh)": 8.33835,
			"RTM_lmp($/MWh)": 4.95
		},
		"17:00:00": {
			"DAM_lmp($/MWh)": 23.44951,
			"RTM_lmp($/MWh)": 0.0
		},
		"18:00:00": {
			"DAM_lmp($/MWh)": 41.81915,
			"RTM_lmp($/MWh)": 13.23061
		},
		"19:00:00": {
			"DAM_lmp($/MWh)": 61.90025,
			"RTM_lmp($/MWh)": 26.57827
		},
		"20:00:00": {
			"DAM_lmp($/MWh)": 62.17377,
			"RTM_lmp($/MWh)": 40.0
		},
		"21:00:00": {
			"DAM_lmp($/MWh)": 48.11801,
			"RTM_lmp($/MWh)": 41.45737
		},
		"22:00:00": {
			"DAM_lmp($/MWh)": 40.22347,
			"RTM_lmp($/MWh)": 31.66468
		},
		"23:00:00": {
			"DAM_lmp($/MWh)": 34.38727,
			"RTM_lmp($/MWh)": 32.72353
		}
	}
}