{
	"2023-05-22": {
		"00:00:00": {
			"DAM_lmp($/MWh)": 22.16816,
			"RTM_lmp($/MWh)": 25.78487
		},
		"01:00:00": {
			"DAM_lmp($/MWh)": 18.19841,
			"RTM_lmp($/MWh)": 22.21064
		},
		"02:00:00": {
			"DAM_lmp($/MWh)": 15.6282,
			"RTM_lmp($/MWh)": 18.38875
		},
		"03:00:00": {
			"DAM_lmp($/MWh)": 13.31153,
			"RTM_lmp($/MWh)": 6.57326
		},
		"04:00:00": {
			"DAM_lmp($/MWh)": 17.41805,
			"RTM_lmp($/MWh)": 1.97585
		},
		"05:00:00": {
			"DAM_lmp($/MWh)": 28.44095,
			"RTM_lmp($/MWh)": 30.81135
		},
		"06:00:00": {
			"DAM_lmp($/MWh)": 28.01637,
			"RTM_lmp($/MWh)": 72.0
		},
		"07:00:00": {
			"DAM_lmp($/MWh)": 24.72913,
			"RTM_lmp($/MWh)": 18.0208
		},
		"08:00:00": {
			"DAM_lmp($/MWh)": 12.42571,
			"RTM_lmp($/MWh)": 12.8688
		},
		"09:00:00": {
			"DAM_lmp($/MWh)": 10.04412,
			"RTM_lmp($/MWh)": 12.94
		},
		"10:00:00": {
			"DAM_lmp($/MWh)": 7.17699,
			"RTM_lmp($/MWh)": 15.4
		},
		"11:00:00": {
			"DAM_lmp($/MWh)": 5.38591,
			"RTM_lmp($/MWh)": 14.7764
		},
		"12:00:00": {
			"DAM_lmp($/MWh)": 3.84109,
			"RTM_lmp($/MWh)": 14.23684
		},
		"13:00:00": {
			"DAM_lmp($/MWh)": 3.52197,
			"RTM_lmp($/MWh)": 14.49352
		},
		"14:00:00": {
			"DAM_lmp($/MWh)": 4.58537,
			"RTM_lmp($/MWh)": 9.9976
		},
		"15:00:00": {
			"DAM_lmp($/MWh)": 7.4373,
			"RTM_lmp($/MWh)": 4.9988
		},
		"16:00:00": {
			"DAM_lmp($/MWh)": 11.5844,
			"RTM_lmp($/MWh)": 4.95
		},
		"17:00:00": {
			"DAM_lmp($/MWh)": 23.75573,
			"RTM_lmp($/MWh)": 0.0
		},
		"18:00:00": {
			"DAM_lmp($/MWh)": 43.13026,
			"RTM_lmp($/MWh)": 13.11209
		},
		"19:00:00": {
			"DAM_lmp($/MWh)": 63.83822,
			"RTM_lmp($/MWh)": 25.86039
		},
		"20:00:00": {
			"DAM_lmp($/MWh)": 63.74472,
			"RTM_lmp($/MWh)": 40.0
		},
		"21:00:00": {
			"DAM_lmp($/MWh)": 48.26037,
			"RTM_lmp($/MWh)": 39.18729
		},
		"22:00:00": {
			"DAM_lmp($/MWh)": 36.4649,
			"RTM_lmp($/MWh)": 29.52866
		},
		"23:00:00": {
			"DAM_lmp($/MWh)": 25.47559,
			"RTM_lmp($/MWh)": 30.5444
		}
	},
	"2023-05-23": {
		"00:00:00": {
			"DAM_lmp($/MWh)": 22.16816,
			"RTM_lmp($/MWh)": 25.78487
		},
		"01:00:00": {
			"DAM_lmp($/MWh)": 18.19841,
			"RTM_lmp($/MWh)": 22.21064
		},
		"02:00:00": {
			"DAM_lmp($/MWh)": 15.6282,
			"RTM_lmp($/MWh)": 18.38875
		},
		"03:00:00": {
			"DAM_lmp($/MWh)": 13.31153,
			"RTM_lmp($/MWh)": 6.57326
		},
		"04:00:00": {
			"DAM_lmp($/MWh)": 17.41805,
			"RTM_lmp($/MWh)": 1.97585
		},
		"05:00:00": {
			"DAM_lmp($/MWh)": 28.44095,
			"RTM_lmp($/MWh)": 30.81135
		},
		"06:00:00": {
			"DAM_lmp($/MWh)": 28.01637,
			"RTM_lmp($/MWh)": 72.0
		},
		"07:00:00": {
			"DAM_lmp($/MWh)": 24.72913,
			"RTM_lmp($/MWh)": 18.0208
		},
		"08:00:00": {
			"DAM_lmp($/MWh)": 12.42571,
			"RTM_lmp($/MWh)": 12.8688
		},
		"09:00:00": {
			"DAM_lmp($/MWh)": 10.04412,
			"RTM_lmp($/MWh)": 12.94
		},
		"10:00:00": {
			"DAM_lmp($/MWh)": 7.17699,
			"RTM_lmp($/MWh)": 15.4
		},
		"11:00:00": {
			"DAM_lmp($/MWh)": 5.38591,
			"RTM_lmp($/MWh)": 14.7764
		},
		"12:00:00": {
			"DAM_lmp($/MWh)": 3.84109,
			"RTM_lmp($/MWh)": 14.23684
		},
		"13:00:00": {
			"DAM_lmp($/MWh)": 3.52197,
			"RTM_lmp($/MWh)": 14.49352
		},
		"14:00:00": {
			"DAM_lmp($/MWh)": 4.58537,
			"RTM_lmp($/MWh)": 9.9976
		},
		"15:00:00": {
			"DAM_lmp($/MWh)": 7.4373,
			"RTM_lmp($/MWh)": 4.9988
		},
		"16:00:00": {
			"DAM_lmp($/MWh)": 11.5844,
			"RTM_lmp($/MWh)": 4.95
		},
		"17:00:00": {
			"DAM_lmp($/MWh)": 23.75573,
			"RTM_lmp($/MWh)": 0.0
		},
		"18:00:00": {
			"DAM_lmp($/MWh)": 43.13026,
			"RTM_lmp($/MWh)": 13.11209
		},
		"19:00:00": {
			"DAM_lmp($/MWh)": 63.83822,
			"RTM_lmp($/MWh)": 25.86039
		},
		"20:00:00": {
			"DAM_lmp($/MWh)": 63.74472,
			"RTM_lmp($/MWh)": 40.0
		},
		"21:00:00": {
			"DAM_lmp($/MWh)": 48.26037,
			"RTM_lmp($/MWh)": 39.18729
		},
		"22:00:00": {
			"DAM_lmp($/MWh)": 36.4649,
			"RTM_lmp($/MWh)": 29.52866
		},
		"23:00:00": {
			"DAM_lmp($/MWh)": 25.47559,
			"RTM_lmp($/MWh)": 30.5444
		}
	}
}