{
	"2023-05-22": {
		"00:00:00": {
			"DAM_lmp($/MWh)": 21.05448,
			"RTM_lmp($/MWh)": 26.17473
		},
		"01:00:00": {
			"DAM_lmp($/MWh)": 17.01159,
			"RTM_lmp($/MWh)": 22.50981
		},
		"02:00:00": {
			"DAM_lmp($/MWh)": 14.13782,
			"RTM_lmp($/MWh)": 18.63711
		},
		"03:00:00": {
			"DAM_lmp($/MWh)": 11.64644,
			"RTM_lmp($/MWh)": 6.61377
		},
		"04:00:00": {
			"DAM_lmp($/MWh)": 15.95232,
			"RTM_lmp($/MWh)": 1.89137
		},
		"05:00:00": {
			"DAM_lmp($/MWh)": 27.81202,
			"RTM_lmp($/MWh)": 30.81135
		},
		"06:00:00": {
			"DAM_lmp($/MWh)": 26.74727,
			"RTM_lmp($/MWh)": 72.0
		},
		"07:00:00": {
			"DAM_lmp($/MWh)": 24.89477,
			"RTM_lmp($/MWh)": 18.0208
		},
		"08:00:00": {
			"DAM_lmp($/MWh)": 12.52502,
			"RTM_lmp($/MWh)": 12.8688
		},
		"09:00:00": {
			"DAM_lmp($/MWh)": 10.12255,
			"RTM_lmp($/MWh)": 12.94
		},
		"10:00:00": {
			"DAM_lmp($/MWh)": 7.2499,
			"RTM_lmp($/MWh)": 15.4
		},
		"11:00:00": {
			"DAM_lmp($/MWh)": 5.42845,
			"RTM_lmp($/MWh)": 14.7764
		},
		"12:00:00": {
			"DAM_lmp($/MWh)": 3.86927,
			"RTM_lmp($/MWh)": 14.38158
		},
		"13:00:00": {
			"DAM_lmp($/MWh)": 3.54767,
			"RTM_lmp($/MWh)": 14.59241
		},
		"14:00:00": {
			"DAM_lmp($/MWh)": 4.6401,
			"RTM_lmp($/MWh)": 9.9976
		},
		"15:00:00": {
			"DAM_lmp($/MWh)": 7.54143,
			"RTM_lmp($/MWh)": 4.9988
		},
		"16:00:00": {
			"DAM_lmp($/MWh)": 11.76252,
			"RTM_lmp($/MWh)": 4.95
		},
		"17:00:00": {
			"DAM_lmp($/MWh)": 24.21382,
			"RTM_lmp($/MWh)": 0.0
		},
		"18:00:00": {
			"DAM_lmp($/MWh)": 44.11704,
			"RTM_lmp($/MWh)": 13.41769
		},
		"19:00:00": {
			"DAM_lmp($/MWh)": 65.28546,
			"RTM_lmp($/MWh)": 26.1932
		},
		"20:00:00": {
			"DAM_lmp($/MWh)": 65.0904,
			"RTM_lmp($/MWh)": 40.0
		},
		"21:00:00": {
			"DAM_lmp($/MWh)": 49.24215,
			"RTM_lmp($/MWh)": 39.44745
		},
		"22:00:00": {
			"DAM_lmp($/MWh)": 36.6649,
			"RTM_lmp($/MWh)": 29.89474
		},
		"23:00:00": {
			"DAM_lmp($/MWh)": 24.80612,
			"RTM_lmp($/MWh)": 30.89983
		}
	},
	"2023-05-23": {
		"00:00:00": {
			"DAM_lmp($/MWh)": 21.05448,
			"RTM_lmp($/MWh)": 26.17473
		},
		"01:00:00": {
			"DAM_lmp($/MWh)": 17.01159,
			"RTM_lmp($/MWh)": 22.50981
		},
		"02:00:00": {
			"DAM_lmp($/MWh)": 14.13782,
			"RTM_lmp($/MWh)": 18.63711
		},
		"03:00:00": {
			"DAM_lmp($/MWh)": 11.64644,
			"RTM_lmp($/MWh)": 6.61377
		},
		"04:00:00": {
			"DAM_lmp($/MWh)": 15.95232,
			"RTM_lmp($/MWh)": 1.89137
		},
		"05:00:00": {
			"DAM_lmp($/MWh)": 27.81202,
			"RTM_lmp($/MWh)": 30.81135
		},
		"06:00:00": {
			"DAM_lmp($/MWh)": 26.74727,
			"RTM_lmp($/MWh)": 72.0
		},
		"07:00:00": {
			"DAM_lmp($/MWh)": 24.89477,
			"RTM_lmp($/MWh)": 18.0208
		},
		"08:00:00": {
			"DAM_lmp($/MWh)": 12.52502,
			"RTM_lmp($/MWh)": 12.8688
		},
		"09:00:00": {
			"DAM_lmp($/MWh)": 10.12255,
			"RTM_lmp($/MWh)": 12.94
		},
		"10:00:00": {
			"DAM_lmp($/MWh)": 7.2499,
			"RTM_lmp($/MWh)": 15.4
		},
		"11:00:00": {
			"DAM_lmp($/MWh)": 5.42845,
			"RTM_lmp($/MWh)": 14.7764
		},
		"12:00:00": {
			"DAM_lmp($/MWh)": 3.86927,
			"RTM_lmp($/MWh)": 14.38158
		},
		"13:00:00": {
			"DAM_lmp($/MWh)": 3.54767,
			"RTM_lmp($/MWh)": 14.59241
		},
		"14:00:00": {
			"DAM_lmp($/MWh)": 4.6401,
			"RTM_lmp($/MWh)": 9.9976
		},
		"15:00:00": {
			"DAM_lmp($/MWh)": 7.54143,
			"RTM_lmp($/MWh)": 4.9988
		},
		"16:00:00": {
			"DAM_lmp($/MWh)": 11.76252,
			"RTM_lmp($/MWh)": 4.95
		},
		"17:00:00": {
			"DAM_lmp($/MWh)": 24.21382,
			"RTM_lmp($/MWh)": 0.0
		},
		"18:00:00": {
			"DAM_lmp($/MWh)": 44.11704,
			"RTM_lmp($/MWh)": 13.41769
		},
		"19:00:00": {
			"DAM_lmp($/MWh)": 65.28546,
			"RTM_lmp($/MWh)": 26.1932
		},
		"20:00:00": {
			"DAM_lmp($/MWh)": 65.0904,
			"RTM_lmp($/MWh)": 40.0
		},
		"21:00:00": {
			"DAM_lmp($/MWh)": 49.24215,
			"RTM_lmp($/MWh)": 39.44745
		},
		"22:00:00": {
			"DAM_lmp($/MWh)": 36.6649,
			"RTM_lmp($/MWh)": 29.89474
		},
		"23:00:00": {
			"DAM_lmp($/MWh)": 24.80612,
			"RTM_lmp($/MWh)": 30.89983
		}
	}
}