{
	"2023-05-22": {
		"00:00:00": {
			"DAM_lmp($/MWh)": 28.01301,
			"RTM_lmp($/MWh)": 27.13373
		},
		"01:00:00": {
			"DAM_lmp($/MWh)": 24.583,
			"RTM_lmp($/MWh)": 23.60266
		},
		"02:00:00": {
			"DAM_lmp($/MWh)": 23.33738,
			"RTM_lmp($/MWh)": 19.58744
		},
		"03:00:00": {
			"DAM_lmp($/MWh)": 21.60626,
			"RTM_lmp($/MWh)": 5.19163
		},
		"04:00:00": {
			"DAM_lmp($/MWh)": 24.94478,
			"RTM_lmp($/MWh)": 0.97419
		},
		"05:00:00": {
			"DAM_lmp($/MWh)": 32.48397,
			"RTM_lmp($/MWh)": 30.81135
		},
		"06:00:00": {
			"DAM_lmp($/MWh)": 34.02178,
			"RTM_lmp($/MWh)": 72.0
		},
		"07:00:00": {
			"DAM_lmp($/MWh)": 24.34868,
			"RTM_lmp($/MWh)": 18.0208
		},
		"08:00:00": {
			"DAM_lmp($/MWh)": 10.08809,
			"RTM_lmp($/MWh)": 12.8688
		},
		"09:00:00": {
			"DAM_lmp($/MWh)": 7.36447,
			"RTM_lmp($/MWh)": 12.94
		},
		"10:00:00": {
			"DAM_lmp($/MWh)": 5.40847,
			"RTM_lmp($/MWh)": 15.4
		},
		"11:00:00": {
			"DAM_lmp($/MWh)": 4.04838,
			"RTM_lmp($/MWh)": 14.7764
		},
		"12:00:00": {
			"DAM_lmp($/MWh)": 2.056,
			"RTM_lmp($/MWh)": 14.21375
		},
		"13:00:00": {
			"DAM_lmp($/MWh)": 1.59976,
			"RTM_lmp($/MWh)": 14.42603
		},
		"14:00:00": {
			"DAM_lmp($/MWh)": 2.60475,
			"RTM_lmp($/MWh)": 9.9976
		},
		"15:00:00": {
			"DAM_lmp($/MWh)": 5.48187,
			"RTM_lmp($/MWh)": 4.9988
		},
		"16:00:00": {
			"DAM_lmp($/MWh)": 9.71108,
			"RTM_lmp($/MWh)": 4.95
		},
		"17:00:00": {
			"DAM_lmp($/MWh)": 23.10843,
			"RTM_lmp($/MWh)": 0.0
		},
		"18:00:00": {
			"DAM_lmp($/MWh)": 41.18367,
			"RTM_lmp($/MWh)": 13.19634
		},
		"19:00:00": {
			"DAM_lmp($/MWh)": 61.10525,
			"RTM_lmp($/MWh)": 25.9264
		},
		"20:00:00": {
			"DAM_lmp($/MWh)": 61.29344,
			"RTM_lmp($/MWh)": 40.0
		},
		"21:00:00": {
			"DAM_lmp($/MWh)": 47.29932,
			"RTM_lmp($/MWh)": 39.65305
		},
		"22:00:00": {
			"DAM_lmp($/MWh)": 38.31401,
			"RTM_lmp($/MWh)": 30.30221
		},
		"23:00:00": {
			"DAM_lmp($/MWh)": 30.05071,
			"RTM_lmp($/MWh)": 31.63728
		}
	},
	"2023-05-23": {
		"00:00:00": {
			"DAM_lmp($/MWh)": 28.01301,
			"RTM_lmp($/MWh)": 27.13373
		},
		"01:00:00": {
			"DAM_lmp($/MWh)": 24.583,
			"RTM_lmp($/MWh)": 23.60266
		},
		"02:00:00": {
			"DAM_lmp($/MWh)": 23.33738,
			"RTM_lmp($/MWh)": 19.58744
		},
		"03:00:00": {
			"DAM_lmp($/MWh)": 21.60626,
			"RTM_lmp($/MWh)": 5.19163
		},
		"04:00:00": {
			"DAM_lmp($/MWh)": 24.94478,
			"RTM_lmp($/MWh)": 0.97419
		},
		"05:00:00": {
			"DAM_lmp($/MWh)": 32.48397,
			"RTM_lmp($/MWh)": 30.81135
		},
		"06:00:00": {
			"DAM_lmp($/MWh)": 34.02178,
			"RTM_lmp($/MWh)": 72.0
		},
		"07:00:00": {
			"DAM_lmp($/MWh)": 24.34868,
			"RTM_lmp($/MWh)": 18.0208
		},
		"08:00:00": {
			"DAM_lmp($/MWh)": 10.08809,
			"RTM_lmp($/MWh)": 12.8688
		},
		"09:00:00": {
			"DAM_lmp($/MWh)": 7.36447,
			"RTM_lmp($/MWh)": 12.94
		},
		"10:00:00": {
			"DAM_lmp($/MWh)": 5.40847,
			"RTM_lmp($/MWh)": 15.4
		},
		"11:00:00": {
			"DAM_lmp($/MWh)": 4.04838,
			"RTM_lmp($/MWh)": 14.7764
		},
		"12:00:00": {
			"DAM_lmp($/MWh)": 2.056,
			"RTM_lmp($/MWh)": 14.21375
		},
		"13:00:00": {
			"DAM_lmp($/MWh)": 1.59976,
			"RTM_lmp($/MWh)": 14.42603
		},
		"14:00:00": {
			"DAM_lmp($/MWh)": 2.60475,
			"RTM_lmp($/MWh)": 9.9976
		},
		"15:00:00": {
			"DAM_lmp($/MWh)": 5.48187,
			"RTM_lmp($/MWh)": 4.9988
		},
		"16:00:00": {
			"DAM_lmp($/MWh)": 9.71108,
			"RTM_lmp($/MWh)": 4.95
		},
		"17:00:00": {
			"DAM_lmp($/MWh)": 23.10843,
			"RTM_lmp($/MWh)": 0.0
		},
		"18:00:00": {
			"DAM_lmp($/MWh)": 41.18367,
			"RTM_lmp($/MWh)": 13.19634
		},
		"19:00:00": {
			"DAM_lmp($/MWh)": 61.10525,
			"RTM_lmp($/MWh)": 25.9264
		},
		"20:00:00": {
			"DAM_lmp($/MWh)": 61.29344,
			"RTM_lmp($/MWh)": 40.0
		},
		"21:00:00": {
			"DAM_lmp($/MWh)": 47.29932,
			"RTM_lmp($/MWh)": 39.65305
		},
		"22:00:00": {
			"DAM_lmp($/MWh)": 38.31401,
			"RTM_lmp($/MWh)": 30.30221
		},
		"23:00:00": {
			"DAM_lmp($/MWh)": 30.05071,
			"RTM_lmp($/MWh)": 31.63728
		}
	}
}