{
	"2023-05-22": {
		"00:00:00": {
			"DAM_lmp($/MWh)": 42.2579,
			"RTM_lmp($/MWh)": 28.49966
		},
		"01:00:00": {
			"DAM_lmp($/MWh)": 40.07461,
			"RTM_lmp($/MWh)": 24.55211
		},
		"02:00:00": {
			"DAM_lmp($/MWh)": 41.36283,
			"RTM_lmp($/MWh)": 20.39614
		},
		"03:00:00": {
			"DAM_lmp($/MWh)": 41.27022,
			"RTM_lmp($/MWh)": 6.68345
		},
		"04:00:00": {
			"DAM_lmp($/MWh)": 42.49043,
			"RTM_lmp($/MWh)": 1.86988
		},
		"05:00:00": {
			"DAM_lmp($/MWh)": 41.73422,
			"RTM_lmp($/MWh)": 30.81135
		},
		"06:00:00": {
			"DAM_lmp($/MWh)": 49.05813,
			"RTM_lmp($/MWh)": 72.0
		},
		"07:00:00": {
			"DAM_lmp($/MWh)": 25.14581,
			"RTM_lmp($/MWh)": 18.0208
		},
		"08:00:00": {
			"DAM_lmp($/MWh)": 4.93499,
			"RTM_lmp($/MWh)": 12.8688
		},
		"09:00:00": {
			"DAM_lmp($/MWh)": 1.43324,
			"RTM_lmp($/MWh)": 12.94
		},
		"10:00:00": {
			"DAM_lmp($/MWh)": 1.82595,
			"RTM_lmp($/MWh)": 15.4
		},
		"11:00:00": {
			"DAM_lmp($/MWh)": 0.83112,
			"RTM_lmp($/MWh)": 3.67262
		},
		"12:00:00": {
			"DAM_lmp($/MWh)": -1.30813,
			"RTM_lmp($/MWh)": 14.09518
		},
		"13:00:00": {
			"DAM_lmp($/MWh)": -2.02738,
			"RTM_lmp($/MWh)": 14.27221
		},
		"14:00:00": {
			"DAM_lmp($/MWh)": -1.03742,
			"RTM_lmp($/MWh)": 9.9976
		},
		"15:00:00": {
			"DAM_lmp($/MWh)": 1.97972,
			"RTM_lmp($/MWh)": 4.9988
		},
		"16:00:00": {
			"DAM_lmp($/MWh)": 6.97401,
			"RTM_lmp($/MWh)": 4.95
		},
		"17:00:00": {
			"DAM_lmp($/MWh)": 23.82793,
			"RTM_lmp($/MWh)": 0.0
		},
		"18:00:00": {
			"DAM_lmp($/MWh)": 43.72998,
			"RTM_lmp($/MWh)": 13.49051
		},
		"19:00:00": {
			"DAM_lmp($/MWh)": 64.09135,
			"RTM_lmp($/MWh)": 27.50795
		},
		"20:00:00": {
			"DAM_lmp($/MWh)": 64.41345,
			"RTM_lmp($/MWh)": 40.0
		},
		"21:00:00": {
			"DAM_lmp($/MWh)": 49.96006,
			"RTM_lmp($/MWh)": 43.20295
		},
		"22:00:00": {
			"DAM_lmp($/MWh)": 46.35063,
			"RTM_lmp($/MWh)": 32.35228
		},
		"23:00:00": {
			"DAM_lmp($/MWh)": 42.98986,
			"RTM_lmp($/MWh)": 33.27828
		}
	},
	"2023-05-23": {
		"00:00:00": {
			"DAM_lmp($/MWh)": 42.2579,
			"RTM_lmp($/MWh)": 28.49966
		},
		"01:00:00": {
			"DAM_lmp($/MWh)": 40.07461,
			"RTM_lmp($/MWh)": 24.55211
		},
		"02:00:00": {
			"DAM_lmp($/MWh)": 41.36283,
			"RTM_lmp($/MWh)": 20.39614
		},
		"03:00:00": {
			"DAM_lmp($/MWh)": 41.27022,
			"RTM_lmp($/MWh)": 6.68345
		},
		"04:00:00": {
			"DAM_lmp($/MWh)": 42.49043,
			"RTM_lmp($/MWh)": 1.86988
		},
		"05:00:00": {
			"DAM_lmp($/MWh)": 41.73422,
			"RTM_lmp($/MWh)": 30.81135
		},
		"06:00:00": {
			"DAM_lmp($/MWh)": 49.05813,
			"RTM_lmp($/MWh)": 72.0
		},
		"07:00:00": {
			"DAM_lmp($/MWh)": 25.14581,
			"RTM_lmp($/MWh)": 18.0208
		},
		"08:00:00": {
			"DAM_lmp($/MWh)": 4.93499,
			"RTM_lmp($/MWh)": 12.8688
		},
		"09:00:00": {
			"DAM_lmp($/MWh)": 1.43324,
			"RTM_lmp($/MWh)": 12.94
		},
		"10:00:00": {
			"DAM_lmp($/MWh)": 1.82595,
			"RTM_lmp($/MWh)": 15.4
		},
		"11:00:00": {
			"DAM_lmp($/MWh)": 0.83112,
			"RTM_lmp($/MWh)": 3.67262
		},
		"12:00:00": {
			"DAM_lmp($/MWh)": -1.30813,
			"RTM_lmp($/MWh)": 14.09518
		},
		"13:00:00": {
			"DAM_lmp($/MWh)": -2.02738,
			"RTM_lmp($/MWh)": 14.27221
		},
		"14:00:00": {
			"DAM_lmp($/MWh)": -1.03742,
			"RTM_lmp($/MWh)": 9.9976
		},
		"15:00:00": {
			"DAM_lmp($/MWh)": 1.97972,
			"RTM_lmp($/MWh)": 4.9988
		},
		"16:00:00": {
			"DAM_lmp($/MWh)": 6.97401,
			"RTM_lmp($/MWh)": 4.95
		},
		"17:00:00": {
			"DAM_lmp($/MWh)": 23.82793,
			"RTM_lmp($/MWh)": 0.0
		},
		"18:00:00": {
			"DAM_lmp($/MWh)": 43.72998,
			"RTM_lmp($/MWh)": 13.49051
		},
		"19:00:00": {
			"DAM_lmp($/MWh)": 64.09135,
			"RTM_lmp($/MWh)": 27.50795
		},
		"20:00:00": {
			"DAM_lmp($/MWh)": 64.41345,
			"RTM_lmp($/MWh)": 40.0
		},
		"21:00:00": {
			"DAM_lmp($/MWh)": 49.96006,
			"RTM_lmp($/MWh)": 43.20295
		},
		"22:00:00": {
			"DAM_lmp($/MWh)": 46.35063,
			"RTM_lmp($/MWh)": 32.35228
		},
		"23:00:00": {
			"DAM_lmp($/MWh)": 42.98986,
			"RTM_lmp($/MWh)": 33.27828
		}
	}
}