{
	"2023-05-22": {
		"00:00:00": {
			"DAM_lmp($/MWh)": -7.8,
			"RTM_lmp($/MWh)": 1.0
		},
		"01:00:00": {
			"DAM_lmp($/MWh)": -7.6474,
			"RTM_lmp($/MWh)": 1.0
		},
		"02:00:00": {
			"DAM_lmp($/MWh)": -9.14,
			"RTM_lmp($/MWh)": 1.0
		},
		"03:00:00": {
			"DAM_lmp($/MWh)": -9.35,
			"RTM_lmp($/MWh)": 1.0
		},
		"04:00:00": {
			"DAM_lmp($/MWh)": -7.60797,
			"RTM_lmp($/MWh)": 1.0
		},
		"05:00:00": {
			"DAM_lmp($/MWh)": -5.99,
			"RTM_lmp($/MWh)": 1.0
		},
		"06:00:00": {
			"DAM_lmp($/MWh)": -5.99,
			"RTM_lmp($/MWh)": 1.0
		},
		"07:00:00": {
			"DAM_lmp($/MWh)": -5.99,
			"RTM_lmp($/MWh)": 18.0208
		},
		"08:00:00": {
			"DAM_lmp($/MWh)": -6.0,
			"RTM_lmp($/MWh)": 12.8688
		},
		"09:00:00": {
			"DAM_lmp($/MWh)": -8.67,
			"RTM_lmp($/MWh)": 1.0
		},
		"10:00:00": {
			"DAM_lmp($/MWh)": -18.32957,
			"RTM_lmp($/MWh)": 0.01
		},
		"11:00:00": {
			"DAM_lmp($/MWh)": -20.07049,
			"RTM_lmp($/MWh)": 0.01
		},
		"12:00:00": {
			"DAM_lmp($/MWh)": -39.79676,
			"RTM_lmp($/MWh)": 0.01
		},
		"13:00:00": {
			"DAM_lmp($/MWh)": -34.64,
			"RTM_lmp($/MWh)": 0.01
		},
		"14:00:00": {
			"DAM_lmp($/MWh)": -12.56,
			"RTM_lmp($/MWh)": 9.9976
		},
		"15:00:00": {
			"DAM_lmp($/MWh)": -14.46201,
			"RTM_lmp($/MWh)": 4.9988
		},
		"16:00:00": {
			"DAM_lmp($/MWh)": -4.59,
			"RTM_lmp($/MWh)": 4.95
		},
		"17:00:00": {
			"DAM_lmp($/MWh)": -0.01,
			"RTM_lmp($/MWh)": 0.0
		},
		"18:00:00": {
			"DAM_lmp($/MWh)": 1.04372,
			"RTM_lmp($/MWh)": 11.35277
		},
		"19:00:00": {
			"DAM_lmp($/MWh)": 34.88659,
			"RTM_lmp($/MWh)": 22.2187
		},
		"20:00:00": {
			"DAM_lmp($/MWh)": 28.33,
			"RTM_lmp($/MWh)": 40.0
		},
		"21:00:00": {
			"DAM_lmp($/MWh)": 8.82214,
			"RTM_lmp($/MWh)": 33.39249
		},
		"22:00:00": {
			"DAM_lmp($/MWh)": -6.0,
			"RTM_lmp($/MWh)": 25.34893
		},
		"23:00:00": {
			"DAM_lmp($/MWh)": -5.99,
			"RTM_lmp($/MWh)": -150.1827
		}
	},
	"2023-05-23": {
		"00:00:00": {
			"DAM_lmp($/MWh)": -7.8,
			"RTM_lmp($/MWh)": 1.0
		},
		"01:00:00": {
			"DAM_lmp($/MWh)": -7.6474,
			"RTM_lmp($/MWh)": 1.0
		},
		"02:00:00": {
			"DAM_lmp($/MWh)": -9.14,
			"RTM_lmp($/MWh)": 1.0
		},
		"03:00:00": {
			"DAM_lmp($/MWh)": -9.35,
			"RTM_lmp($/MWh)": 1.0
		},
		"04:00:00": {
			"DAM_lmp($/MWh)": -7.60797,
			"RTM_lmp($/MWh)": 1.0
		},
		"05:00:00": {
			"DAM_lmp($/MWh)": -5.99,
			"RTM_lmp($/MWh)": 1.0
		},
		"06:00:00": {
			"DAM_lmp($/MWh)": -5.99,
			"RTM_lmp($/MWh)": 1.0
		},
		"07:00:00": {
			"DAM_lmp($/MWh)": -5.99,
			"RTM_lmp($/MWh)": 18.0208
		},
		"08:00:00": {
			"DAM_lmp($/MWh)": -6.0,
			"RTM_lmp($/MWh)": 12.8688
		},
		"09:00:00": {
			"DAM_lmp($/MWh)": -8.67,
			"RTM_lmp($/MWh)": 1.0
		},
		"10:00:00": {
			"DAM_lmp($/MWh)": -18.32957,
			"RTM_lmp($/MWh)": 0.01
		},
		"11:00:00": {
			"DAM_lmp($/MWh)": -20.07049,
			"RTM_lmp($/MWh)": 0.01
		},
		"12:00:00": {
			"DAM_lmp($/MWh)": -39.79676,
			"RTM_lmp($/MWh)": 0.01
		},
		"13:00:00": {
			"DAM_lmp($/MWh)": -34.64,
			"RTM_lmp($/MWh)": 0.01
		},
		"14:00:00": {
			"DAM_lmp($/MWh)": -12.56,
			"RTM_lmp($/MWh)": 9.9976
		},
		"15:00:00": {
			"DAM_lmp($/MWh)": -14.46201,
			"RTM_lmp($/MWh)": 4.9988
		},
		"16:00:00": {
			"DAM_lmp($/MWh)": -4.59,
			"RTM_lmp($/MWh)": 4.95
		},
		"17:00:00": {
			"DAM_lmp($/MWh)": -0.01,
			"RTM_lmp($/MWh)": 0.0
		},
		"18:00:00": {
			"DAM_lmp($/MWh)": 1.04372,
			"RTM_lmp($/MWh)": 11.35277
		},
		"19:00:00": {
			"DAM_lmp($/MWh)": 34.88659,
			"RTM_lmp($/MWh)": 22.2187
		},
		"20:00:00": {
			"DAM_lmp($/MWh)": 28.33,
			"RTM_lmp($/MWh)": 40.0
		},
		"21:00:00": {
			"DAM_lmp($/MWh)": 8.82214,
			"RTM_lmp($/MWh)": 33.39249
		},
		"22:00:00": {
			"DAM_lmp($/MWh)": -6.0,
			"RTM_lmp($/MWh)": 25.34893
		},
		"23:00:00": {
			"DAM_lmp($/MWh)": -5.99,
			"RTM_lmp($/MWh)": -150.1827
		}
	}
}