{
	"2023-05-22": {
		"00:00:00": {
			"DAM_lmp($/MWh)": 49.33222,
			"RTM_lmp($/MWh)": 27.88499
		},
		"01:00:00": {
			"DAM_lmp($/MWh)": 47.84825,
			"RTM_lmp($/MWh)": 23.92656
		},
		"02:00:00": {
			"DAM_lmp($/MWh)": 51.64741,
			"RTM_lmp($/MWh)": 19.96921
		},
		"03:00:00": {
			"DAM_lmp($/MWh)": 52.22078,
			"RTM_lmp($/MWh)": 6.35038
		},
		"04:00:00": {
			"DAM_lmp($/MWh)": 51.84671,
			"RTM_lmp($/MWh)": 1.55053
		},
		"05:00:00": {
			"DAM_lmp($/MWh)": 45.51464,
			"RTM_lmp($/MWh)": 30.81135
		},
		"06:00:00": {
			"DAM_lmp($/MWh)": 56.84405,
			"RTM_lmp($/MWh)": 72.0
		},
		"07:00:00": {
			"DAM_lmp($/MWh)": -0.12423,
			"RTM_lmp($/MWh)": 18.0208
		},
		"08:00:00": {
			"DAM_lmp($/MWh)": -10.78171,
			"RTM_lmp($/MWh)": -19.96
		},
		"09:00:00": {
			"DAM_lmp($/MWh)": -13.72808,
			"RTM_lmp($/MWh)": -19.96
		},
		"10:00:00": {
			"DAM_lmp($/MWh)": -15.43574,
			"RTM_lmp($/MWh)": -19.96
		},
		"11:00:00": {
			"DAM_lmp($/MWh)": -15.72268,
			"RTM_lmp($/MWh)": -15.57332
		},
		"12:00:00": {
			"DAM_lmp($/MWh)": -15.75606,
			"RTM_lmp($/MWh)": -19.41108
		},
		"13:00:00": {
			"DAM_lmp($/MWh)": -15.592,
			"RTM_lmp($/MWh)": -19.38432
		},
		"14:00:00": {
			"DAM_lmp($/MWh)": -15.50698,
			"RTM_lmp($/MWh)": -19.96
		},
		"15:00:00": {
			"DAM_lmp($/MWh)": -15.37774,
			"RTM_lmp($/MWh)": -19.86
		},
		"16:00:00": {
			"DAM_lmp($/MWh)": -12.28802,
			"RTM_lmp($/MWh)": -19.96
		},
		"17:00:00": {
			"DAM_lmp($/MWh)": -13.60981,
			"RTM_lmp($/MWh)": -19.96
		},
		"18:00:00": {
			"DAM_lmp($/MWh)": 42.80962,
			"RTM_lmp($/MWh)": -19.52445
		},
		"19:00:00": {
			"DAM_lmp($/MWh)": 62.04244,
			"RTM_lmp($/MWh)": 26.38849
		},
		"20:00:00": {
			"DAM_lmp($/MWh)": 63.30009,
			"RTM_lmp($/MWh)": 40.0
		},
		"21:00:00": {
			"DAM_lmp($/MWh)": 50.10483,
			"RTM_lmp($/MWh)": 42.07
		},
		"22:00:00": {
			"DAM_lmp($/MWh)": 48.20325,
			"RTM_lmp($/MWh)": 31.78564
		},
		"23:00:00": {
			"DAM_lmp($/MWh)": 48.4424,
			"RTM_lmp($/MWh)": 32.74678
		}
	},
	"2023-05-23": {
		"00:00:00": {
			"DAM_lmp($/MWh)": 49.33222,
			"RTM_lmp($/MWh)": 27.88499
		},
		"01:00:00": {
			"DAM_lmp($/MWh)": 47.84825,
			"RTM_lmp($/MWh)": 23.92656
		},
		"02:00:00": {
			"DAM_lmp($/MWh)": 51.64741,
			"RTM_lmp($/MWh)": 19.96921
		},
		"03:00:00": {
			"DAM_lmp($/MWh)": 52.22078,
			"RTM_lmp($/MWh)": 6.35038
		},
		"04:00:00": {
			"DAM_lmp($/MWh)": 51.84671,
			"RTM_lmp($/MWh)": 1.55053
		},
		"05:00:00": {
			"DAM_lmp($/MWh)": 45.51464,
			"RTM_lmp($/MWh)": 30.81135
		},
		"06:00:00": {
			"DAM_lmp($/MWh)": 56.84405,
			"RTM_lmp($/MWh)": 72.0
		},
		"07:00:00": {
			"DAM_lmp($/MWh)": -0.12423,
			"RTM_lmp($/MWh)": 18.0208
		},
		"08:00:00": {
			"DAM_lmp($/MWh)": -10.78171,
			"RTM_lmp($/MWh)": -19.96
		},
		"09:00:00": {
			"DAM_lmp($/MWh)": -13.72808,
			"RTM_lmp($/MWh)": -19.96
		},
		"10:00:00": {
			"DAM_lmp($/MWh)": -15.43574,
			"RTM_lmp($/MWh)": -19.96
		},
		"11:00:00": {
			"DAM_lmp($/MWh)": -15.72268,
			"RTM_lmp($/MWh)": -15.57332
		},
		"12:00:00": {
			"DAM_lmp($/MWh)": -15.75606,
			"RTM_lmp($/MWh)": -19.41108
		},
		"13:00:00": {
			"DAM_lmp($/MWh)": -15.592,
			"RTM_lmp($/MWh)": -19.38432
		},
		"14:00:00": {
			"DAM_lmp($/MWh)": -15.50698,
			"RTM_lmp($/MWh)": -19.96
		},
		"15:00:00": {
			"DAM_lmp($/MWh)": -15.37774,
			"RTM_lmp($/MWh)": -19.86
		},
		"16:00:00": {
			"DAM_lmp($/MWh)": -12.28802,
			"RTM_lmp($/MWh)": -19.96
		},
		"17:00:00": {
			"DAM_lmp($/MWh)": -13.60981,
			"RTM_lmp($/MWh)": -19.96
		},
		"18:00:00": {
			"DAM_lmp($/MWh)": 42.80962,
			"RTM_lmp($/MWh)": -19.52445
		},
		"19:00:00": {
			"DAM_lmp($/MWh)": 62.04244,
			"RTM_lmp($/MWh)": 26.38849
		},
		"20:00:00": {
			"DAM_lmp($/MWh)": 63.30009,
			"RTM_lmp($/MWh)": 40.0
		},
		"21:00:00": {
			"DAM_lmp($/MWh)": 50.10483,
			"RTM_lmp($/MWh)": 42.07
		},
		"22:00:00": {
			"DAM_lmp($/MWh)": 48.20325,
			"RTM_lmp($/MWh)": 31.78564
		},
		"23:00:00": {
			"DAM_lmp($/MWh)": 48.4424,
			"RTM_lmp($/MWh)": 32.74678
		}
	}
}