{
	"2023-05-22": {
		"00:00:00": {
			"DAM_lmp($/MWh)": 26.79549,
			"RTM_lmp($/MWh)": 27.95044
		},
		"01:00:00": {
			"DAM_lmp($/MWh)": 22.91553,
			"RTM_lmp($/MWh)": 24.12437
		},
		"02:00:00": {
			"DAM_lmp($/MWh)": 21.11377,
			"RTM_lmp($/MWh)": 19.99384
		},
		"03:00:00": {
			"DAM_lmp($/MWh)": 18.9761,
			"RTM_lmp($/MWh)": 7.10496
		},
		"04:00:00": {
			"DAM_lmp($/MWh)": 22.72939,
			"RTM_lmp($/MWh)": 2.06118
		},
		"05:00:00": {
			"DAM_lmp($/MWh)": 32.32175,
			"RTM_lmp($/MWh)": 65.23987
		},
		"06:00:00": {
			"DAM_lmp($/MWh)": 33.44477,
			"RTM_lmp($/MWh)": 72.0
		},
		"07:00:00": {
			"DAM_lmp($/MWh)": 26.45279,
			"RTM_lmp($/MWh)": 18.0208
		},
		"08:00:00": {
			"DAM_lmp($/MWh)": 20.24184,
			"RTM_lmp($/MWh)": 12.8688
		},
		"09:00:00": {
			"DAM_lmp($/MWh)": 17.67118,
			"RTM_lmp($/MWh)": 12.94
		},
		"10:00:00": {
			"DAM_lmp($/MWh)": 11.90795,
			"RTM_lmp($/MWh)": 15.4
		},
		"11:00:00": {
			"DAM_lmp($/MWh)": 9.76538,
			"RTM_lmp($/MWh)": 18.61474
		},
		"12:00:00": {
			"DAM_lmp($/MWh)": 7.89226,
			"RTM_lmp($/MWh)": 15.67654
		},
		"13:00:00": {
			"DAM_lmp($/MWh)": 7.85879,
			"RTM_lmp($/MWh)": 15.90458
		},
		"14:00:00": {
			"DAM_lmp($/MWh)": 9.02474,
			"RTM_lmp($/MWh)": 9.9976
		},
		"15:00:00": {
			"DAM_lmp($/MWh)": 12.09102,
			"RTM_lmp($/MWh)": 4.9988
		},
		"16:00:00": {
			"DAM_lmp($/MWh)": 15.93143,
			"RTM_lmp($/MWh)": 4.95
		},
		"17:00:00": {
			"DAM_lmp($/MWh)": 25.87438,
			"RTM_lmp($/MWh)": 0.0
		},
		"18:00:00": {
			"DAM_lmp($/MWh)": 45.31649,
			"RTM_lmp($/MWh)": 14.62151
		},
		"19:00:00": {
			"DAM_lmp($/MWh)": 66.67672,
			"RTM_lmp($/MWh)": 28.44863
		},
		"20:00:00": {
			"DAM_lmp($/MWh)": 67.07388,
			"RTM_lmp($/MWh)": 40.0
		},
		"21:00:00": {
			"DAM_lmp($/MWh)": 51.17812,
			"RTM_lmp($/MWh)": 43.30365
		},
		"22:00:00": {
			"DAM_lmp($/MWh)": 39.80106,
			"RTM_lmp($/MWh)": 32.34273
		},
		"23:00:00": {
			"DAM_lmp($/MWh)": 29.56098,
			"RTM_lmp($/MWh)": 33.24506
		}
	},
	"2023-05-23": {
		"00:00:00": {
			"DAM_lmp($/MWh)": 26.79549,
			"RTM_lmp($/MWh)": 27.95044
		},
		"01:00:00": {
			"DAM_lmp($/MWh)": 22.91553,
			"RTM_lmp($/MWh)": 24.12437
		},
		"02:00:00": {
			"DAM_lmp($/MWh)": 21.11377,
			"RTM_lmp($/MWh)": 19.99384
		},
		"03:00:00": {
			"DAM_lmp($/MWh)": 18.9761,
			"RTM_lmp($/MWh)": 7.10496
		},
		"04:00:00": {
			"DAM_lmp($/MWh)": 22.72939,
			"RTM_lmp($/MWh)": 2.06118
		},
		"05:00:00": {
			"DAM_lmp($/MWh)": 32.32175,
			"RTM_lmp($/MWh)": 65.23987
		},
		"06:00:00": {
			"DAM_lmp($/MWh)": 33.44477,
			"RTM_lmp($/MWh)": 72.0
		},
		"07:00:00": {
			"DAM_lmp($/MWh)": 26.45279,
			"RTM_lmp($/MWh)": 18.0208
		},
		"08:00:00": {
			"DAM_lmp($/MWh)": 20.24184,
			"RTM_lmp($/MWh)": 12.8688
		},
		"09:00:00": {
			"DAM_lmp($/MWh)": 17.67118,
			"RTM_lmp($/MWh)": 12.94
		},
		"10:00:00": {
			"DAM_lmp($/MWh)": 11.90795,
			"RTM_lmp($/MWh)": 15.4
		},
		"11:00:00": {
			"DAM_lmp($/MWh)": 9.76538,
			"RTM_lmp($/MWh)": 18.61474
		},
		"12:00:00": {
			"DAM_lmp($/MWh)": 7.89226,
			"RTM_lmp($/MWh)": 15.67654
		},
		"13:00:00": {
			"DAM_lmp($/MWh)": 7.85879,
			"RTM_lmp($/MWh)": 15.90458
		},
		"14:00:00": {
			"DAM_lmp($/MWh)": 9.02474,
			"RTM_lmp($/MWh)": 9.9976
		},
		"15:00:00": {
			"DAM_lmp($/MWh)": 12.09102,
			"RTM_lmp($/MWh)": 4.9988
		},
		"16:00:00": {
			"DAM_lmp($/MWh)": 15.93143,
			"RTM_lmp($/MWh)": 4.95
		},
		"17:00:00": {
			"DAM_lmp($/MWh)": 25.87438,
			"RTM_lmp($/MWh)": 0.0
		},
		"18:00:00": {
			"DAM_lmp($/MWh)": 45.31649,
			"RTM_lmp($/MWh)": 14.62151
		},
		"19:00:00": {
			"DAM_lmp($/MWh)": 66.67672,
			"RTM_lmp($/MWh)": 28.44863
		},
		"20:00:00": {
			"DAM_lmp($/MWh)": 67.07388,
			"RTM_lmp($/MWh)": 40.0
		},
		"21:00:00": {
			"DAM_lmp($/MWh)": 51.17812,
			"RTM_lmp($/MWh)": 43.30365
		},
		"22:00:00": {
			"DAM_lmp($/MWh)": 39.80106,
			"RTM_lmp($/MWh)": 32.34273
		},
		"23:00:00": {
			"DAM_lmp($/MWh)": 29.56098,
			"RTM_lmp($/MWh)": 33.24506
		}
	}
}