{
	"2023-05-22": {
		"00:00:00": {
			"DAM_lmp($/MWh)": 29.05009,
			"RTM_lmp($/MWh)": 28.42567
		},
		"01:00:00": {
			"DAM_lmp($/MWh)": 25.46226,
			"RTM_lmp($/MWh)": 24.76475
		},
		"02:00:00": {
			"DAM_lmp($/MWh)": 24.20009,
			"RTM_lmp($/MWh)": 20.54392
		},
		"03:00:00": {
			"DAM_lmp($/MWh)": 22.41558,
			"RTM_lmp($/MWh)": 23.83287
		},
		"04:00:00": {
			"DAM_lmp($/MWh)": 25.91392,
			"RTM_lmp($/MWh)": 20.70108
		},
		"05:00:00": {
			"DAM_lmp($/MWh)": 33.69114,
			"RTM_lmp($/MWh)": 30.81135
		},
		"06:00:00": {
			"DAM_lmp($/MWh)": 35.03268,
			"RTM_lmp($/MWh)": 72.0
		},
		"07:00:00": {
			"DAM_lmp($/MWh)": 24.7576,
			"RTM_lmp($/MWh)": 18.0208
		},
		"08:00:00": {
			"DAM_lmp($/MWh)": 9.99588,
			"RTM_lmp($/MWh)": 12.8688
		},
		"09:00:00": {
			"DAM_lmp($/MWh)": -1.9949,
			"RTM_lmp($/MWh)": 12.94
		},
		"10:00:00": {
			"DAM_lmp($/MWh)": -4.52367,
			"RTM_lmp($/MWh)": 15.4
		},
		"11:00:00": {
			"DAM_lmp($/MWh)": -7.83075,
			"RTM_lmp($/MWh)": 14.7764
		},
		"12:00:00": {
			"DAM_lmp($/MWh)": -9.35946,
			"RTM_lmp($/MWh)": -39.85988
		},
		"13:00:00": {
			"DAM_lmp($/MWh)": -8.62935,
			"RTM_lmp($/MWh)": -20.0
		},
		"14:00:00": {
			"DAM_lmp($/MWh)": -6.93391,
			"RTM_lmp($/MWh)": -33.0024
		},
		"15:00:00": {
			"DAM_lmp($/MWh)": -2.06013,
			"RTM_lmp($/MWh)": -35.0
		},
		"16:00:00": {
			"DAM_lmp($/MWh)": 7.34358,
			"RTM_lmp($/MWh)": -35.0
		},
		"17:00:00": {
			"DAM_lmp($/MWh)": 23.46943,
			"RTM_lmp($/MWh)": 0.0
		},
		"18:00:00": {
			"DAM_lmp($/MWh)": 42.08211,
			"RTM_lmp($/MWh)": 13.6376
		},
		"19:00:00": {
			"DAM_lmp($/MWh)": 62.89562,
			"RTM_lmp($/MWh)": 26.78181
		},
		"20:00:00": {
			"DAM_lmp($/MWh)": 63.08648,
			"RTM_lmp($/MWh)": 40.0
		},
		"21:00:00": {
			"DAM_lmp($/MWh)": 48.752,
			"RTM_lmp($/MWh)": 41.08812
		},
		"22:00:00": {
			"DAM_lmp($/MWh)": 39.54018,
			"RTM_lmp($/MWh)": 31.40683
		},
		"23:00:00": {
			"DAM_lmp($/MWh)": 31.16006,
			"RTM_lmp($/MWh)": 32.92616
		}
	},
	"2023-05-23": {
		"00:00:00": {
			"DAM_lmp($/MWh)": 29.05009,
			"RTM_lmp($/MWh)": 28.42567
		},
		"01:00:00": {
			"DAM_lmp($/MWh)": 25.46226,
			"RTM_lmp($/MWh)": 24.76475
		},
		"02:00:00": {
			"DAM_lmp($/MWh)": 24.20009,
			"RTM_lmp($/MWh)": 20.54392
		},
		"03:00:00": {
			"DAM_lmp($/MWh)": 22.41558,
			"RTM_lmp($/MWh)": 23.83287
		},
		"04:00:00": {
			"DAM_lmp($/MWh)": 25.91392,
			"RTM_lmp($/MWh)": 20.70108
		},
		"05:00:00": {
			"DAM_lmp($/MWh)": 33.69114,
			"RTM_lmp($/MWh)": 30.81135
		},
		"06:00:00": {
			"DAM_lmp($/MWh)": 35.03268,
			"RTM_lmp($/MWh)": 72.0
		},
		"07:00:00": {
			"DAM_lmp($/MWh)": 24.7576,
			"RTM_lmp($/MWh)": 18.0208
		},
		"08:00:00": {
			"DAM_lmp($/MWh)": 9.99588,
			"RTM_lmp($/MWh)": 12.8688
		},
		"09:00:00": {
			"DAM_lmp($/MWh)": -1.9949,
			"RTM_lmp($/MWh)": 12.94
		},
		"10:00:00": {
			"DAM_lmp($/MWh)": -4.52367,
			"RTM_lmp($/MWh)": 15.4
		},
		"11:00:00": {
			"DAM_lmp($/MWh)": -7.83075,
			"RTM_lmp($/MWh)": 14.7764
		},
		"12:00:00": {
			"DAM_lmp($/MWh)": -9.35946,
			"RTM_lmp($/MWh)": -39.85988
		},
		"13:00:00": {
			"DAM_lmp($/MWh)": -8.62935,
			"RTM_lmp($/MWh)": -20.0
		},
		"14:00:00": {
			"DAM_lmp($/MWh)": -6.93391,
			"RTM_lmp($/MWh)": -33.0024
		},
		"15:00:00": {
			"DAM_lmp($/MWh)": -2.06013,
			"RTM_lmp($/MWh)": -35.0
		},
		"16:00:00": {
			"DAM_lmp($/MWh)": 7.34358,
			"RTM_lmp($/MWh)": -35.0
		},
		"17:00:00": {
			"DAM_lmp($/MWh)": 23.46943,
			"RTM_lmp($/MWh)": 0.0
		},
		"18:00:00": {
			"DAM_lmp($/MWh)": 42.08211,
			"RTM_lmp($/MWh)": 13.6376
		},
		"19:00:00": {
			"DAM_lmp($/MWh)": 62.89562,
			"RTM_lmp($/MWh)": 26.78181
		},
		"20:00:00": {
			"DAM_lmp($/MWh)": 63.08648,
			"RTM_lmp($/MWh)": 40.0
		},
		"21:00:00": {
			"DAM_lmp($/MWh)": 48.752,
			"RTM_lmp($/MWh)": 41.08812
		},
		"22:00:00": {
			"DAM_lmp($/MWh)": 39.54018,
			"RTM_lmp($/MWh)": 31.40683
		},
		"23:00:00": {
			"DAM_lmp($/MWh)": 31.16006,
			"RTM_lmp($/MWh)": 32.92616
		}
	}
}