{
	"2023-05-22": {
		"00:00:00": {
			"DAM_lmp($/MWh)": 28.89645,
			"RTM_lmp($/MWh)": 28.03297
		},
		"01:00:00": {
			"DAM_lmp($/MWh)": 25.24762,
			"RTM_lmp($/MWh)": 24.49772
		},
		"02:00:00": {
			"DAM_lmp($/MWh)": 24.0182,
			"RTM_lmp($/MWh)": 20.15805
		},
		"03:00:00": {
			"DAM_lmp($/MWh)": 22.22916,
			"RTM_lmp($/MWh)": 22.7938
		},
		"04:00:00": {
			"DAM_lmp($/MWh)": 25.87705,
			"RTM_lmp($/MWh)": 20.18654
		},
		"05:00:00": {
			"DAM_lmp($/MWh)": 33.59512,
			"RTM_lmp($/MWh)": 30.81135
		},
		"06:00:00": {
			"DAM_lmp($/MWh)": 35.02549,
			"RTM_lmp($/MWh)": 72.0
		},
		"07:00:00": {
			"DAM_lmp($/MWh)": 24.62043,
			"RTM_lmp($/MWh)": 18.0208
		},
		"08:00:00": {
			"DAM_lmp($/MWh)": 12.90351,
			"RTM_lmp($/MWh)": 12.8688
		},
		"09:00:00": {
			"DAM_lmp($/MWh)": 10.35315,
			"RTM_lmp($/MWh)": 12.94
		},
		"10:00:00": {
			"DAM_lmp($/MWh)": 7.37337,
			"RTM_lmp($/MWh)": 15.4
		},
		"11:00:00": {
			"DAM_lmp($/MWh)": 5.79708,
			"RTM_lmp($/MWh)": 14.7764
		},
		"12:00:00": {
			"DAM_lmp($/MWh)": 3.84834,
			"RTM_lmp($/MWh)": 14.82812
		},
		"13:00:00": {
			"DAM_lmp($/MWh)": 3.49958,
			"RTM_lmp($/MWh)": 15.23751
		},
		"14:00:00": {
			"DAM_lmp($/MWh)": 4.54396,
			"RTM_lmp($/MWh)": 9.9976
		},
		"15:00:00": {
			"DAM_lmp($/MWh)": 7.33857,
			"RTM_lmp($/MWh)": 4.9988
		},
		"16:00:00": {
			"DAM_lmp($/MWh)": 11.39085,
			"RTM_lmp($/MWh)": 4.95
		},
		"17:00:00": {
			"DAM_lmp($/MWh)": 23.78809,
			"RTM_lmp($/MWh)": 0.0
		},
		"18:00:00": {
			"DAM_lmp($/MWh)": 41.99884,
			"RTM_lmp($/MWh)": 13.81896
		},
		"19:00:00": {
			"DAM_lmp($/MWh)": 62.01659,
			"RTM_lmp($/MWh)": 26.60303
		},
		"20:00:00": {
			"DAM_lmp($/MWh)": 61.90838,
			"RTM_lmp($/MWh)": 40.0
		},
		"21:00:00": {
			"DAM_lmp($/MWh)": 47.82348,
			"RTM_lmp($/MWh)": 40.29086
		},
		"22:00:00": {
			"DAM_lmp($/MWh)": 39.09247,
			"RTM_lmp($/MWh)": 30.91978
		},
		"23:00:00": {
			"DAM_lmp($/MWh)": 30.96989,
			"RTM_lmp($/MWh)": 32.31162
		}
	},
	"2023-05-23": {
		"00:00:00": {
			"DAM_lmp($/MWh)": 28.89645,
			"RTM_lmp($/MWh)": 28.03297
		},
		"01:00:00": {
			"DAM_lmp($/MWh)": 25.24762,
			"RTM_lmp($/MWh)": 24.49772
		},
		"02:00:00": {
			"DAM_lmp($/MWh)": 24.0182,
			"RTM_lmp($/MWh)": 20.15805
		},
		"03:00:00": {
			"DAM_lmp($/MWh)": 22.22916,
			"RTM_lmp($/MWh)": 22.7938
		},
		"04:00:00": {
			"DAM_lmp($/MWh)": 25.87705,
			"RTM_lmp($/MWh)": 20.18654
		},
		"05:00:00": {
			"DAM_lmp($/MWh)": 33.59512,
			"RTM_lmp($/MWh)": 30.81135
		},
		"06:00:00": {
			"DAM_lmp($/MWh)": 35.02549,
			"RTM_lmp($/MWh)": 72.0
		},
		"07:00:00": {
			"DAM_lmp($/MWh)": 24.62043,
			"RTM_lmp($/MWh)": 18.0208
		},
		"08:00:00": {
			"DAM_lmp($/MWh)": 12.90351,
			"RTM_lmp($/MWh)": 12.8688
		},
		"09:00:00": {
			"DAM_lmp($/MWh)": 10.35315,
			"RTM_lmp($/MWh)": 12.94
		},
		"10:00:00": {
			"DAM_lmp($/MWh)": 7.37337,
			"RTM_lmp($/MWh)": 15.4
		},
		"11:00:00": {
			"DAM_lmp($/MWh)": 5.79708,
			"RTM_lmp($/MWh)": 14.7764
		},
		"12:00:00": {
			"DAM_lmp($/MWh)": 3.84834,
			"RTM_lmp($/MWh)": 14.82812
		},
		"13:00:00": {
			"DAM_lmp($/MWh)": 3.49958,
			"RTM_lmp($/MWh)": 15.23751
		},
		"14:00:00": {
			"DAM_lmp($/MWh)": 4.54396,
			"RTM_lmp($/MWh)": 9.9976
		},
		"15:00:00": {
			"DAM_lmp($/MWh)": 7.33857,
			"RTM_lmp($/MWh)": 4.9988
		},
		"16:00:00": {
			"DAM_lmp($/MWh)": 11.39085,
			"RTM_lmp($/MWh)": 4.95
		},
		"17:00:00": {
			"DAM_lmp($/MWh)": 23.78809,
			"RTM_lmp($/MWh)": 0.0
		},
		"18:00:00": {
			"DAM_lmp($/MWh)": 41.99884,
			"RTM_lmp($/MWh)": 13.81896
		},
		"19:00:00": {
			"DAM_lmp($/MWh)": 62.01659,
			"RTM_lmp($/MWh)": 26.60303
		},
		"20:00:00": {
			"DAM_lmp($/MWh)": 61.90838,
			"RTM_lmp($/MWh)": 40.0
		},
		"21:00:00": {
			"DAM_lmp($/MWh)": 47.82348,
			"RTM_lmp($/MWh)": 40.29086
		},
		"22:00:00": {
			"DAM_lmp($/MWh)": 39.09247,
			"RTM_lmp($/MWh)": 30.91978
		},
		"23:00:00": {
			"DAM_lmp($/MWh)": 30.96989,
			"RTM_lmp($/MWh)": 32.31162
		}
	}
}