{
	"2023-05-22": {
		"00:00:00": {
			"DAM_lmp($/MWh)": 21.8556,
			"RTM_lmp($/MWh)": 25.75072
		},
		"01:00:00": {
			"DAM_lmp($/MWh)": 17.95756,
			"RTM_lmp($/MWh)": 22.19086
		},
		"02:00:00": {
			"DAM_lmp($/MWh)": 15.3405,
			"RTM_lmp($/MWh)": 18.36823
		},
		"03:00:00": {
			"DAM_lmp($/MWh)": 13.00254,
			"RTM_lmp($/MWh)": 6.48228
		},
		"04:00:00": {
			"DAM_lmp($/MWh)": 17.1526,
			"RTM_lmp($/MWh)": 1.82556
		},
		"05:00:00": {
			"DAM_lmp($/MWh)": 28.21297,
			"RTM_lmp($/MWh)": 30.81135
		},
		"06:00:00": {
			"DAM_lmp($/MWh)": 27.62368,
			"RTM_lmp($/MWh)": 72.0
		},
		"07:00:00": {
			"DAM_lmp($/MWh)": 24.72395,
			"RTM_lmp($/MWh)": 18.0208
		},
		"08:00:00": {
			"DAM_lmp($/MWh)": 12.40666,
			"RTM_lmp($/MWh)": 12.8688
		},
		"09:00:00": {
			"DAM_lmp($/MWh)": 10.01254,
			"RTM_lmp($/MWh)": 12.94
		},
		"10:00:00": {
			"DAM_lmp($/MWh)": 7.16229,
			"RTM_lmp($/MWh)": 15.4
		},
		"11:00:00": {
			"DAM_lmp($/MWh)": 5.37254,
			"RTM_lmp($/MWh)": 14.7764
		},
		"12:00:00": {
			"DAM_lmp($/MWh)": 3.83184,
			"RTM_lmp($/MWh)": 14.21991
		},
		"13:00:00": {
			"DAM_lmp($/MWh)": 3.51279,
			"RTM_lmp($/MWh)": 14.45899
		},
		"14:00:00": {
			"DAM_lmp($/MWh)": 4.5749,
			"RTM_lmp($/MWh)": 9.9976
		},
		"15:00:00": {
			"DAM_lmp($/MWh)": 7.42573,
			"RTM_lmp($/MWh)": 4.9988
		},
		"16:00:00": {
			"DAM_lmp($/MWh)": 11.57242,
			"RTM_lmp($/MWh)": 4.95
		},
		"17:00:00": {
			"DAM_lmp($/MWh)": 23.68104,
			"RTM_lmp($/MWh)": 0.0
		},
		"18:00:00": {
			"DAM_lmp($/MWh)": 43.07936,
			"RTM_lmp($/MWh)": 13.03783
		},
		"19:00:00": {
			"DAM_lmp($/MWh)": 63.91559,
			"RTM_lmp($/MWh)": 25.58259
		},
		"20:00:00": {
			"DAM_lmp($/MWh)": 63.89419,
			"RTM_lmp($/MWh)": 40.0
		},
		"21:00:00": {
			"DAM_lmp($/MWh)": 48.14334,
			"RTM_lmp($/MWh)": 38.92713
		},
		"22:00:00": {
			"DAM_lmp($/MWh)": 36.29926,
			"RTM_lmp($/MWh)": 29.28672
		},
		"23:00:00": {
			"DAM_lmp($/MWh)": 25.1123,
			"RTM_lmp($/MWh)": 30.35173
		}
	},
	"2023-05-23": {
		"00:00:00": {
			"DAM_lmp($/MWh)": 21.8556,
			"RTM_lmp($/MWh)": 25.75072
		},
		"01:00:00": {
			"DAM_lmp($/MWh)": 17.95756,
			"RTM_lmp($/MWh)": 22.19086
		},
		"02:00:00": {
			"DAM_lmp($/MWh)": 15.3405,
			"RTM_lmp($/MWh)": 18.36823
		},
		"03:00:00": {
			"DAM_lmp($/MWh)": 13.00254,
			"RTM_lmp($/MWh)": 6.48228
		},
		"04:00:00": {
			"DAM_lmp($/MWh)": 17.1526,
			"RTM_lmp($/MWh)": 1.82556
		},
		"05:00:00": {
			"DAM_lmp($/MWh)": 28.21297,
			"RTM_lmp($/MWh)": 30.81135
		},
		"06:00:00": {
			"DAM_lmp($/MWh)": 27.62368,
			"RTM_lmp($/MWh)": 72.0
		},
		"07:00:00": {
			"DAM_lmp($/MWh)": 24.72395,
			"RTM_lmp($/MWh)": 18.0208
		},
		"08:00:00": {
			"DAM_lmp($/MWh)": 12.40666,
			"RTM_lmp($/MWh)": 12.8688
		},
		"09:00:00": {
			"DAM_lmp($/MWh)": 10.01254,
			"RTM_lmp($/MWh)": 12.94
		},
		"10:00:00": {
			"DAM_lmp($/MWh)": 7.16229,
			"RTM_lmp($/MWh)": 15.4
		},
		"11:00:00": {
			"DAM_lmp($/MWh)": 5.37254,
			"RTM_lmp($/MWh)": 14.7764
		},
		"12:00:00": {
			"DAM_lmp($/MWh)": 3.83184,
			"RTM_lmp($/MWh)": 14.21991
		},
		"13:00:00": {
			"DAM_lmp($/MWh)": 3.51279,
			"RTM_lmp($/MWh)": 14.45899
		},
		"14:00:00": {
			"DAM_lmp($/MWh)": 4.5749,
			"RTM_lmp($/MWh)": 9.9976
		},
		"15:00:00": {
			"DAM_lmp($/MWh)": 7.42573,
			"RTM_lmp($/MWh)": 4.9988
		},
		"16:00:00": {
			"DAM_lmp($/MWh)": 11.57242,
			"RTM_lmp($/MWh)": 4.95
		},
		"17:00:00": {
			"DAM_lmp($/MWh)": 23.68104,
			"RTM_lmp($/MWh)": 0.0
		},
		"18:00:00": {
			"DAM_lmp($/MWh)": 43.07936,
			"RTM_lmp($/MWh)": 13.03783
		},
		"19:00:00": {
			"DAM_lmp($/MWh)": 63.91559,
			"RTM_lmp($/MWh)": 25.58259
		},
		"20:00:00": {
			"DAM_lmp($/MWh)": 63.89419,
			"RTM_lmp($/MWh)": 40.0
		},
		"21:00:00": {
			"DAM_lmp($/MWh)": 48.14334,
			"RTM_lmp($/MWh)": 38.92713
		},
		"22:00:00": {
			"DAM_lmp($/MWh)": 36.29926,
			"RTM_lmp($/MWh)": 29.28672
		},
		"23:00:00": {
			"DAM_lmp($/MWh)": 25.1123,
			"RTM_lmp($/MWh)": 30.35173
		}
	}
}