{
	"2023-05-22": {
		"00:00:00": {
			"DAM_lmp($/MWh)": 26.87231,
			"RTM_lmp($/MWh)": 28.06427
		},
		"01:00:00": {
			"DAM_lmp($/MWh)": 23.06052,
			"RTM_lmp($/MWh)": 24.2381
		},
		"02:00:00": {
			"DAM_lmp($/MWh)": 21.15064,
			"RTM_lmp($/MWh)": 20.0821
		},
		"03:00:00": {
			"DAM_lmp($/MWh)": 19.0102,
			"RTM_lmp($/MWh)": 7.16389
		},
		"04:00:00": {
			"DAM_lmp($/MWh)": 22.88976,
			"RTM_lmp($/MWh)": 2.08074
		},
		"05:00:00": {
			"DAM_lmp($/MWh)": 32.42061,
			"RTM_lmp($/MWh)": 62.94463
		},
		"06:00:00": {
			"DAM_lmp($/MWh)": 33.41959,
			"RTM_lmp($/MWh)": 72.0
		},
		"07:00:00": {
			"DAM_lmp($/MWh)": 26.39844,
			"RTM_lmp($/MWh)": 18.0208
		},
		"08:00:00": {
			"DAM_lmp($/MWh)": 20.37504,
			"RTM_lmp($/MWh)": 12.8688
		},
		"09:00:00": {
			"DAM_lmp($/MWh)": 17.84051,
			"RTM_lmp($/MWh)": 12.94
		},
		"10:00:00": {
			"DAM_lmp($/MWh)": 11.9177,
			"RTM_lmp($/MWh)": 15.4
		},
		"11:00:00": {
			"DAM_lmp($/MWh)": 9.83404,
			"RTM_lmp($/MWh)": 18.88891
		},
		"12:00:00": {
			"DAM_lmp($/MWh)": 7.98806,
			"RTM_lmp($/MWh)": 15.49331
		},
		"13:00:00": {
			"DAM_lmp($/MWh)": 7.96749,
			"RTM_lmp($/MWh)": 15.70524
		},
		"14:00:00": {
			"DAM_lmp($/MWh)": 9.13875,
			"RTM_lmp($/MWh)": 9.9976
		},
		"15:00:00": {
			"DAM_lmp($/MWh)": 12.17014,
			"RTM_lmp($/MWh)": 4.9988
		},
		"16:00:00": {
			"DAM_lmp($/MWh)": 15.97834,
			"RTM_lmp($/MWh)": 4.95
		},
		"17:00:00": {
			"DAM_lmp($/MWh)": 25.72749,
			"RTM_lmp($/MWh)": 0.0
		},
		"18:00:00": {
			"DAM_lmp($/MWh)": 45.12366,
			"RTM_lmp($/MWh)": 14.58152
		},
		"19:00:00": {
			"DAM_lmp($/MWh)": 66.5216,
			"RTM_lmp($/MWh)": 28.46513
		},
		"20:00:00": {
			"DAM_lmp($/MWh)": 66.82791,
			"RTM_lmp($/MWh)": 40.0
		},
		"21:00:00": {
			"DAM_lmp($/MWh)": 51.0633,
			"RTM_lmp($/MWh)": 43.4673
		},
		"22:00:00": {
			"DAM_lmp($/MWh)": 39.83683,
			"RTM_lmp($/MWh)": 32.47325
		},
		"23:00:00": {
			"DAM_lmp($/MWh)": 29.59902,
			"RTM_lmp($/MWh)": 33.36132
		}
	},
	"2023-05-23": {
		"00:00:00": {
			"DAM_lmp($/MWh)": 26.87231,
			"RTM_lmp($/MWh)": 28.06427
		},
		"01:00:00": {
			"DAM_lmp($/MWh)": 23.06052,
			"RTM_lmp($/MWh)": 24.2381
		},
		"02:00:00": {
			"DAM_lmp($/MWh)": 21.15064,
			"RTM_lmp($/MWh)": 20.0821
		},
		"03:00:00": {
			"DAM_lmp($/MWh)": 19.0102,
			"RTM_lmp($/MWh)": 7.16389
		},
		"04:00:00": {
			"DAM_lmp($/MWh)": 22.88976,
			"RTM_lmp($/MWh)": 2.08074
		},
		"05:00:00": {
			"DAM_lmp($/MWh)": 32.42061,
			"RTM_lmp($/MWh)": 62.94463
		},
		"06:00:00": {
			"DAM_lmp($/MWh)": 33.41959,
			"RTM_lmp($/MWh)": 72.0
		},
		"07:00:00": {
			"DAM_lmp($/MWh)": 26.39844,
			"RTM_lmp($/MWh)": 18.0208
		},
		"08:00:00": {
			"DAM_lmp($/MWh)": 20.37504,
			"RTM_lmp($/MWh)": 12.8688
		},
		"09:00:00": {
			"DAM_lmp($/MWh)": 17.84051,
			"RTM_lmp($/MWh)": 12.94
		},
		"10:00:00": {
			"DAM_lmp($/MWh)": 11.9177,
			"RTM_lmp($/MWh)": 15.4
		},
		"11:00:00": {
			"DAM_lmp($/MWh)": 9.83404,
			"RTM_lmp($/MWh)": 18.88891
		},
		"12:00:00": {
			"DAM_lmp($/MWh)": 7.98806,
			"RTM_lmp($/MWh)": 15.49331
		},
		"13:00:00": {
			"DAM_lmp($/MWh)": 7.96749,
			"RTM_lmp($/MWh)": 15.70524
		},
		"14:00:00": {
			"DAM_lmp($/MWh)": 9.13875,
			"RTM_lmp($/MWh)": 9.9976
		},
		"15:00:00": {
			"DAM_lmp($/MWh)": 12.17014,
			"RTM_lmp($/MWh)": 4.9988
		},
		"16:00:00": {
			"DAM_lmp($/MWh)": 15.97834,
			"RTM_lmp($/MWh)": 4.95
		},
		"17:00:00": {
			"DAM_lmp($/MWh)": 25.72749,
			"RTM_lmp($/MWh)": 0.0
		},
		"18:00:00": {
			"DAM_lmp($/MWh)": 45.12366,
			"RTM_lmp($/MWh)": 14.58152
		},
		"19:00:00": {
			"DAM_lmp($/MWh)": 66.5216,
			"RTM_lmp($/MWh)": 28.46513
		},
		"20:00:00": {
			"DAM_lmp($/MWh)": 66.82791,
			"RTM_lmp($/MWh)": 40.0
		},
		"21:00:00": {
			"DAM_lmp($/MWh)": 51.0633,
			"RTM_lmp($/MWh)": 43.4673
		},
		"22:00:00": {
			"DAM_lmp($/MWh)": 39.83683,
			"RTM_lmp($/MWh)": 32.47325
		},
		"23:00:00": {
			"DAM_lmp($/MWh)": 29.59902,
			"RTM_lmp($/MWh)": 33.36132
		}
	}
}