{
	"2023-05-22": {
		"00:00:00": {
			"DAM_lmp($/MWh)": 32.74353,
			"RTM_lmp($/MWh)": 27.7114
		},
		"01:00:00": {
			"DAM_lmp($/MWh)": 29.59493,
			"RTM_lmp($/MWh)": 23.85733
		},
		"02:00:00": {
			"DAM_lmp($/MWh)": 29.33756,
			"RTM_lmp($/MWh)": 19.90148
		},
		"03:00:00": {
			"DAM_lmp($/MWh)": 27.99928,
			"RTM_lmp($/MWh)": 6.37739
		},
		"04:00:00": {
			"DAM_lmp($/MWh)": 30.68133,
			"RTM_lmp($/MWh)": 1.587
		},
		"05:00:00": {
			"DAM_lmp($/MWh)": 35.60819,
			"RTM_lmp($/MWh)": 30.81135
		},
		"06:00:00": {
			"DAM_lmp($/MWh)": 38.91333,
			"RTM_lmp($/MWh)": 72.0
		},
		"07:00:00": {
			"DAM_lmp($/MWh)": 24.73689,
			"RTM_lmp($/MWh)": 18.0208
		},
		"08:00:00": {
			"DAM_lmp($/MWh)": 1.05556,
			"RTM_lmp($/MWh)": 12.8688
		},
		"09:00:00": {
			"DAM_lmp($/MWh)": -2.34496,
			"RTM_lmp($/MWh)": 12.94
		},
		"10:00:00": {
			"DAM_lmp($/MWh)": -0.50788,
			"RTM_lmp($/MWh)": 15.4
		},
		"11:00:00": {
			"DAM_lmp($/MWh)": -1.19524,
			"RTM_lmp($/MWh)": -1.67364
		},
		"12:00:00": {
			"DAM_lmp($/MWh)": -3.54444,
			"RTM_lmp($/MWh)": 14.16139
		},
		"13:00:00": {
			"DAM_lmp($/MWh)": -4.46919,
			"RTM_lmp($/MWh)": 14.37267
		},
		"14:00:00": {
			"DAM_lmp($/MWh)": -3.50739,
			"RTM_lmp($/MWh)": 9.9976
		},
		"15:00:00": {
			"DAM_lmp($/MWh)": -0.35681,
			"RTM_lmp($/MWh)": 4.9988
		},
		"16:00:00": {
			"DAM_lmp($/MWh)": 4.84503,
			"RTM_lmp($/MWh)": 4.95
		},
		"17:00:00": {
			"DAM_lmp($/MWh)": 23.42212,
			"RTM_lmp($/MWh)": 0.0
		},
		"18:00:00": {
			"DAM_lmp($/MWh)": 42.03828,
			"RTM_lmp($/MWh)": 13.15493
		},
		"19:00:00": {
			"DAM_lmp($/MWh)": 61.62878,
			"RTM_lmp($/MWh)": 26.35823
		},
		"20:00:00": {
			"DAM_lmp($/MWh)": 62.02489,
			"RTM_lmp($/MWh)": 40.0
		},
		"21:00:00": {
			"DAM_lmp($/MWh)": 47.99321,
			"RTM_lmp($/MWh)": 41.28114
		},
		"22:00:00": {
			"DAM_lmp($/MWh)": 40.87563,
			"RTM_lmp($/MWh)": 31.34316
		},
		"23:00:00": {
			"DAM_lmp($/MWh)": 34.36812,
			"RTM_lmp($/MWh)": 32.45446
		}
	},
	"2023-05-23": {
		"00:00:00": {
			"DAM_lmp($/MWh)": 32.74353,
			"RTM_lmp($/MWh)": 27.7114
		},
		"01:00:00": {
			"DAM_lmp($/MWh)": 29.59493,
			"RTM_lmp($/MWh)": 23.85733
		},
		"02:00:00": {
			"DAM_lmp($/MWh)": 29.33756,
			"RTM_lmp($/MWh)": 19.90148
		},
		"03:00:00": {
			"DAM_lmp($/MWh)": 27.99928,
			"RTM_lmp($/MWh)": 6.37739
		},
		"04:00:00": {
			"DAM_lmp($/MWh)": 30.68133,
			"RTM_lmp($/MWh)": 1.587
		},
		"05:00:00": {
			"DAM_lmp($/MWh)": 35.60819,
			"RTM_lmp($/MWh)": 30.81135
		},
		"06:00:00": {
			"DAM_lmp($/MWh)": 38.91333,
			"RTM_lmp($/MWh)": 72.0
		},
		"07:00:00": {
			"DAM_lmp($/MWh)": 24.73689,
			"RTM_lmp($/MWh)": 18.0208
		},
		"08:00:00": {
			"DAM_lmp($/MWh)": 1.05556,
			"RTM_lmp($/MWh)": 12.8688
		},
		"09:00:00": {
			"DAM_lmp($/MWh)": -2.34496,
			"RTM_lmp($/MWh)": 12.94
		},
		"10:00:00": {
			"DAM_lmp($/MWh)": -0.50788,
			"RTM_lmp($/MWh)": 15.4
		},
		"11:00:00": {
			"DAM_lmp($/MWh)": -1.19524,
			"RTM_lmp($/MWh)": -1.67364
		},
		"12:00:00": {
			"DAM_lmp($/MWh)": -3.54444,
			"RTM_lmp($/MWh)": 14.16139
		},
		"13:00:00": {
			"DAM_lmp($/MWh)": -4.46919,
			"RTM_lmp($/MWh)": 14.37267
		},
		"14:00:00": {
			"DAM_lmp($/MWh)": -3.50739,
			"RTM_lmp($/MWh)": 9.9976
		},
		"15:00:00": {
			"DAM_lmp($/MWh)": -0.35681,
			"RTM_lmp($/MWh)": 4.9988
		},
		"16:00:00": {
			"DAM_lmp($/MWh)": 4.84503,
			"RTM_lmp($/MWh)": 4.95
		},
		"17:00:00": {
			"DAM_lmp($/MWh)": 23.42212,
			"RTM_lmp($/MWh)": 0.0
		},
		"18:00:00": {
			"DAM_lmp($/MWh)": 42.03828,
			"RTM_lmp($/MWh)": 13.15493
		},
		"19:00:00": {
			"DAM_lmp($/MWh)": 61.62878,
			"RTM_lmp($/MWh)": 26.35823
		},
		"20:00:00": {
			"DAM_lmp($/MWh)": 62.02489,
			"RTM_lmp($/MWh)": 40.0
		},
		"21:00:00": {
			"DAM_lmp($/MWh)": 47.99321,
			"RTM_lmp($/MWh)": 41.28114
		},
		"22:00:00": {
			"DAM_lmp($/MWh)": 40.87563,
			"RTM_lmp($/MWh)": 31.34316
		},
		"23:00:00": {
			"DAM_lmp($/MWh)": 34.36812,
			"RTM_lmp($/MWh)": 32.45446
		}
	}
}