{
	"2023-05-22": {
		"00:00:00": {
			"DAM_lmp($/MWh)": 29.98671,
			"RTM_lmp($/MWh)": 29.08303
		},
		"01:00:00": {
			"DAM_lmp($/MWh)": 26.26911,
			"RTM_lmp($/MWh)": 25.34085
		},
		"02:00:00": {
			"DAM_lmp($/MWh)": 24.95465,
			"RTM_lmp($/MWh)": 21.02833
		},
		"03:00:00": {
			"DAM_lmp($/MWh)": 23.08396,
			"RTM_lmp($/MWh)": 23.41747
		},
		"04:00:00": {
			"DAM_lmp($/MWh)": 26.9884,
			"RTM_lmp($/MWh)": 20.54888
		},
		"05:00:00": {
			"DAM_lmp($/MWh)": 34.9429,
			"RTM_lmp($/MWh)": 30.81135
		},
		"06:00:00": {
			"DAM_lmp($/MWh)": 36.33498,
			"RTM_lmp($/MWh)": 72.0
		},
		"07:00:00": {
			"DAM_lmp($/MWh)": 25.62461,
			"RTM_lmp($/MWh)": 18.0208
		},
		"08:00:00": {
			"DAM_lmp($/MWh)": 13.28307,
			"RTM_lmp($/MWh)": 12.8688
		},
		"09:00:00": {
			"DAM_lmp($/MWh)": 10.21024,
			"RTM_lmp($/MWh)": 12.94
		},
		"10:00:00": {
			"DAM_lmp($/MWh)": 7.49873,
			"RTM_lmp($/MWh)": 15.4
		},
		"11:00:00": {
			"DAM_lmp($/MWh)": 5.86939,
			"RTM_lmp($/MWh)": 14.7764
		},
		"12:00:00": {
			"DAM_lmp($/MWh)": 3.88859,
			"RTM_lmp($/MWh)": 14.31537
		},
		"13:00:00": {
			"DAM_lmp($/MWh)": 3.53739,
			"RTM_lmp($/MWh)": 14.65833
		},
		"14:00:00": {
			"DAM_lmp($/MWh)": 4.59203,
			"RTM_lmp($/MWh)": 9.9976
		},
		"15:00:00": {
			"DAM_lmp($/MWh)": 7.4265,
			"RTM_lmp($/MWh)": 4.9988
		},
		"16:00:00": {
			"DAM_lmp($/MWh)": 11.56602,
			"RTM_lmp($/MWh)": 4.95
		},
		"17:00:00": {
			"DAM_lmp($/MWh)": 24.36817,
			"RTM_lmp($/MWh)": 0.0
		},
		"18:00:00": {
			"DAM_lmp($/MWh)": 43.37499,
			"RTM_lmp($/MWh)": 13.43482
		},
		"19:00:00": {
			"DAM_lmp($/MWh)": 64.66013,
			"RTM_lmp($/MWh)": 26.40224
		},
		"20:00:00": {
			"DAM_lmp($/MWh)": 65.07371,
			"RTM_lmp($/MWh)": 40.0
		},
		"21:00:00": {
			"DAM_lmp($/MWh)": 50.0649,
			"RTM_lmp($/MWh)": 41.65039
		},
		"22:00:00": {
			"DAM_lmp($/MWh)": 40.51629,
			"RTM_lmp($/MWh)": 31.66786
		},
		"23:00:00": {
			"DAM_lmp($/MWh)": 32.02219,
			"RTM_lmp($/MWh)": 33.28492
		}
	},
	"2023-05-23": {
		"00:00:00": {
			"DAM_lmp($/MWh)": 29.98671,
			"RTM_lmp($/MWh)": 29.08303
		},
		"01:00:00": {
			"DAM_lmp($/MWh)": 26.26911,
			"RTM_lmp($/MWh)": 25.34085
		},
		"02:00:00": {
			"DAM_lmp($/MWh)": 24.95465,
			"RTM_lmp($/MWh)": 21.02833
		},
		"03:00:00": {
			"DAM_lmp($/MWh)": 23.08396,
			"RTM_lmp($/MWh)": 23.41747
		},
		"04:00:00": {
			"DAM_lmp($/MWh)": 26.9884,
			"RTM_lmp($/MWh)": 20.54888
		},
		"05:00:00": {
			"DAM_lmp($/MWh)": 34.9429,
			"RTM_lmp($/MWh)": 30.81135
		},
		"06:00:00": {
			"DAM_lmp($/MWh)": 36.33498,
			"RTM_lmp($/MWh)": 72.0
		},
		"07:00:00": {
			"DAM_lmp($/MWh)": 25.62461,
			"RTM_lmp($/MWh)": 18.0208
		},
		"08:00:00": {
			"DAM_lmp($/MWh)": 13.28307,
			"RTM_lmp($/MWh)": 12.8688
		},
		"09:00:00": {
			"DAM_lmp($/MWh)": 10.21024,
			"RTM_lmp($/MWh)": 12.94
		},
		"10:00:00": {
			"DAM_lmp($/MWh)": 7.49873,
			"RTM_lmp($/MWh)": 15.4
		},
		"11:00:00": {
			"DAM_lmp($/MWh)": 5.86939,
			"RTM_lmp($/MWh)": 14.7764
		},
		"12:00:00": {
			"DAM_lmp($/MWh)": 3.88859,
			"RTM_lmp($/MWh)": 14.31537
		},
		"13:00:00": {
			"DAM_lmp($/MWh)": 3.53739,
			"RTM_lmp($/MWh)": 14.65833
		},
		"14:00:00": {
			"DAM_lmp($/MWh)": 4.59203,
			"RTM_lmp($/MWh)": 9.9976
		},
		"15:00:00": {
			"DAM_lmp($/MWh)": 7.4265,
			"RTM_lmp($/MWh)": 4.9988
		},
		"16:00:00": {
			"DAM_lmp($/MWh)": 11.56602,
			"RTM_lmp($/MWh)": 4.95
		},
		"17:00:00": {
			"DAM_lmp($/MWh)": 24.36817,
			"RTM_lmp($/MWh)": 0.0
		},
		"18:00:00": {
			"DAM_lmp($/MWh)": 43.37499,
			"RTM_lmp($/MWh)": 13.43482
		},
		"19:00:00": {
			"DAM_lmp($/MWh)": 64.66013,
			"RTM_lmp($/MWh)": 26.40224
		},
		"20:00:00": {
			"DAM_lmp($/MWh)": 65.07371,
			"RTM_lmp($/MWh)": 40.0
		},
		"21:00:00": {
			"DAM_lmp($/MWh)": 50.0649,
			"RTM_lmp($/MWh)": 41.65039
		},
		"22:00:00": {
			"DAM_lmp($/MWh)": 40.51629,
			"RTM_lmp($/MWh)": 31.66786
		},
		"23:00:00": {
			"DAM_lmp($/MWh)": 32.02219,
			"RTM_lmp($/MWh)": 33.28492
		}
	}
}