{
	"2023-05-22": {
		"00:00:00": {
			"DAM_lmp($/MWh)": 26.12619,
			"RTM_lmp($/MWh)": 27.33577
		},
		"01:00:00": {
			"DAM_lmp($/MWh)": 22.24798,
			"RTM_lmp($/MWh)": 23.59772
		},
		"02:00:00": {
			"DAM_lmp($/MWh)": 20.30986,
			"RTM_lmp($/MWh)": 19.61002
		},
		"03:00:00": {
			"DAM_lmp($/MWh)": 18.22048,
			"RTM_lmp($/MWh)": 6.91602
		},
		"04:00:00": {
			"DAM_lmp($/MWh)": 22.02941,
			"RTM_lmp($/MWh)": 1.92299
		},
		"05:00:00": {
			"DAM_lmp($/MWh)": 31.55132,
			"RTM_lmp($/MWh)": 30.81135
		},
		"06:00:00": {
			"DAM_lmp($/MWh)": 32.47067,
			"RTM_lmp($/MWh)": 72.0
		},
		"07:00:00": {
			"DAM_lmp($/MWh)": 25.96882,
			"RTM_lmp($/MWh)": 18.0208
		},
		"08:00:00": {
			"DAM_lmp($/MWh)": 17.86016,
			"RTM_lmp($/MWh)": 12.8688
		},
		"09:00:00": {
			"DAM_lmp($/MWh)": 14.86303,
			"RTM_lmp($/MWh)": 12.94
		},
		"10:00:00": {
			"DAM_lmp($/MWh)": 10.28227,
			"RTM_lmp($/MWh)": 15.4
		},
		"11:00:00": {
			"DAM_lmp($/MWh)": 8.38611,
			"RTM_lmp($/MWh)": 14.7764
		},
		"12:00:00": {
			"DAM_lmp($/MWh)": 6.47948,
			"RTM_lmp($/MWh)": 15.09912
		},
		"13:00:00": {
			"DAM_lmp($/MWh)": 6.34158,
			"RTM_lmp($/MWh)": 15.31285
		},
		"14:00:00": {
			"DAM_lmp($/MWh)": 7.49477,
			"RTM_lmp($/MWh)": 9.9976
		},
		"15:00:00": {
			"DAM_lmp($/MWh)": 10.53526,
			"RTM_lmp($/MWh)": 4.9988
		},
		"16:00:00": {
			"DAM_lmp($/MWh)": 14.49424,
			"RTM_lmp($/MWh)": 4.95
		},
		"17:00:00": {
			"DAM_lmp($/MWh)": 25.25198,
			"RTM_lmp($/MWh)": 0.0
		},
		"18:00:00": {
			"DAM_lmp($/MWh)": 44.10689,
			"RTM_lmp($/MWh)": 14.10742
		},
		"19:00:00": {
			"DAM_lmp($/MWh)": 65.23538,
			"RTM_lmp($/MWh)": 27.54921
		},
		"20:00:00": {
			"DAM_lmp($/MWh)": 65.00898,
			"RTM_lmp($/MWh)": 40.0
		},
		"21:00:00": {
			"DAM_lmp($/MWh)": 50.09485,
			"RTM_lmp($/MWh)": 41.58326
		},
		"22:00:00": {
			"DAM_lmp($/MWh)": 38.97929,
			"RTM_lmp($/MWh)": 31.42593
		},
		"23:00:00": {
			"DAM_lmp($/MWh)": 28.78918,
			"RTM_lmp($/MWh)": 32.46442
		}
	},
	"2023-05-23": {
		"00:00:00": {
			"DAM_lmp($/MWh)": 26.12619,
			"RTM_lmp($/MWh)": 27.33577
		},
		"01:00:00": {
			"DAM_lmp($/MWh)": 22.24798,
			"RTM_lmp($/MWh)": 23.59772
		},
		"02:00:00": {
			"DAM_lmp($/MWh)": 20.30986,
			"RTM_lmp($/MWh)": 19.61002
		},
		"03:00:00": {
			"DAM_lmp($/MWh)": 18.22048,
			"RTM_lmp($/MWh)": 6.91602
		},
		"04:00:00": {
			"DAM_lmp($/MWh)": 22.02941,
			"RTM_lmp($/MWh)": 1.92299
		},
		"05:00:00": {
			"DAM_lmp($/MWh)": 31.55132,
			"RTM_lmp($/MWh)": 30.81135
		},
		"06:00:00": {
			"DAM_lmp($/MWh)": 32.47067,
			"RTM_lmp($/MWh)": 72.0
		},
		"07:00:00": {
			"DAM_lmp($/MWh)": 25.96882,
			"RTM_lmp($/MWh)": 18.0208
		},
		"08:00:00": {
			"DAM_lmp($/MWh)": 17.86016,
			"RTM_lmp($/MWh)": 12.8688
		},
		"09:00:00": {
			"DAM_lmp($/MWh)": 14.86303,
			"RTM_lmp($/MWh)": 12.94
		},
		"10:00:00": {
			"DAM_lmp($/MWh)": 10.28227,
			"RTM_lmp($/MWh)": 15.4
		},
		"11:00:00": {
			"DAM_lmp($/MWh)": 8.38611,
			"RTM_lmp($/MWh)": 14.7764
		},
		"12:00:00": {
			"DAM_lmp($/MWh)": 6.47948,
			"RTM_lmp($/MWh)": 15.09912
		},
		"13:00:00": {
			"DAM_lmp($/MWh)": 6.34158,
			"RTM_lmp($/MWh)": 15.31285
		},
		"14:00:00": {
			"DAM_lmp($/MWh)": 7.49477,
			"RTM_lmp($/MWh)": 9.9976
		},
		"15:00:00": {
			"DAM_lmp($/MWh)": 10.53526,
			"RTM_lmp($/MWh)": 4.9988
		},
		"16:00:00": {
			"DAM_lmp($/MWh)": 14.49424,
			"RTM_lmp($/MWh)": 4.95
		},
		"17:00:00": {
			"DAM_lmp($/MWh)": 25.25198,
			"RTM_lmp($/MWh)": 0.0
		},
		"18:00:00": {
			"DAM_lmp($/MWh)": 44.10689,
			"RTM_lmp($/MWh)": 14.10742
		},
		"19:00:00": {
			"DAM_lmp($/MWh)": 65.23538,
			"RTM_lmp($/MWh)": 27.54921
		},
		"20:00:00": {
			"DAM_lmp($/MWh)": 65.00898,
			"RTM_lmp($/MWh)": 40.0
		},
		"21:00:00": {
			"DAM_lmp($/MWh)": 50.09485,
			"RTM_lmp($/MWh)": 41.58326
		},
		"22:00:00": {
			"DAM_lmp($/MWh)": 38.97929,
			"RTM_lmp($/MWh)": 31.42593
		},
		"23:00:00": {
			"DAM_lmp($/MWh)": 28.78918,
			"RTM_lmp($/MWh)": 32.46442
		}
	}
}