{
	"2023-05-22": {
		"00:00:00": {
			"DAM_lmp($/MWh)": 29.61443,
			"RTM_lmp($/MWh)": 28.52812
		},
		"01:00:00": {
			"DAM_lmp($/MWh)": 25.89672,
			"RTM_lmp($/MWh)": 24.98233
		},
		"02:00:00": {
			"DAM_lmp($/MWh)": 24.60809,
			"RTM_lmp($/MWh)": 20.69171
		},
		"03:00:00": {
			"DAM_lmp($/MWh)": 22.78387,
			"RTM_lmp($/MWh)": 22.78629
		},
		"04:00:00": {
			"DAM_lmp($/MWh)": 26.5091,
			"RTM_lmp($/MWh)": 20.19503
		},
		"05:00:00": {
			"DAM_lmp($/MWh)": 34.43534,
			"RTM_lmp($/MWh)": 30.81135
		},
		"06:00:00": {
			"DAM_lmp($/MWh)": 35.56871,
			"RTM_lmp($/MWh)": 72.0
		},
		"07:00:00": {
			"DAM_lmp($/MWh)": 24.77054,
			"RTM_lmp($/MWh)": 18.0208
		},
		"08:00:00": {
			"DAM_lmp($/MWh)": 11.07013,
			"RTM_lmp($/MWh)": 12.8688
		},
		"09:00:00": {
			"DAM_lmp($/MWh)": 9.16902,
			"RTM_lmp($/MWh)": 12.94
		},
		"10:00:00": {
			"DAM_lmp($/MWh)": 6.74727,
			"RTM_lmp($/MWh)": 15.4
		},
		"11:00:00": {
			"DAM_lmp($/MWh)": 4.56444,
			"RTM_lmp($/MWh)": 14.7764
		},
		"12:00:00": {
			"DAM_lmp($/MWh)": 3.4927,
			"RTM_lmp($/MWh)": 14.82812
		},
		"13:00:00": {
			"DAM_lmp($/MWh)": 3.22956,
			"RTM_lmp($/MWh)": 15.19199
		},
		"14:00:00": {
			"DAM_lmp($/MWh)": 4.51969,
			"RTM_lmp($/MWh)": 9.9976
		},
		"15:00:00": {
			"DAM_lmp($/MWh)": 7.3,
			"RTM_lmp($/MWh)": 4.9988
		},
		"16:00:00": {
			"DAM_lmp($/MWh)": 11.31047,
			"RTM_lmp($/MWh)": 4.95
		},
		"17:00:00": {
			"DAM_lmp($/MWh)": 23.82544,
			"RTM_lmp($/MWh)": 0.0
		},
		"18:00:00": {
			"DAM_lmp($/MWh)": 42.44148,
			"RTM_lmp($/MWh)": 14.00175
		},
		"19:00:00": {
			"DAM_lmp($/MWh)": 62.9861,
			"RTM_lmp($/MWh)": 26.64704
		},
		"20:00:00": {
			"DAM_lmp($/MWh)": 62.82755,
			"RTM_lmp($/MWh)": 40.0
		},
		"21:00:00": {
			"DAM_lmp($/MWh)": 48.50739,
			"RTM_lmp($/MWh)": 40.40835
		},
		"22:00:00": {
			"DAM_lmp($/MWh)": 39.83866,
			"RTM_lmp($/MWh)": 31.18399
		},
		"23:00:00": {
			"DAM_lmp($/MWh)": 31.61965,
			"RTM_lmp($/MWh)": 33.04907
		}
	},
	"2023-05-23": {
		"00:00:00": {
			"DAM_lmp($/MWh)": 29.61443,
			"RTM_lmp($/MWh)": 28.52812
		},
		"01:00:00": {
			"DAM_lmp($/MWh)": 25.89672,
			"RTM_lmp($/MWh)": 24.98233
		},
		"02:00:00": {
			"DAM_lmp($/MWh)": 24.60809,
			"RTM_lmp($/MWh)": 20.69171
		},
		"03:00:00": {
			"DAM_lmp($/MWh)": 22.78387,
			"RTM_lmp($/MWh)": 22.78629
		},
		"04:00:00": {
			"DAM_lmp($/MWh)": 26.5091,
			"RTM_lmp($/MWh)": 20.19503
		},
		"05:00:00": {
			"DAM_lmp($/MWh)": 34.43534,
			"RTM_lmp($/MWh)": 30.81135
		},
		"06:00:00": {
			"DAM_lmp($/MWh)": 35.56871,
			"RTM_lmp($/MWh)": 72.0
		},
		"07:00:00": {
			"DAM_lmp($/MWh)": 24.77054,
			"RTM_lmp($/MWh)": 18.0208
		},
		"08:00:00": {
			"DAM_lmp($/MWh)": 11.07013,
			"RTM_lmp($/MWh)": 12.8688
		},
		"09:00:00": {
			"DAM_lmp($/MWh)": 9.16902,
			"RTM_lmp($/MWh)": 12.94
		},
		"10:00:00": {
			"DAM_lmp($/MWh)": 6.74727,
			"RTM_lmp($/MWh)": 15.4
		},
		"11:00:00": {
			"DAM_lmp($/MWh)": 4.56444,
			"RTM_lmp($/MWh)": 14.7764
		},
		"12:00:00": {
			"DAM_lmp($/MWh)": 3.4927,
			"RTM_lmp($/MWh)": 14.82812
		},
		"13:00:00": {
			"DAM_lmp($/MWh)": 3.22956,
			"RTM_lmp($/MWh)": 15.19199
		},
		"14:00:00": {
			"DAM_lmp($/MWh)": 4.51969,
			"RTM_lmp($/MWh)": 9.9976
		},
		"15:00:00": {
			"DAM_lmp($/MWh)": 7.3,
			"RTM_lmp($/MWh)": 4.9988
		},
		"16:00:00": {
			"DAM_lmp($/MWh)": 11.31047,
			"RTM_lmp($/MWh)": 4.95
		},
		"17:00:00": {
			"DAM_lmp($/MWh)": 23.82544,
			"RTM_lmp($/MWh)": 0.0
		},
		"18:00:00": {
			"DAM_lmp($/MWh)": 42.44148,
			"RTM_lmp($/MWh)": 14.00175
		},
		"19:00:00": {
			"DAM_lmp($/MWh)": 62.9861,
			"RTM_lmp($/MWh)": 26.64704
		},
		"20:00:00": {
			"DAM_lmp($/MWh)": 62.82755,
			"RTM_lmp($/MWh)": 40.0
		},
		"21:00:00": {
			"DAM_lmp($/MWh)": 48.50739,
			"RTM_lmp($/MWh)": 40.40835
		},
		"22:00:00": {
			"DAM_lmp($/MWh)": 39.83866,
			"RTM_lmp($/MWh)": 31.18399
		},
		"23:00:00": {
			"DAM_lmp($/MWh)": 31.61965,
			"RTM_lmp($/MWh)": 33.04907
		}
	}
}