{
	"2023-05-22": {
		"00:00:00": {
			"DAM_lmp($/MWh)": 29.18896,
			"RTM_lmp($/MWh)": 28.60211
		},
		"01:00:00": {
			"DAM_lmp($/MWh)": 25.73121,
			"RTM_lmp($/MWh)": 24.96997
		},
		"02:00:00": {
			"DAM_lmp($/MWh)": 24.42867,
			"RTM_lmp($/MWh)": 20.77791
		},
		"03:00:00": {
			"DAM_lmp($/MWh)": 22.58381,
			"RTM_lmp($/MWh)": 14.34757
		},
		"04:00:00": {
			"DAM_lmp($/MWh)": 26.09036,
			"RTM_lmp($/MWh)": 10.50384
		},
		"05:00:00": {
			"DAM_lmp($/MWh)": 33.94492,
			"RTM_lmp($/MWh)": 30.81135
		},
		"06:00:00": {
			"DAM_lmp($/MWh)": 35.44999,
			"RTM_lmp($/MWh)": 72.0
		},
		"07:00:00": {
			"DAM_lmp($/MWh)": 25.1484,
			"RTM_lmp($/MWh)": 18.0208
		},
		"08:00:00": {
			"DAM_lmp($/MWh)": 9.73065,
			"RTM_lmp($/MWh)": 12.8688
		},
		"09:00:00": {
			"DAM_lmp($/MWh)": 6.72387,
			"RTM_lmp($/MWh)": 12.94
		},
		"10:00:00": {
			"DAM_lmp($/MWh)": 5.03227,
			"RTM_lmp($/MWh)": 15.4
		},
		"11:00:00": {
			"DAM_lmp($/MWh)": 3.7543,
			"RTM_lmp($/MWh)": 11.34931
		},
		"12:00:00": {
			"DAM_lmp($/MWh)": 1.6378,
			"RTM_lmp($/MWh)": 14.48013
		},
		"13:00:00": {
			"DAM_lmp($/MWh)": 1.13415,
			"RTM_lmp($/MWh)": 14.7117
		},
		"14:00:00": {
			"DAM_lmp($/MWh)": 2.24035,
			"RTM_lmp($/MWh)": 9.9976
		},
		"15:00:00": {
			"DAM_lmp($/MWh)": 5.14055,
			"RTM_lmp($/MWh)": 4.9988
		},
		"16:00:00": {
			"DAM_lmp($/MWh)": 9.57512,
			"RTM_lmp($/MWh)": 4.95
		},
		"17:00:00": {
			"DAM_lmp($/MWh)": 24.04701,
			"RTM_lmp($/MWh)": 0.0
		},
		"18:00:00": {
			"DAM_lmp($/MWh)": 42.8666,
			"RTM_lmp($/MWh)": 13.87037
		},
		"19:00:00": {
			"DAM_lmp($/MWh)": 63.83281,
			"RTM_lmp($/MWh)": 27.2494
		},
		"20:00:00": {
			"DAM_lmp($/MWh)": 64.0898,
			"RTM_lmp($/MWh)": 40.0
		},
		"21:00:00": {
			"DAM_lmp($/MWh)": 49.36102,
			"RTM_lmp($/MWh)": 41.79306
		},
		"22:00:00": {
			"DAM_lmp($/MWh)": 39.95563,
			"RTM_lmp($/MWh)": 31.85886
		},
		"23:00:00": {
			"DAM_lmp($/MWh)": 31.93047,
			"RTM_lmp($/MWh)": 33.14873
		}
	},
	"2023-05-23": {
		"00:00:00": {
			"DAM_lmp($/MWh)": 29.18896,
			"RTM_lmp($/MWh)": 28.60211
		},
		"01:00:00": {
			"DAM_lmp($/MWh)": 25.73121,
			"RTM_lmp($/MWh)": 24.96997
		},
		"02:00:00": {
			"DAM_lmp($/MWh)": 24.42867,
			"RTM_lmp($/MWh)": 20.77791
		},
		"03:00:00": {
			"DAM_lmp($/MWh)": 22.58381,
			"RTM_lmp($/MWh)": 14.34757
		},
		"04:00:00": {
			"DAM_lmp($/MWh)": 26.09036,
			"RTM_lmp($/MWh)": 10.50384
		},
		"05:00:00": {
			"DAM_lmp($/MWh)": 33.94492,
			"RTM_lmp($/MWh)": 30.81135
		},
		"06:00:00": {
			"DAM_lmp($/MWh)": 35.44999,
			"RTM_lmp($/MWh)": 72.0
		},
		"07:00:00": {
			"DAM_lmp($/MWh)": 25.1484,
			"RTM_lmp($/MWh)": 18.0208
		},
		"08:00:00": {
			"DAM_lmp($/MWh)": 9.73065,
			"RTM_lmp($/MWh)": 12.8688
		},
		"09:00:00": {
			"DAM_lmp($/MWh)": 6.72387,
			"RTM_lmp($/MWh)": 12.94
		},
		"10:00:00": {
			"DAM_lmp($/MWh)": 5.03227,
			"RTM_lmp($/MWh)": 15.4
		},
		"11:00:00": {
			"DAM_lmp($/MWh)": 3.7543,
			"RTM_lmp($/MWh)": 11.34931
		},
		"12:00:00": {
			"DAM_lmp($/MWh)": 1.6378,
			"RTM_lmp($/MWh)": 14.48013
		},
		"13:00:00": {
			"DAM_lmp($/MWh)": 1.13415,
			"RTM_lmp($/MWh)": 14.7117
		},
		"14:00:00": {
			"DAM_lmp($/MWh)": 2.24035,
			"RTM_lmp($/MWh)": 9.9976
		},
		"15:00:00": {
			"DAM_lmp($/MWh)": 5.14055,
			"RTM_lmp($/MWh)": 4.9988
		},
		"16:00:00": {
			"DAM_lmp($/MWh)": 9.57512,
			"RTM_lmp($/MWh)": 4.95
		},
		"17:00:00": {
			"DAM_lmp($/MWh)": 24.04701,
			"RTM_lmp($/MWh)": 0.0
		},
		"18:00:00": {
			"DAM_lmp($/MWh)": 42.8666,
			"RTM_lmp($/MWh)": 13.87037
		},
		"19:00:00": {
			"DAM_lmp($/MWh)": 63.83281,
			"RTM_lmp($/MWh)": 27.2494
		},
		"20:00:00": {
			"DAM_lmp($/MWh)": 64.0898,
			"RTM_lmp($/MWh)": 40.0
		},
		"21:00:00": {
			"DAM_lmp($/MWh)": 49.36102,
			"RTM_lmp($/MWh)": 41.79306
		},
		"22:00:00": {
			"DAM_lmp($/MWh)": 39.95563,
			"RTM_lmp($/MWh)": 31.85886
		},
		"23:00:00": {
			"DAM_lmp($/MWh)": 31.93047,
			"RTM_lmp($/MWh)": 33.14873
		}
	}
}