{
	"2023-05-22": {
		"00:00:00": {
			"DAM_lmp($/MWh)": 27.09236,
			"RTM_lmp($/MWh)": 28.18948
		},
		"01:00:00": {
			"DAM_lmp($/MWh)": 23.10138,
			"RTM_lmp($/MWh)": 24.31475
		},
		"02:00:00": {
			"DAM_lmp($/MWh)": 21.09392,
			"RTM_lmp($/MWh)": 20.13342
		},
		"03:00:00": {
			"DAM_lmp($/MWh)": 18.7911,
			"RTM_lmp($/MWh)": 7.20711
		},
		"04:00:00": {
			"DAM_lmp($/MWh)": 22.8695,
			"RTM_lmp($/MWh)": 2.12961
		},
		"05:00:00": {
			"DAM_lmp($/MWh)": 32.66246,
			"RTM_lmp($/MWh)": 58.35416
		},
		"06:00:00": {
			"DAM_lmp($/MWh)": 33.7406,
			"RTM_lmp($/MWh)": 72.0
		},
		"07:00:00": {
			"DAM_lmp($/MWh)": 26.91347,
			"RTM_lmp($/MWh)": 18.0208
		},
		"08:00:00": {
			"DAM_lmp($/MWh)": 19.46748,
			"RTM_lmp($/MWh)": 12.8688
		},
		"09:00:00": {
			"DAM_lmp($/MWh)": 16.95077,
			"RTM_lmp($/MWh)": 12.94
		},
		"10:00:00": {
			"DAM_lmp($/MWh)": 11.44045,
			"RTM_lmp($/MWh)": 15.4
		},
		"11:00:00": {
			"DAM_lmp($/MWh)": 9.42027,
			"RTM_lmp($/MWh)": 18.20349
		},
		"12:00:00": {
			"DAM_lmp($/MWh)": 7.43984,
			"RTM_lmp($/MWh)": 15.68886
		},
		"13:00:00": {
			"DAM_lmp($/MWh)": 7.36161,
			"RTM_lmp($/MWh)": 15.89987
		},
		"14:00:00": {
			"DAM_lmp($/MWh)": 8.59752,
			"RTM_lmp($/MWh)": 9.9976
		},
		"15:00:00": {
			"DAM_lmp($/MWh)": 11.62011,
			"RTM_lmp($/MWh)": 4.9988
		},
		"16:00:00": {
			"DAM_lmp($/MWh)": 15.65035,
			"RTM_lmp($/MWh)": 4.95
		},
		"17:00:00": {
			"DAM_lmp($/MWh)": 26.18807,
			"RTM_lmp($/MWh)": 0.0
		},
		"18:00:00": {
			"DAM_lmp($/MWh)": 45.87309,
			"RTM_lmp($/MWh)": 14.74289
		},
		"19:00:00": {
			"DAM_lmp($/MWh)": 66.90294,
			"RTM_lmp($/MWh)": 28.67142
		},
		"20:00:00": {
			"DAM_lmp($/MWh)": 68.22609,
			"RTM_lmp($/MWh)": 40.0
		},
		"21:00:00": {
			"DAM_lmp($/MWh)": 51.51757,
			"RTM_lmp($/MWh)": 43.96664
		},
		"22:00:00": {
			"DAM_lmp($/MWh)": 40.03606,
			"RTM_lmp($/MWh)": 32.712
		},
		"23:00:00": {
			"DAM_lmp($/MWh)": 29.88914,
			"RTM_lmp($/MWh)": 33.54403
		}
	},
	"2023-05-23": {
		"00:00:00": {
			"DAM_lmp($/MWh)": 27.09236,
			"RTM_lmp($/MWh)": 28.18948
		},
		"01:00:00": {
			"DAM_lmp($/MWh)": 23.10138,
			"RTM_lmp($/MWh)": 24.31475
		},
		"02:00:00": {
			"DAM_lmp($/MWh)": 21.09392,
			"RTM_lmp($/MWh)": 20.13342
		},
		"03:00:00": {
			"DAM_lmp($/MWh)": 18.7911,
			"RTM_lmp($/MWh)": 7.20711
		},
		"04:00:00": {
			"DAM_lmp($/MWh)": 22.8695,
			"RTM_lmp($/MWh)": 2.12961
		},
		"05:00:00": {
			"DAM_lmp($/MWh)": 32.66246,
			"RTM_lmp($/MWh)": 58.35416
		},
		"06:00:00": {
			"DAM_lmp($/MWh)": 33.7406,
			"RTM_lmp($/MWh)": 72.0
		},
		"07:00:00": {
			"DAM_lmp($/MWh)": 26.91347,
			"RTM_lmp($/MWh)": 18.0208
		},
		"08:00:00": {
			"DAM_lmp($/MWh)": 19.46748,
			"RTM_lmp($/MWh)": 12.8688
		},
		"09:00:00": {
			"DAM_lmp($/MWh)": 16.95077,
			"RTM_lmp($/MWh)": 12.94
		},
		"10:00:00": {
			"DAM_lmp($/MWh)": 11.44045,
			"RTM_lmp($/MWh)": 15.4
		},
		"11:00:00": {
			"DAM_lmp($/MWh)": 9.42027,
			"RTM_lmp($/MWh)": 18.20349
		},
		"12:00:00": {
			"DAM_lmp($/MWh)": 7.43984,
			"RTM_lmp($/MWh)": 15.68886
		},
		"13:00:00": {
			"DAM_lmp($/MWh)": 7.36161,
			"RTM_lmp($/MWh)": 15.89987
		},
		"14:00:00": {
			"DAM_lmp($/MWh)": 8.59752,
			"RTM_lmp($/MWh)": 9.9976
		},
		"15:00:00": {
			"DAM_lmp($/MWh)": 11.62011,
			"RTM_lmp($/MWh)": 4.9988
		},
		"16:00:00": {
			"DAM_lmp($/MWh)": 15.65035,
			"RTM_lmp($/MWh)": 4.95
		},
		"17:00:00": {
			"DAM_lmp($/MWh)": 26.18807,
			"RTM_lmp($/MWh)": 0.0
		},
		"18:00:00": {
			"DAM_lmp($/MWh)": 45.87309,
			"RTM_lmp($/MWh)": 14.74289
		},
		"19:00:00": {
			"DAM_lmp($/MWh)": 66.90294,
			"RTM_lmp($/MWh)": 28.67142
		},
		"20:00:00": {
			"DAM_lmp($/MWh)": 68.22609,
			"RTM_lmp($/MWh)": 40.0
		},
		"21:00:00": {
			"DAM_lmp($/MWh)": 51.51757,
			"RTM_lmp($/MWh)": 43.96664
		},
		"22:00:00": {
			"DAM_lmp($/MWh)": 40.03606,
			"RTM_lmp($/MWh)": 32.712
		},
		"23:00:00": {
			"DAM_lmp($/MWh)": 29.88914,
			"RTM_lmp($/MWh)": 33.54403
		}
	}
}