{
	"2023-05-22": {
		"00:00:00": {
			"DAM_lmp($/MWh)": 21.98462,
			"RTM_lmp($/MWh)": 24.92831
		},
		"01:00:00": {
			"DAM_lmp($/MWh)": 18.31926,
			"RTM_lmp($/MWh)": 21.4219
		},
		"02:00:00": {
			"DAM_lmp($/MWh)": 15.91157,
			"RTM_lmp($/MWh)": 17.7853
		},
		"03:00:00": {
			"DAM_lmp($/MWh)": 13.70948,
			"RTM_lmp($/MWh)": 7.89952
		},
		"04:00:00": {
			"DAM_lmp($/MWh)": 17.66262,
			"RTM_lmp($/MWh)": 4.27695
		},
		"05:00:00": {
			"DAM_lmp($/MWh)": 27.87195,
			"RTM_lmp($/MWh)": 30.81135
		},
		"06:00:00": {
			"DAM_lmp($/MWh)": 28.02579,
			"RTM_lmp($/MWh)": 72.0
		},
		"07:00:00": {
			"DAM_lmp($/MWh)": 23.90094,
			"RTM_lmp($/MWh)": 18.0208
		},
		"08:00:00": {
			"DAM_lmp($/MWh)": 11.46627,
			"RTM_lmp($/MWh)": 12.8688
		},
		"09:00:00": {
			"DAM_lmp($/MWh)": 9.53684,
			"RTM_lmp($/MWh)": 12.94
		},
		"10:00:00": {
			"DAM_lmp($/MWh)": 6.88354,
			"RTM_lmp($/MWh)": 15.4
		},
		"11:00:00": {
			"DAM_lmp($/MWh)": 5.2897,
			"RTM_lmp($/MWh)": 14.7764
		},
		"12:00:00": {
			"DAM_lmp($/MWh)": 3.68864,
			"RTM_lmp($/MWh)": 14.88355
		},
		"13:00:00": {
			"DAM_lmp($/MWh)": 3.43988,
			"RTM_lmp($/MWh)": 14.91574
		},
		"14:00:00": {
			"DAM_lmp($/MWh)": 4.52683,
			"RTM_lmp($/MWh)": 9.9976
		},
		"15:00:00": {
			"DAM_lmp($/MWh)": 7.16733,
			"RTM_lmp($/MWh)": 4.9988
		},
		"16:00:00": {
			"DAM_lmp($/MWh)": 10.67567,
			"RTM_lmp($/MWh)": 4.95
		},
		"17:00:00": {
			"DAM_lmp($/MWh)": 22.34413,
			"RTM_lmp($/MWh)": 0.0
		},
		"18:00:00": {
			"DAM_lmp($/MWh)": 25.9825,
			"RTM_lmp($/MWh)": 12.42807
		},
		"19:00:00": {
			"DAM_lmp($/MWh)": 30.9777,
			"RTM_lmp($/MWh)": 24.09731
		},
		"20:00:00": {
			"DAM_lmp($/MWh)": 35.64073,
			"RTM_lmp($/MWh)": 40.0
		},
		"21:00:00": {
			"DAM_lmp($/MWh)": 30.8453,
			"RTM_lmp($/MWh)": 36.09477
		},
		"22:00:00": {
			"DAM_lmp($/MWh)": 21.32752,
			"RTM_lmp($/MWh)": 27.63775
		},
		"23:00:00": {
			"DAM_lmp($/MWh)": 19.59043,
			"RTM_lmp($/MWh)": 29.0695
		}
	},
	"2023-05-23": {
		"00:00:00": {
			"DAM_lmp($/MWh)": 21.98462,
			"RTM_lmp($/MWh)": 24.92831
		},
		"01:00:00": {
			"DAM_lmp($/MWh)": 18.31926,
			"RTM_lmp($/MWh)": 21.4219
		},
		"02:00:00": {
			"DAM_lmp($/MWh)": 15.91157,
			"RTM_lmp($/MWh)": 17.7853
		},
		"03:00:00": {
			"DAM_lmp($/MWh)": 13.70948,
			"RTM_lmp($/MWh)": 7.89952
		},
		"04:00:00": {
			"DAM_lmp($/MWh)": 17.66262,
			"RTM_lmp($/MWh)": 4.27695
		},
		"05:00:00": {
			"DAM_lmp($/MWh)": 27.87195,
			"RTM_lmp($/MWh)": 30.81135
		},
		"06:00:00": {
			"DAM_lmp($/MWh)": 28.02579,
			"RTM_lmp($/MWh)": 72.0
		},
		"07:00:00": {
			"DAM_lmp($/MWh)": 23.90094,
			"RTM_lmp($/MWh)": 18.0208
		},
		"08:00:00": {
			"DAM_lmp($/MWh)": 11.46627,
			"RTM_lmp($/MWh)": 12.8688
		},
		"09:00:00": {
			"DAM_lmp($/MWh)": 9.53684,
			"RTM_lmp($/MWh)": 12.94
		},
		"10:00:00": {
			"DAM_lmp($/MWh)": 6.88354,
			"RTM_lmp($/MWh)": 15.4
		},
		"11:00:00": {
			"DAM_lmp($/MWh)": 5.2897,
			"RTM_lmp($/MWh)": 14.7764
		},
		"12:00:00": {
			"DAM_lmp($/MWh)": 3.68864,
			"RTM_lmp($/MWh)": 14.88355
		},
		"13:00:00": {
			"DAM_lmp($/MWh)": 3.43988,
			"RTM_lmp($/MWh)": 14.91574
		},
		"14:00:00": {
			"DAM_lmp($/MWh)": 4.52683,
			"RTM_lmp($/MWh)": 9.9976
		},
		"15:00:00": {
			"DAM_lmp($/MWh)": 7.16733,
			"RTM_lmp($/MWh)": 4.9988
		},
		"16:00:00": {
			"DAM_lmp($/MWh)": 10.67567,
			"RTM_lmp($/MWh)": 4.95
		},
		"17:00:00": {
			"DAM_lmp($/MWh)": 22.34413,
			"RTM_lmp($/MWh)": 0.0
		},
		"18:00:00": {
			"DAM_lmp($/MWh)": 25.9825,
			"RTM_lmp($/MWh)": 12.42807
		},
		"19:00:00": {
			"DAM_lmp($/MWh)": 30.9777,
			"RTM_lmp($/MWh)": 24.09731
		},
		"20:00:00": {
			"DAM_lmp($/MWh)": 35.64073,
			"RTM_lmp($/MWh)": 40.0
		},
		"21:00:00": {
			"DAM_lmp($/MWh)": 30.8453,
			"RTM_lmp($/MWh)": 36.09477
		},
		"22:00:00": {
			"DAM_lmp($/MWh)": 21.32752,
			"RTM_lmp($/MWh)": 27.63775
		},
		"23:00:00": {
			"DAM_lmp($/MWh)": 19.59043,
			"RTM_lmp($/MWh)": 29.0695
		}
	}
}