{
	"2023-05-22": {
		"00:00:00": {
			"DAM_lmp($/MWh)": 30.14922,
			"RTM_lmp($/MWh)": 29.46435
		},
		"01:00:00": {
			"DAM_lmp($/MWh)": 26.55099,
			"RTM_lmp($/MWh)": 25.49909
		},
		"02:00:00": {
			"DAM_lmp($/MWh)": 25.15128,
			"RTM_lmp($/MWh)": 21.30131
		},
		"03:00:00": {
			"DAM_lmp($/MWh)": 23.16807,
			"RTM_lmp($/MWh)": 23.19978
		},
		"04:00:00": {
			"DAM_lmp($/MWh)": 27.14114,
			"RTM_lmp($/MWh)": 20.3881
		},
		"05:00:00": {
			"DAM_lmp($/MWh)": 35.1521,
			"RTM_lmp($/MWh)": 30.81135
		},
		"06:00:00": {
			"DAM_lmp($/MWh)": 36.42492,
			"RTM_lmp($/MWh)": 72.0
		},
		"07:00:00": {
			"DAM_lmp($/MWh)": 25.62978,
			"RTM_lmp($/MWh)": 18.0208
		},
		"08:00:00": {
			"DAM_lmp($/MWh)": 11.92421,
			"RTM_lmp($/MWh)": 12.8688
		},
		"09:00:00": {
			"DAM_lmp($/MWh)": 9.69798,
			"RTM_lmp($/MWh)": 12.94
		},
		"10:00:00": {
			"DAM_lmp($/MWh)": 7.04265,
			"RTM_lmp($/MWh)": 15.4
		},
		"11:00:00": {
			"DAM_lmp($/MWh)": 4.91991,
			"RTM_lmp($/MWh)": 14.7764
		},
		"12:00:00": {
			"DAM_lmp($/MWh)": 3.6407,
			"RTM_lmp($/MWh)": 14.80964
		},
		"13:00:00": {
			"DAM_lmp($/MWh)": 3.36183,
			"RTM_lmp($/MWh)": 15.13548
		},
		"14:00:00": {
			"DAM_lmp($/MWh)": 4.62487,
			"RTM_lmp($/MWh)": 9.9976
		},
		"15:00:00": {
			"DAM_lmp($/MWh)": 7.46507,
			"RTM_lmp($/MWh)": 4.9988
		},
		"16:00:00": {
			"DAM_lmp($/MWh)": 11.698,
			"RTM_lmp($/MWh)": 4.95
		},
		"17:00:00": {
			"DAM_lmp($/MWh)": 24.68684,
			"RTM_lmp($/MWh)": 0.0
		},
		"18:00:00": {
			"DAM_lmp($/MWh)": 43.90528,
			"RTM_lmp($/MWh)": 14.08029
		},
		"19:00:00": {
			"DAM_lmp($/MWh)": 65.38404,
			"RTM_lmp($/MWh)": 27.2384
		},
		"20:00:00": {
			"DAM_lmp($/MWh)": 65.93462,
			"RTM_lmp($/MWh)": 40.0
		},
		"21:00:00": {
			"DAM_lmp($/MWh)": 50.47923,
			"RTM_lmp($/MWh)": 42.2882
		},
		"22:00:00": {
			"DAM_lmp($/MWh)": 40.85913,
			"RTM_lmp($/MWh)": 31.99893
		},
		"23:00:00": {
			"DAM_lmp($/MWh)": 32.22821,
			"RTM_lmp($/MWh)": 33.63039
		}
	},
	"2023-05-23": {
		"00:00:00": {
			"DAM_lmp($/MWh)": 30.14922,
			"RTM_lmp($/MWh)": 29.46435
		},
		"01:00:00": {
			"DAM_lmp($/MWh)": 26.55099,
			"RTM_lmp($/MWh)": 25.49909
		},
		"02:00:00": {
			"DAM_lmp($/MWh)": 25.15128,
			"RTM_lmp($/MWh)": 21.30131
		},
		"03:00:00": {
			"DAM_lmp($/MWh)": 23.16807,
			"RTM_lmp($/MWh)": 23.19978
		},
		"04:00:00": {
			"DAM_lmp($/MWh)": 27.14114,
			"RTM_lmp($/MWh)": 20.3881
		},
		"05:00:00": {
			"DAM_lmp($/MWh)": 35.1521,
			"RTM_lmp($/MWh)": 30.81135
		},
		"06:00:00": {
			"DAM_lmp($/MWh)": 36.42492,
			"RTM_lmp($/MWh)": 72.0
		},
		"07:00:00": {
			"DAM_lmp($/MWh)": 25.62978,
			"RTM_lmp($/MWh)": 18.0208
		},
		"08:00:00": {
			"DAM_lmp($/MWh)": 11.92421,
			"RTM_lmp($/MWh)": 12.8688
		},
		"09:00:00": {
			"DAM_lmp($/MWh)": 9.69798,
			"RTM_lmp($/MWh)": 12.94
		},
		"10:00:00": {
			"DAM_lmp($/MWh)": 7.04265,
			"RTM_lmp($/MWh)": 15.4
		},
		"11:00:00": {
			"DAM_lmp($/MWh)": 4.91991,
			"RTM_lmp($/MWh)": 14.7764
		},
		"12:00:00": {
			"DAM_lmp($/MWh)": 3.6407,
			"RTM_lmp($/MWh)": 14.80964
		},
		"13:00:00": {
			"DAM_lmp($/MWh)": 3.36183,
			"RTM_lmp($/MWh)": 15.13548
		},
		"14:00:00": {
			"DAM_lmp($/MWh)": 4.62487,
			"RTM_lmp($/MWh)": 9.9976
		},
		"15:00:00": {
			"DAM_lmp($/MWh)": 7.46507,
			"RTM_lmp($/MWh)": 4.9988
		},
		"16:00:00": {
			"DAM_lmp($/MWh)": 11.698,
			"RTM_lmp($/MWh)": 4.95
		},
		"17:00:00": {
			"DAM_lmp($/MWh)": 24.68684,
			"RTM_lmp($/MWh)": 0.0
		},
		"18:00:00": {
			"DAM_lmp($/MWh)": 43.90528,
			"RTM_lmp($/MWh)": 14.08029
		},
		"19:00:00": {
			"DAM_lmp($/MWh)": 65.38404,
			"RTM_lmp($/MWh)": 27.2384
		},
		"20:00:00": {
			"DAM_lmp($/MWh)": 65.93462,
			"RTM_lmp($/MWh)": 40.0
		},
		"21:00:00": {
			"DAM_lmp($/MWh)": 50.47923,
			"RTM_lmp($/MWh)": 42.2882
		},
		"22:00:00": {
			"DAM_lmp($/MWh)": 40.85913,
			"RTM_lmp($/MWh)": 31.99893
		},
		"23:00:00": {
			"DAM_lmp($/MWh)": 32.22821,
			"RTM_lmp($/MWh)": 33.63039
		}
	}
}