{
	"2023-05-22": {
		"00:00:00": {
			"DAM_lmp($/MWh)": 21.35522,
			"RTM_lmp($/MWh)": 26.1918
		},
		"01:00:00": {
			"DAM_lmp($/MWh)": 17.23692,
			"RTM_lmp($/MWh)": 22.52217
		},
		"02:00:00": {
			"DAM_lmp($/MWh)": 14.3862,
			"RTM_lmp($/MWh)": 18.64122
		},
		"03:00:00": {
			"DAM_lmp($/MWh)": 11.9077,
			"RTM_lmp($/MWh)": 6.64434
		},
		"04:00:00": {
			"DAM_lmp($/MWh)": 16.19933,
			"RTM_lmp($/MWh)": 1.94264
		},
		"05:00:00": {
			"DAM_lmp($/MWh)": 27.98856,
			"RTM_lmp($/MWh)": 30.81135
		},
		"06:00:00": {
			"DAM_lmp($/MWh)": 27.0608,
			"RTM_lmp($/MWh)": 72.0
		},
		"07:00:00": {
			"DAM_lmp($/MWh)": 24.90512,
			"RTM_lmp($/MWh)": 18.0208
		},
		"08:00:00": {
			"DAM_lmp($/MWh)": 12.52638,
			"RTM_lmp($/MWh)": 12.8688
		},
		"09:00:00": {
			"DAM_lmp($/MWh)": 10.13344,
			"RTM_lmp($/MWh)": 12.94
		},
		"10:00:00": {
			"DAM_lmp($/MWh)": 7.24741,
			"RTM_lmp($/MWh)": 15.4
		},
		"11:00:00": {
			"DAM_lmp($/MWh)": 5.43392,
			"RTM_lmp($/MWh)": 14.7764
		},
		"12:00:00": {
			"DAM_lmp($/MWh)": 3.87249,
			"RTM_lmp($/MWh)": 14.38466
		},
		"13:00:00": {
			"DAM_lmp($/MWh)": 3.5473,
			"RTM_lmp($/MWh)": 14.59398
		},
		"14:00:00": {
			"DAM_lmp($/MWh)": 4.64247,
			"RTM_lmp($/MWh)": 9.9976
		},
		"15:00:00": {
			"DAM_lmp($/MWh)": 7.5476,
			"RTM_lmp($/MWh)": 4.9988
		},
		"16:00:00": {
			"DAM_lmp($/MWh)": 11.76206,
			"RTM_lmp($/MWh)": 4.95
		},
		"17:00:00": {
			"DAM_lmp($/MWh)": 24.29099,
			"RTM_lmp($/MWh)": 0.0
		},
		"18:00:00": {
			"DAM_lmp($/MWh)": 44.39889,
			"RTM_lmp($/MWh)": 13.46195
		},
		"19:00:00": {
			"DAM_lmp($/MWh)": 65.77006,
			"RTM_lmp($/MWh)": 26.29497
		},
		"20:00:00": {
			"DAM_lmp($/MWh)": 65.566,
			"RTM_lmp($/MWh)": 40.0
		},
		"21:00:00": {
			"DAM_lmp($/MWh)": 49.51494,
			"RTM_lmp($/MWh)": 39.61949
		},
		"22:00:00": {
			"DAM_lmp($/MWh)": 36.92533,
			"RTM_lmp($/MWh)": 29.96796
		},
		"23:00:00": {
			"DAM_lmp($/MWh)": 25.04677,
			"RTM_lmp($/MWh)": 30.94634
		}
	},
	"2023-05-23": {
		"00:00:00": {
			"DAM_lmp($/MWh)": 21.35522,
			"RTM_lmp($/MWh)": 26.1918
		},
		"01:00:00": {
			"DAM_lmp($/MWh)": 17.23692,
			"RTM_lmp($/MWh)": 22.52217
		},
		"02:00:00": {
			"DAM_lmp($/MWh)": 14.3862,
			"RTM_lmp($/MWh)": 18.64122
		},
		"03:00:00": {
			"DAM_lmp($/MWh)": 11.9077,
			"RTM_lmp($/MWh)": 6.64434
		},
		"04:00:00": {
			"DAM_lmp($/MWh)": 16.19933,
			"RTM_lmp($/MWh)": 1.94264
		},
		"05:00:00": {
			"DAM_lmp($/MWh)": 27.98856,
			"RTM_lmp($/MWh)": 30.81135
		},
		"06:00:00": {
			"DAM_lmp($/MWh)": 27.0608,
			"RTM_lmp($/MWh)": 72.0
		},
		"07:00:00": {
			"DAM_lmp($/MWh)": 24.90512,
			"RTM_lmp($/MWh)": 18.0208
		},
		"08:00:00": {
			"DAM_lmp($/MWh)": 12.52638,
			"RTM_lmp($/MWh)": 12.8688
		},
		"09:00:00": {
			"DAM_lmp($/MWh)": 10.13344,
			"RTM_lmp($/MWh)": 12.94
		},
		"10:00:00": {
			"DAM_lmp($/MWh)": 7.24741,
			"RTM_lmp($/MWh)": 15.4
		},
		"11:00:00": {
			"DAM_lmp($/MWh)": 5.43392,
			"RTM_lmp($/MWh)": 14.7764
		},
		"12:00:00": {
			"DAM_lmp($/MWh)": 3.87249,
			"RTM_lmp($/MWh)": 14.38466
		},
		"13:00:00": {
			"DAM_lmp($/MWh)": 3.5473,
			"RTM_lmp($/MWh)": 14.59398
		},
		"14:00:00": {
			"DAM_lmp($/MWh)": 4.64247,
			"RTM_lmp($/MWh)": 9.9976
		},
		"15:00:00": {
			"DAM_lmp($/MWh)": 7.5476,
			"RTM_lmp($/MWh)": 4.9988
		},
		"16:00:00": {
			"DAM_lmp($/MWh)": 11.76206,
			"RTM_lmp($/MWh)": 4.95
		},
		"17:00:00": {
			"DAM_lmp($/MWh)": 24.29099,
			"RTM_lmp($/MWh)": 0.0
		},
		"18:00:00": {
			"DAM_lmp($/MWh)": 44.39889,
			"RTM_lmp($/MWh)": 13.46195
		},
		"19:00:00": {
			"DAM_lmp($/MWh)": 65.77006,
			"RTM_lmp($/MWh)": 26.29497
		},
		"20:00:00": {
			"DAM_lmp($/MWh)": 65.566,
			"RTM_lmp($/MWh)": 40.0
		},
		"21:00:00": {
			"DAM_lmp($/MWh)": 49.51494,
			"RTM_lmp($/MWh)": 39.61949
		},
		"22:00:00": {
			"DAM_lmp($/MWh)": 36.92533,
			"RTM_lmp($/MWh)": 29.96796
		},
		"23:00:00": {
			"DAM_lmp($/MWh)": 25.04677,
			"RTM_lmp($/MWh)": 30.94634
		}
	}
}