{
	"2023-05-22": {
		"00:00:00": {
			"DAM_lmp($/MWh)": 29.3101,
			"RTM_lmp($/MWh)": 28.58219
		},
		"01:00:00": {
			"DAM_lmp($/MWh)": 25.78293,
			"RTM_lmp($/MWh)": 24.84881
		},
		"02:00:00": {
			"DAM_lmp($/MWh)": 25.07754,
			"RTM_lmp($/MWh)": 20.85386
		},
		"03:00:00": {
			"DAM_lmp($/MWh)": 23.24764,
			"RTM_lmp($/MWh)": 23.79301
		},
		"04:00:00": {
			"DAM_lmp($/MWh)": 27.03843,
			"RTM_lmp($/MWh)": 20.91607
		},
		"05:00:00": {
			"DAM_lmp($/MWh)": 35.12466,
			"RTM_lmp($/MWh)": 30.81135
		},
		"06:00:00": {
			"DAM_lmp($/MWh)": 36.64077,
			"RTM_lmp($/MWh)": 72.0
		},
		"07:00:00": {
			"DAM_lmp($/MWh)": 26.0387,
			"RTM_lmp($/MWh)": 18.0208
		},
		"08:00:00": {
			"DAM_lmp($/MWh)": 13.91724,
			"RTM_lmp($/MWh)": 12.8688
		},
		"09:00:00": {
			"DAM_lmp($/MWh)": 14.52301,
			"RTM_lmp($/MWh)": 12.94
		},
		"10:00:00": {
			"DAM_lmp($/MWh)": 12.54703,
			"RTM_lmp($/MWh)": 15.4
		},
		"11:00:00": {
			"DAM_lmp($/MWh)": 11.71742,
			"RTM_lmp($/MWh)": 14.7764
		},
		"12:00:00": {
			"DAM_lmp($/MWh)": 9.78453,
			"RTM_lmp($/MWh)": 44.68802
		},
		"13:00:00": {
			"DAM_lmp($/MWh)": 8.59388,
			"RTM_lmp($/MWh)": 34.39158
		},
		"14:00:00": {
			"DAM_lmp($/MWh)": 9.31834,
			"RTM_lmp($/MWh)": 32.9976
		},
		"15:00:00": {
			"DAM_lmp($/MWh)": 7.68259,
			"RTM_lmp($/MWh)": 26.39351
		},
		"16:00:00": {
			"DAM_lmp($/MWh)": 11.81198,
			"RTM_lmp($/MWh)": 26.3186
		},
		"17:00:00": {
			"DAM_lmp($/MWh)": 24.60717,
			"RTM_lmp($/MWh)": 0.0
		},
		"18:00:00": {
			"DAM_lmp($/MWh)": 43.12079,
			"RTM_lmp($/MWh)": 14.45157
		},
		"19:00:00": {
			"DAM_lmp($/MWh)": 63.39976,
			"RTM_lmp($/MWh)": 27.58771
		},
		"20:00:00": {
			"DAM_lmp($/MWh)": 63.26772,
			"RTM_lmp($/MWh)": 40.0
		},
		"21:00:00": {
			"DAM_lmp($/MWh)": 48.71206,
			"RTM_lmp($/MWh)": 41.65039
		},
		"22:00:00": {
			"DAM_lmp($/MWh)": 39.47565,
			"RTM_lmp($/MWh)": 31.42593
		},
		"23:00:00": {
			"DAM_lmp($/MWh)": 31.01743,
			"RTM_lmp($/MWh)": 33.14208
		}
	},
	"2023-05-23": {
		"00:00:00": {
			"DAM_lmp($/MWh)": 29.3101,
			"RTM_lmp($/MWh)": 28.58219
		},
		"01:00:00": {
			"DAM_lmp($/MWh)": 25.78293,
			"RTM_lmp($/MWh)": 24.84881
		},
		"02:00:00": {
			"DAM_lmp($/MWh)": 25.07754,
			"RTM_lmp($/MWh)": 20.85386
		},
		"03:00:00": {
			"DAM_lmp($/MWh)": 23.24764,
			"RTM_lmp($/MWh)": 23.79301
		},
		"04:00:00": {
			"DAM_lmp($/MWh)": 27.03843,
			"RTM_lmp($/MWh)": 20.91607
		},
		"05:00:00": {
			"DAM_lmp($/MWh)": 35.12466,
			"RTM_lmp($/MWh)": 30.81135
		},
		"06:00:00": {
			"DAM_lmp($/MWh)": 36.64077,
			"RTM_lmp($/MWh)": 72.0
		},
		"07:00:00": {
			"DAM_lmp($/MWh)": 26.0387,
			"RTM_lmp($/MWh)": 18.0208
		},
		"08:00:00": {
			"DAM_lmp($/MWh)": 13.91724,
			"RTM_lmp($/MWh)": 12.8688
		},
		"09:00:00": {
			"DAM_lmp($/MWh)": 14.52301,
			"RTM_lmp($/MWh)": 12.94
		},
		"10:00:00": {
			"DAM_lmp($/MWh)": 12.54703,
			"RTM_lmp($/MWh)": 15.4
		},
		"11:00:00": {
			"DAM_lmp($/MWh)": 11.71742,
			"RTM_lmp($/MWh)": 14.7764
		},
		"12:00:00": {
			"DAM_lmp($/MWh)": 9.78453,
			"RTM_lmp($/MWh)": 44.68802
		},
		"13:00:00": {
			"DAM_lmp($/MWh)": 8.59388,
			"RTM_lmp($/MWh)": 34.39158
		},
		"14:00:00": {
			"DAM_lmp($/MWh)": 9.31834,
			"RTM_lmp($/MWh)": 32.9976
		},
		"15:00:00": {
			"DAM_lmp($/MWh)": 7.68259,
			"RTM_lmp($/MWh)": 26.39351
		},
		"16:00:00": {
			"DAM_lmp($/MWh)": 11.81198,
			"RTM_lmp($/MWh)": 26.3186
		},
		"17:00:00": {
			"DAM_lmp($/MWh)": 24.60717,
			"RTM_lmp($/MWh)": 0.0
		},
		"18:00:00": {
			"DAM_lmp($/MWh)": 43.12079,
			"RTM_lmp($/MWh)": 14.45157
		},
		"19:00:00": {
			"DAM_lmp($/MWh)": 63.39976,
			"RTM_lmp($/MWh)": 27.58771
		},
		"20:00:00": {
			"DAM_lmp($/MWh)": 63.26772,
			"RTM_lmp($/MWh)": 40.0
		},
		"21:00:00": {
			"DAM_lmp($/MWh)": 48.71206,
			"RTM_lmp($/MWh)": 41.65039
		},
		"22:00:00": {
			"DAM_lmp($/MWh)": 39.47565,
			"RTM_lmp($/MWh)": 31.42593
		},
		"23:00:00": {
			"DAM_lmp($/MWh)": 31.01743,
			"RTM_lmp($/MWh)": 33.14208
		}
	}
}