{
	"2023-05-22": {
		"00:00:00": {
			"DAM_lmp($/MWh)": 15.47973,
			"RTM_lmp($/MWh)": 24.46285
		},
		"01:00:00": {
			"DAM_lmp($/MWh)": 11.36025,
			"RTM_lmp($/MWh)": 21.14159
		},
		"02:00:00": {
			"DAM_lmp($/MWh)": 7.83691,
			"RTM_lmp($/MWh)": 17.51241
		},
		"03:00:00": {
			"DAM_lmp($/MWh)": 5.1907,
			"RTM_lmp($/MWh)": 5.95896
		},
		"04:00:00": {
			"DAM_lmp($/MWh)": 9.75294,
			"RTM_lmp($/MWh)": 1.49334
		},
		"05:00:00": {
			"DAM_lmp($/MWh)": 23.28244,
			"RTM_lmp($/MWh)": 28.89402
		},
		"06:00:00": {
			"DAM_lmp($/MWh)": 20.62723,
			"RTM_lmp($/MWh)": 67.43361
		},
		"07:00:00": {
			"DAM_lmp($/MWh)": 22.83423,
			"RTM_lmp($/MWh)": 18.0208
		},
		"08:00:00": {
			"DAM_lmp($/MWh)": 11.30964,
			"RTM_lmp($/MWh)": 12.8688
		},
		"09:00:00": {
			"DAM_lmp($/MWh)": 8.87689,
			"RTM_lmp($/MWh)": 12.14565
		},
		"10:00:00": {
			"DAM_lmp($/MWh)": 5.76007,
			"RTM_lmp($/MWh)": 14.37613
		},
		"11:00:00": {
			"DAM_lmp($/MWh)": 4.14084,
			"RTM_lmp($/MWh)": 13.79402
		},
		"12:00:00": {
			"DAM_lmp($/MWh)": 1.05558,
			"RTM_lmp($/MWh)": 13.45138
		},
		"13:00:00": {
			"DAM_lmp($/MWh)": 1.11612,
			"RTM_lmp($/MWh)": 13.67636
		},
		"14:00:00": {
			"DAM_lmp($/MWh)": 3.54405,
			"RTM_lmp($/MWh)": 9.9976
		},
		"15:00:00": {
			"DAM_lmp($/MWh)": 6.13745,
			"RTM_lmp($/MWh)": 4.9988
		},
		"16:00:00": {
			"DAM_lmp($/MWh)": 10.68724,
			"RTM_lmp($/MWh)": 4.95
		},
		"17:00:00": {
			"DAM_lmp($/MWh)": 22.35373,
			"RTM_lmp($/MWh)": 0.0
		},
		"18:00:00": {
			"DAM_lmp($/MWh)": 39.36132,
			"RTM_lmp($/MWh)": 13.18492
		},
		"19:00:00": {
			"DAM_lmp($/MWh)": 59.42884,
			"RTM_lmp($/MWh)": 25.75862
		},
		"20:00:00": {
			"DAM_lmp($/MWh)": 58.80107,
			"RTM_lmp($/MWh)": 40.0
		},
		"21:00:00": {
			"DAM_lmp($/MWh)": 44.85056,
			"RTM_lmp($/MWh)": 38.62921
		},
		"22:00:00": {
			"DAM_lmp($/MWh)": 31.10762,
			"RTM_lmp($/MWh)": 29.57004
		},
		"23:00:00": {
			"DAM_lmp($/MWh)": 19.30228,
			"RTM_lmp($/MWh)": 18.93926
		}
	},
	"2023-05-23": {
		"00:00:00": {
			"DAM_lmp($/MWh)": 15.47973,
			"RTM_lmp($/MWh)": 24.46285
		},
		"01:00:00": {
			"DAM_lmp($/MWh)": 11.36025,
			"RTM_lmp($/MWh)": 21.14159
		},
		"02:00:00": {
			"DAM_lmp($/MWh)": 7.83691,
			"RTM_lmp($/MWh)": 17.51241
		},
		"03:00:00": {
			"DAM_lmp($/MWh)": 5.1907,
			"RTM_lmp($/MWh)": 5.95896
		},
		"04:00:00": {
			"DAM_lmp($/MWh)": 9.75294,
			"RTM_lmp($/MWh)": 1.49334
		},
		"05:00:00": {
			"DAM_lmp($/MWh)": 23.28244,
			"RTM_lmp($/MWh)": 28.89402
		},
		"06:00:00": {
			"DAM_lmp($/MWh)": 20.62723,
			"RTM_lmp($/MWh)": 67.43361
		},
		"07:00:00": {
			"DAM_lmp($/MWh)": 22.83423,
			"RTM_lmp($/MWh)": 18.0208
		},
		"08:00:00": {
			"DAM_lmp($/MWh)": 11.30964,
			"RTM_lmp($/MWh)": 12.8688
		},
		"09:00:00": {
			"DAM_lmp($/MWh)": 8.87689,
			"RTM_lmp($/MWh)": 12.14565
		},
		"10:00:00": {
			"DAM_lmp($/MWh)": 5.76007,
			"RTM_lmp($/MWh)": 14.37613
		},
		"11:00:00": {
			"DAM_lmp($/MWh)": 4.14084,
			"RTM_lmp($/MWh)": 13.79402
		},
		"12:00:00": {
			"DAM_lmp($/MWh)": 1.05558,
			"RTM_lmp($/MWh)": 13.45138
		},
		"13:00:00": {
			"DAM_lmp($/MWh)": 1.11612,
			"RTM_lmp($/MWh)": 13.67636
		},
		"14:00:00": {
			"DAM_lmp($/MWh)": 3.54405,
			"RTM_lmp($/MWh)": 9.9976
		},
		"15:00:00": {
			"DAM_lmp($/MWh)": 6.13745,
			"RTM_lmp($/MWh)": 4.9988
		},
		"16:00:00": {
			"DAM_lmp($/MWh)": 10.68724,
			"RTM_lmp($/MWh)": 4.95
		},
		"17:00:00": {
			"DAM_lmp($/MWh)": 22.35373,
			"RTM_lmp($/MWh)": 0.0
		},
		"18:00:00": {
			"DAM_lmp($/MWh)": 39.36132,
			"RTM_lmp($/MWh)": 13.18492
		},
		"19:00:00": {
			"DAM_lmp($/MWh)": 59.42884,
			"RTM_lmp($/MWh)": 25.75862
		},
		"20:00:00": {
			"DAM_lmp($/MWh)": 58.80107,
			"RTM_lmp($/MWh)": 40.0
		},
		"21:00:00": {
			"DAM_lmp($/MWh)": 44.85056,
			"RTM_lmp($/MWh)": 38.62921
		},
		"22:00:00": {
			"DAM_lmp($/MWh)": 31.10762,
			"RTM_lmp($/MWh)": 29.57004
		},
		"23:00:00": {
			"DAM_lmp($/MWh)": 19.30228,
			"RTM_lmp($/MWh)": 18.93926
		}
	}
}