{
	"2023-05-22": {
		"00:00:00": {
			"DAM_lmp($/MWh)": 28.74576,
			"RTM_lmp($/MWh)": 28.03297
		},
		"01:00:00": {
			"DAM_lmp($/MWh)": 25.16486,
			"RTM_lmp($/MWh)": 24.38151
		},
		"02:00:00": {
			"DAM_lmp($/MWh)": 23.94693,
			"RTM_lmp($/MWh)": 20.23399
		},
		"03:00:00": {
			"DAM_lmp($/MWh)": 22.23144,
			"RTM_lmp($/MWh)": 23.91509
		},
		"04:00:00": {
			"DAM_lmp($/MWh)": 25.70324,
			"RTM_lmp($/MWh)": 20.89271
		},
		"05:00:00": {
			"DAM_lmp($/MWh)": 33.43393,
			"RTM_lmp($/MWh)": 30.81135
		},
		"06:00:00": {
			"DAM_lmp($/MWh)": 34.84561,
			"RTM_lmp($/MWh)": 72.0
		},
		"07:00:00": {
			"DAM_lmp($/MWh)": 24.73431,
			"RTM_lmp($/MWh)": 18.0208
		},
		"08:00:00": {
			"DAM_lmp($/MWh)": 10.48794,
			"RTM_lmp($/MWh)": 12.8688
		},
		"09:00:00": {
			"DAM_lmp($/MWh)": 7.75274,
			"RTM_lmp($/MWh)": 12.94
		},
		"10:00:00": {
			"DAM_lmp($/MWh)": 5.67248,
			"RTM_lmp($/MWh)": 15.4
		},
		"11:00:00": {
			"DAM_lmp($/MWh)": 4.27137,
			"RTM_lmp($/MWh)": 14.7764
		},
		"12:00:00": {
			"DAM_lmp($/MWh)": 2.24196,
			"RTM_lmp($/MWh)": 14.5833
		},
		"13:00:00": {
			"DAM_lmp($/MWh)": 1.78628,
			"RTM_lmp($/MWh)": 14.7682
		},
		"14:00:00": {
			"DAM_lmp($/MWh)": 2.86619,
			"RTM_lmp($/MWh)": 9.9976
		},
		"15:00:00": {
			"DAM_lmp($/MWh)": 5.68826,
			"RTM_lmp($/MWh)": 4.9988
		},
		"16:00:00": {
			"DAM_lmp($/MWh)": 9.90676,
			"RTM_lmp($/MWh)": 4.95
		},
		"17:00:00": {
			"DAM_lmp($/MWh)": 23.40719,
			"RTM_lmp($/MWh)": 0.0
		},
		"18:00:00": {
			"DAM_lmp($/MWh)": 41.89365,
			"RTM_lmp($/MWh)": 13.51336
		},
		"19:00:00": {
			"DAM_lmp($/MWh)": 62.48196,
			"RTM_lmp($/MWh)": 26.4765
		},
		"20:00:00": {
			"DAM_lmp($/MWh)": 62.601,
			"RTM_lmp($/MWh)": 40.0
		},
		"21:00:00": {
			"DAM_lmp($/MWh)": 48.35763,
			"RTM_lmp($/MWh)": 40.43353
		},
		"22:00:00": {
			"DAM_lmp($/MWh)": 39.24574,
			"RTM_lmp($/MWh)": 30.92614
		},
		"23:00:00": {
			"DAM_lmp($/MWh)": 30.90967,
			"RTM_lmp($/MWh)": 32.41792
		}
	},
	"2023-05-23": {
		"00:00:00": {
			"DAM_lmp($/MWh)": 28.74576,
			"RTM_lmp($/MWh)": 28.03297
		},
		"01:00:00": {
			"DAM_lmp($/MWh)": 25.16486,
			"RTM_lmp($/MWh)": 24.38151
		},
		"02:00:00": {
			"DAM_lmp($/MWh)": 23.94693,
			"RTM_lmp($/MWh)": 20.23399
		},
		"03:00:00": {
			"DAM_lmp($/MWh)": 22.23144,
			"RTM_lmp($/MWh)": 23.91509
		},
		"04:00:00": {
			"DAM_lmp($/MWh)": 25.70324,
			"RTM_lmp($/MWh)": 20.89271
		},
		"05:00:00": {
			"DAM_lmp($/MWh)": 33.43393,
			"RTM_lmp($/MWh)": 30.81135
		},
		"06:00:00": {
			"DAM_lmp($/MWh)": 34.84561,
			"RTM_lmp($/MWh)": 72.0
		},
		"07:00:00": {
			"DAM_lmp($/MWh)": 24.73431,
			"RTM_lmp($/MWh)": 18.0208
		},
		"08:00:00": {
			"DAM_lmp($/MWh)": 10.48794,
			"RTM_lmp($/MWh)": 12.8688
		},
		"09:00:00": {
			"DAM_lmp($/MWh)": 7.75274,
			"RTM_lmp($/MWh)": 12.94
		},
		"10:00:00": {
			"DAM_lmp($/MWh)": 5.67248,
			"RTM_lmp($/MWh)": 15.4
		},
		"11:00:00": {
			"DAM_lmp($/MWh)": 4.27137,
			"RTM_lmp($/MWh)": 14.7764
		},
		"12:00:00": {
			"DAM_lmp($/MWh)": 2.24196,
			"RTM_lmp($/MWh)": 14.5833
		},
		"13:00:00": {
			"DAM_lmp($/MWh)": 1.78628,
			"RTM_lmp($/MWh)": 14.7682
		},
		"14:00:00": {
			"DAM_lmp($/MWh)": 2.86619,
			"RTM_lmp($/MWh)": 9.9976
		},
		"15:00:00": {
			"DAM_lmp($/MWh)": 5.68826,
			"RTM_lmp($/MWh)": 4.9988
		},
		"16:00:00": {
			"DAM_lmp($/MWh)": 9.90676,
			"RTM_lmp($/MWh)": 4.95
		},
		"17:00:00": {
			"DAM_lmp($/MWh)": 23.40719,
			"RTM_lmp($/MWh)": 0.0
		},
		"18:00:00": {
			"DAM_lmp($/MWh)": 41.89365,
			"RTM_lmp($/MWh)": 13.51336
		},
		"19:00:00": {
			"DAM_lmp($/MWh)": 62.48196,
			"RTM_lmp($/MWh)": 26.4765
		},
		"20:00:00": {
			"DAM_lmp($/MWh)": 62.601,
			"RTM_lmp($/MWh)": 40.0
		},
		"21:00:00": {
			"DAM_lmp($/MWh)": 48.35763,
			"RTM_lmp($/MWh)": 40.43353
		},
		"22:00:00": {
			"DAM_lmp($/MWh)": 39.24574,
			"RTM_lmp($/MWh)": 30.92614
		},
		"23:00:00": {
			"DAM_lmp($/MWh)": 30.90967,
			"RTM_lmp($/MWh)": 32.41792
		}
	}
}