{
	"2023-05-22": {
		"00:00:00": {
			"DAM_lmp($/MWh)": 31.52904,
			"RTM_lmp($/MWh)": 29.66924
		},
		"01:00:00": {
			"DAM_lmp($/MWh)": 27.52593,
			"RTM_lmp($/MWh)": 26.14936
		},
		"02:00:00": {
			"DAM_lmp($/MWh)": 26.13196,
			"RTM_lmp($/MWh)": 21.7303
		},
		"03:00:00": {
			"DAM_lmp($/MWh)": 24.25248,
			"RTM_lmp($/MWh)": 23.51752
		},
		"04:00:00": {
			"DAM_lmp($/MWh)": 28.13925,
			"RTM_lmp($/MWh)": 20.74333
		},
		"05:00:00": {
			"DAM_lmp($/MWh)": 36.48273,
			"RTM_lmp($/MWh)": 30.81135
		},
		"06:00:00": {
			"DAM_lmp($/MWh)": 38.28484,
			"RTM_lmp($/MWh)": 72.0
		},
		"07:00:00": {
			"DAM_lmp($/MWh)": 27.16452,
			"RTM_lmp($/MWh)": 18.0208
		},
		"08:00:00": {
			"DAM_lmp($/MWh)": 25.8391,
			"RTM_lmp($/MWh)": 12.8688
		},
		"09:00:00": {
			"DAM_lmp($/MWh)": 26.99746,
			"RTM_lmp($/MWh)": 12.94
		},
		"10:00:00": {
			"DAM_lmp($/MWh)": 25.05536,
			"RTM_lmp($/MWh)": 15.4
		},
		"11:00:00": {
			"DAM_lmp($/MWh)": 28.8966,
			"RTM_lmp($/MWh)": 14.7764
		},
		"12:00:00": {
			"DAM_lmp($/MWh)": 20.21688,
			"RTM_lmp($/MWh)": 16.12
		},
		"13:00:00": {
			"DAM_lmp($/MWh)": 18.79374,
			"RTM_lmp($/MWh)": 16.55596
		},
		"14:00:00": {
			"DAM_lmp($/MWh)": 18.14058,
			"RTM_lmp($/MWh)": 9.9976
		},
		"15:00:00": {
			"DAM_lmp($/MWh)": 7.83146,
			"RTM_lmp($/MWh)": 4.9988
		},
		"16:00:00": {
			"DAM_lmp($/MWh)": 23.77814,
			"RTM_lmp($/MWh)": 4.95
		},
		"17:00:00": {
			"DAM_lmp($/MWh)": 25.67521,
			"RTM_lmp($/MWh)": 0.0
		},
		"18:00:00": {
			"DAM_lmp($/MWh)": 44.61965,
			"RTM_lmp($/MWh)": 15.06134
		},
		"19:00:00": {
			"DAM_lmp($/MWh)": 65.32586,
			"RTM_lmp($/MWh)": 28.21208
		},
		"20:00:00": {
			"DAM_lmp($/MWh)": 65.42972,
			"RTM_lmp($/MWh)": 40.0
		},
		"21:00:00": {
			"DAM_lmp($/MWh)": 51.15315,
			"RTM_lmp($/MWh)": 42.73718
		},
		"22:00:00": {
			"DAM_lmp($/MWh)": 41.36332,
			"RTM_lmp($/MWh)": 32.47006
		},
		"23:00:00": {
			"DAM_lmp($/MWh)": 33.28051,
			"RTM_lmp($/MWh)": 34.23165
		}
	},
	"2023-05-23": {
		"00:00:00": {
			"DAM_lmp($/MWh)": 31.52904,
			"RTM_lmp($/MWh)": 29.66924
		},
		"01:00:00": {
			"DAM_lmp($/MWh)": 27.52593,
			"RTM_lmp($/MWh)": 26.14936
		},
		"02:00:00": {
			"DAM_lmp($/MWh)": 26.13196,
			"RTM_lmp($/MWh)": 21.7303
		},
		"03:00:00": {
			"DAM_lmp($/MWh)": 24.25248,
			"RTM_lmp($/MWh)": 23.51752
		},
		"04:00:00": {
			"DAM_lmp($/MWh)": 28.13925,
			"RTM_lmp($/MWh)": 20.74333
		},
		"05:00:00": {
			"DAM_lmp($/MWh)": 36.48273,
			"RTM_lmp($/MWh)": 30.81135
		},
		"06:00:00": {
			"DAM_lmp($/MWh)": 38.28484,
			"RTM_lmp($/MWh)": 72.0
		},
		"07:00:00": {
			"DAM_lmp($/MWh)": 27.16452,
			"RTM_lmp($/MWh)": 18.0208
		},
		"08:00:00": {
			"DAM_lmp($/MWh)": 25.8391,
			"RTM_lmp($/MWh)": 12.8688
		},
		"09:00:00": {
			"DAM_lmp($/MWh)": 26.99746,
			"RTM_lmp($/MWh)": 12.94
		},
		"10:00:00": {
			"DAM_lmp($/MWh)": 25.05536,
			"RTM_lmp($/MWh)": 15.4
		},
		"11:00:00": {
			"DAM_lmp($/MWh)": 28.8966,
			"RTM_lmp($/MWh)": 14.7764
		},
		"12:00:00": {
			"DAM_lmp($/MWh)": 20.21688,
			"RTM_lmp($/MWh)": 16.12
		},
		"13:00:00": {
			"DAM_lmp($/MWh)": 18.79374,
			"RTM_lmp($/MWh)": 16.55596
		},
		"14:00:00": {
			"DAM_lmp($/MWh)": 18.14058,
			"RTM_lmp($/MWh)": 9.9976
		},
		"15:00:00": {
			"DAM_lmp($/MWh)": 7.83146,
			"RTM_lmp($/MWh)": 4.9988
		},
		"16:00:00": {
			"DAM_lmp($/MWh)": 23.77814,
			"RTM_lmp($/MWh)": 4.95
		},
		"17:00:00": {
			"DAM_lmp($/MWh)": 25.67521,
			"RTM_lmp($/MWh)": 0.0
		},
		"18:00:00": {
			"DAM_lmp($/MWh)": 44.61965,
			"RTM_lmp($/MWh)": 15.06134
		},
		"19:00:00": {
			"DAM_lmp($/MWh)": 65.32586,
			"RTM_lmp($/MWh)": 28.21208
		},
		"20:00:00": {
			"DAM_lmp($/MWh)": 65.42972,
			"RTM_lmp($/MWh)": 40.0
		},
		"21:00:00": {
			"DAM_lmp($/MWh)": 51.15315,
			"RTM_lmp($/MWh)": 42.73718
		},
		"22:00:00": {
			"DAM_lmp($/MWh)": 41.36332,
			"RTM_lmp($/MWh)": 32.47006
		},
		"23:00:00": {
			"DAM_lmp($/MWh)": 33.28051,
			"RTM_lmp($/MWh)": 34.23165
		}
	}
}