{
	"2023-05-22": {
		"00:00:00": {
			"DAM_lmp($/MWh)": 26.92099,
			"RTM_lmp($/MWh)": 28.0472
		},
		"01:00:00": {
			"DAM_lmp($/MWh)": 22.96173,
			"RTM_lmp($/MWh)": 24.1936
		},
		"02:00:00": {
			"DAM_lmp($/MWh)": 21.09152,
			"RTM_lmp($/MWh)": 20.04105
		},
		"03:00:00": {
			"DAM_lmp($/MWh)": 18.81715,
			"RTM_lmp($/MWh)": 7.14376
		},
		"04:00:00": {
			"DAM_lmp($/MWh)": 22.85343,
			"RTM_lmp($/MWh)": 2.07744
		},
		"05:00:00": {
			"DAM_lmp($/MWh)": 32.4807,
			"RTM_lmp($/MWh)": 57.78035
		},
		"06:00:00": {
			"DAM_lmp($/MWh)": 33.53554,
			"RTM_lmp($/MWh)": 72.0
		},
		"07:00:00": {
			"DAM_lmp($/MWh)": 26.74525,
			"RTM_lmp($/MWh)": 18.0208
		},
		"08:00:00": {
			"DAM_lmp($/MWh)": 19.61973,
			"RTM_lmp($/MWh)": 12.8688
		},
		"09:00:00": {
			"DAM_lmp($/MWh)": 17.01801,
			"RTM_lmp($/MWh)": 12.94
		},
		"10:00:00": {
			"DAM_lmp($/MWh)": 11.54738,
			"RTM_lmp($/MWh)": 15.4
		},
		"11:00:00": {
			"DAM_lmp($/MWh)": 9.45064,
			"RTM_lmp($/MWh)": 18.34058
		},
		"12:00:00": {
			"DAM_lmp($/MWh)": 7.55094,
			"RTM_lmp($/MWh)": 15.60263
		},
		"13:00:00": {
			"DAM_lmp($/MWh)": 7.48646,
			"RTM_lmp($/MWh)": 15.79942
		},
		"14:00:00": {
			"DAM_lmp($/MWh)": 8.64311,
			"RTM_lmp($/MWh)": 9.9976
		},
		"15:00:00": {
			"DAM_lmp($/MWh)": 11.71465,
			"RTM_lmp($/MWh)": 4.9988
		},
		"16:00:00": {
			"DAM_lmp($/MWh)": 15.69246,
			"RTM_lmp($/MWh)": 4.95
		},
		"17:00:00": {
			"DAM_lmp($/MWh)": 25.99637,
			"RTM_lmp($/MWh)": 0.0
		},
		"18:00:00": {
			"DAM_lmp($/MWh)": 45.54877,
			"RTM_lmp($/MWh)": 14.63436
		},
		"19:00:00": {
			"DAM_lmp($/MWh)": 66.44404,
			"RTM_lmp($/MWh)": 28.45138
		},
		"20:00:00": {
			"DAM_lmp($/MWh)": 67.64999,
			"RTM_lmp($/MWh)": 40.0
		},
		"21:00:00": {
			"DAM_lmp($/MWh)": 51.16314,
			"RTM_lmp($/MWh)": 43.58899
		},
		"22:00:00": {
			"DAM_lmp($/MWh)": 39.78598,
			"RTM_lmp($/MWh)": 32.48598
		},
		"23:00:00": {
			"DAM_lmp($/MWh)": 29.69263,
			"RTM_lmp($/MWh)": 33.34804
		}
	},
	"2023-05-23": {
		"00:00:00": {
			"DAM_lmp($/MWh)": 26.92099,
			"RTM_lmp($/MWh)": 28.0472
		},
		"01:00:00": {
			"DAM_lmp($/MWh)": 22.96173,
			"RTM_lmp($/MWh)": 24.1936
		},
		"02:00:00": {
			"DAM_lmp($/MWh)": 21.09152,
			"RTM_lmp($/MWh)": 20.04105
		},
		"03:00:00": {
			"DAM_lmp($/MWh)": 18.81715,
			"RTM_lmp($/MWh)": 7.14376
		},
		"04:00:00": {
			"DAM_lmp($/MWh)": 22.85343,
			"RTM_lmp($/MWh)": 2.07744
		},
		"05:00:00": {
			"DAM_lmp($/MWh)": 32.4807,
			"RTM_lmp($/MWh)": 57.78035
		},
		"06:00:00": {
			"DAM_lmp($/MWh)": 33.53554,
			"RTM_lmp($/MWh)": 72.0
		},
		"07:00:00": {
			"DAM_lmp($/MWh)": 26.74525,
			"RTM_lmp($/MWh)": 18.0208
		},
		"08:00:00": {
			"DAM_lmp($/MWh)": 19.61973,
			"RTM_lmp($/MWh)": 12.8688
		},
		"09:00:00": {
			"DAM_lmp($/MWh)": 17.01801,
			"RTM_lmp($/MWh)": 12.94
		},
		"10:00:00": {
			"DAM_lmp($/MWh)": 11.54738,
			"RTM_lmp($/MWh)": 15.4
		},
		"11:00:00": {
			"DAM_lmp($/MWh)": 9.45064,
			"RTM_lmp($/MWh)": 18.34058
		},
		"12:00:00": {
			"DAM_lmp($/MWh)": 7.55094,
			"RTM_lmp($/MWh)": 15.60263
		},
		"13:00:00": {
			"DAM_lmp($/MWh)": 7.48646,
			"RTM_lmp($/MWh)": 15.79942
		},
		"14:00:00": {
			"DAM_lmp($/MWh)": 8.64311,
			"RTM_lmp($/MWh)": 9.9976
		},
		"15:00:00": {
			"DAM_lmp($/MWh)": 11.71465,
			"RTM_lmp($/MWh)": 4.9988
		},
		"16:00:00": {
			"DAM_lmp($/MWh)": 15.69246,
			"RTM_lmp($/MWh)": 4.95
		},
		"17:00:00": {
			"DAM_lmp($/MWh)": 25.99637,
			"RTM_lmp($/MWh)": 0.0
		},
		"18:00:00": {
			"DAM_lmp($/MWh)": 45.54877,
			"RTM_lmp($/MWh)": 14.63436
		},
		"19:00:00": {
			"DAM_lmp($/MWh)": 66.44404,
			"RTM_lmp($/MWh)": 28.45138
		},
		"20:00:00": {
			"DAM_lmp($/MWh)": 67.64999,
			"RTM_lmp($/MWh)": 40.0
		},
		"21:00:00": {
			"DAM_lmp($/MWh)": 51.16314,
			"RTM_lmp($/MWh)": 43.58899
		},
		"22:00:00": {
			"DAM_lmp($/MWh)": 39.78598,
			"RTM_lmp($/MWh)": 32.48598
		},
		"23:00:00": {
			"DAM_lmp($/MWh)": 29.69263,
			"RTM_lmp($/MWh)": 33.34804
		}
	}
}