{
	"2023-05-22": {
		"00:00:00": {
			"DAM_lmp($/MWh)": 28.49462,
			"RTM_lmp($/MWh)": 27.64311
		},
		"01:00:00": {
			"DAM_lmp($/MWh)": 25.11056,
			"RTM_lmp($/MWh)": 24.20843
		},
		"02:00:00": {
			"DAM_lmp($/MWh)": 23.85844,
			"RTM_lmp($/MWh)": 20.10468
		},
		"03:00:00": {
			"DAM_lmp($/MWh)": 22.09276,
			"RTM_lmp($/MWh)": 13.86143
		},
		"04:00:00": {
			"DAM_lmp($/MWh)": 25.49782,
			"RTM_lmp($/MWh)": 10.17406
		},
		"05:00:00": {
			"DAM_lmp($/MWh)": 33.14928,
			"RTM_lmp($/MWh)": 30.81135
		},
		"06:00:00": {
			"DAM_lmp($/MWh)": 34.65134,
			"RTM_lmp($/MWh)": 72.0
		},
		"07:00:00": {
			"DAM_lmp($/MWh)": 24.68772,
			"RTM_lmp($/MWh)": 18.0208
		},
		"08:00:00": {
			"DAM_lmp($/MWh)": 9.53883,
			"RTM_lmp($/MWh)": 12.8688
		},
		"09:00:00": {
			"DAM_lmp($/MWh)": 6.60623,
			"RTM_lmp($/MWh)": 12.94
		},
		"10:00:00": {
			"DAM_lmp($/MWh)": 4.95412,
			"RTM_lmp($/MWh)": 15.4
		},
		"11:00:00": {
			"DAM_lmp($/MWh)": 3.70144,
			"RTM_lmp($/MWh)": 11.34931
		},
		"12:00:00": {
			"DAM_lmp($/MWh)": 1.59594,
			"RTM_lmp($/MWh)": 14.34001
		},
		"13:00:00": {
			"DAM_lmp($/MWh)": 1.09597,
			"RTM_lmp($/MWh)": 14.55945
		},
		"14:00:00": {
			"DAM_lmp($/MWh)": 2.17943,
			"RTM_lmp($/MWh)": 9.9976
		},
		"15:00:00": {
			"DAM_lmp($/MWh)": 5.02562,
			"RTM_lmp($/MWh)": 4.9988
		},
		"16:00:00": {
			"DAM_lmp($/MWh)": 9.36516,
			"RTM_lmp($/MWh)": 4.95
		},
		"17:00:00": {
			"DAM_lmp($/MWh)": 23.43955,
			"RTM_lmp($/MWh)": 0.0
		},
		"18:00:00": {
			"DAM_lmp($/MWh)": 41.67014,
			"RTM_lmp($/MWh)": 13.46053
		},
		"19:00:00": {
			"DAM_lmp($/MWh)": 62.12,
			"RTM_lmp($/MWh)": 26.44625
		},
		"20:00:00": {
			"DAM_lmp($/MWh)": 62.25792,
			"RTM_lmp($/MWh)": 40.0
		},
		"21:00:00": {
			"DAM_lmp($/MWh)": 48.01817,
			"RTM_lmp($/MWh)": 40.39996
		},
		"22:00:00": {
			"DAM_lmp($/MWh)": 38.88273,
			"RTM_lmp($/MWh)": 30.90068
		},
		"23:00:00": {
			"DAM_lmp($/MWh)": 31.18245,
			"RTM_lmp($/MWh)": 32.2485
		}
	},
	"2023-05-23": {
		"00:00:00": {
			"DAM_lmp($/MWh)": 28.49462,
			"RTM_lmp($/MWh)": 27.64311
		},
		"01:00:00": {
			"DAM_lmp($/MWh)": 25.11056,
			"RTM_lmp($/MWh)": 24.20843
		},
		"02:00:00": {
			"DAM_lmp($/MWh)": 23.85844,
			"RTM_lmp($/MWh)": 20.10468
		},
		"03:00:00": {
			"DAM_lmp($/MWh)": 22.09276,
			"RTM_lmp($/MWh)": 13.86143
		},
		"04:00:00": {
			"DAM_lmp($/MWh)": 25.49782,
			"RTM_lmp($/MWh)": 10.17406
		},
		"05:00:00": {
			"DAM_lmp($/MWh)": 33.14928,
			"RTM_lmp($/MWh)": 30.81135
		},
		"06:00:00": {
			"DAM_lmp($/MWh)": 34.65134,
			"RTM_lmp($/MWh)": 72.0
		},
		"07:00:00": {
			"DAM_lmp($/MWh)": 24.68772,
			"RTM_lmp($/MWh)": 18.0208
		},
		"08:00:00": {
			"DAM_lmp($/MWh)": 9.53883,
			"RTM_lmp($/MWh)": 12.8688
		},
		"09:00:00": {
			"DAM_lmp($/MWh)": 6.60623,
			"RTM_lmp($/MWh)": 12.94
		},
		"10:00:00": {
			"DAM_lmp($/MWh)": 4.95412,
			"RTM_lmp($/MWh)": 15.4
		},
		"11:00:00": {
			"DAM_lmp($/MWh)": 3.70144,
			"RTM_lmp($/MWh)": 11.34931
		},
		"12:00:00": {
			"DAM_lmp($/MWh)": 1.59594,
			"RTM_lmp($/MWh)": 14.34001
		},
		"13:00:00": {
			"DAM_lmp($/MWh)": 1.09597,
			"RTM_lmp($/MWh)": 14.55945
		},
		"14:00:00": {
			"DAM_lmp($/MWh)": 2.17943,
			"RTM_lmp($/MWh)": 9.9976
		},
		"15:00:00": {
			"DAM_lmp($/MWh)": 5.02562,
			"RTM_lmp($/MWh)": 4.9988
		},
		"16:00:00": {
			"DAM_lmp($/MWh)": 9.36516,
			"RTM_lmp($/MWh)": 4.95
		},
		"17:00:00": {
			"DAM_lmp($/MWh)": 23.43955,
			"RTM_lmp($/MWh)": 0.0
		},
		"18:00:00": {
			"DAM_lmp($/MWh)": 41.67014,
			"RTM_lmp($/MWh)": 13.46053
		},
		"19:00:00": {
			"DAM_lmp($/MWh)": 62.12,
			"RTM_lmp($/MWh)": 26.44625
		},
		"20:00:00": {
			"DAM_lmp($/MWh)": 62.25792,
			"RTM_lmp($/MWh)": 40.0
		},
		"21:00:00": {
			"DAM_lmp($/MWh)": 48.01817,
			"RTM_lmp($/MWh)": 40.39996
		},
		"22:00:00": {
			"DAM_lmp($/MWh)": 38.88273,
			"RTM_lmp($/MWh)": 30.90068
		},
		"23:00:00": {
			"DAM_lmp($/MWh)": 31.18245,
			"RTM_lmp($/MWh)": 32.2485
		}
	}
}