{
	"2023-05-22": {
		"00:00:00": {
			"DAM_lmp($/MWh)": 19.03412,
			"RTM_lmp($/MWh)": 25.3011
		},
		"01:00:00": {
			"DAM_lmp($/MWh)": 16.16549,
			"RTM_lmp($/MWh)": 21.20185
		},
		"02:00:00": {
			"DAM_lmp($/MWh)": 14.0669,
			"RTM_lmp($/MWh)": 17.96182
		},
		"03:00:00": {
			"DAM_lmp($/MWh)": 11.60852,
			"RTM_lmp($/MWh)": 6.37019
		},
		"04:00:00": {
			"DAM_lmp($/MWh)": 16.73153,
			"RTM_lmp($/MWh)": 1.30808
		},
		"05:00:00": {
			"DAM_lmp($/MWh)": 26.71887,
			"RTM_lmp($/MWh)": 30.81135
		},
		"06:00:00": {
			"DAM_lmp($/MWh)": 26.59392,
			"RTM_lmp($/MWh)": 72.0
		},
		"07:00:00": {
			"DAM_lmp($/MWh)": 22.85536,
			"RTM_lmp($/MWh)": 18.0208
		},
		"08:00:00": {
			"DAM_lmp($/MWh)": 14.89298,
			"RTM_lmp($/MWh)": 12.8688
		},
		"09:00:00": {
			"DAM_lmp($/MWh)": 12.90594,
			"RTM_lmp($/MWh)": 12.94
		},
		"10:00:00": {
			"DAM_lmp($/MWh)": 8.54114,
			"RTM_lmp($/MWh)": 15.4
		},
		"11:00:00": {
			"DAM_lmp($/MWh)": 6.66091,
			"RTM_lmp($/MWh)": 14.7764
		},
		"12:00:00": {
			"DAM_lmp($/MWh)": 5.21247,
			"RTM_lmp($/MWh)": 13.40536
		},
		"13:00:00": {
			"DAM_lmp($/MWh)": 5.10381,
			"RTM_lmp($/MWh)": 13.66008
		},
		"14:00:00": {
			"DAM_lmp($/MWh)": 6.19176,
			"RTM_lmp($/MWh)": 9.9976
		},
		"15:00:00": {
			"DAM_lmp($/MWh)": 9.44782,
			"RTM_lmp($/MWh)": 4.9988
		},
		"16:00:00": {
			"DAM_lmp($/MWh)": 13.63082,
			"RTM_lmp($/MWh)": 4.95
		},
		"17:00:00": {
			"DAM_lmp($/MWh)": 24.05448,
			"RTM_lmp($/MWh)": 0.0
		},
		"18:00:00": {
			"DAM_lmp($/MWh)": 39.56911,
			"RTM_lmp($/MWh)": 12.21529
		},
		"19:00:00": {
			"DAM_lmp($/MWh)": 57.60853,
			"RTM_lmp($/MWh)": 22.9916
		},
		"20:00:00": {
			"DAM_lmp($/MWh)": 52.99408,
			"RTM_lmp($/MWh)": 40.0
		},
		"21:00:00": {
			"DAM_lmp($/MWh)": 42.94217,
			"RTM_lmp($/MWh)": 33.9128
		},
		"22:00:00": {
			"DAM_lmp($/MWh)": 32.7996,
			"RTM_lmp($/MWh)": 25.91238
		},
		"23:00:00": {
			"DAM_lmp($/MWh)": 23.47394,
			"RTM_lmp($/MWh)": 27.18601
		}
	},
	"2023-05-23": {
		"00:00:00": {
			"DAM_lmp($/MWh)": 19.03412,
			"RTM_lmp($/MWh)": 25.3011
		},
		"01:00:00": {
			"DAM_lmp($/MWh)": 16.16549,
			"RTM_lmp($/MWh)": 21.20185
		},
		"02:00:00": {
			"DAM_lmp($/MWh)": 14.0669,
			"RTM_lmp($/MWh)": 17.96182
		},
		"03:00:00": {
			"DAM_lmp($/MWh)": 11.60852,
			"RTM_lmp($/MWh)": 6.37019
		},
		"04:00:00": {
			"DAM_lmp($/MWh)": 16.73153,
			"RTM_lmp($/MWh)": 1.30808
		},
		"05:00:00": {
			"DAM_lmp($/MWh)": 26.71887,
			"RTM_lmp($/MWh)": 30.81135
		},
		"06:00:00": {
			"DAM_lmp($/MWh)": 26.59392,
			"RTM_lmp($/MWh)": 72.0
		},
		"07:00:00": {
			"DAM_lmp($/MWh)": 22.85536,
			"RTM_lmp($/MWh)": 18.0208
		},
		"08:00:00": {
			"DAM_lmp($/MWh)": 14.89298,
			"RTM_lmp($/MWh)": 12.8688
		},
		"09:00:00": {
			"DAM_lmp($/MWh)": 12.90594,
			"RTM_lmp($/MWh)": 12.94
		},
		"10:00:00": {
			"DAM_lmp($/MWh)": 8.54114,
			"RTM_lmp($/MWh)": 15.4
		},
		"11:00:00": {
			"DAM_lmp($/MWh)": 6.66091,
			"RTM_lmp($/MWh)": 14.7764
		},
		"12:00:00": {
			"DAM_lmp($/MWh)": 5.21247,
			"RTM_lmp($/MWh)": 13.40536
		},
		"13:00:00": {
			"DAM_lmp($/MWh)": 5.10381,
			"RTM_lmp($/MWh)": 13.66008
		},
		"14:00:00": {
			"DAM_lmp($/MWh)": 6.19176,
			"RTM_lmp($/MWh)": 9.9976
		},
		"15:00:00": {
			"DAM_lmp($/MWh)": 9.44782,
			"RTM_lmp($/MWh)": 4.9988
		},
		"16:00:00": {
			"DAM_lmp($/MWh)": 13.63082,
			"RTM_lmp($/MWh)": 4.95
		},
		"17:00:00": {
			"DAM_lmp($/MWh)": 24.05448,
			"RTM_lmp($/MWh)": 0.0
		},
		"18:00:00": {
			"DAM_lmp($/MWh)": 39.56911,
			"RTM_lmp($/MWh)": 12.21529
		},
		"19:00:00": {
			"DAM_lmp($/MWh)": 57.60853,
			"RTM_lmp($/MWh)": 22.9916
		},
		"20:00:00": {
			"DAM_lmp($/MWh)": 52.99408,
			"RTM_lmp($/MWh)": 40.0
		},
		"21:00:00": {
			"DAM_lmp($/MWh)": 42.94217,
			"RTM_lmp($/MWh)": 33.9128
		},
		"22:00:00": {
			"DAM_lmp($/MWh)": 32.7996,
			"RTM_lmp($/MWh)": 25.91238
		},
		"23:00:00": {
			"DAM_lmp($/MWh)": 23.47394,
			"RTM_lmp($/MWh)": 27.18601
		}
	}
}