{
	"2023-05-22": {
		"00:00:00": {
			"DAM_lmp($/MWh)": 30.92629,
			"RTM_lmp($/MWh)": 29.30215
		},
		"01:00:00": {
			"DAM_lmp($/MWh)": 27.12509,
			"RTM_lmp($/MWh)": 25.82793
		},
		"02:00:00": {
			"DAM_lmp($/MWh)": 25.79524,
			"RTM_lmp($/MWh)": 21.49425
		},
		"03:00:00": {
			"DAM_lmp($/MWh)": 23.89328,
			"RTM_lmp($/MWh)": 23.45037
		},
		"04:00:00": {
			"DAM_lmp($/MWh)": 27.70472,
			"RTM_lmp($/MWh)": 20.67492
		},
		"05:00:00": {
			"DAM_lmp($/MWh)": 35.9203,
			"RTM_lmp($/MWh)": 30.81135
		},
		"06:00:00": {
			"DAM_lmp($/MWh)": 37.65528,
			"RTM_lmp($/MWh)": 72.0
		},
		"07:00:00": {
			"DAM_lmp($/MWh)": 26.72195,
			"RTM_lmp($/MWh)": 18.0208
		},
		"08:00:00": {
			"DAM_lmp($/MWh)": 19.33141,
			"RTM_lmp($/MWh)": 12.8688
		},
		"09:00:00": {
			"DAM_lmp($/MWh)": 14.60257,
			"RTM_lmp($/MWh)": 12.94
		},
		"10:00:00": {
			"DAM_lmp($/MWh)": 9.76007,
			"RTM_lmp($/MWh)": 15.4
		},
		"11:00:00": {
			"DAM_lmp($/MWh)": 9.97854,
			"RTM_lmp($/MWh)": 14.7764
		},
		"12:00:00": {
			"DAM_lmp($/MWh)": 5.18576,
			"RTM_lmp($/MWh)": 15.93215
		},
		"13:00:00": {
			"DAM_lmp($/MWh)": 4.5685,
			"RTM_lmp($/MWh)": 16.3268
		},
		"14:00:00": {
			"DAM_lmp($/MWh)": 4.8157,
			"RTM_lmp($/MWh)": 9.9976
		},
		"15:00:00": {
			"DAM_lmp($/MWh)": 7.81911,
			"RTM_lmp($/MWh)": 4.9988
		},
		"16:00:00": {
			"DAM_lmp($/MWh)": 12.17672,
			"RTM_lmp($/MWh)": 4.95
		},
		"17:00:00": {
			"DAM_lmp($/MWh)": 25.37895,
			"RTM_lmp($/MWh)": 0.0
		},
		"18:00:00": {
			"DAM_lmp($/MWh)": 44.14633,
			"RTM_lmp($/MWh)": 14.82571
		},
		"19:00:00": {
			"DAM_lmp($/MWh)": 64.67306,
			"RTM_lmp($/MWh)": 27.65098
		},
		"20:00:00": {
			"DAM_lmp($/MWh)": 64.34225,
			"RTM_lmp($/MWh)": 40.0
		},
		"21:00:00": {
			"DAM_lmp($/MWh)": 50.3145,
			"RTM_lmp($/MWh)": 41.92314
		},
		"22:00:00": {
			"DAM_lmp($/MWh)": 40.99224,
			"RTM_lmp($/MWh)": 32.0626
		},
		"23:00:00": {
			"DAM_lmp($/MWh)": 32.82092,
			"RTM_lmp($/MWh)": 33.91939
		}
	},
	"2023-05-23": {
		"00:00:00": {
			"DAM_lmp($/MWh)": 30.92629,
			"RTM_lmp($/MWh)": 29.30215
		},
		"01:00:00": {
			"DAM_lmp($/MWh)": 27.12509,
			"RTM_lmp($/MWh)": 25.82793
		},
		"02:00:00": {
			"DAM_lmp($/MWh)": 25.79524,
			"RTM_lmp($/MWh)": 21.49425
		},
		"03:00:00": {
			"DAM_lmp($/MWh)": 23.89328,
			"RTM_lmp($/MWh)": 23.45037
		},
		"04:00:00": {
			"DAM_lmp($/MWh)": 27.70472,
			"RTM_lmp($/MWh)": 20.67492
		},
		"05:00:00": {
			"DAM_lmp($/MWh)": 35.9203,
			"RTM_lmp($/MWh)": 30.81135
		},
		"06:00:00": {
			"DAM_lmp($/MWh)": 37.65528,
			"RTM_lmp($/MWh)": 72.0
		},
		"07:00:00": {
			"DAM_lmp($/MWh)": 26.72195,
			"RTM_lmp($/MWh)": 18.0208
		},
		"08:00:00": {
			"DAM_lmp($/MWh)": 19.33141,
			"RTM_lmp($/MWh)": 12.8688
		},
		"09:00:00": {
			"DAM_lmp($/MWh)": 14.60257,
			"RTM_lmp($/MWh)": 12.94
		},
		"10:00:00": {
			"DAM_lmp($/MWh)": 9.76007,
			"RTM_lmp($/MWh)": 15.4
		},
		"11:00:00": {
			"DAM_lmp($/MWh)": 9.97854,
			"RTM_lmp($/MWh)": 14.7764
		},
		"12:00:00": {
			"DAM_lmp($/MWh)": 5.18576,
			"RTM_lmp($/MWh)": 15.93215
		},
		"13:00:00": {
			"DAM_lmp($/MWh)": 4.5685,
			"RTM_lmp($/MWh)": 16.3268
		},
		"14:00:00": {
			"DAM_lmp($/MWh)": 4.8157,
			"RTM_lmp($/MWh)": 9.9976
		},
		"15:00:00": {
			"DAM_lmp($/MWh)": 7.81911,
			"RTM_lmp($/MWh)": 4.9988
		},
		"16:00:00": {
			"DAM_lmp($/MWh)": 12.17672,
			"RTM_lmp($/MWh)": 4.95
		},
		"17:00:00": {
			"DAM_lmp($/MWh)": 25.37895,
			"RTM_lmp($/MWh)": 0.0
		},
		"18:00:00": {
			"DAM_lmp($/MWh)": 44.14633,
			"RTM_lmp($/MWh)": 14.82571
		},
		"19:00:00": {
			"DAM_lmp($/MWh)": 64.67306,
			"RTM_lmp($/MWh)": 27.65098
		},
		"20:00:00": {
			"DAM_lmp($/MWh)": 64.34225,
			"RTM_lmp($/MWh)": 40.0
		},
		"21:00:00": {
			"DAM_lmp($/MWh)": 50.3145,
			"RTM_lmp($/MWh)": 41.92314
		},
		"22:00:00": {
			"DAM_lmp($/MWh)": 40.99224,
			"RTM_lmp($/MWh)": 32.0626
		},
		"23:00:00": {
			"DAM_lmp($/MWh)": 32.82092,
			"RTM_lmp($/MWh)": 33.91939
		}
	}
}