{
	"2023-05-22": {
		"00:00:00": {
			"DAM_lmp($/MWh)": 21.99679,
			"RTM_lmp($/MWh)": 25.57998
		},
		"01:00:00": {
			"DAM_lmp($/MWh)": 18.03549,
			"RTM_lmp($/MWh)": 22.05487
		},
		"02:00:00": {
			"DAM_lmp($/MWh)": 15.4881,
			"RTM_lmp($/MWh)": 18.2656
		},
		"03:00:00": {
			"DAM_lmp($/MWh)": 13.16376,
			"RTM_lmp($/MWh)": 6.49812
		},
		"04:00:00": {
			"DAM_lmp($/MWh)": 17.2653,
			"RTM_lmp($/MWh)": 1.92273
		},
		"05:00:00": {
			"DAM_lmp($/MWh)": 28.23861,
			"RTM_lmp($/MWh)": 30.81135
		},
		"06:00:00": {
			"DAM_lmp($/MWh)": 27.85088,
			"RTM_lmp($/MWh)": 72.0
		},
		"07:00:00": {
			"DAM_lmp($/MWh)": 24.61784,
			"RTM_lmp($/MWh)": 18.0208
		},
		"08:00:00": {
			"DAM_lmp($/MWh)": 12.36857,
			"RTM_lmp($/MWh)": 12.8688
		},
		"09:00:00": {
			"DAM_lmp($/MWh)": 10.0158,
			"RTM_lmp($/MWh)": 12.94
		},
		"10:00:00": {
			"DAM_lmp($/MWh)": 7.14991,
			"RTM_lmp($/MWh)": 15.4
		},
		"11:00:00": {
			"DAM_lmp($/MWh)": 5.36586,
			"RTM_lmp($/MWh)": 14.7764
		},
		"12:00:00": {
			"DAM_lmp($/MWh)": 3.82661,
			"RTM_lmp($/MWh)": 14.19373
		},
		"13:00:00": {
			"DAM_lmp($/MWh)": 3.50876,
			"RTM_lmp($/MWh)": 14.44801
		},
		"14:00:00": {
			"DAM_lmp($/MWh)": 4.57061,
			"RTM_lmp($/MWh)": 9.9976
		},
		"15:00:00": {
			"DAM_lmp($/MWh)": 7.4157,
			"RTM_lmp($/MWh)": 4.9988
		},
		"16:00:00": {
			"DAM_lmp($/MWh)": 11.5496,
			"RTM_lmp($/MWh)": 4.95
		},
		"17:00:00": {
			"DAM_lmp($/MWh)": 23.60137,
			"RTM_lmp($/MWh)": 0.0
		},
		"18:00:00": {
			"DAM_lmp($/MWh)": 42.83224,
			"RTM_lmp($/MWh)": 13.00356
		},
		"19:00:00": {
			"DAM_lmp($/MWh)": 63.50212,
			"RTM_lmp($/MWh)": 25.60184
		},
		"20:00:00": {
			"DAM_lmp($/MWh)": 63.39517,
			"RTM_lmp($/MWh)": 40.0
		},
		"21:00:00": {
			"DAM_lmp($/MWh)": 48.00578,
			"RTM_lmp($/MWh)": 38.78446
		},
		"22:00:00": {
			"DAM_lmp($/MWh)": 36.2471,
			"RTM_lmp($/MWh)": 29.29946
		},
		"23:00:00": {
			"DAM_lmp($/MWh)": 25.29493,
			"RTM_lmp($/MWh)": 30.31519
		}
	},
	"2023-05-23": {
		"00:00:00": {
			"DAM_lmp($/MWh)": 21.99679,
			"RTM_lmp($/MWh)": 25.57998
		},
		"01:00:00": {
			"DAM_lmp($/MWh)": 18.03549,
			"RTM_lmp($/MWh)": 22.05487
		},
		"02:00:00": {
			"DAM_lmp($/MWh)": 15.4881,
			"RTM_lmp($/MWh)": 18.2656
		},
		"03:00:00": {
			"DAM_lmp($/MWh)": 13.16376,
			"RTM_lmp($/MWh)": 6.49812
		},
		"04:00:00": {
			"DAM_lmp($/MWh)": 17.2653,
			"RTM_lmp($/MWh)": 1.92273
		},
		"05:00:00": {
			"DAM_lmp($/MWh)": 28.23861,
			"RTM_lmp($/MWh)": 30.81135
		},
		"06:00:00": {
			"DAM_lmp($/MWh)": 27.85088,
			"RTM_lmp($/MWh)": 72.0
		},
		"07:00:00": {
			"DAM_lmp($/MWh)": 24.61784,
			"RTM_lmp($/MWh)": 18.0208
		},
		"08:00:00": {
			"DAM_lmp($/MWh)": 12.36857,
			"RTM_lmp($/MWh)": 12.8688
		},
		"09:00:00": {
			"DAM_lmp($/MWh)": 10.0158,
			"RTM_lmp($/MWh)": 12.94
		},
		"10:00:00": {
			"DAM_lmp($/MWh)": 7.14991,
			"RTM_lmp($/MWh)": 15.4
		},
		"11:00:00": {
			"DAM_lmp($/MWh)": 5.36586,
			"RTM_lmp($/MWh)": 14.7764
		},
		"12:00:00": {
			"DAM_lmp($/MWh)": 3.82661,
			"RTM_lmp($/MWh)": 14.19373
		},
		"13:00:00": {
			"DAM_lmp($/MWh)": 3.50876,
			"RTM_lmp($/MWh)": 14.44801
		},
		"14:00:00": {
			"DAM_lmp($/MWh)": 4.57061,
			"RTM_lmp($/MWh)": 9.9976
		},
		"15:00:00": {
			"DAM_lmp($/MWh)": 7.4157,
			"RTM_lmp($/MWh)": 4.9988
		},
		"16:00:00": {
			"DAM_lmp($/MWh)": 11.5496,
			"RTM_lmp($/MWh)": 4.95
		},
		"17:00:00": {
			"DAM_lmp($/MWh)": 23.60137,
			"RTM_lmp($/MWh)": 0.0
		},
		"18:00:00": {
			"DAM_lmp($/MWh)": 42.83224,
			"RTM_lmp($/MWh)": 13.00356
		},
		"19:00:00": {
			"DAM_lmp($/MWh)": 63.50212,
			"RTM_lmp($/MWh)": 25.60184
		},
		"20:00:00": {
			"DAM_lmp($/MWh)": 63.39517,
			"RTM_lmp($/MWh)": 40.0
		},
		"21:00:00": {
			"DAM_lmp($/MWh)": 48.00578,
			"RTM_lmp($/MWh)": 38.78446
		},
		"22:00:00": {
			"DAM_lmp($/MWh)": 36.2471,
			"RTM_lmp($/MWh)": 29.29946
		},
		"23:00:00": {
			"DAM_lmp($/MWh)": 25.29493,
			"RTM_lmp($/MWh)": 30.31519
		}
	}
}