{
	"2023-05-22": {
		"00:00:00": {
			"DAM_lmp($/MWh)": 30.43877,
			"RTM_lmp($/MWh)": 29.43874
		},
		"01:00:00": {
			"DAM_lmp($/MWh)": 26.63374,
			"RTM_lmp($/MWh)": 25.75623
		},
		"02:00:00": {
			"DAM_lmp($/MWh)": 25.3135,
			"RTM_lmp($/MWh)": 21.35468
		},
		"03:00:00": {
			"DAM_lmp($/MWh)": 23.44542,
			"RTM_lmp($/MWh)": 23.71963
		},
		"04:00:00": {
			"DAM_lmp($/MWh)": 27.20961,
			"RTM_lmp($/MWh)": 20.82357
		},
		"05:00:00": {
			"DAM_lmp($/MWh)": 35.35444,
			"RTM_lmp($/MWh)": 30.81135
		},
		"06:00:00": {
			"DAM_lmp($/MWh)": 36.79547,
			"RTM_lmp($/MWh)": 72.0
		},
		"07:00:00": {
			"DAM_lmp($/MWh)": 26.1034,
			"RTM_lmp($/MWh)": 18.0208
		},
		"08:00:00": {
			"DAM_lmp($/MWh)": 13.77554,
			"RTM_lmp($/MWh)": 12.8688
		},
		"09:00:00": {
			"DAM_lmp($/MWh)": 11.03283,
			"RTM_lmp($/MWh)": 12.94
		},
		"10:00:00": {
			"DAM_lmp($/MWh)": 7.84925,
			"RTM_lmp($/MWh)": 15.4
		},
		"11:00:00": {
			"DAM_lmp($/MWh)": 6.1635,
			"RTM_lmp($/MWh)": 14.7764
		},
		"12:00:00": {
			"DAM_lmp($/MWh)": 4.08056,
			"RTM_lmp($/MWh)": 15.83976
		},
		"13:00:00": {
			"DAM_lmp($/MWh)": 3.70332,
			"RTM_lmp($/MWh)": 16.22791
		},
		"14:00:00": {
			"DAM_lmp($/MWh)": 4.7843,
			"RTM_lmp($/MWh)": 9.9976
		},
		"15:00:00": {
			"DAM_lmp($/MWh)": 7.75895,
			"RTM_lmp($/MWh)": 4.9988
		},
		"16:00:00": {
			"DAM_lmp($/MWh)": 12.04834,
			"RTM_lmp($/MWh)": 4.95
		},
		"17:00:00": {
			"DAM_lmp($/MWh)": 24.99804,
			"RTM_lmp($/MWh)": 0.0
		},
		"18:00:00": {
			"DAM_lmp($/MWh)": 43.9272,
			"RTM_lmp($/MWh)": 14.68577
		},
		"19:00:00": {
			"DAM_lmp($/MWh)": 64.7894,
			"RTM_lmp($/MWh)": 27.68123
		},
		"20:00:00": {
			"DAM_lmp($/MWh)": 64.65296,
			"RTM_lmp($/MWh)": 40.0
		},
		"21:00:00": {
			"DAM_lmp($/MWh)": 50.16474,
			"RTM_lmp($/MWh)": 42.14553
		},
		"22:00:00": {
			"DAM_lmp($/MWh)": 40.843,
			"RTM_lmp($/MWh)": 32.21221
		},
		"23:00:00": {
			"DAM_lmp($/MWh)": 32.64659,
			"RTM_lmp($/MWh)": 33.95593
		}
	},
	"2023-05-23": {
		"00:00:00": {
			"DAM_lmp($/MWh)": 30.43877,
			"RTM_lmp($/MWh)": 29.43874
		},
		"01:00:00": {
			"DAM_lmp($/MWh)": 26.63374,
			"RTM_lmp($/MWh)": 25.75623
		},
		"02:00:00": {
			"DAM_lmp($/MWh)": 25.3135,
			"RTM_lmp($/MWh)": 21.35468
		},
		"03:00:00": {
			"DAM_lmp($/MWh)": 23.44542,
			"RTM_lmp($/MWh)": 23.71963
		},
		"04:00:00": {
			"DAM_lmp($/MWh)": 27.20961,
			"RTM_lmp($/MWh)": 20.82357
		},
		"05:00:00": {
			"DAM_lmp($/MWh)": 35.35444,
			"RTM_lmp($/MWh)": 30.81135
		},
		"06:00:00": {
			"DAM_lmp($/MWh)": 36.79547,
			"RTM_lmp($/MWh)": 72.0
		},
		"07:00:00": {
			"DAM_lmp($/MWh)": 26.1034,
			"RTM_lmp($/MWh)": 18.0208
		},
		"08:00:00": {
			"DAM_lmp($/MWh)": 13.77554,
			"RTM_lmp($/MWh)": 12.8688
		},
		"09:00:00": {
			"DAM_lmp($/MWh)": 11.03283,
			"RTM_lmp($/MWh)": 12.94
		},
		"10:00:00": {
			"DAM_lmp($/MWh)": 7.84925,
			"RTM_lmp($/MWh)": 15.4
		},
		"11:00:00": {
			"DAM_lmp($/MWh)": 6.1635,
			"RTM_lmp($/MWh)": 14.7764
		},
		"12:00:00": {
			"DAM_lmp($/MWh)": 4.08056,
			"RTM_lmp($/MWh)": 15.83976
		},
		"13:00:00": {
			"DAM_lmp($/MWh)": 3.70332,
			"RTM_lmp($/MWh)": 16.22791
		},
		"14:00:00": {
			"DAM_lmp($/MWh)": 4.7843,
			"RTM_lmp($/MWh)": 9.9976
		},
		"15:00:00": {
			"DAM_lmp($/MWh)": 7.75895,
			"RTM_lmp($/MWh)": 4.9988
		},
		"16:00:00": {
			"DAM_lmp($/MWh)": 12.04834,
			"RTM_lmp($/MWh)": 4.95
		},
		"17:00:00": {
			"DAM_lmp($/MWh)": 24.99804,
			"RTM_lmp($/MWh)": 0.0
		},
		"18:00:00": {
			"DAM_lmp($/MWh)": 43.9272,
			"RTM_lmp($/MWh)": 14.68577
		},
		"19:00:00": {
			"DAM_lmp($/MWh)": 64.7894,
			"RTM_lmp($/MWh)": 27.68123
		},
		"20:00:00": {
			"DAM_lmp($/MWh)": 64.65296,
			"RTM_lmp($/MWh)": 40.0
		},
		"21:00:00": {
			"DAM_lmp($/MWh)": 50.16474,
			"RTM_lmp($/MWh)": 42.14553
		},
		"22:00:00": {
			"DAM_lmp($/MWh)": 40.843,
			"RTM_lmp($/MWh)": 32.21221
		},
		"23:00:00": {
			"DAM_lmp($/MWh)": 32.64659,
			"RTM_lmp($/MWh)": 33.95593
		}
	}
}