{
	"2023-05-22": {
		"00:00:00": {
			"DAM_lmp($/MWh)": 26.39802,
			"RTM_lmp($/MWh)": 27.50367
		},
		"01:00:00": {
			"DAM_lmp($/MWh)": 22.46262,
			"RTM_lmp($/MWh)": 23.72629
		},
		"02:00:00": {
			"DAM_lmp($/MWh)": 20.50895,
			"RTM_lmp($/MWh)": 19.68186
		},
		"03:00:00": {
			"DAM_lmp($/MWh)": 18.3978,
			"RTM_lmp($/MWh)": 7.00847
		},
		"04:00:00": {
			"DAM_lmp($/MWh)": 22.24536,
			"RTM_lmp($/MWh)": 1.97192
		},
		"05:00:00": {
			"DAM_lmp($/MWh)": 31.87369,
			"RTM_lmp($/MWh)": 30.81135
		},
		"06:00:00": {
			"DAM_lmp($/MWh)": 32.8664,
			"RTM_lmp($/MWh)": 72.0
		},
		"07:00:00": {
			"DAM_lmp($/MWh)": 26.22245,
			"RTM_lmp($/MWh)": 18.0208
		},
		"08:00:00": {
			"DAM_lmp($/MWh)": 17.19973,
			"RTM_lmp($/MWh)": 12.8688
		},
		"09:00:00": {
			"DAM_lmp($/MWh)": 14.72746,
			"RTM_lmp($/MWh)": 12.94
		},
		"10:00:00": {
			"DAM_lmp($/MWh)": 10.29109,
			"RTM_lmp($/MWh)": 15.4
		},
		"11:00:00": {
			"DAM_lmp($/MWh)": 8.3132,
			"RTM_lmp($/MWh)": 14.7764
		},
		"12:00:00": {
			"DAM_lmp($/MWh)": 6.37563,
			"RTM_lmp($/MWh)": 15.18073
		},
		"13:00:00": {
			"DAM_lmp($/MWh)": 6.22444,
			"RTM_lmp($/MWh)": 15.38191
		},
		"14:00:00": {
			"DAM_lmp($/MWh)": 7.38694,
			"RTM_lmp($/MWh)": 9.9976
		},
		"15:00:00": {
			"DAM_lmp($/MWh)": 10.46154,
			"RTM_lmp($/MWh)": 4.9988
		},
		"16:00:00": {
			"DAM_lmp($/MWh)": 14.48813,
			"RTM_lmp($/MWh)": 4.95
		},
		"17:00:00": {
			"DAM_lmp($/MWh)": 25.54326,
			"RTM_lmp($/MWh)": 0.0
		},
		"18:00:00": {
			"DAM_lmp($/MWh)": 44.69854,
			"RTM_lmp($/MWh)": 14.23451
		},
		"19:00:00": {
			"DAM_lmp($/MWh)": 66.20489,
			"RTM_lmp($/MWh)": 27.84076
		},
		"20:00:00": {
			"DAM_lmp($/MWh)": 66.13529,
			"RTM_lmp($/MWh)": 40.0
		},
		"21:00:00": {
			"DAM_lmp($/MWh)": 50.76877,
			"RTM_lmp($/MWh)": 42.31338
		},
		"22:00:00": {
			"DAM_lmp($/MWh)": 39.43104,
			"RTM_lmp($/MWh)": 31.80474
		},
		"23:00:00": {
			"DAM_lmp($/MWh)": 29.11882,
			"RTM_lmp($/MWh)": 32.73349
		}
	},
	"2023-05-23": {
		"00:00:00": {
			"DAM_lmp($/MWh)": 26.39802,
			"RTM_lmp($/MWh)": 27.50367
		},
		"01:00:00": {
			"DAM_lmp($/MWh)": 22.46262,
			"RTM_lmp($/MWh)": 23.72629
		},
		"02:00:00": {
			"DAM_lmp($/MWh)": 20.50895,
			"RTM_lmp($/MWh)": 19.68186
		},
		"03:00:00": {
			"DAM_lmp($/MWh)": 18.3978,
			"RTM_lmp($/MWh)": 7.00847
		},
		"04:00:00": {
			"DAM_lmp($/MWh)": 22.24536,
			"RTM_lmp($/MWh)": 1.97192
		},
		"05:00:00": {
			"DAM_lmp($/MWh)": 31.87369,
			"RTM_lmp($/MWh)": 30.81135
		},
		"06:00:00": {
			"DAM_lmp($/MWh)": 32.8664,
			"RTM_lmp($/MWh)": 72.0
		},
		"07:00:00": {
			"DAM_lmp($/MWh)": 26.22245,
			"RTM_lmp($/MWh)": 18.0208
		},
		"08:00:00": {
			"DAM_lmp($/MWh)": 17.19973,
			"RTM_lmp($/MWh)": 12.8688
		},
		"09:00:00": {
			"DAM_lmp($/MWh)": 14.72746,
			"RTM_lmp($/MWh)": 12.94
		},
		"10:00:00": {
			"DAM_lmp($/MWh)": 10.29109,
			"RTM_lmp($/MWh)": 15.4
		},
		"11:00:00": {
			"DAM_lmp($/MWh)": 8.3132,
			"RTM_lmp($/MWh)": 14.7764
		},
		"12:00:00": {
			"DAM_lmp($/MWh)": 6.37563,
			"RTM_lmp($/MWh)": 15.18073
		},
		"13:00:00": {
			"DAM_lmp($/MWh)": 6.22444,
			"RTM_lmp($/MWh)": 15.38191
		},
		"14:00:00": {
			"DAM_lmp($/MWh)": 7.38694,
			"RTM_lmp($/MWh)": 9.9976
		},
		"15:00:00": {
			"DAM_lmp($/MWh)": 10.46154,
			"RTM_lmp($/MWh)": 4.9988
		},
		"16:00:00": {
			"DAM_lmp($/MWh)": 14.48813,
			"RTM_lmp($/MWh)": 4.95
		},
		"17:00:00": {
			"DAM_lmp($/MWh)": 25.54326,
			"RTM_lmp($/MWh)": 0.0
		},
		"18:00:00": {
			"DAM_lmp($/MWh)": 44.69854,
			"RTM_lmp($/MWh)": 14.23451
		},
		"19:00:00": {
			"DAM_lmp($/MWh)": 66.20489,
			"RTM_lmp($/MWh)": 27.84076
		},
		"20:00:00": {
			"DAM_lmp($/MWh)": 66.13529,
			"RTM_lmp($/MWh)": 40.0
		},
		"21:00:00": {
			"DAM_lmp($/MWh)": 50.76877,
			"RTM_lmp($/MWh)": 42.31338
		},
		"22:00:00": {
			"DAM_lmp($/MWh)": 39.43104,
			"RTM_lmp($/MWh)": 31.80474
		},
		"23:00:00": {
			"DAM_lmp($/MWh)": 29.11882,
			"RTM_lmp($/MWh)": 32.73349
		}
	}
}