{
	"2023-05-22": {
		"00:00:00": {
			"DAM_lmp($/MWh)": 27.04895,
			"RTM_lmp($/MWh)": 27.96183
		},
		"01:00:00": {
			"DAM_lmp($/MWh)": 23.17982,
			"RTM_lmp($/MWh)": 24.15156
		},
		"02:00:00": {
			"DAM_lmp($/MWh)": 21.31545,
			"RTM_lmp($/MWh)": 20.00821
		},
		"03:00:00": {
			"DAM_lmp($/MWh)": 19.21007,
			"RTM_lmp($/MWh)": 7.05475
		},
		"04:00:00": {
			"DAM_lmp($/MWh)": 23.04196,
			"RTM_lmp($/MWh)": 2.02891
		},
		"05:00:00": {
			"DAM_lmp($/MWh)": 32.43999,
			"RTM_lmp($/MWh)": 56.63274
		},
		"06:00:00": {
			"DAM_lmp($/MWh)": 33.57844,
			"RTM_lmp($/MWh)": 72.0
		},
		"07:00:00": {
			"DAM_lmp($/MWh)": 26.2561,
			"RTM_lmp($/MWh)": 18.0208
		},
		"08:00:00": {
			"DAM_lmp($/MWh)": 21.30845,
			"RTM_lmp($/MWh)": 12.8688
		},
		"09:00:00": {
			"DAM_lmp($/MWh)": 18.86285,
			"RTM_lmp($/MWh)": 12.94
		},
		"10:00:00": {
			"DAM_lmp($/MWh)": 12.5316,
			"RTM_lmp($/MWh)": 15.4
		},
		"11:00:00": {
			"DAM_lmp($/MWh)": 10.3906,
			"RTM_lmp($/MWh)": 19.57433
		},
		"12:00:00": {
			"DAM_lmp($/MWh)": 8.59584,
			"RTM_lmp($/MWh)": 15.42402
		},
		"13:00:00": {
			"DAM_lmp($/MWh)": 8.54178,
			"RTM_lmp($/MWh)": 15.64717
		},
		"14:00:00": {
			"DAM_lmp($/MWh)": 9.78648,
			"RTM_lmp($/MWh)": 9.9976
		},
		"15:00:00": {
			"DAM_lmp($/MWh)": 12.69565,
			"RTM_lmp($/MWh)": 4.9988
		},
		"16:00:00": {
			"DAM_lmp($/MWh)": 16.45995,
			"RTM_lmp($/MWh)": 4.95
		},
		"17:00:00": {
			"DAM_lmp($/MWh)": 25.58558,
			"RTM_lmp($/MWh)": 0.0
		},
		"18:00:00": {
			"DAM_lmp($/MWh)": 44.89576,
			"RTM_lmp($/MWh)": 14.47728
		},
		"19:00:00": {
			"DAM_lmp($/MWh)": 66.13379,
			"RTM_lmp($/MWh)": 28.25609
		},
		"20:00:00": {
			"DAM_lmp($/MWh)": 66.33595,
			"RTM_lmp($/MWh)": 40.0
		},
		"21:00:00": {
			"DAM_lmp($/MWh)": 50.73882,
			"RTM_lmp($/MWh)": 43.08126
		},
		"22:00:00": {
			"DAM_lmp($/MWh)": 39.7067,
			"RTM_lmp($/MWh)": 32.2536
		},
		"23:00:00": {
			"DAM_lmp($/MWh)": 29.61,
			"RTM_lmp($/MWh)": 33.1753
		}
	},
	"2023-05-23": {
		"00:00:00": {
			"DAM_lmp($/MWh)": 27.04895,
			"RTM_lmp($/MWh)": 27.96183
		},
		"01:00:00": {
			"DAM_lmp($/MWh)": 23.17982,
			"RTM_lmp($/MWh)": 24.15156
		},
		"02:00:00": {
			"DAM_lmp($/MWh)": 21.31545,
			"RTM_lmp($/MWh)": 20.00821
		},
		"03:00:00": {
			"DAM_lmp($/MWh)": 19.21007,
			"RTM_lmp($/MWh)": 7.05475
		},
		"04:00:00": {
			"DAM_lmp($/MWh)": 23.04196,
			"RTM_lmp($/MWh)": 2.02891
		},
		"05:00:00": {
			"DAM_lmp($/MWh)": 32.43999,
			"RTM_lmp($/MWh)": 56.63274
		},
		"06:00:00": {
			"DAM_lmp($/MWh)": 33.57844,
			"RTM_lmp($/MWh)": 72.0
		},
		"07:00:00": {
			"DAM_lmp($/MWh)": 26.2561,
			"RTM_lmp($/MWh)": 18.0208
		},
		"08:00:00": {
			"DAM_lmp($/MWh)": 21.30845,
			"RTM_lmp($/MWh)": 12.8688
		},
		"09:00:00": {
			"DAM_lmp($/MWh)": 18.86285,
			"RTM_lmp($/MWh)": 12.94
		},
		"10:00:00": {
			"DAM_lmp($/MWh)": 12.5316,
			"RTM_lmp($/MWh)": 15.4
		},
		"11:00:00": {
			"DAM_lmp($/MWh)": 10.3906,
			"RTM_lmp($/MWh)": 19.57433
		},
		"12:00:00": {
			"DAM_lmp($/MWh)": 8.59584,
			"RTM_lmp($/MWh)": 15.42402
		},
		"13:00:00": {
			"DAM_lmp($/MWh)": 8.54178,
			"RTM_lmp($/MWh)": 15.64717
		},
		"14:00:00": {
			"DAM_lmp($/MWh)": 9.78648,
			"RTM_lmp($/MWh)": 9.9976
		},
		"15:00:00": {
			"DAM_lmp($/MWh)": 12.69565,
			"RTM_lmp($/MWh)": 4.9988
		},
		"16:00:00": {
			"DAM_lmp($/MWh)": 16.45995,
			"RTM_lmp($/MWh)": 4.95
		},
		"17:00:00": {
			"DAM_lmp($/MWh)": 25.58558,
			"RTM_lmp($/MWh)": 0.0
		},
		"18:00:00": {
			"DAM_lmp($/MWh)": 44.89576,
			"RTM_lmp($/MWh)": 14.47728
		},
		"19:00:00": {
			"DAM_lmp($/MWh)": 66.13379,
			"RTM_lmp($/MWh)": 28.25609
		},
		"20:00:00": {
			"DAM_lmp($/MWh)": 66.33595,
			"RTM_lmp($/MWh)": 40.0
		},
		"21:00:00": {
			"DAM_lmp($/MWh)": 50.73882,
			"RTM_lmp($/MWh)": 43.08126
		},
		"22:00:00": {
			"DAM_lmp($/MWh)": 39.7067,
			"RTM_lmp($/MWh)": 32.2536
		},
		"23:00:00": {
			"DAM_lmp($/MWh)": 29.61,
			"RTM_lmp($/MWh)": 33.1753
		}
	}
}