{
	"2023-05-22": {
		"00:00:00": {
			"DAM_lmp($/MWh)": 30.94697,
			"RTM_lmp($/MWh)": 29.22532
		},
		"01:00:00": {
			"DAM_lmp($/MWh)": 27.0682,
			"RTM_lmp($/MWh)": 25.74139
		},
		"02:00:00": {
			"DAM_lmp($/MWh)": 25.74608,
			"RTM_lmp($/MWh)": 21.41626
		},
		"03:00:00": {
			"DAM_lmp($/MWh)": 23.83872,
			"RTM_lmp($/MWh)": 23.35362
		},
		"04:00:00": {
			"DAM_lmp($/MWh)": 27.68892,
			"RTM_lmp($/MWh)": 20.5917
		},
		"05:00:00": {
			"DAM_lmp($/MWh)": 35.9203,
			"RTM_lmp($/MWh)": 30.81135
		},
		"06:00:00": {
			"DAM_lmp($/MWh)": 37.54016,
			"RTM_lmp($/MWh)": 72.0
		},
		"07:00:00": {
			"DAM_lmp($/MWh)": 26.56149,
			"RTM_lmp($/MWh)": 18.0208
		},
		"08:00:00": {
			"DAM_lmp($/MWh)": 20.3668,
			"RTM_lmp($/MWh)": 12.8688
		},
		"09:00:00": {
			"DAM_lmp($/MWh)": 15.28486,
			"RTM_lmp($/MWh)": 12.94
		},
		"10:00:00": {
			"DAM_lmp($/MWh)": 3.2627,
			"RTM_lmp($/MWh)": 15.4
		},
		"11:00:00": {
			"DAM_lmp($/MWh)": 2.47882,
			"RTM_lmp($/MWh)": 14.7764
		},
		"12:00:00": {
			"DAM_lmp($/MWh)": -1.44934,
			"RTM_lmp($/MWh)": 15.87363
		},
		"13:00:00": {
			"DAM_lmp($/MWh)": -1.70863,
			"RTM_lmp($/MWh)": 16.33935
		},
		"14:00:00": {
			"DAM_lmp($/MWh)": -1.31846,
			"RTM_lmp($/MWh)": 9.9976
		},
		"15:00:00": {
			"DAM_lmp($/MWh)": 7.69878,
			"RTM_lmp($/MWh)": 4.9988
		},
		"16:00:00": {
			"DAM_lmp($/MWh)": 6.81049,
			"RTM_lmp($/MWh)": 4.95
		},
		"17:00:00": {
			"DAM_lmp($/MWh)": 25.27189,
			"RTM_lmp($/MWh)": 0.0
		},
		"18:00:00": {
			"DAM_lmp($/MWh)": 44.01923,
			"RTM_lmp($/MWh)": 14.78287
		},
		"19:00:00": {
			"DAM_lmp($/MWh)": 64.58903,
			"RTM_lmp($/MWh)": 27.68398
		},
		"20:00:00": {
			"DAM_lmp($/MWh)": 64.23868,
			"RTM_lmp($/MWh)": 40.0
		},
		"21:00:00": {
			"DAM_lmp($/MWh)": 50.21466,
			"RTM_lmp($/MWh)": 41.78887
		},
		"22:00:00": {
			"DAM_lmp($/MWh)": 40.8309,
			"RTM_lmp($/MWh)": 31.88433
		},
		"23:00:00": {
			"DAM_lmp($/MWh)": 32.74168,
			"RTM_lmp($/MWh)": 33.75995
		}
	},
	"2023-05-23": {
		"00:00:00": {
			"DAM_lmp($/MWh)": 30.94697,
			"RTM_lmp($/MWh)": 29.22532
		},
		"01:00:00": {
			"DAM_lmp($/MWh)": 27.0682,
			"RTM_lmp($/MWh)": 25.74139
		},
		"02:00:00": {
			"DAM_lmp($/MWh)": 25.74608,
			"RTM_lmp($/MWh)": 21.41626
		},
		"03:00:00": {
			"DAM_lmp($/MWh)": 23.83872,
			"RTM_lmp($/MWh)": 23.35362
		},
		"04:00:00": {
			"DAM_lmp($/MWh)": 27.68892,
			"RTM_lmp($/MWh)": 20.5917
		},
		"05:00:00": {
			"DAM_lmp($/MWh)": 35.9203,
			"RTM_lmp($/MWh)": 30.81135
		},
		"06:00:00": {
			"DAM_lmp($/MWh)": 37.54016,
			"RTM_lmp($/MWh)": 72.0
		},
		"07:00:00": {
			"DAM_lmp($/MWh)": 26.56149,
			"RTM_lmp($/MWh)": 18.0208
		},
		"08:00:00": {
			"DAM_lmp($/MWh)": 20.3668,
			"RTM_lmp($/MWh)": 12.8688
		},
		"09:00:00": {
			"DAM_lmp($/MWh)": 15.28486,
			"RTM_lmp($/MWh)": 12.94
		},
		"10:00:00": {
			"DAM_lmp($/MWh)": 3.2627,
			"RTM_lmp($/MWh)": 15.4
		},
		"11:00:00": {
			"DAM_lmp($/MWh)": 2.47882,
			"RTM_lmp($/MWh)": 14.7764
		},
		"12:00:00": {
			"DAM_lmp($/MWh)": -1.44934,
			"RTM_lmp($/MWh)": 15.87363
		},
		"13:00:00": {
			"DAM_lmp($/MWh)": -1.70863,
			"RTM_lmp($/MWh)": 16.33935
		},
		"14:00:00": {
			"DAM_lmp($/MWh)": -1.31846,
			"RTM_lmp($/MWh)": 9.9976
		},
		"15:00:00": {
			"DAM_lmp($/MWh)": 7.69878,
			"RTM_lmp($/MWh)": 4.9988
		},
		"16:00:00": {
			"DAM_lmp($/MWh)": 6.81049,
			"RTM_lmp($/MWh)": 4.95
		},
		"17:00:00": {
			"DAM_lmp($/MWh)": 25.27189,
			"RTM_lmp($/MWh)": 0.0
		},
		"18:00:00": {
			"DAM_lmp($/MWh)": 44.01923,
			"RTM_lmp($/MWh)": 14.78287
		},
		"19:00:00": {
			"DAM_lmp($/MWh)": 64.58903,
			"RTM_lmp($/MWh)": 27.68398
		},
		"20:00:00": {
			"DAM_lmp($/MWh)": 64.23868,
			"RTM_lmp($/MWh)": 40.0
		},
		"21:00:00": {
			"DAM_lmp($/MWh)": 50.21466,
			"RTM_lmp($/MWh)": 41.78887
		},
		"22:00:00": {
			"DAM_lmp($/MWh)": 40.8309,
			"RTM_lmp($/MWh)": 31.88433
		},
		"23:00:00": {
			"DAM_lmp($/MWh)": 32.74168,
			"RTM_lmp($/MWh)": 33.75995
		}
	}
}