{
	"2023-05-22": {
		"00:00:00": {
			"DAM_lmp($/MWh)": 27.46464,
			"RTM_lmp($/MWh)": 28.08988
		},
		"01:00:00": {
			"DAM_lmp($/MWh)": 23.33929,
			"RTM_lmp($/MWh)": 24.22327
		},
		"02:00:00": {
			"DAM_lmp($/MWh)": 21.33479,
			"RTM_lmp($/MWh)": 20.05747
		},
		"03:00:00": {
			"DAM_lmp($/MWh)": 19.14574,
			"RTM_lmp($/MWh)": 7.29625
		},
		"04:00:00": {
			"DAM_lmp($/MWh)": 23.13022,
			"RTM_lmp($/MWh)": 2.17681
		},
		"05:00:00": {
			"DAM_lmp($/MWh)": 33.07743,
			"RTM_lmp($/MWh)": 15.89233
		},
		"06:00:00": {
			"DAM_lmp($/MWh)": 34.13273,
			"RTM_lmp($/MWh)": 72.0
		},
		"07:00:00": {
			"DAM_lmp($/MWh)": 27.30427,
			"RTM_lmp($/MWh)": 18.0208
		},
		"08:00:00": {
			"DAM_lmp($/MWh)": 17.74526,
			"RTM_lmp($/MWh)": 12.8688
		},
		"09:00:00": {
			"DAM_lmp($/MWh)": 15.18167,
			"RTM_lmp($/MWh)": 12.94
		},
		"10:00:00": {
			"DAM_lmp($/MWh)": 10.63543,
			"RTM_lmp($/MWh)": 15.4
		},
		"11:00:00": {
			"DAM_lmp($/MWh)": 8.59272,
			"RTM_lmp($/MWh)": 14.7764
		},
		"12:00:00": {
			"DAM_lmp($/MWh)": 6.55755,
			"RTM_lmp($/MWh)": 15.6827
		},
		"13:00:00": {
			"DAM_lmp($/MWh)": 6.39074,
			"RTM_lmp($/MWh)": 15.87319
		},
		"14:00:00": {
			"DAM_lmp($/MWh)": 7.603,
			"RTM_lmp($/MWh)": 9.9976
		},
		"15:00:00": {
			"DAM_lmp($/MWh)": 10.8017,
			"RTM_lmp($/MWh)": 4.9988
		},
		"16:00:00": {
			"DAM_lmp($/MWh)": 14.99804,
			"RTM_lmp($/MWh)": 4.95
		},
		"17:00:00": {
			"DAM_lmp($/MWh)": 26.53163,
			"RTM_lmp($/MWh)": 0.0
		},
		"18:00:00": {
			"DAM_lmp($/MWh)": 46.32012,
			"RTM_lmp($/MWh)": 14.65578
		},
		"19:00:00": {
			"DAM_lmp($/MWh)": 68.56404,
			"RTM_lmp($/MWh)": 28.66317
		},
		"20:00:00": {
			"DAM_lmp($/MWh)": 68.86045,
			"RTM_lmp($/MWh)": 40.0
		},
		"21:00:00": {
			"DAM_lmp($/MWh)": 52.78554,
			"RTM_lmp($/MWh)": 43.68969
		},
		"22:00:00": {
			"DAM_lmp($/MWh)": 40.92746,
			"RTM_lmp($/MWh)": 32.68016
		},
		"23:00:00": {
			"DAM_lmp($/MWh)": 30.27888,
			"RTM_lmp($/MWh)": 33.5407
		}
	},
	"2023-05-23": {
		"00:00:00": {
			"DAM_lmp($/MWh)": 27.46464,
			"RTM_lmp($/MWh)": 28.08988
		},
		"01:00:00": {
			"DAM_lmp($/MWh)": 23.33929,
			"RTM_lmp($/MWh)": 24.22327
		},
		"02:00:00": {
			"DAM_lmp($/MWh)": 21.33479,
			"RTM_lmp($/MWh)": 20.05747
		},
		"03:00:00": {
			"DAM_lmp($/MWh)": 19.14574,
			"RTM_lmp($/MWh)": 7.29625
		},
		"04:00:00": {
			"DAM_lmp($/MWh)": 23.13022,
			"RTM_lmp($/MWh)": 2.17681
		},
		"05:00:00": {
			"DAM_lmp($/MWh)": 33.07743,
			"RTM_lmp($/MWh)": 15.89233
		},
		"06:00:00": {
			"DAM_lmp($/MWh)": 34.13273,
			"RTM_lmp($/MWh)": 72.0
		},
		"07:00:00": {
			"DAM_lmp($/MWh)": 27.30427,
			"RTM_lmp($/MWh)": 18.0208
		},
		"08:00:00": {
			"DAM_lmp($/MWh)": 17.74526,
			"RTM_lmp($/MWh)": 12.8688
		},
		"09:00:00": {
			"DAM_lmp($/MWh)": 15.18167,
			"RTM_lmp($/MWh)": 12.94
		},
		"10:00:00": {
			"DAM_lmp($/MWh)": 10.63543,
			"RTM_lmp($/MWh)": 15.4
		},
		"11:00:00": {
			"DAM_lmp($/MWh)": 8.59272,
			"RTM_lmp($/MWh)": 14.7764
		},
		"12:00:00": {
			"DAM_lmp($/MWh)": 6.55755,
			"RTM_lmp($/MWh)": 15.6827
		},
		"13:00:00": {
			"DAM_lmp($/MWh)": 6.39074,
			"RTM_lmp($/MWh)": 15.87319
		},
		"14:00:00": {
			"DAM_lmp($/MWh)": 7.603,
			"RTM_lmp($/MWh)": 9.9976
		},
		"15:00:00": {
			"DAM_lmp($/MWh)": 10.8017,
			"RTM_lmp($/MWh)": 4.9988
		},
		"16:00:00": {
			"DAM_lmp($/MWh)": 14.99804,
			"RTM_lmp($/MWh)": 4.95
		},
		"17:00:00": {
			"DAM_lmp($/MWh)": 26.53163,
			"RTM_lmp($/MWh)": 0.0
		},
		"18:00:00": {
			"DAM_lmp($/MWh)": 46.32012,
			"RTM_lmp($/MWh)": 14.65578
		},
		"19:00:00": {
			"DAM_lmp($/MWh)": 68.56404,
			"RTM_lmp($/MWh)": 28.66317
		},
		"20:00:00": {
			"DAM_lmp($/MWh)": 68.86045,
			"RTM_lmp($/MWh)": 40.0
		},
		"21:00:00": {
			"DAM_lmp($/MWh)": 52.78554,
			"RTM_lmp($/MWh)": 43.68969
		},
		"22:00:00": {
			"DAM_lmp($/MWh)": 40.92746,
			"RTM_lmp($/MWh)": 32.68016
		},
		"23:00:00": {
			"DAM_lmp($/MWh)": 30.27888,
			"RTM_lmp($/MWh)": 33.5407
		}
	}
}