{
	"2023-05-22": {
		"00:00:00": {
			"DAM_lmp($/MWh)": 30.86424,
			"RTM_lmp($/MWh)": 29.26515
		},
		"01:00:00": {
			"DAM_lmp($/MWh)": 27.08371,
			"RTM_lmp($/MWh)": 25.79579
		},
		"02:00:00": {
			"DAM_lmp($/MWh)": 25.75837,
			"RTM_lmp($/MWh)": 21.46757
		},
		"03:00:00": {
			"DAM_lmp($/MWh)": 23.85918,
			"RTM_lmp($/MWh)": 23.45234
		},
		"04:00:00": {
			"DAM_lmp($/MWh)": 27.65731,
			"RTM_lmp($/MWh)": 20.68246
		},
		"05:00:00": {
			"DAM_lmp($/MWh)": 35.85171,
			"RTM_lmp($/MWh)": 30.81135
		},
		"06:00:00": {
			"DAM_lmp($/MWh)": 37.55455,
			"RTM_lmp($/MWh)": 72.0
		},
		"07:00:00": {
			"DAM_lmp($/MWh)": 26.65466,
			"RTM_lmp($/MWh)": 18.0208
		},
		"08:00:00": {
			"DAM_lmp($/MWh)": 19.1926,
			"RTM_lmp($/MWh)": 12.8688
		},
		"09:00:00": {
			"DAM_lmp($/MWh)": 14.51159,
			"RTM_lmp($/MWh)": 12.94
		},
		"10:00:00": {
			"DAM_lmp($/MWh)": 9.70151,
			"RTM_lmp($/MWh)": 15.4
		},
		"11:00:00": {
			"DAM_lmp($/MWh)": 9.89727,
			"RTM_lmp($/MWh)": 14.7764
		},
		"12:00:00": {
			"DAM_lmp($/MWh)": 5.15132,
			"RTM_lmp($/MWh)": 15.88287
		},
		"13:00:00": {
			"DAM_lmp($/MWh)": 4.54063,
			"RTM_lmp($/MWh)": 16.26715
		},
		"14:00:00": {
			"DAM_lmp($/MWh)": 4.8,
			"RTM_lmp($/MWh)": 9.9976
		},
		"15:00:00": {
			"DAM_lmp($/MWh)": 7.80137,
			"RTM_lmp($/MWh)": 4.9988
		},
		"16:00:00": {
			"DAM_lmp($/MWh)": 12.14673,
			"RTM_lmp($/MWh)": 4.95
		},
		"17:00:00": {
			"DAM_lmp($/MWh)": 25.3192,
			"RTM_lmp($/MWh)": 0.0
		},
		"18:00:00": {
			"DAM_lmp($/MWh)": 44.10689,
			"RTM_lmp($/MWh)": 14.78002
		},
		"19:00:00": {
			"DAM_lmp($/MWh)": 64.48562,
			"RTM_lmp($/MWh)": 27.61522
		},
		"20:00:00": {
			"DAM_lmp($/MWh)": 64.1869,
			"RTM_lmp($/MWh)": 40.0
		},
		"21:00:00": {
			"DAM_lmp($/MWh)": 50.21466,
			"RTM_lmp($/MWh)": 41.82663
		},
		"22:00:00": {
			"DAM_lmp($/MWh)": 40.9277,
			"RTM_lmp($/MWh)": 32.01166
		},
		"23:00:00": {
			"DAM_lmp($/MWh)": 32.77655,
			"RTM_lmp($/MWh)": 33.87621
		}
	},
	"2023-05-23": {
		"00:00:00": {
			"DAM_lmp($/MWh)": 30.86424,
			"RTM_lmp($/MWh)": 29.26515
		},
		"01:00:00": {
			"DAM_lmp($/MWh)": 27.08371,
			"RTM_lmp($/MWh)": 25.79579
		},
		"02:00:00": {
			"DAM_lmp($/MWh)": 25.75837,
			"RTM_lmp($/MWh)": 21.46757
		},
		"03:00:00": {
			"DAM_lmp($/MWh)": 23.85918,
			"RTM_lmp($/MWh)": 23.45234
		},
		"04:00:00": {
			"DAM_lmp($/MWh)": 27.65731,
			"RTM_lmp($/MWh)": 20.68246
		},
		"05:00:00": {
			"DAM_lmp($/MWh)": 35.85171,
			"RTM_lmp($/MWh)": 30.81135
		},
		"06:00:00": {
			"DAM_lmp($/MWh)": 37.55455,
			"RTM_lmp($/MWh)": 72.0
		},
		"07:00:00": {
			"DAM_lmp($/MWh)": 26.65466,
			"RTM_lmp($/MWh)": 18.0208
		},
		"08:00:00": {
			"DAM_lmp($/MWh)": 19.1926,
			"RTM_lmp($/MWh)": 12.8688
		},
		"09:00:00": {
			"DAM_lmp($/MWh)": 14.51159,
			"RTM_lmp($/MWh)": 12.94
		},
		"10:00:00": {
			"DAM_lmp($/MWh)": 9.70151,
			"RTM_lmp($/MWh)": 15.4
		},
		"11:00:00": {
			"DAM_lmp($/MWh)": 9.89727,
			"RTM_lmp($/MWh)": 14.7764
		},
		"12:00:00": {
			"DAM_lmp($/MWh)": 5.15132,
			"RTM_lmp($/MWh)": 15.88287
		},
		"13:00:00": {
			"DAM_lmp($/MWh)": 4.54063,
			"RTM_lmp($/MWh)": 16.26715
		},
		"14:00:00": {
			"DAM_lmp($/MWh)": 4.8,
			"RTM_lmp($/MWh)": 9.9976
		},
		"15:00:00": {
			"DAM_lmp($/MWh)": 7.80137,
			"RTM_lmp($/MWh)": 4.9988
		},
		"16:00:00": {
			"DAM_lmp($/MWh)": 12.14673,
			"RTM_lmp($/MWh)": 4.95
		},
		"17:00:00": {
			"DAM_lmp($/MWh)": 25.3192,
			"RTM_lmp($/MWh)": 0.0
		},
		"18:00:00": {
			"DAM_lmp($/MWh)": 44.10689,
			"RTM_lmp($/MWh)": 14.78002
		},
		"19:00:00": {
			"DAM_lmp($/MWh)": 64.48562,
			"RTM_lmp($/MWh)": 27.61522
		},
		"20:00:00": {
			"DAM_lmp($/MWh)": 64.1869,
			"RTM_lmp($/MWh)": 40.0
		},
		"21:00:00": {
			"DAM_lmp($/MWh)": 50.21466,
			"RTM_lmp($/MWh)": 41.82663
		},
		"22:00:00": {
			"DAM_lmp($/MWh)": 40.9277,
			"RTM_lmp($/MWh)": 32.01166
		},
		"23:00:00": {
			"DAM_lmp($/MWh)": 32.77655,
			"RTM_lmp($/MWh)": 33.87621
		}
	}
}