{
	"2023-05-22": {
		"00:00:00": {
			"DAM_lmp($/MWh)": 30.3265,
			"RTM_lmp($/MWh)": 29.78023
		},
		"01:00:00": {
			"DAM_lmp($/MWh)": 26.51995,
			"RTM_lmp($/MWh)": 25.98123
		},
		"02:00:00": {
			"DAM_lmp($/MWh)": 25.18323,
			"RTM_lmp($/MWh)": 21.52709
		},
		"03:00:00": {
			"DAM_lmp($/MWh)": 23.33175,
			"RTM_lmp($/MWh)": 24.08511
		},
		"04:00:00": {
			"DAM_lmp($/MWh)": 27.12007,
			"RTM_lmp($/MWh)": 21.11722
		},
		"05:00:00": {
			"DAM_lmp($/MWh)": 35.2687,
			"RTM_lmp($/MWh)": 30.81135
		},
		"06:00:00": {
			"DAM_lmp($/MWh)": 36.66236,
			"RTM_lmp($/MWh)": 72.0
		},
		"07:00:00": {
			"DAM_lmp($/MWh)": 26.00247,
			"RTM_lmp($/MWh)": 18.0208
		},
		"08:00:00": {
			"DAM_lmp($/MWh)": 13.62725,
			"RTM_lmp($/MWh)": 12.8688
		},
		"09:00:00": {
			"DAM_lmp($/MWh)": 10.9239,
			"RTM_lmp($/MWh)": 12.94
		},
		"10:00:00": {
			"DAM_lmp($/MWh)": 6.30946,
			"RTM_lmp($/MWh)": 15.4
		},
		"11:00:00": {
			"DAM_lmp($/MWh)": 6.10455,
			"RTM_lmp($/MWh)": 14.7764
		},
		"12:00:00": {
			"DAM_lmp($/MWh)": 2.6549,
			"RTM_lmp($/MWh)": 15.94293
		},
		"13:00:00": {
			"DAM_lmp($/MWh)": 2.18095,
			"RTM_lmp($/MWh)": 16.28913
		},
		"14:00:00": {
			"DAM_lmp($/MWh)": 4.77383,
			"RTM_lmp($/MWh)": 9.9976
		},
		"15:00:00": {
			"DAM_lmp($/MWh)": 7.71498,
			"RTM_lmp($/MWh)": 4.9988
		},
		"16:00:00": {
			"DAM_lmp($/MWh)": 11.99555,
			"RTM_lmp($/MWh)": 4.95
		},
		"17:00:00": {
			"DAM_lmp($/MWh)": 25.0304,
			"RTM_lmp($/MWh)": 0.0
		},
		"18:00:00": {
			"DAM_lmp($/MWh)": 44.14195,
			"RTM_lmp($/MWh)": 14.81143
		},
		"19:00:00": {
			"DAM_lmp($/MWh)": 65.2483,
			"RTM_lmp($/MWh)": 28.13507
		},
		"20:00:00": {
			"DAM_lmp($/MWh)": 65.27437,
			"RTM_lmp($/MWh)": 40.0
		},
		"21:00:00": {
			"DAM_lmp($/MWh)": 50.55911,
			"RTM_lmp($/MWh)": 42.9302
		},
		"22:00:00": {
			"DAM_lmp($/MWh)": 41.10921,
			"RTM_lmp($/MWh)": 32.7884
		},
		"23:00:00": {
			"DAM_lmp($/MWh)": 32.50713,
			"RTM_lmp($/MWh)": 34.4376
		}
	},
	"2023-05-23": {
		"00:00:00": {
			"DAM_lmp($/MWh)": 30.3265,
			"RTM_lmp($/MWh)": 29.78023
		},
		"01:00:00": {
			"DAM_lmp($/MWh)": 26.51995,
			"RTM_lmp($/MWh)": 25.98123
		},
		"02:00:00": {
			"DAM_lmp($/MWh)": 25.18323,
			"RTM_lmp($/MWh)": 21.52709
		},
		"03:00:00": {
			"DAM_lmp($/MWh)": 23.33175,
			"RTM_lmp($/MWh)": 24.08511
		},
		"04:00:00": {
			"DAM_lmp($/MWh)": 27.12007,
			"RTM_lmp($/MWh)": 21.11722
		},
		"05:00:00": {
			"DAM_lmp($/MWh)": 35.2687,
			"RTM_lmp($/MWh)": 30.81135
		},
		"06:00:00": {
			"DAM_lmp($/MWh)": 36.66236,
			"RTM_lmp($/MWh)": 72.0
		},
		"07:00:00": {
			"DAM_lmp($/MWh)": 26.00247,
			"RTM_lmp($/MWh)": 18.0208
		},
		"08:00:00": {
			"DAM_lmp($/MWh)": 13.62725,
			"RTM_lmp($/MWh)": 12.8688
		},
		"09:00:00": {
			"DAM_lmp($/MWh)": 10.9239,
			"RTM_lmp($/MWh)": 12.94
		},
		"10:00:00": {
			"DAM_lmp($/MWh)": 6.30946,
			"RTM_lmp($/MWh)": 15.4
		},
		"11:00:00": {
			"DAM_lmp($/MWh)": 6.10455,
			"RTM_lmp($/MWh)": 14.7764
		},
		"12:00:00": {
			"DAM_lmp($/MWh)": 2.6549,
			"RTM_lmp($/MWh)": 15.94293
		},
		"13:00:00": {
			"DAM_lmp($/MWh)": 2.18095,
			"RTM_lmp($/MWh)": 16.28913
		},
		"14:00:00": {
			"DAM_lmp($/MWh)": 4.77383,
			"RTM_lmp($/MWh)": 9.9976
		},
		"15:00:00": {
			"DAM_lmp($/MWh)": 7.71498,
			"RTM_lmp($/MWh)": 4.9988
		},
		"16:00:00": {
			"DAM_lmp($/MWh)": 11.99555,
			"RTM_lmp($/MWh)": 4.95
		},
		"17:00:00": {
			"DAM_lmp($/MWh)": 25.0304,
			"RTM_lmp($/MWh)": 0.0
		},
		"18:00:00": {
			"DAM_lmp($/MWh)": 44.14195,
			"RTM_lmp($/MWh)": 14.81143
		},
		"19:00:00": {
			"DAM_lmp($/MWh)": 65.2483,
			"RTM_lmp($/MWh)": 28.13507
		},
		"20:00:00": {
			"DAM_lmp($/MWh)": 65.27437,
			"RTM_lmp($/MWh)": 40.0
		},
		"21:00:00": {
			"DAM_lmp($/MWh)": 50.55911,
			"RTM_lmp($/MWh)": 42.9302
		},
		"22:00:00": {
			"DAM_lmp($/MWh)": 41.10921,
			"RTM_lmp($/MWh)": 32.7884
		},
		"23:00:00": {
			"DAM_lmp($/MWh)": 32.50713,
			"RTM_lmp($/MWh)": 34.4376
		}
	}
}