{
	"2023-05-22": {
		"00:00:00": {
			"DAM_lmp($/MWh)": 26.98909,
			"RTM_lmp($/MWh)": 28.03012
		},
		"01:00:00": {
			"DAM_lmp($/MWh)": 23.115,
			"RTM_lmp($/MWh)": 24.20101
		},
		"02:00:00": {
			"DAM_lmp($/MWh)": 21.35232,
			"RTM_lmp($/MWh)": 20.05952
		},
		"03:00:00": {
			"DAM_lmp($/MWh)": 19.23735,
			"RTM_lmp($/MWh)": 7.09011
		},
		"04:00:00": {
			"DAM_lmp($/MWh)": 23.06303,
			"RTM_lmp($/MWh)": 2.03777
		},
		"05:00:00": {
			"DAM_lmp($/MWh)": 32.42001,
			"RTM_lmp($/MWh)": 57.78035
		},
		"06:00:00": {
			"DAM_lmp($/MWh)": 33.54468,
			"RTM_lmp($/MWh)": 72.0
		},
		"07:00:00": {
			"DAM_lmp($/MWh)": 26.31821,
			"RTM_lmp($/MWh)": 18.0208
		},
		"08:00:00": {
			"DAM_lmp($/MWh)": 21.12083,
			"RTM_lmp($/MWh)": 12.8688
		},
		"09:00:00": {
			"DAM_lmp($/MWh)": 18.7771,
			"RTM_lmp($/MWh)": 12.94
		},
		"10:00:00": {
			"DAM_lmp($/MWh)": 12.48781,
			"RTM_lmp($/MWh)": 15.4
		},
		"11:00:00": {
			"DAM_lmp($/MWh)": 10.28852,
			"RTM_lmp($/MWh)": 19.43724
		},
		"12:00:00": {
			"DAM_lmp($/MWh)": 8.47549,
			"RTM_lmp($/MWh)": 15.52102
		},
		"13:00:00": {
			"DAM_lmp($/MWh)": 8.4823,
			"RTM_lmp($/MWh)": 15.74605
		},
		"14:00:00": {
			"DAM_lmp($/MWh)": 9.65391,
			"RTM_lmp($/MWh)": 9.9976
		},
		"15:00:00": {
			"DAM_lmp($/MWh)": 12.65879,
			"RTM_lmp($/MWh)": 4.9988
		},
		"16:00:00": {
			"DAM_lmp($/MWh)": 16.45509,
			"RTM_lmp($/MWh)": 4.95
		},
		"17:00:00": {
			"DAM_lmp($/MWh)": 25.7001,
			"RTM_lmp($/MWh)": 0.0
		},
		"18:00:00": {
			"DAM_lmp($/MWh)": 45.05792,
			"RTM_lmp($/MWh)": 14.57581
		},
		"19:00:00": {
			"DAM_lmp($/MWh)": 66.34709,
			"RTM_lmp($/MWh)": 28.40462
		},
		"20:00:00": {
			"DAM_lmp($/MWh)": 66.54309,
			"RTM_lmp($/MWh)": 40.0
		},
		"21:00:00": {
			"DAM_lmp($/MWh)": 50.88359,
			"RTM_lmp($/MWh)": 43.26169
		},
		"22:00:00": {
			"DAM_lmp($/MWh)": 39.7637,
			"RTM_lmp($/MWh)": 32.37456
		},
		"23:00:00": {
			"DAM_lmp($/MWh)": 29.67022,
			"RTM_lmp($/MWh)": 33.2816
		}
	},
	"2023-05-23": {
		"00:00:00": {
			"DAM_lmp($/MWh)": 26.98909,
			"RTM_lmp($/MWh)": 28.03012
		},
		"01:00:00": {
			"DAM_lmp($/MWh)": 23.115,
			"RTM_lmp($/MWh)": 24.20101
		},
		"02:00:00": {
			"DAM_lmp($/MWh)": 21.35232,
			"RTM_lmp($/MWh)": 20.05952
		},
		"03:00:00": {
			"DAM_lmp($/MWh)": 19.23735,
			"RTM_lmp($/MWh)": 7.09011
		},
		"04:00:00": {
			"DAM_lmp($/MWh)": 23.06303,
			"RTM_lmp($/MWh)": 2.03777
		},
		"05:00:00": {
			"DAM_lmp($/MWh)": 32.42001,
			"RTM_lmp($/MWh)": 57.78035
		},
		"06:00:00": {
			"DAM_lmp($/MWh)": 33.54468,
			"RTM_lmp($/MWh)": 72.0
		},
		"07:00:00": {
			"DAM_lmp($/MWh)": 26.31821,
			"RTM_lmp($/MWh)": 18.0208
		},
		"08:00:00": {
			"DAM_lmp($/MWh)": 21.12083,
			"RTM_lmp($/MWh)": 12.8688
		},
		"09:00:00": {
			"DAM_lmp($/MWh)": 18.7771,
			"RTM_lmp($/MWh)": 12.94
		},
		"10:00:00": {
			"DAM_lmp($/MWh)": 12.48781,
			"RTM_lmp($/MWh)": 15.4
		},
		"11:00:00": {
			"DAM_lmp($/MWh)": 10.28852,
			"RTM_lmp($/MWh)": 19.43724
		},
		"12:00:00": {
			"DAM_lmp($/MWh)": 8.47549,
			"RTM_lmp($/MWh)": 15.52102
		},
		"13:00:00": {
			"DAM_lmp($/MWh)": 8.4823,
			"RTM_lmp($/MWh)": 15.74605
		},
		"14:00:00": {
			"DAM_lmp($/MWh)": 9.65391,
			"RTM_lmp($/MWh)": 9.9976
		},
		"15:00:00": {
			"DAM_lmp($/MWh)": 12.65879,
			"RTM_lmp($/MWh)": 4.9988
		},
		"16:00:00": {
			"DAM_lmp($/MWh)": 16.45509,
			"RTM_lmp($/MWh)": 4.95
		},
		"17:00:00": {
			"DAM_lmp($/MWh)": 25.7001,
			"RTM_lmp($/MWh)": 0.0
		},
		"18:00:00": {
			"DAM_lmp($/MWh)": 45.05792,
			"RTM_lmp($/MWh)": 14.57581
		},
		"19:00:00": {
			"DAM_lmp($/MWh)": 66.34709,
			"RTM_lmp($/MWh)": 28.40462
		},
		"20:00:00": {
			"DAM_lmp($/MWh)": 66.54309,
			"RTM_lmp($/MWh)": 40.0
		},
		"21:00:00": {
			"DAM_lmp($/MWh)": 50.88359,
			"RTM_lmp($/MWh)": 43.26169
		},
		"22:00:00": {
			"DAM_lmp($/MWh)": 39.7637,
			"RTM_lmp($/MWh)": 32.37456
		},
		"23:00:00": {
			"DAM_lmp($/MWh)": 29.67022,
			"RTM_lmp($/MWh)": 33.2816
		}
	}
}