{
	"2023-05-22": {
		"00:00:00": {
			"DAM_lmp($/MWh)": 23.84661,
			"RTM_lmp($/MWh)": 22.53508
		},
		"01:00:00": {
			"DAM_lmp($/MWh)": 18.82629,
			"RTM_lmp($/MWh)": 19.37466
		},
		"02:00:00": {
			"DAM_lmp($/MWh)": 17.03832,
			"RTM_lmp($/MWh)": 16.14122
		},
		"03:00:00": {
			"DAM_lmp($/MWh)": 15.16069,
			"RTM_lmp($/MWh)": 4.98753
		},
		"04:00:00": {
			"DAM_lmp($/MWh)": 18.63006,
			"RTM_lmp($/MWh)": 0.40111
		},
		"05:00:00": {
			"DAM_lmp($/MWh)": 25.68125,
			"RTM_lmp($/MWh)": 30.81135
		},
		"06:00:00": {
			"DAM_lmp($/MWh)": 27.86308,
			"RTM_lmp($/MWh)": 72.0
		},
		"07:00:00": {
			"DAM_lmp($/MWh)": 22.25233,
			"RTM_lmp($/MWh)": 18.0208
		},
		"08:00:00": {
			"DAM_lmp($/MWh)": 13.98002,
			"RTM_lmp($/MWh)": 12.8688
		},
		"09:00:00": {
			"DAM_lmp($/MWh)": 11.84147,
			"RTM_lmp($/MWh)": 12.94
		},
		"10:00:00": {
			"DAM_lmp($/MWh)": 8.18535,
			"RTM_lmp($/MWh)": 15.4
		},
		"11:00:00": {
			"DAM_lmp($/MWh)": 6.31697,
			"RTM_lmp($/MWh)": 14.7764
		},
		"12:00:00": {
			"DAM_lmp($/MWh)": 5.0422,
			"RTM_lmp($/MWh)": 12.8572
		},
		"13:00:00": {
			"DAM_lmp($/MWh)": 4.87441,
			"RTM_lmp($/MWh)": 13.07776
		},
		"14:00:00": {
			"DAM_lmp($/MWh)": 5.85281,
			"RTM_lmp($/MWh)": 9.9976
		},
		"15:00:00": {
			"DAM_lmp($/MWh)": 8.48331,
			"RTM_lmp($/MWh)": 4.9988
		},
		"16:00:00": {
			"DAM_lmp($/MWh)": 12.00041,
			"RTM_lmp($/MWh)": 4.95
		},
		"17:00:00": {
			"DAM_lmp($/MWh)": 21.67194,
			"RTM_lmp($/MWh)": 0.0
		},
		"18:00:00": {
			"DAM_lmp($/MWh)": 38.16841,
			"RTM_lmp($/MWh)": 11.45701
		},
		"19:00:00": {
			"DAM_lmp($/MWh)": 56.25768,
			"RTM_lmp($/MWh)": 22.09493
		},
		"20:00:00": {
			"DAM_lmp($/MWh)": 55.90138,
			"RTM_lmp($/MWh)": 40.0
		},
		"21:00:00": {
			"DAM_lmp($/MWh)": 43.02616,
			"RTM_lmp($/MWh)": 33.36312
		},
		"22:00:00": {
			"DAM_lmp($/MWh)": 30.92146,
			"RTM_lmp($/MWh)": 25.40623
		},
		"23:00:00": {
			"DAM_lmp($/MWh)": 24.59753,
			"RTM_lmp($/MWh)": 26.48178
		}
	},
	"2023-05-23": {
		"00:00:00": {
			"DAM_lmp($/MWh)": 23.84661,
			"RTM_lmp($/MWh)": 22.53508
		},
		"01:00:00": {
			"DAM_lmp($/MWh)": 18.82629,
			"RTM_lmp($/MWh)": 19.37466
		},
		"02:00:00": {
			"DAM_lmp($/MWh)": 17.03832,
			"RTM_lmp($/MWh)": 16.14122
		},
		"03:00:00": {
			"DAM_lmp($/MWh)": 15.16069,
			"RTM_lmp($/MWh)": 4.98753
		},
		"04:00:00": {
			"DAM_lmp($/MWh)": 18.63006,
			"RTM_lmp($/MWh)": 0.40111
		},
		"05:00:00": {
			"DAM_lmp($/MWh)": 25.68125,
			"RTM_lmp($/MWh)": 30.81135
		},
		"06:00:00": {
			"DAM_lmp($/MWh)": 27.86308,
			"RTM_lmp($/MWh)": 72.0
		},
		"07:00:00": {
			"DAM_lmp($/MWh)": 22.25233,
			"RTM_lmp($/MWh)": 18.0208
		},
		"08:00:00": {
			"DAM_lmp($/MWh)": 13.98002,
			"RTM_lmp($/MWh)": 12.8688
		},
		"09:00:00": {
			"DAM_lmp($/MWh)": 11.84147,
			"RTM_lmp($/MWh)": 12.94
		},
		"10:00:00": {
			"DAM_lmp($/MWh)": 8.18535,
			"RTM_lmp($/MWh)": 15.4
		},
		"11:00:00": {
			"DAM_lmp($/MWh)": 6.31697,
			"RTM_lmp($/MWh)": 14.7764
		},
		"12:00:00": {
			"DAM_lmp($/MWh)": 5.0422,
			"RTM_lmp($/MWh)": 12.8572
		},
		"13:00:00": {
			"DAM_lmp($/MWh)": 4.87441,
			"RTM_lmp($/MWh)": 13.07776
		},
		"14:00:00": {
			"DAM_lmp($/MWh)": 5.85281,
			"RTM_lmp($/MWh)": 9.9976
		},
		"15:00:00": {
			"DAM_lmp($/MWh)": 8.48331,
			"RTM_lmp($/MWh)": 4.9988
		},
		"16:00:00": {
			"DAM_lmp($/MWh)": 12.00041,
			"RTM_lmp($/MWh)": 4.95
		},
		"17:00:00": {
			"DAM_lmp($/MWh)": 21.67194,
			"RTM_lmp($/MWh)": 0.0
		},
		"18:00:00": {
			"DAM_lmp($/MWh)": 38.16841,
			"RTM_lmp($/MWh)": 11.45701
		},
		"19:00:00": {
			"DAM_lmp($/MWh)": 56.25768,
			"RTM_lmp($/MWh)": 22.09493
		},
		"20:00:00": {
			"DAM_lmp($/MWh)": 55.90138,
			"RTM_lmp($/MWh)": 40.0
		},
		"21:00:00": {
			"DAM_lmp($/MWh)": 43.02616,
			"RTM_lmp($/MWh)": 33.36312
		},
		"22:00:00": {
			"DAM_lmp($/MWh)": 30.92146,
			"RTM_lmp($/MWh)": 25.40623
		},
		"23:00:00": {
			"DAM_lmp($/MWh)": 24.59753,
			"RTM_lmp($/MWh)": 26.48178
		}
	}
}