{
	"2023-05-22": {
		"00:00:00": {
			"DAM_lmp($/MWh)": 29.31305,
			"RTM_lmp($/MWh)": 28.58503
		},
		"01:00:00": {
			"DAM_lmp($/MWh)": 25.78293,
			"RTM_lmp($/MWh)": 24.84881
		},
		"02:00:00": {
			"DAM_lmp($/MWh)": 25.08737,
			"RTM_lmp($/MWh)": 20.85181
		},
		"03:00:00": {
			"DAM_lmp($/MWh)": 23.25673,
			"RTM_lmp($/MWh)": 23.79154
		},
		"04:00:00": {
			"DAM_lmp($/MWh)": 27.05424,
			"RTM_lmp($/MWh)": 20.91607
		},
		"05:00:00": {
			"DAM_lmp($/MWh)": 35.14181,
			"RTM_lmp($/MWh)": 30.81135
		},
		"06:00:00": {
			"DAM_lmp($/MWh)": 36.65876,
			"RTM_lmp($/MWh)": 72.0
		},
		"07:00:00": {
			"DAM_lmp($/MWh)": 26.05423,
			"RTM_lmp($/MWh)": 18.0208
		},
		"08:00:00": {
			"DAM_lmp($/MWh)": 13.92676,
			"RTM_lmp($/MWh)": 12.8688
		},
		"09:00:00": {
			"DAM_lmp($/MWh)": 14.53063,
			"RTM_lmp($/MWh)": 12.94
		},
		"10:00:00": {
			"DAM_lmp($/MWh)": 12.55322,
			"RTM_lmp($/MWh)": 15.4
		},
		"11:00:00": {
			"DAM_lmp($/MWh)": 11.72289,
			"RTM_lmp($/MWh)": 14.7764
		},
		"12:00:00": {
			"DAM_lmp($/MWh)": 9.78816,
			"RTM_lmp($/MWh)": 44.69418
		},
		"13:00:00": {
			"DAM_lmp($/MWh)": 8.59718,
			"RTM_lmp($/MWh)": 34.40257
		},
		"14:00:00": {
			"DAM_lmp($/MWh)": 9.32215,
			"RTM_lmp($/MWh)": 32.9976
		},
		"15:00:00": {
			"DAM_lmp($/MWh)": 7.68876,
			"RTM_lmp($/MWh)": 26.39351
		},
		"16:00:00": {
			"DAM_lmp($/MWh)": 11.81078,
			"RTM_lmp($/MWh)": 26.3186
		},
		"17:00:00": {
			"DAM_lmp($/MWh)": 24.60966,
			"RTM_lmp($/MWh)": 0.0
		},
		"18:00:00": {
			"DAM_lmp($/MWh)": 43.12079,
			"RTM_lmp($/MWh)": 14.45443
		},
		"19:00:00": {
			"DAM_lmp($/MWh)": 63.39976,
			"RTM_lmp($/MWh)": 27.59322
		},
		"20:00:00": {
			"DAM_lmp($/MWh)": 63.26772,
			"RTM_lmp($/MWh)": 40.0
		},
		"21:00:00": {
			"DAM_lmp($/MWh)": 48.71206,
			"RTM_lmp($/MWh)": 41.65459
		},
		"22:00:00": {
			"DAM_lmp($/MWh)": 39.47565,
			"RTM_lmp($/MWh)": 31.42911
		},
		"23:00:00": {
			"DAM_lmp($/MWh)": 31.01743,
			"RTM_lmp($/MWh)": 33.15537
		}
	},
	"2023-05-23": {
		"00:00:00": {
			"DAM_lmp($/MWh)": 29.31305,
			"RTM_lmp($/MWh)": 28.58503
		},
		"01:00:00": {
			"DAM_lmp($/MWh)": 25.78293,
			"RTM_lmp($/MWh)": 24.84881
		},
		"02:00:00": {
			"DAM_lmp($/MWh)": 25.08737,
			"RTM_lmp($/MWh)": 20.85181
		},
		"03:00:00": {
			"DAM_lmp($/MWh)": 23.25673,
			"RTM_lmp($/MWh)": 23.79154
		},
		"04:00:00": {
			"DAM_lmp($/MWh)": 27.05424,
			"RTM_lmp($/MWh)": 20.91607
		},
		"05:00:00": {
			"DAM_lmp($/MWh)": 35.14181,
			"RTM_lmp($/MWh)": 30.81135
		},
		"06:00:00": {
			"DAM_lmp($/MWh)": 36.65876,
			"RTM_lmp($/MWh)": 72.0
		},
		"07:00:00": {
			"DAM_lmp($/MWh)": 26.05423,
			"RTM_lmp($/MWh)": 18.0208
		},
		"08:00:00": {
			"DAM_lmp($/MWh)": 13.92676,
			"RTM_lmp($/MWh)": 12.8688
		},
		"09:00:00": {
			"DAM_lmp($/MWh)": 14.53063,
			"RTM_lmp($/MWh)": 12.94
		},
		"10:00:00": {
			"DAM_lmp($/MWh)": 12.55322,
			"RTM_lmp($/MWh)": 15.4
		},
		"11:00:00": {
			"DAM_lmp($/MWh)": 11.72289,
			"RTM_lmp($/MWh)": 14.7764
		},
		"12:00:00": {
			"DAM_lmp($/MWh)": 9.78816,
			"RTM_lmp($/MWh)": 44.69418
		},
		"13:00:00": {
			"DAM_lmp($/MWh)": 8.59718,
			"RTM_lmp($/MWh)": 34.40257
		},
		"14:00:00": {
			"DAM_lmp($/MWh)": 9.32215,
			"RTM_lmp($/MWh)": 32.9976
		},
		"15:00:00": {
			"DAM_lmp($/MWh)": 7.68876,
			"RTM_lmp($/MWh)": 26.39351
		},
		"16:00:00": {
			"DAM_lmp($/MWh)": 11.81078,
			"RTM_lmp($/MWh)": 26.3186
		},
		"17:00:00": {
			"DAM_lmp($/MWh)": 24.60966,
			"RTM_lmp($/MWh)": 0.0
		},
		"18:00:00": {
			"DAM_lmp($/MWh)": 43.12079,
			"RTM_lmp($/MWh)": 14.45443
		},
		"19:00:00": {
			"DAM_lmp($/MWh)": 63.39976,
			"RTM_lmp($/MWh)": 27.59322
		},
		"20:00:00": {
			"DAM_lmp($/MWh)": 63.26772,
			"RTM_lmp($/MWh)": 40.0
		},
		"21:00:00": {
			"DAM_lmp($/MWh)": 48.71206,
			"RTM_lmp($/MWh)": 41.65459
		},
		"22:00:00": {
			"DAM_lmp($/MWh)": 39.47565,
			"RTM_lmp($/MWh)": 31.42911
		},
		"23:00:00": {
			"DAM_lmp($/MWh)": 31.01743,
			"RTM_lmp($/MWh)": 33.15537
		}
	}
}