{
	"2023-05-22": {
		"00:00:00": {
			"DAM_lmp($/MWh)": 27.71827,
			"RTM_lmp($/MWh)": 29.10394
		},
		"01:00:00": {
			"DAM_lmp($/MWh)": 23.49396,
			"RTM_lmp($/MWh)": 25.18762
		},
		"02:00:00": {
			"DAM_lmp($/MWh)": 21.44149,
			"RTM_lmp($/MWh)": 20.93674
		},
		"03:00:00": {
			"DAM_lmp($/MWh)": 19.06904,
			"RTM_lmp($/MWh)": 7.14855
		},
		"04:00:00": {
			"DAM_lmp($/MWh)": 23.07847,
			"RTM_lmp($/MWh)": 1.73851
		},
		"05:00:00": {
			"DAM_lmp($/MWh)": 33.66236,
			"RTM_lmp($/MWh)": 33.90381
		},
		"06:00:00": {
			"DAM_lmp($/MWh)": 34.03826,
			"RTM_lmp($/MWh)": 79.36515
		},
		"07:00:00": {
			"DAM_lmp($/MWh)": 27.89046,
			"RTM_lmp($/MWh)": 18.0208
		},
		"08:00:00": {
			"DAM_lmp($/MWh)": 17.48364,
			"RTM_lmp($/MWh)": 12.8688
		},
		"09:00:00": {
			"DAM_lmp($/MWh)": 14.71366,
			"RTM_lmp($/MWh)": 14.18116
		},
		"10:00:00": {
			"DAM_lmp($/MWh)": 11.53822,
			"RTM_lmp($/MWh)": 16.99979
		},
		"11:00:00": {
			"DAM_lmp($/MWh)": 9.76386,
			"RTM_lmp($/MWh)": 16.31137
		},
		"12:00:00": {
			"DAM_lmp($/MWh)": 9.6005,
			"RTM_lmp($/MWh)": 16.10662
		},
		"13:00:00": {
			"DAM_lmp($/MWh)": 8.85839,
			"RTM_lmp($/MWh)": 16.3437
		},
		"14:00:00": {
			"DAM_lmp($/MWh)": 7.98328,
			"RTM_lmp($/MWh)": 9.9976
		},
		"15:00:00": {
			"DAM_lmp($/MWh)": 11.27346,
			"RTM_lmp($/MWh)": 4.9988
		},
		"16:00:00": {
			"DAM_lmp($/MWh)": 14.65059,
			"RTM_lmp($/MWh)": 4.95
		},
		"17:00:00": {
			"DAM_lmp($/MWh)": 26.29605,
			"RTM_lmp($/MWh)": 0.0
		},
		"18:00:00": {
			"DAM_lmp($/MWh)": 46.16767,
			"RTM_lmp($/MWh)": 13.53478
		},
		"19:00:00": {
			"DAM_lmp($/MWh)": 64.62244,
			"RTM_lmp($/MWh)": 26.39124
		},
		"20:00:00": {
			"DAM_lmp($/MWh)": 65.38478,
			"RTM_lmp($/MWh)": 40.0
		},
		"21:00:00": {
			"DAM_lmp($/MWh)": 51.4491,
			"RTM_lmp($/MWh)": 40.05588
		},
		"22:00:00": {
			"DAM_lmp($/MWh)": 41.15738,
			"RTM_lmp($/MWh)": 30.48366
		},
		"23:00:00": {
			"DAM_lmp($/MWh)": 30.34148,
			"RTM_lmp($/MWh)": 50.79003
		}
	},
	"2023-05-23": {
		"00:00:00": {
			"DAM_lmp($/MWh)": 27.71827,
			"RTM_lmp($/MWh)": 29.10394
		},
		"01:00:00": {
			"DAM_lmp($/MWh)": 23.49396,
			"RTM_lmp($/MWh)": 25.18762
		},
		"02:00:00": {
			"DAM_lmp($/MWh)": 21.44149,
			"RTM_lmp($/MWh)": 20.93674
		},
		"03:00:00": {
			"DAM_lmp($/MWh)": 19.06904,
			"RTM_lmp($/MWh)": 7.14855
		},
		"04:00:00": {
			"DAM_lmp($/MWh)": 23.07847,
			"RTM_lmp($/MWh)": 1.73851
		},
		"05:00:00": {
			"DAM_lmp($/MWh)": 33.66236,
			"RTM_lmp($/MWh)": 33.90381
		},
		"06:00:00": {
			"DAM_lmp($/MWh)": 34.03826,
			"RTM_lmp($/MWh)": 79.36515
		},
		"07:00:00": {
			"DAM_lmp($/MWh)": 27.89046,
			"RTM_lmp($/MWh)": 18.0208
		},
		"08:00:00": {
			"DAM_lmp($/MWh)": 17.48364,
			"RTM_lmp($/MWh)": 12.8688
		},
		"09:00:00": {
			"DAM_lmp($/MWh)": 14.71366,
			"RTM_lmp($/MWh)": 14.18116
		},
		"10:00:00": {
			"DAM_lmp($/MWh)": 11.53822,
			"RTM_lmp($/MWh)": 16.99979
		},
		"11:00:00": {
			"DAM_lmp($/MWh)": 9.76386,
			"RTM_lmp($/MWh)": 16.31137
		},
		"12:00:00": {
			"DAM_lmp($/MWh)": 9.6005,
			"RTM_lmp($/MWh)": 16.10662
		},
		"13:00:00": {
			"DAM_lmp($/MWh)": 8.85839,
			"RTM_lmp($/MWh)": 16.3437
		},
		"14:00:00": {
			"DAM_lmp($/MWh)": 7.98328,
			"RTM_lmp($/MWh)": 9.9976
		},
		"15:00:00": {
			"DAM_lmp($/MWh)": 11.27346,
			"RTM_lmp($/MWh)": 4.9988
		},
		"16:00:00": {
			"DAM_lmp($/MWh)": 14.65059,
			"RTM_lmp($/MWh)": 4.95
		},
		"17:00:00": {
			"DAM_lmp($/MWh)": 26.29605,
			"RTM_lmp($/MWh)": 0.0
		},
		"18:00:00": {
			"DAM_lmp($/MWh)": 46.16767,
			"RTM_lmp($/MWh)": 13.53478
		},
		"19:00:00": {
			"DAM_lmp($/MWh)": 64.62244,
			"RTM_lmp($/MWh)": 26.39124
		},
		"20:00:00": {
			"DAM_lmp($/MWh)": 65.38478,
			"RTM_lmp($/MWh)": 40.0
		},
		"21:00:00": {
			"DAM_lmp($/MWh)": 51.4491,
			"RTM_lmp($/MWh)": 40.05588
		},
		"22:00:00": {
			"DAM_lmp($/MWh)": 41.15738,
			"RTM_lmp($/MWh)": 30.48366
		},
		"23:00:00": {
			"DAM_lmp($/MWh)": 30.34148,
			"RTM_lmp($/MWh)": 50.79003
		}
	}
}