{
	"2023-05-22": {
		"00:00:00": {
			"DAM_lmp($/MWh)": 21.96739,
			"RTM_lmp($/MWh)": 24.95961
		},
		"01:00:00": {
			"DAM_lmp($/MWh)": 18.13962,
			"RTM_lmp($/MWh)": 21.51586
		},
		"02:00:00": {
			"DAM_lmp($/MWh)": 15.7194,
			"RTM_lmp($/MWh)": 17.84278
		},
		"03:00:00": {
			"DAM_lmp($/MWh)": 13.47939,
			"RTM_lmp($/MWh)": 6.19561
		},
		"04:00:00": {
			"DAM_lmp($/MWh)": 17.53284,
			"RTM_lmp($/MWh)": 1.61748
		},
		"05:00:00": {
			"DAM_lmp($/MWh)": 28.17449,
			"RTM_lmp($/MWh)": 30.81135
		},
		"06:00:00": {
			"DAM_lmp($/MWh)": 27.80965,
			"RTM_lmp($/MWh)": 72.0
		},
		"07:00:00": {
			"DAM_lmp($/MWh)": 24.40562,
			"RTM_lmp($/MWh)": 18.0208
		},
		"08:00:00": {
			"DAM_lmp($/MWh)": 12.28014,
			"RTM_lmp($/MWh)": 12.8688
		},
		"09:00:00": {
			"DAM_lmp($/MWh)": 9.9352,
			"RTM_lmp($/MWh)": 12.94
		},
		"10:00:00": {
			"DAM_lmp($/MWh)": 7.11045,
			"RTM_lmp($/MWh)": 15.4
		},
		"11:00:00": {
			"DAM_lmp($/MWh)": 5.33001,
			"RTM_lmp($/MWh)": 14.7764
		},
		"12:00:00": {
			"DAM_lmp($/MWh)": 3.80326,
			"RTM_lmp($/MWh)": 14.06131
		},
		"13:00:00": {
			"DAM_lmp($/MWh)": 3.48379,
			"RTM_lmp($/MWh)": 14.28634
		},
		"14:00:00": {
			"DAM_lmp($/MWh)": 4.5373,
			"RTM_lmp($/MWh)": 9.9976
		},
		"15:00:00": {
			"DAM_lmp($/MWh)": 7.36942,
			"RTM_lmp($/MWh)": 4.9988
		},
		"16:00:00": {
			"DAM_lmp($/MWh)": 11.46451,
			"RTM_lmp($/MWh)": 4.95
		},
		"17:00:00": {
			"DAM_lmp($/MWh)": 23.39723,
			"RTM_lmp($/MWh)": 0.0
		},
		"18:00:00": {
			"DAM_lmp($/MWh)": 42.78169,
			"RTM_lmp($/MWh)": 12.9293
		},
		"19:00:00": {
			"DAM_lmp($/MWh)": 63.32685,
			"RTM_lmp($/MWh)": 25.31028
		},
		"20:00:00": {
			"DAM_lmp($/MWh)": 63.16449,
			"RTM_lmp($/MWh)": 40.0
		},
		"21:00:00": {
			"DAM_lmp($/MWh)": 47.82221,
			"RTM_lmp($/MWh)": 38.23897
		},
		"22:00:00": {
			"DAM_lmp($/MWh)": 36.32275,
			"RTM_lmp($/MWh)": 28.97794
		},
		"23:00:00": {
			"DAM_lmp($/MWh)": 25.36334,
			"RTM_lmp($/MWh)": 29.91989
		}
	},
	"2023-05-23": {
		"00:00:00": {
			"DAM_lmp($/MWh)": 21.96739,
			"RTM_lmp($/MWh)": 24.95961
		},
		"01:00:00": {
			"DAM_lmp($/MWh)": 18.13962,
			"RTM_lmp($/MWh)": 21.51586
		},
		"02:00:00": {
			"DAM_lmp($/MWh)": 15.7194,
			"RTM_lmp($/MWh)": 17.84278
		},
		"03:00:00": {
			"DAM_lmp($/MWh)": 13.47939,
			"RTM_lmp($/MWh)": 6.19561
		},
		"04:00:00": {
			"DAM_lmp($/MWh)": 17.53284,
			"RTM_lmp($/MWh)": 1.61748
		},
		"05:00:00": {
			"DAM_lmp($/MWh)": 28.17449,
			"RTM_lmp($/MWh)": 30.81135
		},
		"06:00:00": {
			"DAM_lmp($/MWh)": 27.80965,
			"RTM_lmp($/MWh)": 72.0
		},
		"07:00:00": {
			"DAM_lmp($/MWh)": 24.40562,
			"RTM_lmp($/MWh)": 18.0208
		},
		"08:00:00": {
			"DAM_lmp($/MWh)": 12.28014,
			"RTM_lmp($/MWh)": 12.8688
		},
		"09:00:00": {
			"DAM_lmp($/MWh)": 9.9352,
			"RTM_lmp($/MWh)": 12.94
		},
		"10:00:00": {
			"DAM_lmp($/MWh)": 7.11045,
			"RTM_lmp($/MWh)": 15.4
		},
		"11:00:00": {
			"DAM_lmp($/MWh)": 5.33001,
			"RTM_lmp($/MWh)": 14.7764
		},
		"12:00:00": {
			"DAM_lmp($/MWh)": 3.80326,
			"RTM_lmp($/MWh)": 14.06131
		},
		"13:00:00": {
			"DAM_lmp($/MWh)": 3.48379,
			"RTM_lmp($/MWh)": 14.28634
		},
		"14:00:00": {
			"DAM_lmp($/MWh)": 4.5373,
			"RTM_lmp($/MWh)": 9.9976
		},
		"15:00:00": {
			"DAM_lmp($/MWh)": 7.36942,
			"RTM_lmp($/MWh)": 4.9988
		},
		"16:00:00": {
			"DAM_lmp($/MWh)": 11.46451,
			"RTM_lmp($/MWh)": 4.95
		},
		"17:00:00": {
			"DAM_lmp($/MWh)": 23.39723,
			"RTM_lmp($/MWh)": 0.0
		},
		"18:00:00": {
			"DAM_lmp($/MWh)": 42.78169,
			"RTM_lmp($/MWh)": 12.9293
		},
		"19:00:00": {
			"DAM_lmp($/MWh)": 63.32685,
			"RTM_lmp($/MWh)": 25.31028
		},
		"20:00:00": {
			"DAM_lmp($/MWh)": 63.16449,
			"RTM_lmp($/MWh)": 40.0
		},
		"21:00:00": {
			"DAM_lmp($/MWh)": 47.82221,
			"RTM_lmp($/MWh)": 38.23897
		},
		"22:00:00": {
			"DAM_lmp($/MWh)": 36.32275,
			"RTM_lmp($/MWh)": 28.97794
		},
		"23:00:00": {
			"DAM_lmp($/MWh)": 25.36334,
			"RTM_lmp($/MWh)": 29.91989
		}
	}
}