{
	"2023-05-22": {
		"00:00:00": {
			"DAM_lmp($/MWh)": 29.97489,
			"RTM_lmp($/MWh)": 28.98059
		},
		"01:00:00": {
			"DAM_lmp($/MWh)": 26.2148,
			"RTM_lmp($/MWh)": 25.33343
		},
		"02:00:00": {
			"DAM_lmp($/MWh)": 24.90795,
			"RTM_lmp($/MWh)": 20.98522
		},
		"03:00:00": {
			"DAM_lmp($/MWh)": 23.07032,
			"RTM_lmp($/MWh)": 23.37279
		},
		"04:00:00": {
			"DAM_lmp($/MWh)": 26.84092,
			"RTM_lmp($/MWh)": 20.58991
		},
		"05:00:00": {
			"DAM_lmp($/MWh)": 34.87431,
			"RTM_lmp($/MWh)": 30.81135
		},
		"06:00:00": {
			"DAM_lmp($/MWh)": 36.25584,
			"RTM_lmp($/MWh)": 72.0
		},
		"07:00:00": {
			"DAM_lmp($/MWh)": 25.57284,
			"RTM_lmp($/MWh)": 18.0208
		},
		"08:00:00": {
			"DAM_lmp($/MWh)": 13.38646,
			"RTM_lmp($/MWh)": 12.8688
		},
		"09:00:00": {
			"DAM_lmp($/MWh)": 10.73111,
			"RTM_lmp($/MWh)": 12.94
		},
		"10:00:00": {
			"DAM_lmp($/MWh)": 7.6411,
			"RTM_lmp($/MWh)": 15.4
		},
		"11:00:00": {
			"DAM_lmp($/MWh)": 5.99882,
			"RTM_lmp($/MWh)": 14.7764
		},
		"12:00:00": {
			"DAM_lmp($/MWh)": 3.9735,
			"RTM_lmp($/MWh)": 15.36243
		},
		"13:00:00": {
			"DAM_lmp($/MWh)": 3.61375,
			"RTM_lmp($/MWh)": 15.71623
		},
		"14:00:00": {
			"DAM_lmp($/MWh)": 4.69578,
			"RTM_lmp($/MWh)": 9.9976
		},
		"15:00:00": {
			"DAM_lmp($/MWh)": 7.5908,
			"RTM_lmp($/MWh)": 4.9988
		},
		"16:00:00": {
			"DAM_lmp($/MWh)": 11.79998,
			"RTM_lmp($/MWh)": 4.95
		},
		"17:00:00": {
			"DAM_lmp($/MWh)": 24.70427,
			"RTM_lmp($/MWh)": 0.0
		},
		"18:00:00": {
			"DAM_lmp($/MWh)": 43.66424,
			"RTM_lmp($/MWh)": 14.35161
		},
		"19:00:00": {
			"DAM_lmp($/MWh)": 64.5244,
			"RTM_lmp($/MWh)": 27.33467
		},
		"20:00:00": {
			"DAM_lmp($/MWh)": 64.46524,
			"RTM_lmp($/MWh)": 40.0
		},
		"21:00:00": {
			"DAM_lmp($/MWh)": 49.83027,
			"RTM_lmp($/MWh)": 41.642
		},
		"22:00:00": {
			"DAM_lmp($/MWh)": 40.55259,
			"RTM_lmp($/MWh)": 31.85249
		},
		"23:00:00": {
			"DAM_lmp($/MWh)": 32.09192,
			"RTM_lmp($/MWh)": 33.54735
		}
	},
	"2023-05-23": {
		"00:00:00": {
			"DAM_lmp($/MWh)": 29.97489,
			"RTM_lmp($/MWh)": 28.98059
		},
		"01:00:00": {
			"DAM_lmp($/MWh)": 26.2148,
			"RTM_lmp($/MWh)": 25.33343
		},
		"02:00:00": {
			"DAM_lmp($/MWh)": 24.90795,
			"RTM_lmp($/MWh)": 20.98522
		},
		"03:00:00": {
			"DAM_lmp($/MWh)": 23.07032,
			"RTM_lmp($/MWh)": 23.37279
		},
		"04:00:00": {
			"DAM_lmp($/MWh)": 26.84092,
			"RTM_lmp($/MWh)": 20.58991
		},
		"05:00:00": {
			"DAM_lmp($/MWh)": 34.87431,
			"RTM_lmp($/MWh)": 30.81135
		},
		"06:00:00": {
			"DAM_lmp($/MWh)": 36.25584,
			"RTM_lmp($/MWh)": 72.0
		},
		"07:00:00": {
			"DAM_lmp($/MWh)": 25.57284,
			"RTM_lmp($/MWh)": 18.0208
		},
		"08:00:00": {
			"DAM_lmp($/MWh)": 13.38646,
			"RTM_lmp($/MWh)": 12.8688
		},
		"09:00:00": {
			"DAM_lmp($/MWh)": 10.73111,
			"RTM_lmp($/MWh)": 12.94
		},
		"10:00:00": {
			"DAM_lmp($/MWh)": 7.6411,
			"RTM_lmp($/MWh)": 15.4
		},
		"11:00:00": {
			"DAM_lmp($/MWh)": 5.99882,
			"RTM_lmp($/MWh)": 14.7764
		},
		"12:00:00": {
			"DAM_lmp($/MWh)": 3.9735,
			"RTM_lmp($/MWh)": 15.36243
		},
		"13:00:00": {
			"DAM_lmp($/MWh)": 3.61375,
			"RTM_lmp($/MWh)": 15.71623
		},
		"14:00:00": {
			"DAM_lmp($/MWh)": 4.69578,
			"RTM_lmp($/MWh)": 9.9976
		},
		"15:00:00": {
			"DAM_lmp($/MWh)": 7.5908,
			"RTM_lmp($/MWh)": 4.9988
		},
		"16:00:00": {
			"DAM_lmp($/MWh)": 11.79998,
			"RTM_lmp($/MWh)": 4.95
		},
		"17:00:00": {
			"DAM_lmp($/MWh)": 24.70427,
			"RTM_lmp($/MWh)": 0.0
		},
		"18:00:00": {
			"DAM_lmp($/MWh)": 43.66424,
			"RTM_lmp($/MWh)": 14.35161
		},
		"19:00:00": {
			"DAM_lmp($/MWh)": 64.5244,
			"RTM_lmp($/MWh)": 27.33467
		},
		"20:00:00": {
			"DAM_lmp($/MWh)": 64.46524,
			"RTM_lmp($/MWh)": 40.0
		},
		"21:00:00": {
			"DAM_lmp($/MWh)": 49.83027,
			"RTM_lmp($/MWh)": 41.642
		},
		"22:00:00": {
			"DAM_lmp($/MWh)": 40.55259,
			"RTM_lmp($/MWh)": 31.85249
		},
		"23:00:00": {
			"DAM_lmp($/MWh)": 32.09192,
			"RTM_lmp($/MWh)": 33.54735
		}
	}
}