{
	"2023-05-22": {
		"00:00:00": {
			"DAM_lmp($/MWh)": 29.58488,
			"RTM_lmp($/MWh)": 29.19117
		},
		"01:00:00": {
			"DAM_lmp($/MWh)": 25.89154,
			"RTM_lmp($/MWh)": 25.48178
		},
		"02:00:00": {
			"DAM_lmp($/MWh)": 24.61792,
			"RTM_lmp($/MWh)": 21.12479
		},
		"03:00:00": {
			"DAM_lmp($/MWh)": 22.8066,
			"RTM_lmp($/MWh)": 23.78586
		},
		"04:00:00": {
			"DAM_lmp($/MWh)": 26.49329,
			"RTM_lmp($/MWh)": 20.88696
		},
		"05:00:00": {
			"DAM_lmp($/MWh)": 34.42162,
			"RTM_lmp($/MWh)": 30.81135
		},
		"06:00:00": {
			"DAM_lmp($/MWh)": 35.86011,
			"RTM_lmp($/MWh)": 72.0
		},
		"07:00:00": {
			"DAM_lmp($/MWh)": 25.38909,
			"RTM_lmp($/MWh)": 18.0208
		},
		"08:00:00": {
			"DAM_lmp($/MWh)": 13.30347,
			"RTM_lmp($/MWh)": 12.8688
		},
		"09:00:00": {
			"DAM_lmp($/MWh)": 10.67556,
			"RTM_lmp($/MWh)": 12.94
		},
		"10:00:00": {
			"DAM_lmp($/MWh)": 6.12452,
			"RTM_lmp($/MWh)": 15.4
		},
		"11:00:00": {
			"DAM_lmp($/MWh)": 5.95689,
			"RTM_lmp($/MWh)": 14.7764
		},
		"12:00:00": {
			"DAM_lmp($/MWh)": 3.94332,
			"RTM_lmp($/MWh)": 15.54258
		},
		"13:00:00": {
			"DAM_lmp($/MWh)": 2.08991,
			"RTM_lmp($/MWh)": 15.87005
		},
		"14:00:00": {
			"DAM_lmp($/MWh)": 4.65961,
			"RTM_lmp($/MWh)": 9.9976
		},
		"15:00:00": {
			"DAM_lmp($/MWh)": 7.53295,
			"RTM_lmp($/MWh)": 4.9988
		},
		"16:00:00": {
			"DAM_lmp($/MWh)": 11.7004,
			"RTM_lmp($/MWh)": 4.95
		},
		"17:00:00": {
			"DAM_lmp($/MWh)": 24.46775,
			"RTM_lmp($/MWh)": 0.0
		},
		"18:00:00": {
			"DAM_lmp($/MWh)": 43.24789,
			"RTM_lmp($/MWh)": 14.44872
		},
		"19:00:00": {
			"DAM_lmp($/MWh)": 63.97501,
			"RTM_lmp($/MWh)": 27.60147
		},
		"20:00:00": {
			"DAM_lmp($/MWh)": 63.94092,
			"RTM_lmp($/MWh)": 40.0
		},
		"21:00:00": {
			"DAM_lmp($/MWh)": 49.42592,
			"RTM_lmp($/MWh)": 42.12455
		},
		"22:00:00": {
			"DAM_lmp($/MWh)": 40.11294,
			"RTM_lmp($/MWh)": 32.11671
		},
		"23:00:00": {
			"DAM_lmp($/MWh)": 31.69889,
			"RTM_lmp($/MWh)": 33.76659
		}
	},
	"2023-05-23": {
		"00:00:00": {
			"DAM_lmp($/MWh)": 29.58488,
			"RTM_lmp($/MWh)": 29.19117
		},
		"01:00:00": {
			"DAM_lmp($/MWh)": 25.89154,
			"RTM_lmp($/MWh)": 25.48178
		},
		"02:00:00": {
			"DAM_lmp($/MWh)": 24.61792,
			"RTM_lmp($/MWh)": 21.12479
		},
		"03:00:00": {
			"DAM_lmp($/MWh)": 22.8066,
			"RTM_lmp($/MWh)": 23.78586
		},
		"04:00:00": {
			"DAM_lmp($/MWh)": 26.49329,
			"RTM_lmp($/MWh)": 20.88696
		},
		"05:00:00": {
			"DAM_lmp($/MWh)": 34.42162,
			"RTM_lmp($/MWh)": 30.81135
		},
		"06:00:00": {
			"DAM_lmp($/MWh)": 35.86011,
			"RTM_lmp($/MWh)": 72.0
		},
		"07:00:00": {
			"DAM_lmp($/MWh)": 25.38909,
			"RTM_lmp($/MWh)": 18.0208
		},
		"08:00:00": {
			"DAM_lmp($/MWh)": 13.30347,
			"RTM_lmp($/MWh)": 12.8688
		},
		"09:00:00": {
			"DAM_lmp($/MWh)": 10.67556,
			"RTM_lmp($/MWh)": 12.94
		},
		"10:00:00": {
			"DAM_lmp($/MWh)": 6.12452,
			"RTM_lmp($/MWh)": 15.4
		},
		"11:00:00": {
			"DAM_lmp($/MWh)": 5.95689,
			"RTM_lmp($/MWh)": 14.7764
		},
		"12:00:00": {
			"DAM_lmp($/MWh)": 3.94332,
			"RTM_lmp($/MWh)": 15.54258
		},
		"13:00:00": {
			"DAM_lmp($/MWh)": 2.08991,
			"RTM_lmp($/MWh)": 15.87005
		},
		"14:00:00": {
			"DAM_lmp($/MWh)": 4.65961,
			"RTM_lmp($/MWh)": 9.9976
		},
		"15:00:00": {
			"DAM_lmp($/MWh)": 7.53295,
			"RTM_lmp($/MWh)": 4.9988
		},
		"16:00:00": {
			"DAM_lmp($/MWh)": 11.7004,
			"RTM_lmp($/MWh)": 4.95
		},
		"17:00:00": {
			"DAM_lmp($/MWh)": 24.46775,
			"RTM_lmp($/MWh)": 0.0
		},
		"18:00:00": {
			"DAM_lmp($/MWh)": 43.24789,
			"RTM_lmp($/MWh)": 14.44872
		},
		"19:00:00": {
			"DAM_lmp($/MWh)": 63.97501,
			"RTM_lmp($/MWh)": 27.60147
		},
		"20:00:00": {
			"DAM_lmp($/MWh)": 63.94092,
			"RTM_lmp($/MWh)": 40.0
		},
		"21:00:00": {
			"DAM_lmp($/MWh)": 49.42592,
			"RTM_lmp($/MWh)": 42.12455
		},
		"22:00:00": {
			"DAM_lmp($/MWh)": 40.11294,
			"RTM_lmp($/MWh)": 32.11671
		},
		"23:00:00": {
			"DAM_lmp($/MWh)": 31.69889,
			"RTM_lmp($/MWh)": 33.76659
		}
	}
}