{
	"2023-05-22": {
		"00:00:00": {
			"DAM_lmp($/MWh)": 29.31601,
			"RTM_lmp($/MWh)": 28.58503
		},
		"01:00:00": {
			"DAM_lmp($/MWh)": 25.78034,
			"RTM_lmp($/MWh)": 24.85129
		},
		"02:00:00": {
			"DAM_lmp($/MWh)": 25.09721,
			"RTM_lmp($/MWh)": 20.85181
		},
		"03:00:00": {
			"DAM_lmp($/MWh)": 23.26583,
			"RTM_lmp($/MWh)": 23.79154
		},
		"04:00:00": {
			"DAM_lmp($/MWh)": 27.07004,
			"RTM_lmp($/MWh)": 20.91607
		},
		"05:00:00": {
			"DAM_lmp($/MWh)": 35.16239,
			"RTM_lmp($/MWh)": 30.81135
		},
		"06:00:00": {
			"DAM_lmp($/MWh)": 36.68394,
			"RTM_lmp($/MWh)": 72.0
		},
		"07:00:00": {
			"DAM_lmp($/MWh)": 26.07234,
			"RTM_lmp($/MWh)": 18.0208
		},
		"08:00:00": {
			"DAM_lmp($/MWh)": 13.93764,
			"RTM_lmp($/MWh)": 12.8688
		},
		"09:00:00": {
			"DAM_lmp($/MWh)": 14.54153,
			"RTM_lmp($/MWh)": 12.94
		},
		"10:00:00": {
			"DAM_lmp($/MWh)": 12.56096,
			"RTM_lmp($/MWh)": 15.4
		},
		"11:00:00": {
			"DAM_lmp($/MWh)": 11.72896,
			"RTM_lmp($/MWh)": 14.7764
		},
		"12:00:00": {
			"DAM_lmp($/MWh)": 9.79258,
			"RTM_lmp($/MWh)": 44.70188
		},
		"13:00:00": {
			"DAM_lmp($/MWh)": 8.60122,
			"RTM_lmp($/MWh)": 34.41512
		},
		"14:00:00": {
			"DAM_lmp($/MWh)": 9.32738,
			"RTM_lmp($/MWh)": 32.9976
		},
		"15:00:00": {
			"DAM_lmp($/MWh)": 7.69724,
			"RTM_lmp($/MWh)": 26.39351
		},
		"16:00:00": {
			"DAM_lmp($/MWh)": 11.81078,
			"RTM_lmp($/MWh)": 26.3186
		},
		"17:00:00": {
			"DAM_lmp($/MWh)": 24.61464,
			"RTM_lmp($/MWh)": 0.0
		},
		"18:00:00": {
			"DAM_lmp($/MWh)": 43.12079,
			"RTM_lmp($/MWh)": 14.45443
		},
		"19:00:00": {
			"DAM_lmp($/MWh)": 63.40623,
			"RTM_lmp($/MWh)": 27.58771
		},
		"20:00:00": {
			"DAM_lmp($/MWh)": 63.26772,
			"RTM_lmp($/MWh)": 40.0
		},
		"21:00:00": {
			"DAM_lmp($/MWh)": 48.71206,
			"RTM_lmp($/MWh)": 41.65039
		},
		"22:00:00": {
			"DAM_lmp($/MWh)": 39.47565,
			"RTM_lmp($/MWh)": 31.42593
		},
		"23:00:00": {
			"DAM_lmp($/MWh)": 31.0206,
			"RTM_lmp($/MWh)": 33.15537
		}
	},
	"2023-05-23": {
		"00:00:00": {
			"DAM_lmp($/MWh)": 29.31601,
			"RTM_lmp($/MWh)": 28.58503
		},
		"01:00:00": {
			"DAM_lmp($/MWh)": 25.78034,
			"RTM_lmp($/MWh)": 24.85129
		},
		"02:00:00": {
			"DAM_lmp($/MWh)": 25.09721,
			"RTM_lmp($/MWh)": 20.85181
		},
		"03:00:00": {
			"DAM_lmp($/MWh)": 23.26583,
			"RTM_lmp($/MWh)": 23.79154
		},
		"04:00:00": {
			"DAM_lmp($/MWh)": 27.07004,
			"RTM_lmp($/MWh)": 20.91607
		},
		"05:00:00": {
			"DAM_lmp($/MWh)": 35.16239,
			"RTM_lmp($/MWh)": 30.81135
		},
		"06:00:00": {
			"DAM_lmp($/MWh)": 36.68394,
			"RTM_lmp($/MWh)": 72.0
		},
		"07:00:00": {
			"DAM_lmp($/MWh)": 26.07234,
			"RTM_lmp($/MWh)": 18.0208
		},
		"08:00:00": {
			"DAM_lmp($/MWh)": 13.93764,
			"RTM_lmp($/MWh)": 12.8688
		},
		"09:00:00": {
			"DAM_lmp($/MWh)": 14.54153,
			"RTM_lmp($/MWh)": 12.94
		},
		"10:00:00": {
			"DAM_lmp($/MWh)": 12.56096,
			"RTM_lmp($/MWh)": 15.4
		},
		"11:00:00": {
			"DAM_lmp($/MWh)": 11.72896,
			"RTM_lmp($/MWh)": 14.7764
		},
		"12:00:00": {
			"DAM_lmp($/MWh)": 9.79258,
			"RTM_lmp($/MWh)": 44.70188
		},
		"13:00:00": {
			"DAM_lmp($/MWh)": 8.60122,
			"RTM_lmp($/MWh)": 34.41512
		},
		"14:00:00": {
			"DAM_lmp($/MWh)": 9.32738,
			"RTM_lmp($/MWh)": 32.9976
		},
		"15:00:00": {
			"DAM_lmp($/MWh)": 7.69724,
			"RTM_lmp($/MWh)": 26.39351
		},
		"16:00:00": {
			"DAM_lmp($/MWh)": 11.81078,
			"RTM_lmp($/MWh)": 26.3186
		},
		"17:00:00": {
			"DAM_lmp($/MWh)": 24.61464,
			"RTM_lmp($/MWh)": 0.0
		},
		"18:00:00": {
			"DAM_lmp($/MWh)": 43.12079,
			"RTM_lmp($/MWh)": 14.45443
		},
		"19:00:00": {
			"DAM_lmp($/MWh)": 63.40623,
			"RTM_lmp($/MWh)": 27.58771
		},
		"20:00:00": {
			"DAM_lmp($/MWh)": 63.26772,
			"RTM_lmp($/MWh)": 40.0
		},
		"21:00:00": {
			"DAM_lmp($/MWh)": 48.71206,
			"RTM_lmp($/MWh)": 41.65039
		},
		"22:00:00": {
			"DAM_lmp($/MWh)": 39.47565,
			"RTM_lmp($/MWh)": 31.42593
		},
		"23:00:00": {
			"DAM_lmp($/MWh)": 31.0206,
			"RTM_lmp($/MWh)": 33.15537
		}
	}
}