{
	"2023-05-22": {
		"00:00:00": {
			"DAM_lmp($/MWh)": 23.26089,
			"RTM_lmp($/MWh)": 26.33693
		},
		"01:00:00": {
			"DAM_lmp($/MWh)": 19.32196,
			"RTM_lmp($/MWh)": 22.73976
		},
		"02:00:00": {
			"DAM_lmp($/MWh)": 16.93624,
			"RTM_lmp($/MWh)": 18.85468
		},
		"03:00:00": {
			"DAM_lmp($/MWh)": 14.66922,
			"RTM_lmp($/MWh)": 6.55838
		},
		"04:00:00": {
			"DAM_lmp($/MWh)": 18.72501,
			"RTM_lmp($/MWh)": 1.77217
		},
		"05:00:00": {
			"DAM_lmp($/MWh)": 29.38673,
			"RTM_lmp($/MWh)": 30.81135
		},
		"06:00:00": {
			"DAM_lmp($/MWh)": 29.15789,
			"RTM_lmp($/MWh)": 72.0
		},
		"07:00:00": {
			"DAM_lmp($/MWh)": 25.10181,
			"RTM_lmp($/MWh)": 18.0208
		},
		"08:00:00": {
			"DAM_lmp($/MWh)": 12.67558,
			"RTM_lmp($/MWh)": 12.8688
		},
		"09:00:00": {
			"DAM_lmp($/MWh)": 10.2244,
			"RTM_lmp($/MWh)": 12.94
		},
		"10:00:00": {
			"DAM_lmp($/MWh)": 7.3149,
			"RTM_lmp($/MWh)": 15.4
		},
		"11:00:00": {
			"DAM_lmp($/MWh)": 5.88458,
			"RTM_lmp($/MWh)": 14.7764
		},
		"12:00:00": {
			"DAM_lmp($/MWh)": 3.90831,
			"RTM_lmp($/MWh)": 14.53864
		},
		"13:00:00": {
			"DAM_lmp($/MWh)": 3.58254,
			"RTM_lmp($/MWh)": 14.77762
		},
		"14:00:00": {
			"DAM_lmp($/MWh)": 4.66056,
			"RTM_lmp($/MWh)": 9.9976
		},
		"15:00:00": {
			"DAM_lmp($/MWh)": 7.56997,
			"RTM_lmp($/MWh)": 4.9988
		},
		"16:00:00": {
			"DAM_lmp($/MWh)": 11.77719,
			"RTM_lmp($/MWh)": 4.95
		},
		"17:00:00": {
			"DAM_lmp($/MWh)": 24.15655,
			"RTM_lmp($/MWh)": 0.0
		},
		"18:00:00": {
			"DAM_lmp($/MWh)": 42.5642,
			"RTM_lmp($/MWh)": 13.38198
		},
		"19:00:00": {
			"DAM_lmp($/MWh)": 62.63708,
			"RTM_lmp($/MWh)": 26.13544
		},
		"20:00:00": {
			"DAM_lmp($/MWh)": 62.71751,
			"RTM_lmp($/MWh)": 40.0
		},
		"21:00:00": {
			"DAM_lmp($/MWh)": 48.05312,
			"RTM_lmp($/MWh)": 39.54815
		},
		"22:00:00": {
			"DAM_lmp($/MWh)": 36.54719,
			"RTM_lmp($/MWh)": 30.03481
		},
		"23:00:00": {
			"DAM_lmp($/MWh)": 26.09735,
			"RTM_lmp($/MWh)": 31.13901
		}
	},
	"2023-05-23": {
		"00:00:00": {
			"DAM_lmp($/MWh)": 23.26089,
			"RTM_lmp($/MWh)": 26.33693
		},
		"01:00:00": {
			"DAM_lmp($/MWh)": 19.32196,
			"RTM_lmp($/MWh)": 22.73976
		},
		"02:00:00": {
			"DAM_lmp($/MWh)": 16.93624,
			"RTM_lmp($/MWh)": 18.85468
		},
		"03:00:00": {
			"DAM_lmp($/MWh)": 14.66922,
			"RTM_lmp($/MWh)": 6.55838
		},
		"04:00:00": {
			"DAM_lmp($/MWh)": 18.72501,
			"RTM_lmp($/MWh)": 1.77217
		},
		"05:00:00": {
			"DAM_lmp($/MWh)": 29.38673,
			"RTM_lmp($/MWh)": 30.81135
		},
		"06:00:00": {
			"DAM_lmp($/MWh)": 29.15789,
			"RTM_lmp($/MWh)": 72.0
		},
		"07:00:00": {
			"DAM_lmp($/MWh)": 25.10181,
			"RTM_lmp($/MWh)": 18.0208
		},
		"08:00:00": {
			"DAM_lmp($/MWh)": 12.67558,
			"RTM_lmp($/MWh)": 12.8688
		},
		"09:00:00": {
			"DAM_lmp($/MWh)": 10.2244,
			"RTM_lmp($/MWh)": 12.94
		},
		"10:00:00": {
			"DAM_lmp($/MWh)": 7.3149,
			"RTM_lmp($/MWh)": 15.4
		},
		"11:00:00": {
			"DAM_lmp($/MWh)": 5.88458,
			"RTM_lmp($/MWh)": 14.7764
		},
		"12:00:00": {
			"DAM_lmp($/MWh)": 3.90831,
			"RTM_lmp($/MWh)": 14.53864
		},
		"13:00:00": {
			"DAM_lmp($/MWh)": 3.58254,
			"RTM_lmp($/MWh)": 14.77762
		},
		"14:00:00": {
			"DAM_lmp($/MWh)": 4.66056,
			"RTM_lmp($/MWh)": 9.9976
		},
		"15:00:00": {
			"DAM_lmp($/MWh)": 7.56997,
			"RTM_lmp($/MWh)": 4.9988
		},
		"16:00:00": {
			"DAM_lmp($/MWh)": 11.77719,
			"RTM_lmp($/MWh)": 4.95
		},
		"17:00:00": {
			"DAM_lmp($/MWh)": 24.15655,
			"RTM_lmp($/MWh)": 0.0
		},
		"18:00:00": {
			"DAM_lmp($/MWh)": 42.5642,
			"RTM_lmp($/MWh)": 13.38198
		},
		"19:00:00": {
			"DAM_lmp($/MWh)": 62.63708,
			"RTM_lmp($/MWh)": 26.13544
		},
		"20:00:00": {
			"DAM_lmp($/MWh)": 62.71751,
			"RTM_lmp($/MWh)": 40.0
		},
		"21:00:00": {
			"DAM_lmp($/MWh)": 48.05312,
			"RTM_lmp($/MWh)": 39.54815
		},
		"22:00:00": {
			"DAM_lmp($/MWh)": 36.54719,
			"RTM_lmp($/MWh)": 30.03481
		},
		"23:00:00": {
			"DAM_lmp($/MWh)": 26.09735,
			"RTM_lmp($/MWh)": 31.13901
		}
	}
}