{
	"2023-05-22": {
		"00:00:00": {
			"DAM_lmp($/MWh)": 61.03957,
			"RTM_lmp($/MWh)": 27.67441
		},
		"01:00:00": {
			"DAM_lmp($/MWh)": 60.82225,
			"RTM_lmp($/MWh)": 23.75349
		},
		"02:00:00": {
			"DAM_lmp($/MWh)": 67.82648,
			"RTM_lmp($/MWh)": 19.89327
		},
		"03:00:00": {
			"DAM_lmp($/MWh)": 69.70759,
			"RTM_lmp($/MWh)": 6.33172
		},
		"04:00:00": {
			"DAM_lmp($/MWh)": 67.24031,
			"RTM_lmp($/MWh)": 1.5393
		},
		"05:00:00": {
			"DAM_lmp($/MWh)": 52.23529,
			"RTM_lmp($/MWh)": 30.81135
		},
		"06:00:00": {
			"DAM_lmp($/MWh)": 69.29488,
			"RTM_lmp($/MWh)": 72.0
		},
		"07:00:00": {
			"DAM_lmp($/MWh)": 25.67119,
			"RTM_lmp($/MWh)": 18.0208
		},
		"08:00:00": {
			"DAM_lmp($/MWh)": 7.56624,
			"RTM_lmp($/MWh)": 12.8688
		},
		"09:00:00": {
			"DAM_lmp($/MWh)": 4.27357,
			"RTM_lmp($/MWh)": 12.94
		},
		"10:00:00": {
			"DAM_lmp($/MWh)": 3.53597,
			"RTM_lmp($/MWh)": 15.4
		},
		"11:00:00": {
			"DAM_lmp($/MWh)": 2.33738,
			"RTM_lmp($/MWh)": 2.43887
		},
		"12:00:00": {
			"DAM_lmp($/MWh)": 0.16502,
			"RTM_lmp($/MWh)": 14.55866
		},
		"13:00:00": {
			"DAM_lmp($/MWh)": -0.45582,
			"RTM_lmp($/MWh)": 14.7682
		},
		"14:00:00": {
			"DAM_lmp($/MWh)": 0.58383,
			"RTM_lmp($/MWh)": 9.9976
		},
		"15:00:00": {
			"DAM_lmp($/MWh)": 3.70269,
			"RTM_lmp($/MWh)": 4.9988
		},
		"16:00:00": {
			"DAM_lmp($/MWh)": 8.67282,
			"RTM_lmp($/MWh)": 4.95
		},
		"17:00:00": {
			"DAM_lmp($/MWh)": 24.07689,
			"RTM_lmp($/MWh)": 0.0
		},
		"18:00:00": {
			"DAM_lmp($/MWh)": 43.05944,
			"RTM_lmp($/MWh)": 13.22776
		},
		"19:00:00": {
			"DAM_lmp($/MWh)": 61.87439,
			"RTM_lmp($/MWh)": 26.32523
		},
		"20:00:00": {
			"DAM_lmp($/MWh)": 62.29029,
			"RTM_lmp($/MWh)": 40.0
		},
		"21:00:00": {
			"DAM_lmp($/MWh)": 49.44589,
			"RTM_lmp($/MWh)": 41.67557
		},
		"22:00:00": {
			"DAM_lmp($/MWh)": 52.59276,
			"RTM_lmp($/MWh)": 31.45139
		},
		"23:00:00": {
			"DAM_lmp($/MWh)": 58.24053,
			"RTM_lmp($/MWh)": 32.64048
		}
	},
	"2023-05-23": {
		"00:00:00": {
			"DAM_lmp($/MWh)": 61.03957,
			"RTM_lmp($/MWh)": 27.67441
		},
		"01:00:00": {
			"DAM_lmp($/MWh)": 60.82225,
			"RTM_lmp($/MWh)": 23.75349
		},
		"02:00:00": {
			"DAM_lmp($/MWh)": 67.82648,
			"RTM_lmp($/MWh)": 19.89327
		},
		"03:00:00": {
			"DAM_lmp($/MWh)": 69.70759,
			"RTM_lmp($/MWh)": 6.33172
		},
		"04:00:00": {
			"DAM_lmp($/MWh)": 67.24031,
			"RTM_lmp($/MWh)": 1.5393
		},
		"05:00:00": {
			"DAM_lmp($/MWh)": 52.23529,
			"RTM_lmp($/MWh)": 30.81135
		},
		"06:00:00": {
			"DAM_lmp($/MWh)": 69.29488,
			"RTM_lmp($/MWh)": 72.0
		},
		"07:00:00": {
			"DAM_lmp($/MWh)": 25.67119,
			"RTM_lmp($/MWh)": 18.0208
		},
		"08:00:00": {
			"DAM_lmp($/MWh)": 7.56624,
			"RTM_lmp($/MWh)": 12.8688
		},
		"09:00:00": {
			"DAM_lmp($/MWh)": 4.27357,
			"RTM_lmp($/MWh)": 12.94
		},
		"10:00:00": {
			"DAM_lmp($/MWh)": 3.53597,
			"RTM_lmp($/MWh)": 15.4
		},
		"11:00:00": {
			"DAM_lmp($/MWh)": 2.33738,
			"RTM_lmp($/MWh)": 2.43887
		},
		"12:00:00": {
			"DAM_lmp($/MWh)": 0.16502,
			"RTM_lmp($/MWh)": 14.55866
		},
		"13:00:00": {
			"DAM_lmp($/MWh)": -0.45582,
			"RTM_lmp($/MWh)": 14.7682
		},
		"14:00:00": {
			"DAM_lmp($/MWh)": 0.58383,
			"RTM_lmp($/MWh)": 9.9976
		},
		"15:00:00": {
			"DAM_lmp($/MWh)": 3.70269,
			"RTM_lmp($/MWh)": 4.9988
		},
		"16:00:00": {
			"DAM_lmp($/MWh)": 8.67282,
			"RTM_lmp($/MWh)": 4.95
		},
		"17:00:00": {
			"DAM_lmp($/MWh)": 24.07689,
			"RTM_lmp($/MWh)": 0.0
		},
		"18:00:00": {
			"DAM_lmp($/MWh)": 43.05944,
			"RTM_lmp($/MWh)": 13.22776
		},
		"19:00:00": {
			"DAM_lmp($/MWh)": 61.87439,
			"RTM_lmp($/MWh)": 26.32523
		},
		"20:00:00": {
			"DAM_lmp($/MWh)": 62.29029,
			"RTM_lmp($/MWh)": 40.0
		},
		"21:00:00": {
			"DAM_lmp($/MWh)": 49.44589,
			"RTM_lmp($/MWh)": 41.67557
		},
		"22:00:00": {
			"DAM_lmp($/MWh)": 52.59276,
			"RTM_lmp($/MWh)": 31.45139
		},
		"23:00:00": {
			"DAM_lmp($/MWh)": 58.24053,
			"RTM_lmp($/MWh)": 32.64048
		}
	}
}