{
	"2023-05-22": {
		"00:00:00": {
			"DAM_lmp($/MWh)": 26.75785,
			"RTM_lmp($/MWh)": 27.84515
		},
		"01:00:00": {
			"DAM_lmp($/MWh)": 22.97794,
			"RTM_lmp($/MWh)": 23.9958
		},
		"02:00:00": {
			"DAM_lmp($/MWh)": 21.09172,
			"RTM_lmp($/MWh)": 19.8789
		},
		"03:00:00": {
			"DAM_lmp($/MWh)": 18.96805,
			"RTM_lmp($/MWh)": 6.97569
		},
		"04:00:00": {
			"DAM_lmp($/MWh)": 22.86579,
			"RTM_lmp($/MWh)": 1.96461
		},
		"05:00:00": {
			"DAM_lmp($/MWh)": 32.23482,
			"RTM_lmp($/MWh)": 53.76369
		},
		"06:00:00": {
			"DAM_lmp($/MWh)": 33.21592,
			"RTM_lmp($/MWh)": 72.0
		},
		"07:00:00": {
			"DAM_lmp($/MWh)": 26.28457,
			"RTM_lmp($/MWh)": 18.0208
		},
		"08:00:00": {
			"DAM_lmp($/MWh)": 20.91478,
			"RTM_lmp($/MWh)": 12.8688
		},
		"09:00:00": {
			"DAM_lmp($/MWh)": 18.45745,
			"RTM_lmp($/MWh)": 12.94
		},
		"10:00:00": {
			"DAM_lmp($/MWh)": 12.36741,
			"RTM_lmp($/MWh)": 15.4
		},
		"11:00:00": {
			"DAM_lmp($/MWh)": 10.17915,
			"RTM_lmp($/MWh)": 19.30016
		},
		"12:00:00": {
			"DAM_lmp($/MWh)": 8.36722,
			"RTM_lmp($/MWh)": 15.36397
		},
		"13:00:00": {
			"DAM_lmp($/MWh)": 8.37912,
			"RTM_lmp($/MWh)": 15.5373
		},
		"14:00:00": {
			"DAM_lmp($/MWh)": 9.5436,
			"RTM_lmp($/MWh)": 9.9976
		},
		"15:00:00": {
			"DAM_lmp($/MWh)": 12.507,
			"RTM_lmp($/MWh)": 4.9988
		},
		"16:00:00": {
			"DAM_lmp($/MWh)": 16.25587,
			"RTM_lmp($/MWh)": 4.95
		},
		"17:00:00": {
			"DAM_lmp($/MWh)": 25.42625,
			"RTM_lmp($/MWh)": 0.0
		},
		"18:00:00": {
			"DAM_lmp($/MWh)": 44.74675,
			"RTM_lmp($/MWh)": 14.26593
		},
		"19:00:00": {
			"DAM_lmp($/MWh)": 65.42282,
			"RTM_lmp($/MWh)": 27.92603
		},
		"20:00:00": {
			"DAM_lmp($/MWh)": 65.89579,
			"RTM_lmp($/MWh)": 40.0
		},
		"21:00:00": {
			"DAM_lmp($/MWh)": 50.21466,
			"RTM_lmp($/MWh)": 42.67844
		},
		"22:00:00": {
			"DAM_lmp($/MWh)": 39.29985,
			"RTM_lmp($/MWh)": 31.90979
		},
		"23:00:00": {
			"DAM_lmp($/MWh)": 29.44506,
			"RTM_lmp($/MWh)": 32.86305
		}
	},
	"2023-05-23": {
		"00:00:00": {
			"DAM_lmp($/MWh)": 26.75785,
			"RTM_lmp($/MWh)": 27.84515
		},
		"01:00:00": {
			"DAM_lmp($/MWh)": 22.97794,
			"RTM_lmp($/MWh)": 23.9958
		},
		"02:00:00": {
			"DAM_lmp($/MWh)": 21.09172,
			"RTM_lmp($/MWh)": 19.8789
		},
		"03:00:00": {
			"DAM_lmp($/MWh)": 18.96805,
			"RTM_lmp($/MWh)": 6.97569
		},
		"04:00:00": {
			"DAM_lmp($/MWh)": 22.86579,
			"RTM_lmp($/MWh)": 1.96461
		},
		"05:00:00": {
			"DAM_lmp($/MWh)": 32.23482,
			"RTM_lmp($/MWh)": 53.76369
		},
		"06:00:00": {
			"DAM_lmp($/MWh)": 33.21592,
			"RTM_lmp($/MWh)": 72.0
		},
		"07:00:00": {
			"DAM_lmp($/MWh)": 26.28457,
			"RTM_lmp($/MWh)": 18.0208
		},
		"08:00:00": {
			"DAM_lmp($/MWh)": 20.91478,
			"RTM_lmp($/MWh)": 12.8688
		},
		"09:00:00": {
			"DAM_lmp($/MWh)": 18.45745,
			"RTM_lmp($/MWh)": 12.94
		},
		"10:00:00": {
			"DAM_lmp($/MWh)": 12.36741,
			"RTM_lmp($/MWh)": 15.4
		},
		"11:00:00": {
			"DAM_lmp($/MWh)": 10.17915,
			"RTM_lmp($/MWh)": 19.30016
		},
		"12:00:00": {
			"DAM_lmp($/MWh)": 8.36722,
			"RTM_lmp($/MWh)": 15.36397
		},
		"13:00:00": {
			"DAM_lmp($/MWh)": 8.37912,
			"RTM_lmp($/MWh)": 15.5373
		},
		"14:00:00": {
			"DAM_lmp($/MWh)": 9.5436,
			"RTM_lmp($/MWh)": 9.9976
		},
		"15:00:00": {
			"DAM_lmp($/MWh)": 12.507,
			"RTM_lmp($/MWh)": 4.9988
		},
		"16:00:00": {
			"DAM_lmp($/MWh)": 16.25587,
			"RTM_lmp($/MWh)": 4.95
		},
		"17:00:00": {
			"DAM_lmp($/MWh)": 25.42625,
			"RTM_lmp($/MWh)": 0.0
		},
		"18:00:00": {
			"DAM_lmp($/MWh)": 44.74675,
			"RTM_lmp($/MWh)": 14.26593
		},
		"19:00:00": {
			"DAM_lmp($/MWh)": 65.42282,
			"RTM_lmp($/MWh)": 27.92603
		},
		"20:00:00": {
			"DAM_lmp($/MWh)": 65.89579,
			"RTM_lmp($/MWh)": 40.0
		},
		"21:00:00": {
			"DAM_lmp($/MWh)": 50.21466,
			"RTM_lmp($/MWh)": 42.67844
		},
		"22:00:00": {
			"DAM_lmp($/MWh)": 39.29985,
			"RTM_lmp($/MWh)": 31.90979
		},
		"23:00:00": {
			"DAM_lmp($/MWh)": 29.44506,
			"RTM_lmp($/MWh)": 32.86305
		}
	}
}