{
	"2023-05-22": {
		"00:00:00": {
			"DAM_lmp($/MWh)": 29.97489,
			"RTM_lmp($/MWh)": 28.98912
		},
		"01:00:00": {
			"DAM_lmp($/MWh)": 26.21997,
			"RTM_lmp($/MWh)": 25.3359
		},
		"02:00:00": {
			"DAM_lmp($/MWh)": 24.91287,
			"RTM_lmp($/MWh)": 20.99138
		},
		"03:00:00": {
			"DAM_lmp($/MWh)": 23.07486,
			"RTM_lmp($/MWh)": 23.37574
		},
		"04:00:00": {
			"DAM_lmp($/MWh)": 26.84619,
			"RTM_lmp($/MWh)": 20.59316
		},
		"05:00:00": {
			"DAM_lmp($/MWh)": 34.88117,
			"RTM_lmp($/MWh)": 30.81135
		},
		"06:00:00": {
			"DAM_lmp($/MWh)": 36.26303,
			"RTM_lmp($/MWh)": 72.0
		},
		"07:00:00": {
			"DAM_lmp($/MWh)": 25.59614,
			"RTM_lmp($/MWh)": 18.0208
		},
		"08:00:00": {
			"DAM_lmp($/MWh)": 13.40278,
			"RTM_lmp($/MWh)": 12.8688
		},
		"09:00:00": {
			"DAM_lmp($/MWh)": 10.73982,
			"RTM_lmp($/MWh)": 12.94
		},
		"10:00:00": {
			"DAM_lmp($/MWh)": 7.64807,
			"RTM_lmp($/MWh)": 15.4
		},
		"11:00:00": {
			"DAM_lmp($/MWh)": 6.00368,
			"RTM_lmp($/MWh)": 14.7764
		},
		"12:00:00": {
			"DAM_lmp($/MWh)": 3.97511,
			"RTM_lmp($/MWh)": 15.36705
		},
		"13:00:00": {
			"DAM_lmp($/MWh)": 3.61375,
			"RTM_lmp($/MWh)": 15.72094
		},
		"14:00:00": {
			"DAM_lmp($/MWh)": 4.69768,
			"RTM_lmp($/MWh)": 9.9976
		},
		"15:00:00": {
			"DAM_lmp($/MWh)": 7.59311,
			"RTM_lmp($/MWh)": 4.9988
		},
		"16:00:00": {
			"DAM_lmp($/MWh)": 11.80358,
			"RTM_lmp($/MWh)": 4.95
		},
		"17:00:00": {
			"DAM_lmp($/MWh)": 24.71173,
			"RTM_lmp($/MWh)": 0.0
		},
		"18:00:00": {
			"DAM_lmp($/MWh)": 43.673,
			"RTM_lmp($/MWh)": 14.35304
		},
		"19:00:00": {
			"DAM_lmp($/MWh)": 64.53733,
			"RTM_lmp($/MWh)": 27.33742
		},
		"20:00:00": {
			"DAM_lmp($/MWh)": 64.47171,
			"RTM_lmp($/MWh)": 40.0
		},
		"21:00:00": {
			"DAM_lmp($/MWh)": 49.84026,
			"RTM_lmp($/MWh)": 41.6462
		},
		"22:00:00": {
			"DAM_lmp($/MWh)": 40.56065,
			"RTM_lmp($/MWh)": 31.85568
		},
		"23:00:00": {
			"DAM_lmp($/MWh)": 32.08875,
			"RTM_lmp($/MWh)": 33.55399
		}
	},
	"2023-05-23": {
		"00:00:00": {
			"DAM_lmp($/MWh)": 29.97489,
			"RTM_lmp($/MWh)": 28.98912
		},
		"01:00:00": {
			"DAM_lmp($/MWh)": 26.21997,
			"RTM_lmp($/MWh)": 25.3359
		},
		"02:00:00": {
			"DAM_lmp($/MWh)": 24.91287,
			"RTM_lmp($/MWh)": 20.99138
		},
		"03:00:00": {
			"DAM_lmp($/MWh)": 23.07486,
			"RTM_lmp($/MWh)": 23.37574
		},
		"04:00:00": {
			"DAM_lmp($/MWh)": 26.84619,
			"RTM_lmp($/MWh)": 20.59316
		},
		"05:00:00": {
			"DAM_lmp($/MWh)": 34.88117,
			"RTM_lmp($/MWh)": 30.81135
		},
		"06:00:00": {
			"DAM_lmp($/MWh)": 36.26303,
			"RTM_lmp($/MWh)": 72.0
		},
		"07:00:00": {
			"DAM_lmp($/MWh)": 25.59614,
			"RTM_lmp($/MWh)": 18.0208
		},
		"08:00:00": {
			"DAM_lmp($/MWh)": 13.40278,
			"RTM_lmp($/MWh)": 12.8688
		},
		"09:00:00": {
			"DAM_lmp($/MWh)": 10.73982,
			"RTM_lmp($/MWh)": 12.94
		},
		"10:00:00": {
			"DAM_lmp($/MWh)": 7.64807,
			"RTM_lmp($/MWh)": 15.4
		},
		"11:00:00": {
			"DAM_lmp($/MWh)": 6.00368,
			"RTM_lmp($/MWh)": 14.7764
		},
		"12:00:00": {
			"DAM_lmp($/MWh)": 3.97511,
			"RTM_lmp($/MWh)": 15.36705
		},
		"13:00:00": {
			"DAM_lmp($/MWh)": 3.61375,
			"RTM_lmp($/MWh)": 15.72094
		},
		"14:00:00": {
			"DAM_lmp($/MWh)": 4.69768,
			"RTM_lmp($/MWh)": 9.9976
		},
		"15:00:00": {
			"DAM_lmp($/MWh)": 7.59311,
			"RTM_lmp($/MWh)": 4.9988
		},
		"16:00:00": {
			"DAM_lmp($/MWh)": 11.80358,
			"RTM_lmp($/MWh)": 4.95
		},
		"17:00:00": {
			"DAM_lmp($/MWh)": 24.71173,
			"RTM_lmp($/MWh)": 0.0
		},
		"18:00:00": {
			"DAM_lmp($/MWh)": 43.673,
			"RTM_lmp($/MWh)": 14.35304
		},
		"19:00:00": {
			"DAM_lmp($/MWh)": 64.53733,
			"RTM_lmp($/MWh)": 27.33742
		},
		"20:00:00": {
			"DAM_lmp($/MWh)": 64.47171,
			"RTM_lmp($/MWh)": 40.0
		},
		"21:00:00": {
			"DAM_lmp($/MWh)": 49.84026,
			"RTM_lmp($/MWh)": 41.6462
		},
		"22:00:00": {
			"DAM_lmp($/MWh)": 40.56065,
			"RTM_lmp($/MWh)": 31.85568
		},
		"23:00:00": {
			"DAM_lmp($/MWh)": 32.08875,
			"RTM_lmp($/MWh)": 33.55399
		}
	}
}