{
	"2023-05-22": {
		"00:00:00": {
			"DAM_lmp($/MWh)": 28.48871,
			"RTM_lmp($/MWh)": 27.63742
		},
		"01:00:00": {
			"DAM_lmp($/MWh)": 25.10797,
			"RTM_lmp($/MWh)": 24.20596
		},
		"02:00:00": {
			"DAM_lmp($/MWh)": 23.85353,
			"RTM_lmp($/MWh)": 20.10263
		},
		"03:00:00": {
			"DAM_lmp($/MWh)": 22.08821,
			"RTM_lmp($/MWh)": 13.85849
		},
		"04:00:00": {
			"DAM_lmp($/MWh)": 25.49255,
			"RTM_lmp($/MWh)": 10.17189
		},
		"05:00:00": {
			"DAM_lmp($/MWh)": 33.14586,
			"RTM_lmp($/MWh)": 30.81135
		},
		"06:00:00": {
			"DAM_lmp($/MWh)": 34.64775,
			"RTM_lmp($/MWh)": 72.0
		},
		"07:00:00": {
			"DAM_lmp($/MWh)": 24.68513,
			"RTM_lmp($/MWh)": 18.0208
		},
		"08:00:00": {
			"DAM_lmp($/MWh)": 9.53747,
			"RTM_lmp($/MWh)": 12.8688
		},
		"09:00:00": {
			"DAM_lmp($/MWh)": 6.60623,
			"RTM_lmp($/MWh)": 12.94
		},
		"10:00:00": {
			"DAM_lmp($/MWh)": 4.95335,
			"RTM_lmp($/MWh)": 15.4
		},
		"11:00:00": {
			"DAM_lmp($/MWh)": 3.70083,
			"RTM_lmp($/MWh)": 11.34931
		},
		"12:00:00": {
			"DAM_lmp($/MWh)": 1.59554,
			"RTM_lmp($/MWh)": 14.33847
		},
		"13:00:00": {
			"DAM_lmp($/MWh)": 1.0956,
			"RTM_lmp($/MWh)": 14.55788
		},
		"14:00:00": {
			"DAM_lmp($/MWh)": 2.17896,
			"RTM_lmp($/MWh)": 9.9976
		},
		"15:00:00": {
			"DAM_lmp($/MWh)": 5.02485,
			"RTM_lmp($/MWh)": 4.9988
		},
		"16:00:00": {
			"DAM_lmp($/MWh)": 9.36396,
			"RTM_lmp($/MWh)": 4.95
		},
		"17:00:00": {
			"DAM_lmp($/MWh)": 23.43706,
			"RTM_lmp($/MWh)": 0.0
		},
		"18:00:00": {
			"DAM_lmp($/MWh)": 41.66576,
			"RTM_lmp($/MWh)": 13.4591
		},
		"19:00:00": {
			"DAM_lmp($/MWh)": 62.11354,
			"RTM_lmp($/MWh)": 26.44075
		},
		"20:00:00": {
			"DAM_lmp($/MWh)": 62.24498,
			"RTM_lmp($/MWh)": 40.0
		},
		"21:00:00": {
			"DAM_lmp($/MWh)": 48.01318,
			"RTM_lmp($/MWh)": 40.38737
		},
		"22:00:00": {
			"DAM_lmp($/MWh)": 38.87466,
			"RTM_lmp($/MWh)": 30.89431
		},
		"23:00:00": {
			"DAM_lmp($/MWh)": 31.17611,
			"RTM_lmp($/MWh)": 32.24186
		}
	},
	"2023-05-23": {
		"00:00:00": {
			"DAM_lmp($/MWh)": 28.48871,
			"RTM_lmp($/MWh)": 27.63742
		},
		"01:00:00": {
			"DAM_lmp($/MWh)": 25.10797,
			"RTM_lmp($/MWh)": 24.20596
		},
		"02:00:00": {
			"DAM_lmp($/MWh)": 23.85353,
			"RTM_lmp($/MWh)": 20.10263
		},
		"03:00:00": {
			"DAM_lmp($/MWh)": 22.08821,
			"RTM_lmp($/MWh)": 13.85849
		},
		"04:00:00": {
			"DAM_lmp($/MWh)": 25.49255,
			"RTM_lmp($/MWh)": 10.17189
		},
		"05:00:00": {
			"DAM_lmp($/MWh)": 33.14586,
			"RTM_lmp($/MWh)": 30.81135
		},
		"06:00:00": {
			"DAM_lmp($/MWh)": 34.64775,
			"RTM_lmp($/MWh)": 72.0
		},
		"07:00:00": {
			"DAM_lmp($/MWh)": 24.68513,
			"RTM_lmp($/MWh)": 18.0208
		},
		"08:00:00": {
			"DAM_lmp($/MWh)": 9.53747,
			"RTM_lmp($/MWh)": 12.8688
		},
		"09:00:00": {
			"DAM_lmp($/MWh)": 6.60623,
			"RTM_lmp($/MWh)": 12.94
		},
		"10:00:00": {
			"DAM_lmp($/MWh)": 4.95335,
			"RTM_lmp($/MWh)": 15.4
		},
		"11:00:00": {
			"DAM_lmp($/MWh)": 3.70083,
			"RTM_lmp($/MWh)": 11.34931
		},
		"12:00:00": {
			"DAM_lmp($/MWh)": 1.59554,
			"RTM_lmp($/MWh)": 14.33847
		},
		"13:00:00": {
			"DAM_lmp($/MWh)": 1.0956,
			"RTM_lmp($/MWh)": 14.55788
		},
		"14:00:00": {
			"DAM_lmp($/MWh)": 2.17896,
			"RTM_lmp($/MWh)": 9.9976
		},
		"15:00:00": {
			"DAM_lmp($/MWh)": 5.02485,
			"RTM_lmp($/MWh)": 4.9988
		},
		"16:00:00": {
			"DAM_lmp($/MWh)": 9.36396,
			"RTM_lmp($/MWh)": 4.95
		},
		"17:00:00": {
			"DAM_lmp($/MWh)": 23.43706,
			"RTM_lmp($/MWh)": 0.0
		},
		"18:00:00": {
			"DAM_lmp($/MWh)": 41.66576,
			"RTM_lmp($/MWh)": 13.4591
		},
		"19:00:00": {
			"DAM_lmp($/MWh)": 62.11354,
			"RTM_lmp($/MWh)": 26.44075
		},
		"20:00:00": {
			"DAM_lmp($/MWh)": 62.24498,
			"RTM_lmp($/MWh)": 40.0
		},
		"21:00:00": {
			"DAM_lmp($/MWh)": 48.01318,
			"RTM_lmp($/MWh)": 40.38737
		},
		"22:00:00": {
			"DAM_lmp($/MWh)": 38.87466,
			"RTM_lmp($/MWh)": 30.89431
		},
		"23:00:00": {
			"DAM_lmp($/MWh)": 31.17611,
			"RTM_lmp($/MWh)": 32.24186
		}
	}
}