{
	"2023-05-22": {
		"00:00:00": {
			"DAM_lmp($/MWh)": 29.93648,
			"RTM_lmp($/MWh)": 28.89521
		},
		"01:00:00": {
			"DAM_lmp($/MWh)": 26.19411,
			"RTM_lmp($/MWh)": 25.26172
		},
		"02:00:00": {
			"DAM_lmp($/MWh)": 24.87108,
			"RTM_lmp($/MWh)": 20.92159
		},
		"03:00:00": {
			"DAM_lmp($/MWh)": 23.02939,
			"RTM_lmp($/MWh)": 23.17561
		},
		"04:00:00": {
			"DAM_lmp($/MWh)": 26.78562,
			"RTM_lmp($/MWh)": 20.42871
		},
		"05:00:00": {
			"DAM_lmp($/MWh)": 34.8263,
			"RTM_lmp($/MWh)": 30.81135
		},
		"06:00:00": {
			"DAM_lmp($/MWh)": 36.12633,
			"RTM_lmp($/MWh)": 72.0
		},
		"07:00:00": {
			"DAM_lmp($/MWh)": 25.43568,
			"RTM_lmp($/MWh)": 18.0208
		},
		"08:00:00": {
			"DAM_lmp($/MWh)": 12.70459,
			"RTM_lmp($/MWh)": 12.8688
		},
		"09:00:00": {
			"DAM_lmp($/MWh)": 10.27013,
			"RTM_lmp($/MWh)": 12.94
		},
		"10:00:00": {
			"DAM_lmp($/MWh)": 7.39133,
			"RTM_lmp($/MWh)": 15.4
		},
		"11:00:00": {
			"DAM_lmp($/MWh)": 5.54416,
			"RTM_lmp($/MWh)": 14.7764
		},
		"12:00:00": {
			"DAM_lmp($/MWh)": 3.83712,
			"RTM_lmp($/MWh)": 15.24386
		},
		"13:00:00": {
			"DAM_lmp($/MWh)": 3.58658,
			"RTM_lmp($/MWh)": 15.59694
		},
		"14:00:00": {
			"DAM_lmp($/MWh)": 4.66246,
			"RTM_lmp($/MWh)": 9.9976
		},
		"15:00:00": {
			"DAM_lmp($/MWh)": 7.52369,
			"RTM_lmp($/MWh)": 4.9988
		},
		"16:00:00": {
			"DAM_lmp($/MWh)": 11.6896,
			"RTM_lmp($/MWh)": 4.95
		},
		"17:00:00": {
			"DAM_lmp($/MWh)": 24.5051,
			"RTM_lmp($/MWh)": 0.0
		},
		"18:00:00": {
			"DAM_lmp($/MWh)": 43.34431,
			"RTM_lmp($/MWh)": 14.28307
		},
		"19:00:00": {
			"DAM_lmp($/MWh)": 63.96208,
			"RTM_lmp($/MWh)": 27.12563
		},
		"20:00:00": {
			"DAM_lmp($/MWh)": 63.85677,
			"RTM_lmp($/MWh)": 40.0
		},
		"21:00:00": {
			"DAM_lmp($/MWh)": 49.38099,
			"RTM_lmp($/MWh)": 41.2182
		},
		"22:00:00": {
			"DAM_lmp($/MWh)": 40.38721,
			"RTM_lmp($/MWh)": 31.67741
		},
		"23:00:00": {
			"DAM_lmp($/MWh)": 32.02853,
			"RTM_lmp($/MWh)": 33.43773
		}
	},
	"2023-05-23": {
		"00:00:00": {
			"DAM_lmp($/MWh)": 29.93648,
			"RTM_lmp($/MWh)": 28.89521
		},
		"01:00:00": {
			"DAM_lmp($/MWh)": 26.19411,
			"RTM_lmp($/MWh)": 25.26172
		},
		"02:00:00": {
			"DAM_lmp($/MWh)": 24.87108,
			"RTM_lmp($/MWh)": 20.92159
		},
		"03:00:00": {
			"DAM_lmp($/MWh)": 23.02939,
			"RTM_lmp($/MWh)": 23.17561
		},
		"04:00:00": {
			"DAM_lmp($/MWh)": 26.78562,
			"RTM_lmp($/MWh)": 20.42871
		},
		"05:00:00": {
			"DAM_lmp($/MWh)": 34.8263,
			"RTM_lmp($/MWh)": 30.81135
		},
		"06:00:00": {
			"DAM_lmp($/MWh)": 36.12633,
			"RTM_lmp($/MWh)": 72.0
		},
		"07:00:00": {
			"DAM_lmp($/MWh)": 25.43568,
			"RTM_lmp($/MWh)": 18.0208
		},
		"08:00:00": {
			"DAM_lmp($/MWh)": 12.70459,
			"RTM_lmp($/MWh)": 12.8688
		},
		"09:00:00": {
			"DAM_lmp($/MWh)": 10.27013,
			"RTM_lmp($/MWh)": 12.94
		},
		"10:00:00": {
			"DAM_lmp($/MWh)": 7.39133,
			"RTM_lmp($/MWh)": 15.4
		},
		"11:00:00": {
			"DAM_lmp($/MWh)": 5.54416,
			"RTM_lmp($/MWh)": 14.7764
		},
		"12:00:00": {
			"DAM_lmp($/MWh)": 3.83712,
			"RTM_lmp($/MWh)": 15.24386
		},
		"13:00:00": {
			"DAM_lmp($/MWh)": 3.58658,
			"RTM_lmp($/MWh)": 15.59694
		},
		"14:00:00": {
			"DAM_lmp($/MWh)": 4.66246,
			"RTM_lmp($/MWh)": 9.9976
		},
		"15:00:00": {
			"DAM_lmp($/MWh)": 7.52369,
			"RTM_lmp($/MWh)": 4.9988
		},
		"16:00:00": {
			"DAM_lmp($/MWh)": 11.6896,
			"RTM_lmp($/MWh)": 4.95
		},
		"17:00:00": {
			"DAM_lmp($/MWh)": 24.5051,
			"RTM_lmp($/MWh)": 0.0
		},
		"18:00:00": {
			"DAM_lmp($/MWh)": 43.34431,
			"RTM_lmp($/MWh)": 14.28307
		},
		"19:00:00": {
			"DAM_lmp($/MWh)": 63.96208,
			"RTM_lmp($/MWh)": 27.12563
		},
		"20:00:00": {
			"DAM_lmp($/MWh)": 63.85677,
			"RTM_lmp($/MWh)": 40.0
		},
		"21:00:00": {
			"DAM_lmp($/MWh)": 49.38099,
			"RTM_lmp($/MWh)": 41.2182
		},
		"22:00:00": {
			"DAM_lmp($/MWh)": 40.38721,
			"RTM_lmp($/MWh)": 31.67741
		},
		"23:00:00": {
			"DAM_lmp($/MWh)": 32.02853,
			"RTM_lmp($/MWh)": 33.43773
		}
	}
}