{
	"2023-05-22": {
		"00:00:00": {
			"DAM_lmp($/MWh)": -1.6289,
			"RTM_lmp($/MWh)": 27.57766
		},
		"01:00:00": {
			"DAM_lmp($/MWh)": -3.08946,
			"RTM_lmp($/MWh)": 23.54085
		},
		"02:00:00": {
			"DAM_lmp($/MWh)": -8.83625,
			"RTM_lmp($/MWh)": 19.74754
		},
		"03:00:00": {
			"DAM_lmp($/MWh)": -10.30222,
			"RTM_lmp($/MWh)": 6.90375
		},
		"04:00:00": {
			"DAM_lmp($/MWh)": 5.34587,
			"RTM_lmp($/MWh)": 1.89663
		},
		"05:00:00": {
			"DAM_lmp($/MWh)": 26.62214,
			"RTM_lmp($/MWh)": 18.76137
		},
		"06:00:00": {
			"DAM_lmp($/MWh)": 28.22794,
			"RTM_lmp($/MWh)": 72.0
		},
		"07:00:00": {
			"DAM_lmp($/MWh)": 26.18104,
			"RTM_lmp($/MWh)": 18.0208
		},
		"08:00:00": {
			"DAM_lmp($/MWh)": 16.11656,
			"RTM_lmp($/MWh)": 12.8688
		},
		"09:00:00": {
			"DAM_lmp($/MWh)": 13.77369,
			"RTM_lmp($/MWh)": 12.94
		},
		"10:00:00": {
			"DAM_lmp($/MWh)": 9.93225,
			"RTM_lmp($/MWh)": 15.4
		},
		"11:00:00": {
			"DAM_lmp($/MWh)": 7.74894,
			"RTM_lmp($/MWh)": 14.7764
		},
		"12:00:00": {
			"DAM_lmp($/MWh)": 6.29751,
			"RTM_lmp($/MWh)": 15.58108
		},
		"13:00:00": {
			"DAM_lmp($/MWh)": 6.08702,
			"RTM_lmp($/MWh)": 16.00346
		},
		"14:00:00": {
			"DAM_lmp($/MWh)": 7.30534,
			"RTM_lmp($/MWh)": 9.9976
		},
		"15:00:00": {
			"DAM_lmp($/MWh)": 10.69564,
			"RTM_lmp($/MWh)": 4.9988
		},
		"16:00:00": {
			"DAM_lmp($/MWh)": 14.43741,
			"RTM_lmp($/MWh)": 4.95
		},
		"17:00:00": {
			"DAM_lmp($/MWh)": 25.60799,
			"RTM_lmp($/MWh)": 0.0
		},
		"18:00:00": {
			"DAM_lmp($/MWh)": 41.39118,
			"RTM_lmp($/MWh)": 14.28307
		},
		"19:00:00": {
			"DAM_lmp($/MWh)": 70.01185,
			"RTM_lmp($/MWh)": 28.70443
		},
		"20:00:00": {
			"DAM_lmp($/MWh)": 53.30751,
			"RTM_lmp($/MWh)": 40.0
		},
		"21:00:00": {
			"DAM_lmp($/MWh)": 39.8541,
			"RTM_lmp($/MWh)": 45.38911
		},
		"22:00:00": {
			"DAM_lmp($/MWh)": 19.04865,
			"RTM_lmp($/MWh)": 32.87116
		},
		"23:00:00": {
			"DAM_lmp($/MWh)": 13.6508,
			"RTM_lmp($/MWh)": 32.68034
		}
	},
	"2023-05-23": {
		"00:00:00": {
			"DAM_lmp($/MWh)": -1.6289,
			"RTM_lmp($/MWh)": 27.57766
		},
		"01:00:00": {
			"DAM_lmp($/MWh)": -3.08946,
			"RTM_lmp($/MWh)": 23.54085
		},
		"02:00:00": {
			"DAM_lmp($/MWh)": -8.83625,
			"RTM_lmp($/MWh)": 19.74754
		},
		"03:00:00": {
			"DAM_lmp($/MWh)": -10.30222,
			"RTM_lmp($/MWh)": 6.90375
		},
		"04:00:00": {
			"DAM_lmp($/MWh)": 5.34587,
			"RTM_lmp($/MWh)": 1.89663
		},
		"05:00:00": {
			"DAM_lmp($/MWh)": 26.62214,
			"RTM_lmp($/MWh)": 18.76137
		},
		"06:00:00": {
			"DAM_lmp($/MWh)": 28.22794,
			"RTM_lmp($/MWh)": 72.0
		},
		"07:00:00": {
			"DAM_lmp($/MWh)": 26.18104,
			"RTM_lmp($/MWh)": 18.0208
		},
		"08:00:00": {
			"DAM_lmp($/MWh)": 16.11656,
			"RTM_lmp($/MWh)": 12.8688
		},
		"09:00:00": {
			"DAM_lmp($/MWh)": 13.77369,
			"RTM_lmp($/MWh)": 12.94
		},
		"10:00:00": {
			"DAM_lmp($/MWh)": 9.93225,
			"RTM_lmp($/MWh)": 15.4
		},
		"11:00:00": {
			"DAM_lmp($/MWh)": 7.74894,
			"RTM_lmp($/MWh)": 14.7764
		},
		"12:00:00": {
			"DAM_lmp($/MWh)": 6.29751,
			"RTM_lmp($/MWh)": 15.58108
		},
		"13:00:00": {
			"DAM_lmp($/MWh)": 6.08702,
			"RTM_lmp($/MWh)": 16.00346
		},
		"14:00:00": {
			"DAM_lmp($/MWh)": 7.30534,
			"RTM_lmp($/MWh)": 9.9976
		},
		"15:00:00": {
			"DAM_lmp($/MWh)": 10.69564,
			"RTM_lmp($/MWh)": 4.9988
		},
		"16:00:00": {
			"DAM_lmp($/MWh)": 14.43741,
			"RTM_lmp($/MWh)": 4.95
		},
		"17:00:00": {
			"DAM_lmp($/MWh)": 25.60799,
			"RTM_lmp($/MWh)": 0.0
		},
		"18:00:00": {
			"DAM_lmp($/MWh)": 41.39118,
			"RTM_lmp($/MWh)": 14.28307
		},
		"19:00:00": {
			"DAM_lmp($/MWh)": 70.01185,
			"RTM_lmp($/MWh)": 28.70443
		},
		"20:00:00": {
			"DAM_lmp($/MWh)": 53.30751,
			"RTM_lmp($/MWh)": 40.0
		},
		"21:00:00": {
			"DAM_lmp($/MWh)": 39.8541,
			"RTM_lmp($/MWh)": 45.38911
		},
		"22:00:00": {
			"DAM_lmp($/MWh)": 19.04865,
			"RTM_lmp($/MWh)": 32.87116
		},
		"23:00:00": {
			"DAM_lmp($/MWh)": 13.6508,
			"RTM_lmp($/MWh)": 32.68034
		}
	}
}