{
	"2023-05-22": {
		"00:00:00": {
			"DAM_lmp($/MWh)": 21.99377,
			"RTM_lmp($/MWh)": 23.053
		},
		"01:00:00": {
			"DAM_lmp($/MWh)": 18.5639,
			"RTM_lmp($/MWh)": 19.89636
		},
		"02:00:00": {
			"DAM_lmp($/MWh)": 16.4873,
			"RTM_lmp($/MWh)": 16.55788
		},
		"03:00:00": {
			"DAM_lmp($/MWh)": 14.37588,
			"RTM_lmp($/MWh)": 6.00276
		},
		"04:00:00": {
			"DAM_lmp($/MWh)": 18.07102,
			"RTM_lmp($/MWh)": 1.91508
		},
		"05:00:00": {
			"DAM_lmp($/MWh)": 27.23272,
			"RTM_lmp($/MWh)": 30.81135
		},
		"06:00:00": {
			"DAM_lmp($/MWh)": 27.58938,
			"RTM_lmp($/MWh)": 72.0
		},
		"07:00:00": {
			"DAM_lmp($/MWh)": 23.2798,
			"RTM_lmp($/MWh)": 18.0208
		},
		"08:00:00": {
			"DAM_lmp($/MWh)": 11.74866,
			"RTM_lmp($/MWh)": 12.8688
		},
		"09:00:00": {
			"DAM_lmp($/MWh)": 9.56213,
			"RTM_lmp($/MWh)": 12.94
		},
		"10:00:00": {
			"DAM_lmp($/MWh)": 6.83558,
			"RTM_lmp($/MWh)": 15.4
		},
		"11:00:00": {
			"DAM_lmp($/MWh)": 5.10872,
			"RTM_lmp($/MWh)": 14.7764
		},
		"12:00:00": {
			"DAM_lmp($/MWh)": 3.56198,
			"RTM_lmp($/MWh)": 13.48235
		},
		"13:00:00": {
			"DAM_lmp($/MWh)": 3.40597,
			"RTM_lmp($/MWh)": 13.73856
		},
		"14:00:00": {
			"DAM_lmp($/MWh)": 4.38882,
			"RTM_lmp($/MWh)": 9.9976
		},
		"15:00:00": {
			"DAM_lmp($/MWh)": 7.04546,
			"RTM_lmp($/MWh)": 4.9988
		},
		"16:00:00": {
			"DAM_lmp($/MWh)": 10.84921,
			"RTM_lmp($/MWh)": 4.95
		},
		"17:00:00": {
			"DAM_lmp($/MWh)": 22.07525,
			"RTM_lmp($/MWh)": 0.0
		},
		"18:00:00": {
			"DAM_lmp($/MWh)": 37.06864,
			"RTM_lmp($/MWh)": 11.68407
		},
		"19:00:00": {
			"DAM_lmp($/MWh)": 53.00249,
			"RTM_lmp($/MWh)": 22.27371
		},
		"20:00:00": {
			"DAM_lmp($/MWh)": 54.53193,
			"RTM_lmp($/MWh)": 40.0
		},
		"21:00:00": {
			"DAM_lmp($/MWh)": 41.56143,
			"RTM_lmp($/MWh)": 33.60229
		},
		"22:00:00": {
			"DAM_lmp($/MWh)": 31.71797,
			"RTM_lmp($/MWh)": 25.7564
		},
		"23:00:00": {
			"DAM_lmp($/MWh)": 23.90592,
			"RTM_lmp($/MWh)": 27.58795
		}
	},
	"2023-05-23": {
		"00:00:00": {
			"DAM_lmp($/MWh)": 21.99377,
			"RTM_lmp($/MWh)": 23.053
		},
		"01:00:00": {
			"DAM_lmp($/MWh)": 18.5639,
			"RTM_lmp($/MWh)": 19.89636
		},
		"02:00:00": {
			"DAM_lmp($/MWh)": 16.4873,
			"RTM_lmp($/MWh)": 16.55788
		},
		"03:00:00": {
			"DAM_lmp($/MWh)": 14.37588,
			"RTM_lmp($/MWh)": 6.00276
		},
		"04:00:00": {
			"DAM_lmp($/MWh)": 18.07102,
			"RTM_lmp($/MWh)": 1.91508
		},
		"05:00:00": {
			"DAM_lmp($/MWh)": 27.23272,
			"RTM_lmp($/MWh)": 30.81135
		},
		"06:00:00": {
			"DAM_lmp($/MWh)": 27.58938,
			"RTM_lmp($/MWh)": 72.0
		},
		"07:00:00": {
			"DAM_lmp($/MWh)": 23.2798,
			"RTM_lmp($/MWh)": 18.0208
		},
		"08:00:00": {
			"DAM_lmp($/MWh)": 11.74866,
			"RTM_lmp($/MWh)": 12.8688
		},
		"09:00:00": {
			"DAM_lmp($/MWh)": 9.56213,
			"RTM_lmp($/MWh)": 12.94
		},
		"10:00:00": {
			"DAM_lmp($/MWh)": 6.83558,
			"RTM_lmp($/MWh)": 15.4
		},
		"11:00:00": {
			"DAM_lmp($/MWh)": 5.10872,
			"RTM_lmp($/MWh)": 14.7764
		},
		"12:00:00": {
			"DAM_lmp($/MWh)": 3.56198,
			"RTM_lmp($/MWh)": 13.48235
		},
		"13:00:00": {
			"DAM_lmp($/MWh)": 3.40597,
			"RTM_lmp($/MWh)": 13.73856
		},
		"14:00:00": {
			"DAM_lmp($/MWh)": 4.38882,
			"RTM_lmp($/MWh)": 9.9976
		},
		"15:00:00": {
			"DAM_lmp($/MWh)": 7.04546,
			"RTM_lmp($/MWh)": 4.9988
		},
		"16:00:00": {
			"DAM_lmp($/MWh)": 10.84921,
			"RTM_lmp($/MWh)": 4.95
		},
		"17:00:00": {
			"DAM_lmp($/MWh)": 22.07525,
			"RTM_lmp($/MWh)": 0.0
		},
		"18:00:00": {
			"DAM_lmp($/MWh)": 37.06864,
			"RTM_lmp($/MWh)": 11.68407
		},
		"19:00:00": {
			"DAM_lmp($/MWh)": 53.00249,
			"RTM_lmp($/MWh)": 22.27371
		},
		"20:00:00": {
			"DAM_lmp($/MWh)": 54.53193,
			"RTM_lmp($/MWh)": 40.0
		},
		"21:00:00": {
			"DAM_lmp($/MWh)": 41.56143,
			"RTM_lmp($/MWh)": 33.60229
		},
		"22:00:00": {
			"DAM_lmp($/MWh)": 31.71797,
			"RTM_lmp($/MWh)": 25.7564
		},
		"23:00:00": {
			"DAM_lmp($/MWh)": 23.90592,
			"RTM_lmp($/MWh)": 27.58795
		}
	}
}