{
	"2023-05-22": {
		"00:00:00": {
			"DAM_lmp($/MWh)": 57.99812,
			"RTM_lmp($/MWh)": 27.64026
		},
		"01:00:00": {
			"DAM_lmp($/MWh)": 57.43419,
			"RTM_lmp($/MWh)": 23.76338
		},
		"02:00:00": {
			"DAM_lmp($/MWh)": 63.56486,
			"RTM_lmp($/MWh)": 19.87479
		},
		"03:00:00": {
			"DAM_lmp($/MWh)": 65.3775,
			"RTM_lmp($/MWh)": 6.24185
		},
		"04:00:00": {
			"DAM_lmp($/MWh)": 63.2065,
			"RTM_lmp($/MWh)": 1.46484
		},
		"05:00:00": {
			"DAM_lmp($/MWh)": 50.37161,
			"RTM_lmp($/MWh)": 30.81135
		},
		"06:00:00": {
			"DAM_lmp($/MWh)": 66.65677,
			"RTM_lmp($/MWh)": 72.0
		},
		"07:00:00": {
			"DAM_lmp($/MWh)": 26.12928,
			"RTM_lmp($/MWh)": 18.0208
		},
		"08:00:00": {
			"DAM_lmp($/MWh)": 7.38219,
			"RTM_lmp($/MWh)": 12.8688
		},
		"09:00:00": {
			"DAM_lmp($/MWh)": 3.97549,
			"RTM_lmp($/MWh)": 12.94
		},
		"10:00:00": {
			"DAM_lmp($/MWh)": 3.25077,
			"RTM_lmp($/MWh)": 15.4
		},
		"11:00:00": {
			"DAM_lmp($/MWh)": 2.13203,
			"RTM_lmp($/MWh)": 3.39846
		},
		"12:00:00": {
			"DAM_lmp($/MWh)": -0.12036,
			"RTM_lmp($/MWh)": 14.71726
		},
		"13:00:00": {
			"DAM_lmp($/MWh)": -0.85167,
			"RTM_lmp($/MWh)": 14.91888
		},
		"14:00:00": {
			"DAM_lmp($/MWh)": 0.27976,
			"RTM_lmp($/MWh)": 9.9976
		},
		"15:00:00": {
			"DAM_lmp($/MWh)": 3.42754,
			"RTM_lmp($/MWh)": 4.9988
		},
		"16:00:00": {
			"DAM_lmp($/MWh)": 8.6221,
			"RTM_lmp($/MWh)": 4.95
		},
		"17:00:00": {
			"DAM_lmp($/MWh)": 24.56236,
			"RTM_lmp($/MWh)": 0.0
		},
		"18:00:00": {
			"DAM_lmp($/MWh)": 44.75113,
			"RTM_lmp($/MWh)": 13.28774
		},
		"19:00:00": {
			"DAM_lmp($/MWh)": 63.74232,
			"RTM_lmp($/MWh)": 26.39399
		},
		"20:00:00": {
			"DAM_lmp($/MWh)": 63.45544,
			"RTM_lmp($/MWh)": 40.0
		},
		"21:00:00": {
			"DAM_lmp($/MWh)": 50.66893,
			"RTM_lmp($/MWh)": 41.87279
		},
		"22:00:00": {
			"DAM_lmp($/MWh)": 51.98856,
			"RTM_lmp($/MWh)": 31.64239
		},
		"23:00:00": {
			"DAM_lmp($/MWh)": 55.56035,
			"RTM_lmp($/MWh)": 32.8564
		}
	},
	"2023-05-23": {
		"00:00:00": {
			"DAM_lmp($/MWh)": 57.99812,
			"RTM_lmp($/MWh)": 27.64026
		},
		"01:00:00": {
			"DAM_lmp($/MWh)": 57.43419,
			"RTM_lmp($/MWh)": 23.76338
		},
		"02:00:00": {
			"DAM_lmp($/MWh)": 63.56486,
			"RTM_lmp($/MWh)": 19.87479
		},
		"03:00:00": {
			"DAM_lmp($/MWh)": 65.3775,
			"RTM_lmp($/MWh)": 6.24185
		},
		"04:00:00": {
			"DAM_lmp($/MWh)": 63.2065,
			"RTM_lmp($/MWh)": 1.46484
		},
		"05:00:00": {
			"DAM_lmp($/MWh)": 50.37161,
			"RTM_lmp($/MWh)": 30.81135
		},
		"06:00:00": {
			"DAM_lmp($/MWh)": 66.65677,
			"RTM_lmp($/MWh)": 72.0
		},
		"07:00:00": {
			"DAM_lmp($/MWh)": 26.12928,
			"RTM_lmp($/MWh)": 18.0208
		},
		"08:00:00": {
			"DAM_lmp($/MWh)": 7.38219,
			"RTM_lmp($/MWh)": 12.8688
		},
		"09:00:00": {
			"DAM_lmp($/MWh)": 3.97549,
			"RTM_lmp($/MWh)": 12.94
		},
		"10:00:00": {
			"DAM_lmp($/MWh)": 3.25077,
			"RTM_lmp($/MWh)": 15.4
		},
		"11:00:00": {
			"DAM_lmp($/MWh)": 2.13203,
			"RTM_lmp($/MWh)": 3.39846
		},
		"12:00:00": {
			"DAM_lmp($/MWh)": -0.12036,
			"RTM_lmp($/MWh)": 14.71726
		},
		"13:00:00": {
			"DAM_lmp($/MWh)": -0.85167,
			"RTM_lmp($/MWh)": 14.91888
		},
		"14:00:00": {
			"DAM_lmp($/MWh)": 0.27976,
			"RTM_lmp($/MWh)": 9.9976
		},
		"15:00:00": {
			"DAM_lmp($/MWh)": 3.42754,
			"RTM_lmp($/MWh)": 4.9988
		},
		"16:00:00": {
			"DAM_lmp($/MWh)": 8.6221,
			"RTM_lmp($/MWh)": 4.95
		},
		"17:00:00": {
			"DAM_lmp($/MWh)": 24.56236,
			"RTM_lmp($/MWh)": 0.0
		},
		"18:00:00": {
			"DAM_lmp($/MWh)": 44.75113,
			"RTM_lmp($/MWh)": 13.28774
		},
		"19:00:00": {
			"DAM_lmp($/MWh)": 63.74232,
			"RTM_lmp($/MWh)": 26.39399
		},
		"20:00:00": {
			"DAM_lmp($/MWh)": 63.45544,
			"RTM_lmp($/MWh)": 40.0
		},
		"21:00:00": {
			"DAM_lmp($/MWh)": 50.66893,
			"RTM_lmp($/MWh)": 41.87279
		},
		"22:00:00": {
			"DAM_lmp($/MWh)": 51.98856,
			"RTM_lmp($/MWh)": 31.64239
		},
		"23:00:00": {
			"DAM_lmp($/MWh)": 55.56035,
			"RTM_lmp($/MWh)": 32.8564
		}
	}
}