{
	"2023-05-22": {
		"00:00:00": {
			"DAM_lmp($/MWh)": 26.62721,
			"RTM_lmp($/MWh)": 27.40976
		},
		"01:00:00": {
			"DAM_lmp($/MWh)": 22.84122,
			"RTM_lmp($/MWh)": 23.6892
		},
		"02:00:00": {
			"DAM_lmp($/MWh)": 21.15582,
			"RTM_lmp($/MWh)": 19.6408
		},
		"03:00:00": {
			"DAM_lmp($/MWh)": 19.13032,
			"RTM_lmp($/MWh)": 6.7758
		},
		"04:00:00": {
			"DAM_lmp($/MWh)": 22.86761,
			"RTM_lmp($/MWh)": 1.81417
		},
		"05:00:00": {
			"DAM_lmp($/MWh)": 31.93526,
			"RTM_lmp($/MWh)": 50.32084
		},
		"06:00:00": {
			"DAM_lmp($/MWh)": 32.96465,
			"RTM_lmp($/MWh)": 72.0
		},
		"07:00:00": {
			"DAM_lmp($/MWh)": 25.68931,
			"RTM_lmp($/MWh)": 18.0208
		},
		"08:00:00": {
			"DAM_lmp($/MWh)": 21.78896,
			"RTM_lmp($/MWh)": 12.8688
		},
		"09:00:00": {
			"DAM_lmp($/MWh)": 19.46642,
			"RTM_lmp($/MWh)": 12.94
		},
		"10:00:00": {
			"DAM_lmp($/MWh)": 12.92684,
			"RTM_lmp($/MWh)": 15.4
		},
		"11:00:00": {
			"DAM_lmp($/MWh)": 10.68709,
			"RTM_lmp($/MWh)": 20.25975
		},
		"12:00:00": {
			"DAM_lmp($/MWh)": 8.97501,
			"RTM_lmp($/MWh)": 14.95438
		},
		"13:00:00": {
			"DAM_lmp($/MWh)": 9.0478,
			"RTM_lmp($/MWh)": 15.17786
		},
		"14:00:00": {
			"DAM_lmp($/MWh)": 10.19456,
			"RTM_lmp($/MWh)": 9.9976
		},
		"15:00:00": {
			"DAM_lmp($/MWh)": 13.06458,
			"RTM_lmp($/MWh)": 4.9988
		},
		"16:00:00": {
			"DAM_lmp($/MWh)": 16.60076,
			"RTM_lmp($/MWh)": 4.95
		},
		"17:00:00": {
			"DAM_lmp($/MWh)": 24.78393,
			"RTM_lmp($/MWh)": 0.0
		},
		"18:00:00": {
			"DAM_lmp($/MWh)": 43.61603,
			"RTM_lmp($/MWh)": 13.93463
		},
		"19:00:00": {
			"DAM_lmp($/MWh)": 64.22708,
			"RTM_lmp($/MWh)": 27.23565
		},
		"20:00:00": {
			"DAM_lmp($/MWh)": 64.3293,
			"RTM_lmp($/MWh)": 40.0
		},
		"21:00:00": {
			"DAM_lmp($/MWh)": 49.40595,
			"RTM_lmp($/MWh)": 41.52451
		},
		"22:00:00": {
			"DAM_lmp($/MWh)": 38.81881,
			"RTM_lmp($/MWh)": 31.37499
		},
		"23:00:00": {
			"DAM_lmp($/MWh)": 29.12336,
			"RTM_lmp($/MWh)": 32.39799
		}
	},
	"2023-05-23": {
		"00:00:00": {
			"DAM_lmp($/MWh)": 26.62721,
			"RTM_lmp($/MWh)": 27.40976
		},
		"01:00:00": {
			"DAM_lmp($/MWh)": 22.84122,
			"RTM_lmp($/MWh)": 23.6892
		},
		"02:00:00": {
			"DAM_lmp($/MWh)": 21.15582,
			"RTM_lmp($/MWh)": 19.6408
		},
		"03:00:00": {
			"DAM_lmp($/MWh)": 19.13032,
			"RTM_lmp($/MWh)": 6.7758
		},
		"04:00:00": {
			"DAM_lmp($/MWh)": 22.86761,
			"RTM_lmp($/MWh)": 1.81417
		},
		"05:00:00": {
			"DAM_lmp($/MWh)": 31.93526,
			"RTM_lmp($/MWh)": 50.32084
		},
		"06:00:00": {
			"DAM_lmp($/MWh)": 32.96465,
			"RTM_lmp($/MWh)": 72.0
		},
		"07:00:00": {
			"DAM_lmp($/MWh)": 25.68931,
			"RTM_lmp($/MWh)": 18.0208
		},
		"08:00:00": {
			"DAM_lmp($/MWh)": 21.78896,
			"RTM_lmp($/MWh)": 12.8688
		},
		"09:00:00": {
			"DAM_lmp($/MWh)": 19.46642,
			"RTM_lmp($/MWh)": 12.94
		},
		"10:00:00": {
			"DAM_lmp($/MWh)": 12.92684,
			"RTM_lmp($/MWh)": 15.4
		},
		"11:00:00": {
			"DAM_lmp($/MWh)": 10.68709,
			"RTM_lmp($/MWh)": 20.25975
		},
		"12:00:00": {
			"DAM_lmp($/MWh)": 8.97501,
			"RTM_lmp($/MWh)": 14.95438
		},
		"13:00:00": {
			"DAM_lmp($/MWh)": 9.0478,
			"RTM_lmp($/MWh)": 15.17786
		},
		"14:00:00": {
			"DAM_lmp($/MWh)": 10.19456,
			"RTM_lmp($/MWh)": 9.9976
		},
		"15:00:00": {
			"DAM_lmp($/MWh)": 13.06458,
			"RTM_lmp($/MWh)": 4.9988
		},
		"16:00:00": {
			"DAM_lmp($/MWh)": 16.60076,
			"RTM_lmp($/MWh)": 4.95
		},
		"17:00:00": {
			"DAM_lmp($/MWh)": 24.78393,
			"RTM_lmp($/MWh)": 0.0
		},
		"18:00:00": {
			"DAM_lmp($/MWh)": 43.61603,
			"RTM_lmp($/MWh)": 13.93463
		},
		"19:00:00": {
			"DAM_lmp($/MWh)": 64.22708,
			"RTM_lmp($/MWh)": 27.23565
		},
		"20:00:00": {
			"DAM_lmp($/MWh)": 64.3293,
			"RTM_lmp($/MWh)": 40.0
		},
		"21:00:00": {
			"DAM_lmp($/MWh)": 49.40595,
			"RTM_lmp($/MWh)": 41.52451
		},
		"22:00:00": {
			"DAM_lmp($/MWh)": 38.81881,
			"RTM_lmp($/MWh)": 31.37499
		},
		"23:00:00": {
			"DAM_lmp($/MWh)": 29.12336,
			"RTM_lmp($/MWh)": 32.39799
		}
	}
}