{
	"2023-05-22": {
		"00:00:00": {
			"DAM_lmp($/MWh)": 30.99129,
			"RTM_lmp($/MWh)": 29.26515
		},
		"01:00:00": {
			"DAM_lmp($/MWh)": 27.11216,
			"RTM_lmp($/MWh)": 25.80815
		},
		"02:00:00": {
			"DAM_lmp($/MWh)": 25.75837,
			"RTM_lmp($/MWh)": 21.46141
		},
		"03:00:00": {
			"DAM_lmp($/MWh)": 23.85463,
			"RTM_lmp($/MWh)": 23.39242
		},
		"04:00:00": {
			"DAM_lmp($/MWh)": 27.69418,
			"RTM_lmp($/MWh)": 20.62959
		},
		"05:00:00": {
			"DAM_lmp($/MWh)": 35.92716,
			"RTM_lmp($/MWh)": 30.81135
		},
		"06:00:00": {
			"DAM_lmp($/MWh)": 37.65168,
			"RTM_lmp($/MWh)": 72.0
		},
		"07:00:00": {
			"DAM_lmp($/MWh)": 26.82289,
			"RTM_lmp($/MWh)": 18.0208
		},
		"08:00:00": {
			"DAM_lmp($/MWh)": 20.14576,
			"RTM_lmp($/MWh)": 12.8688
		},
		"09:00:00": {
			"DAM_lmp($/MWh)": 15.19921,
			"RTM_lmp($/MWh)": 12.94
		},
		"10:00:00": {
			"DAM_lmp($/MWh)": 10.07108,
			"RTM_lmp($/MWh)": 15.4
		},
		"11:00:00": {
			"DAM_lmp($/MWh)": 10.54131,
			"RTM_lmp($/MWh)": 14.7764
		},
		"12:00:00": {
			"DAM_lmp($/MWh)": 5.35751,
			"RTM_lmp($/MWh)": 15.99374
		},
		"13:00:00": {
			"DAM_lmp($/MWh)": 4.69463,
			"RTM_lmp($/MWh)": 16.44609
		},
		"14:00:00": {
			"DAM_lmp($/MWh)": 4.84426,
			"RTM_lmp($/MWh)": 9.9976
		},
		"15:00:00": {
			"DAM_lmp($/MWh)": 7.84534,
			"RTM_lmp($/MWh)": 4.9988
		},
		"16:00:00": {
			"DAM_lmp($/MWh)": 12.22471,
			"RTM_lmp($/MWh)": 4.95
		},
		"17:00:00": {
			"DAM_lmp($/MWh)": 25.50343,
			"RTM_lmp($/MWh)": 0.0
		},
		"18:00:00": {
			"DAM_lmp($/MWh)": 44.31287,
			"RTM_lmp($/MWh)": 14.85285
		},
		"19:00:00": {
			"DAM_lmp($/MWh)": 64.97684,
			"RTM_lmp($/MWh)": 27.7995
		},
		"20:00:00": {
			"DAM_lmp($/MWh)": 64.44582,
			"RTM_lmp($/MWh)": 40.0
		},
		"21:00:00": {
			"DAM_lmp($/MWh)": 50.39437,
			"RTM_lmp($/MWh)": 41.9651
		},
		"22:00:00": {
			"DAM_lmp($/MWh)": 40.98417,
			"RTM_lmp($/MWh)": 32.02121
		},
		"23:00:00": {
			"DAM_lmp($/MWh)": 32.82409,
			"RTM_lmp($/MWh)": 33.8895
		}
	},
	"2023-05-23": {
		"00:00:00": {
			"DAM_lmp($/MWh)": 30.99129,
			"RTM_lmp($/MWh)": 29.26515
		},
		"01:00:00": {
			"DAM_lmp($/MWh)": 27.11216,
			"RTM_lmp($/MWh)": 25.80815
		},
		"02:00:00": {
			"DAM_lmp($/MWh)": 25.75837,
			"RTM_lmp($/MWh)": 21.46141
		},
		"03:00:00": {
			"DAM_lmp($/MWh)": 23.85463,
			"RTM_lmp($/MWh)": 23.39242
		},
		"04:00:00": {
			"DAM_lmp($/MWh)": 27.69418,
			"RTM_lmp($/MWh)": 20.62959
		},
		"05:00:00": {
			"DAM_lmp($/MWh)": 35.92716,
			"RTM_lmp($/MWh)": 30.81135
		},
		"06:00:00": {
			"DAM_lmp($/MWh)": 37.65168,
			"RTM_lmp($/MWh)": 72.0
		},
		"07:00:00": {
			"DAM_lmp($/MWh)": 26.82289,
			"RTM_lmp($/MWh)": 18.0208
		},
		"08:00:00": {
			"DAM_lmp($/MWh)": 20.14576,
			"RTM_lmp($/MWh)": 12.8688
		},
		"09:00:00": {
			"DAM_lmp($/MWh)": 15.19921,
			"RTM_lmp($/MWh)": 12.94
		},
		"10:00:00": {
			"DAM_lmp($/MWh)": 10.07108,
			"RTM_lmp($/MWh)": 15.4
		},
		"11:00:00": {
			"DAM_lmp($/MWh)": 10.54131,
			"RTM_lmp($/MWh)": 14.7764
		},
		"12:00:00": {
			"DAM_lmp($/MWh)": 5.35751,
			"RTM_lmp($/MWh)": 15.99374
		},
		"13:00:00": {
			"DAM_lmp($/MWh)": 4.69463,
			"RTM_lmp($/MWh)": 16.44609
		},
		"14:00:00": {
			"DAM_lmp($/MWh)": 4.84426,
			"RTM_lmp($/MWh)": 9.9976
		},
		"15:00:00": {
			"DAM_lmp($/MWh)": 7.84534,
			"RTM_lmp($/MWh)": 4.9988
		},
		"16:00:00": {
			"DAM_lmp($/MWh)": 12.22471,
			"RTM_lmp($/MWh)": 4.95
		},
		"17:00:00": {
			"DAM_lmp($/MWh)": 25.50343,
			"RTM_lmp($/MWh)": 0.0
		},
		"18:00:00": {
			"DAM_lmp($/MWh)": 44.31287,
			"RTM_lmp($/MWh)": 14.85285
		},
		"19:00:00": {
			"DAM_lmp($/MWh)": 64.97684,
			"RTM_lmp($/MWh)": 27.7995
		},
		"20:00:00": {
			"DAM_lmp($/MWh)": 64.44582,
			"RTM_lmp($/MWh)": 40.0
		},
		"21:00:00": {
			"DAM_lmp($/MWh)": 50.39437,
			"RTM_lmp($/MWh)": 41.9651
		},
		"22:00:00": {
			"DAM_lmp($/MWh)": 40.98417,
			"RTM_lmp($/MWh)": 32.02121
		},
		"23:00:00": {
			"DAM_lmp($/MWh)": 32.82409,
			"RTM_lmp($/MWh)": 33.8895
		}
	}
}