{
	"2023-05-22": {
		"00:00:00": {
			"DAM_lmp($/MWh)": 29.97785,
			"RTM_lmp($/MWh)": 28.98343
		},
		"01:00:00": {
			"DAM_lmp($/MWh)": 26.2148,
			"RTM_lmp($/MWh)": 25.33837
		},
		"02:00:00": {
			"DAM_lmp($/MWh)": 24.91041,
			"RTM_lmp($/MWh)": 20.98933
		},
		"03:00:00": {
			"DAM_lmp($/MWh)": 23.07259,
			"RTM_lmp($/MWh)": 23.37426
		},
		"04:00:00": {
			"DAM_lmp($/MWh)": 26.84355,
			"RTM_lmp($/MWh)": 20.59208
		},
		"05:00:00": {
			"DAM_lmp($/MWh)": 34.87774,
			"RTM_lmp($/MWh)": 30.81135
		},
		"06:00:00": {
			"DAM_lmp($/MWh)": 36.25944,
			"RTM_lmp($/MWh)": 72.0
		},
		"07:00:00": {
			"DAM_lmp($/MWh)": 25.58837,
			"RTM_lmp($/MWh)": 18.0208
		},
		"08:00:00": {
			"DAM_lmp($/MWh)": 13.39598,
			"RTM_lmp($/MWh)": 12.8688
		},
		"09:00:00": {
			"DAM_lmp($/MWh)": 10.73655,
			"RTM_lmp($/MWh)": 12.94
		},
		"10:00:00": {
			"DAM_lmp($/MWh)": 7.64729,
			"RTM_lmp($/MWh)": 15.4
		},
		"11:00:00": {
			"DAM_lmp($/MWh)": 6.00307,
			"RTM_lmp($/MWh)": 14.7764
		},
		"12:00:00": {
			"DAM_lmp($/MWh)": 3.97431,
			"RTM_lmp($/MWh)": 15.36551
		},
		"13:00:00": {
			"DAM_lmp($/MWh)": 3.61448,
			"RTM_lmp($/MWh)": 15.7178
		},
		"14:00:00": {
			"DAM_lmp($/MWh)": 4.69673,
			"RTM_lmp($/MWh)": 9.9976
		},
		"15:00:00": {
			"DAM_lmp($/MWh)": 7.59234,
			"RTM_lmp($/MWh)": 4.9988
		},
		"16:00:00": {
			"DAM_lmp($/MWh)": 11.80238,
			"RTM_lmp($/MWh)": 4.95
		},
		"17:00:00": {
			"DAM_lmp($/MWh)": 24.70924,
			"RTM_lmp($/MWh)": 0.0
		},
		"18:00:00": {
			"DAM_lmp($/MWh)": 43.66862,
			"RTM_lmp($/MWh)": 14.35304
		},
		"19:00:00": {
			"DAM_lmp($/MWh)": 64.53086,
			"RTM_lmp($/MWh)": 27.33467
		},
		"20:00:00": {
			"DAM_lmp($/MWh)": 64.47171,
			"RTM_lmp($/MWh)": 40.0
		},
		"21:00:00": {
			"DAM_lmp($/MWh)": 49.84026,
			"RTM_lmp($/MWh)": 41.6462
		},
		"22:00:00": {
			"DAM_lmp($/MWh)": 40.55662,
			"RTM_lmp($/MWh)": 31.85249
		},
		"23:00:00": {
			"DAM_lmp($/MWh)": 32.09509,
			"RTM_lmp($/MWh)": 33.55067
		}
	},
	"2023-05-23": {
		"00:00:00": {
			"DAM_lmp($/MWh)": 29.97785,
			"RTM_lmp($/MWh)": 28.98343
		},
		"01:00:00": {
			"DAM_lmp($/MWh)": 26.2148,
			"RTM_lmp($/MWh)": 25.33837
		},
		"02:00:00": {
			"DAM_lmp($/MWh)": 24.91041,
			"RTM_lmp($/MWh)": 20.98933
		},
		"03:00:00": {
			"DAM_lmp($/MWh)": 23.07259,
			"RTM_lmp($/MWh)": 23.37426
		},
		"04:00:00": {
			"DAM_lmp($/MWh)": 26.84355,
			"RTM_lmp($/MWh)": 20.59208
		},
		"05:00:00": {
			"DAM_lmp($/MWh)": 34.87774,
			"RTM_lmp($/MWh)": 30.81135
		},
		"06:00:00": {
			"DAM_lmp($/MWh)": 36.25944,
			"RTM_lmp($/MWh)": 72.0
		},
		"07:00:00": {
			"DAM_lmp($/MWh)": 25.58837,
			"RTM_lmp($/MWh)": 18.0208
		},
		"08:00:00": {
			"DAM_lmp($/MWh)": 13.39598,
			"RTM_lmp($/MWh)": 12.8688
		},
		"09:00:00": {
			"DAM_lmp($/MWh)": 10.73655,
			"RTM_lmp($/MWh)": 12.94
		},
		"10:00:00": {
			"DAM_lmp($/MWh)": 7.64729,
			"RTM_lmp($/MWh)": 15.4
		},
		"11:00:00": {
			"DAM_lmp($/MWh)": 6.00307,
			"RTM_lmp($/MWh)": 14.7764
		},
		"12:00:00": {
			"DAM_lmp($/MWh)": 3.97431,
			"RTM_lmp($/MWh)": 15.36551
		},
		"13:00:00": {
			"DAM_lmp($/MWh)": 3.61448,
			"RTM_lmp($/MWh)": 15.7178
		},
		"14:00:00": {
			"DAM_lmp($/MWh)": 4.69673,
			"RTM_lmp($/MWh)": 9.9976
		},
		"15:00:00": {
			"DAM_lmp($/MWh)": 7.59234,
			"RTM_lmp($/MWh)": 4.9988
		},
		"16:00:00": {
			"DAM_lmp($/MWh)": 11.80238,
			"RTM_lmp($/MWh)": 4.95
		},
		"17:00:00": {
			"DAM_lmp($/MWh)": 24.70924,
			"RTM_lmp($/MWh)": 0.0
		},
		"18:00:00": {
			"DAM_lmp($/MWh)": 43.66862,
			"RTM_lmp($/MWh)": 14.35304
		},
		"19:00:00": {
			"DAM_lmp($/MWh)": 64.53086,
			"RTM_lmp($/MWh)": 27.33467
		},
		"20:00:00": {
			"DAM_lmp($/MWh)": 64.47171,
			"RTM_lmp($/MWh)": 40.0
		},
		"21:00:00": {
			"DAM_lmp($/MWh)": 49.84026,
			"RTM_lmp($/MWh)": 41.6462
		},
		"22:00:00": {
			"DAM_lmp($/MWh)": 40.55662,
			"RTM_lmp($/MWh)": 31.85249
		},
		"23:00:00": {
			"DAM_lmp($/MWh)": 32.09509,
			"RTM_lmp($/MWh)": 33.55067
		}
	}
}