{
	"2023-05-22": {
		"00:00:00": {
			"DAM_lmp($/MWh)": 31.18039,
			"RTM_lmp($/MWh)": 29.48427
		},
		"01:00:00": {
			"DAM_lmp($/MWh)": 27.28284,
			"RTM_lmp($/MWh)": 25.96887
		},
		"02:00:00": {
			"DAM_lmp($/MWh)": 25.90093,
			"RTM_lmp($/MWh)": 21.59278
		},
		"03:00:00": {
			"DAM_lmp($/MWh)": 23.96603,
			"RTM_lmp($/MWh)": 23.47492
		},
		"04:00:00": {
			"DAM_lmp($/MWh)": 27.81269,
			"RTM_lmp($/MWh)": 20.68379
		},
		"05:00:00": {
			"DAM_lmp($/MWh)": 36.12607,
			"RTM_lmp($/MWh)": 30.81135
		},
		"06:00:00": {
			"DAM_lmp($/MWh)": 37.95027,
			"RTM_lmp($/MWh)": 72.0
		},
		"07:00:00": {
			"DAM_lmp($/MWh)": 27.05582,
			"RTM_lmp($/MWh)": 18.0208
		},
		"08:00:00": {
			"DAM_lmp($/MWh)": 20.39129,
			"RTM_lmp($/MWh)": 12.8688
		},
		"09:00:00": {
			"DAM_lmp($/MWh)": 18.08378,
			"RTM_lmp($/MWh)": 12.94
		},
		"10:00:00": {
			"DAM_lmp($/MWh)": 12.88172,
			"RTM_lmp($/MWh)": 15.4
		},
		"11:00:00": {
			"DAM_lmp($/MWh)": 10.75662,
			"RTM_lmp($/MWh)": 14.7764
		},
		"12:00:00": {
			"DAM_lmp($/MWh)": 5.71242,
			"RTM_lmp($/MWh)": 16.00144
		},
		"13:00:00": {
			"DAM_lmp($/MWh)": 5.03411,
			"RTM_lmp($/MWh)": 16.44295
		},
		"14:00:00": {
			"DAM_lmp($/MWh)": 4.83664,
			"RTM_lmp($/MWh)": 9.9976
		},
		"15:00:00": {
			"DAM_lmp($/MWh)": 7.8438,
			"RTM_lmp($/MWh)": 4.9988
		},
		"16:00:00": {
			"DAM_lmp($/MWh)": 12.24511,
			"RTM_lmp($/MWh)": 4.95
		},
		"17:00:00": {
			"DAM_lmp($/MWh)": 25.61048,
			"RTM_lmp($/MWh)": 0.0
		},
		"18:00:00": {
			"DAM_lmp($/MWh)": 44.5583,
			"RTM_lmp($/MWh)": 14.93424
		},
		"19:00:00": {
			"DAM_lmp($/MWh)": 65.59733,
			"RTM_lmp($/MWh)": 27.96179
		},
		"20:00:00": {
			"DAM_lmp($/MWh)": 65.02839,
			"RTM_lmp($/MWh)": 40.0
		},
		"21:00:00": {
			"DAM_lmp($/MWh)": 50.81869,
			"RTM_lmp($/MWh)": 42.36793
		},
		"22:00:00": {
			"DAM_lmp($/MWh)": 41.31895,
			"RTM_lmp($/MWh)": 32.30453
		},
		"23:00:00": {
			"DAM_lmp($/MWh)": 33.0206,
			"RTM_lmp($/MWh)": 34.15192
		}
	},
	"2023-05-23": {
		"00:00:00": {
			"DAM_lmp($/MWh)": 31.18039,
			"RTM_lmp($/MWh)": 29.48427
		},
		"01:00:00": {
			"DAM_lmp($/MWh)": 27.28284,
			"RTM_lmp($/MWh)": 25.96887
		},
		"02:00:00": {
			"DAM_lmp($/MWh)": 25.90093,
			"RTM_lmp($/MWh)": 21.59278
		},
		"03:00:00": {
			"DAM_lmp($/MWh)": 23.96603,
			"RTM_lmp($/MWh)": 23.47492
		},
		"04:00:00": {
			"DAM_lmp($/MWh)": 27.81269,
			"RTM_lmp($/MWh)": 20.68379
		},
		"05:00:00": {
			"DAM_lmp($/MWh)": 36.12607,
			"RTM_lmp($/MWh)": 30.81135
		},
		"06:00:00": {
			"DAM_lmp($/MWh)": 37.95027,
			"RTM_lmp($/MWh)": 72.0
		},
		"07:00:00": {
			"DAM_lmp($/MWh)": 27.05582,
			"RTM_lmp($/MWh)": 18.0208
		},
		"08:00:00": {
			"DAM_lmp($/MWh)": 20.39129,
			"RTM_lmp($/MWh)": 12.8688
		},
		"09:00:00": {
			"DAM_lmp($/MWh)": 18.08378,
			"RTM_lmp($/MWh)": 12.94
		},
		"10:00:00": {
			"DAM_lmp($/MWh)": 12.88172,
			"RTM_lmp($/MWh)": 15.4
		},
		"11:00:00": {
			"DAM_lmp($/MWh)": 10.75662,
			"RTM_lmp($/MWh)": 14.7764
		},
		"12:00:00": {
			"DAM_lmp($/MWh)": 5.71242,
			"RTM_lmp($/MWh)": 16.00144
		},
		"13:00:00": {
			"DAM_lmp($/MWh)": 5.03411,
			"RTM_lmp($/MWh)": 16.44295
		},
		"14:00:00": {
			"DAM_lmp($/MWh)": 4.83664,
			"RTM_lmp($/MWh)": 9.9976
		},
		"15:00:00": {
			"DAM_lmp($/MWh)": 7.8438,
			"RTM_lmp($/MWh)": 4.9988
		},
		"16:00:00": {
			"DAM_lmp($/MWh)": 12.24511,
			"RTM_lmp($/MWh)": 4.95
		},
		"17:00:00": {
			"DAM_lmp($/MWh)": 25.61048,
			"RTM_lmp($/MWh)": 0.0
		},
		"18:00:00": {
			"DAM_lmp($/MWh)": 44.5583,
			"RTM_lmp($/MWh)": 14.93424
		},
		"19:00:00": {
			"DAM_lmp($/MWh)": 65.59733,
			"RTM_lmp($/MWh)": 27.96179
		},
		"20:00:00": {
			"DAM_lmp($/MWh)": 65.02839,
			"RTM_lmp($/MWh)": 40.0
		},
		"21:00:00": {
			"DAM_lmp($/MWh)": 50.81869,
			"RTM_lmp($/MWh)": 42.36793
		},
		"22:00:00": {
			"DAM_lmp($/MWh)": 41.31895,
			"RTM_lmp($/MWh)": 32.30453
		},
		"23:00:00": {
			"DAM_lmp($/MWh)": 33.0206,
			"RTM_lmp($/MWh)": 34.15192
		}
	}
}