{
	"2023-05-22": {
		"00:00:00": {
			"DAM_lmp($/MWh)": 25.94891,
			"RTM_lmp($/MWh)": 26.69834
		},
		"01:00:00": {
			"DAM_lmp($/MWh)": 22.09023,
			"RTM_lmp($/MWh)": 23.04635
		},
		"02:00:00": {
			"DAM_lmp($/MWh)": 20.1673,
			"RTM_lmp($/MWh)": 19.11946
		},
		"03:00:00": {
			"DAM_lmp($/MWh)": 18.08862,
			"RTM_lmp($/MWh)": 6.66679
		},
		"04:00:00": {
			"DAM_lmp($/MWh)": 21.8951,
			"RTM_lmp($/MWh)": 1.71582
		},
		"05:00:00": {
			"DAM_lmp($/MWh)": 31.40728,
			"RTM_lmp($/MWh)": 11.87566
		},
		"06:00:00": {
			"DAM_lmp($/MWh)": 32.30159,
			"RTM_lmp($/MWh)": 72.0
		},
		"07:00:00": {
			"DAM_lmp($/MWh)": 25.70742,
			"RTM_lmp($/MWh)": 18.0208
		},
		"08:00:00": {
			"DAM_lmp($/MWh)": 16.54895,
			"RTM_lmp($/MWh)": 12.8688
		},
		"09:00:00": {
			"DAM_lmp($/MWh)": 14.12381,
			"RTM_lmp($/MWh)": 12.94
		},
		"10:00:00": {
			"DAM_lmp($/MWh)": 9.71357,
			"RTM_lmp($/MWh)": 15.4
		},
		"11:00:00": {
			"DAM_lmp($/MWh)": 7.99298,
			"RTM_lmp($/MWh)": 14.7764
		},
		"12:00:00": {
			"DAM_lmp($/MWh)": 6.08785,
			"RTM_lmp($/MWh)": 14.83274
		},
		"13:00:00": {
			"DAM_lmp($/MWh)": 5.92226,
			"RTM_lmp($/MWh)": 15.06014
		},
		"14:00:00": {
			"DAM_lmp($/MWh)": 7.05031,
			"RTM_lmp($/MWh)": 9.9976
		},
		"15:00:00": {
			"DAM_lmp($/MWh)": 10.04319,
			"RTM_lmp($/MWh)": 4.9988
		},
		"16:00:00": {
			"DAM_lmp($/MWh)": 14.0213,
			"RTM_lmp($/MWh)": 4.95
		},
		"17:00:00": {
			"DAM_lmp($/MWh)": 24.79389,
			"RTM_lmp($/MWh)": 0.0
		},
		"18:00:00": {
			"DAM_lmp($/MWh)": 43.50646,
			"RTM_lmp($/MWh)": 13.68615
		},
		"19:00:00": {
			"DAM_lmp($/MWh)": 64.17537,
			"RTM_lmp($/MWh)": 26.68004
		},
		"20:00:00": {
			"DAM_lmp($/MWh)": 64.21926,
			"RTM_lmp($/MWh)": 40.0
		},
		"21:00:00": {
			"DAM_lmp($/MWh)": 49.31609,
			"RTM_lmp($/MWh)": 40.49227
		},
		"22:00:00": {
			"DAM_lmp($/MWh)": 38.41057,
			"RTM_lmp($/MWh)": 30.63328
		},
		"23:00:00": {
			"DAM_lmp($/MWh)": 28.57682,
			"RTM_lmp($/MWh)": 31.69376
		}
	},
	"2023-05-23": {
		"00:00:00": {
			"DAM_lmp($/MWh)": 25.94891,
			"RTM_lmp($/MWh)": 26.69834
		},
		"01:00:00": {
			"DAM_lmp($/MWh)": 22.09023,
			"RTM_lmp($/MWh)": 23.04635
		},
		"02:00:00": {
			"DAM_lmp($/MWh)": 20.1673,
			"RTM_lmp($/MWh)": 19.11946
		},
		"03:00:00": {
			"DAM_lmp($/MWh)": 18.08862,
			"RTM_lmp($/MWh)": 6.66679
		},
		"04:00:00": {
			"DAM_lmp($/MWh)": 21.8951,
			"RTM_lmp($/MWh)": 1.71582
		},
		"05:00:00": {
			"DAM_lmp($/MWh)": 31.40728,
			"RTM_lmp($/MWh)": 11.87566
		},
		"06:00:00": {
			"DAM_lmp($/MWh)": 32.30159,
			"RTM_lmp($/MWh)": 72.0
		},
		"07:00:00": {
			"DAM_lmp($/MWh)": 25.70742,
			"RTM_lmp($/MWh)": 18.0208
		},
		"08:00:00": {
			"DAM_lmp($/MWh)": 16.54895,
			"RTM_lmp($/MWh)": 12.8688
		},
		"09:00:00": {
			"DAM_lmp($/MWh)": 14.12381,
			"RTM_lmp($/MWh)": 12.94
		},
		"10:00:00": {
			"DAM_lmp($/MWh)": 9.71357,
			"RTM_lmp($/MWh)": 15.4
		},
		"11:00:00": {
			"DAM_lmp($/MWh)": 7.99298,
			"RTM_lmp($/MWh)": 14.7764
		},
		"12:00:00": {
			"DAM_lmp($/MWh)": 6.08785,
			"RTM_lmp($/MWh)": 14.83274
		},
		"13:00:00": {
			"DAM_lmp($/MWh)": 5.92226,
			"RTM_lmp($/MWh)": 15.06014
		},
		"14:00:00": {
			"DAM_lmp($/MWh)": 7.05031,
			"RTM_lmp($/MWh)": 9.9976
		},
		"15:00:00": {
			"DAM_lmp($/MWh)": 10.04319,
			"RTM_lmp($/MWh)": 4.9988
		},
		"16:00:00": {
			"DAM_lmp($/MWh)": 14.0213,
			"RTM_lmp($/MWh)": 4.95
		},
		"17:00:00": {
			"DAM_lmp($/MWh)": 24.79389,
			"RTM_lmp($/MWh)": 0.0
		},
		"18:00:00": {
			"DAM_lmp($/MWh)": 43.50646,
			"RTM_lmp($/MWh)": 13.68615
		},
		"19:00:00": {
			"DAM_lmp($/MWh)": 64.17537,
			"RTM_lmp($/MWh)": 26.68004
		},
		"20:00:00": {
			"DAM_lmp($/MWh)": 64.21926,
			"RTM_lmp($/MWh)": 40.0
		},
		"21:00:00": {
			"DAM_lmp($/MWh)": 49.31609,
			"RTM_lmp($/MWh)": 40.49227
		},
		"22:00:00": {
			"DAM_lmp($/MWh)": 38.41057,
			"RTM_lmp($/MWh)": 30.63328
		},
		"23:00:00": {
			"DAM_lmp($/MWh)": 28.57682,
			"RTM_lmp($/MWh)": 31.69376
		}
	}
}