{
	"2023-05-22": {
		"00:00:00": {
			"DAM_lmp($/MWh)": 27.02145,
			"RTM_lmp($/MWh)": 28.15533
		},
		"01:00:00": {
			"DAM_lmp($/MWh)": 23.0419,
			"RTM_lmp($/MWh)": 24.27766
		},
		"02:00:00": {
			"DAM_lmp($/MWh)": 21.04967,
			"RTM_lmp($/MWh)": 20.10673
		},
		"03:00:00": {
			"DAM_lmp($/MWh)": 18.76836,
			"RTM_lmp($/MWh)": 7.19238
		},
		"04:00:00": {
			"DAM_lmp($/MWh)": 22.81947,
			"RTM_lmp($/MWh)": 2.11769
		},
		"05:00:00": {
			"DAM_lmp($/MWh)": 32.60073,
			"RTM_lmp($/MWh)": 58.35416
		},
		"06:00:00": {
			"DAM_lmp($/MWh)": 33.66505,
			"RTM_lmp($/MWh)": 72.0
		},
		"07:00:00": {
			"DAM_lmp($/MWh)": 26.83842,
			"RTM_lmp($/MWh)": 18.0208
		},
		"08:00:00": {
			"DAM_lmp($/MWh)": 19.46204,
			"RTM_lmp($/MWh)": 12.8688
		},
		"09:00:00": {
			"DAM_lmp($/MWh)": 16.83125,
			"RTM_lmp($/MWh)": 12.94
		},
		"10:00:00": {
			"DAM_lmp($/MWh)": 11.43735,
			"RTM_lmp($/MWh)": 15.4
		},
		"11:00:00": {
			"DAM_lmp($/MWh)": 9.35039,
			"RTM_lmp($/MWh)": 18.06641
		},
		"12:00:00": {
			"DAM_lmp($/MWh)": 7.4326,
			"RTM_lmp($/MWh)": 15.66884
		},
		"13:00:00": {
			"DAM_lmp($/MWh)": 7.35537,
			"RTM_lmp($/MWh)": 15.86691
		},
		"14:00:00": {
			"DAM_lmp($/MWh)": 8.5191,
			"RTM_lmp($/MWh)": 9.9976
		},
		"15:00:00": {
			"DAM_lmp($/MWh)": 11.61317,
			"RTM_lmp($/MWh)": 4.9988
		},
		"16:00:00": {
			"DAM_lmp($/MWh)": 15.63596,
			"RTM_lmp($/MWh)": 4.95
		},
		"17:00:00": {
			"DAM_lmp($/MWh)": 26.11587,
			"RTM_lmp($/MWh)": 0.0
		},
		"18:00:00": {
			"DAM_lmp($/MWh)": 45.72846,
			"RTM_lmp($/MWh)": 14.70148
		},
		"19:00:00": {
			"DAM_lmp($/MWh)": 66.81892,
			"RTM_lmp($/MWh)": 28.61091
		},
		"20:00:00": {
			"DAM_lmp($/MWh)": 67.92833,
			"RTM_lmp($/MWh)": 40.0
		},
		"21:00:00": {
			"DAM_lmp($/MWh)": 51.42772,
			"RTM_lmp($/MWh)": 43.79879
		},
		"22:00:00": {
			"DAM_lmp($/MWh)": 39.98363,
			"RTM_lmp($/MWh)": 32.62286
		},
		"23:00:00": {
			"DAM_lmp($/MWh)": 29.80674,
			"RTM_lmp($/MWh)": 33.47427
		}
	},
	"2023-05-23": {
		"00:00:00": {
			"DAM_lmp($/MWh)": 27.02145,
			"RTM_lmp($/MWh)": 28.15533
		},
		"01:00:00": {
			"DAM_lmp($/MWh)": 23.0419,
			"RTM_lmp($/MWh)": 24.27766
		},
		"02:00:00": {
			"DAM_lmp($/MWh)": 21.04967,
			"RTM_lmp($/MWh)": 20.10673
		},
		"03:00:00": {
			"DAM_lmp($/MWh)": 18.76836,
			"RTM_lmp($/MWh)": 7.19238
		},
		"04:00:00": {
			"DAM_lmp($/MWh)": 22.81947,
			"RTM_lmp($/MWh)": 2.11769
		},
		"05:00:00": {
			"DAM_lmp($/MWh)": 32.60073,
			"RTM_lmp($/MWh)": 58.35416
		},
		"06:00:00": {
			"DAM_lmp($/MWh)": 33.66505,
			"RTM_lmp($/MWh)": 72.0
		},
		"07:00:00": {
			"DAM_lmp($/MWh)": 26.83842,
			"RTM_lmp($/MWh)": 18.0208
		},
		"08:00:00": {
			"DAM_lmp($/MWh)": 19.46204,
			"RTM_lmp($/MWh)": 12.8688
		},
		"09:00:00": {
			"DAM_lmp($/MWh)": 16.83125,
			"RTM_lmp($/MWh)": 12.94
		},
		"10:00:00": {
			"DAM_lmp($/MWh)": 11.43735,
			"RTM_lmp($/MWh)": 15.4
		},
		"11:00:00": {
			"DAM_lmp($/MWh)": 9.35039,
			"RTM_lmp($/MWh)": 18.06641
		},
		"12:00:00": {
			"DAM_lmp($/MWh)": 7.4326,
			"RTM_lmp($/MWh)": 15.66884
		},
		"13:00:00": {
			"DAM_lmp($/MWh)": 7.35537,
			"RTM_lmp($/MWh)": 15.86691
		},
		"14:00:00": {
			"DAM_lmp($/MWh)": 8.5191,
			"RTM_lmp($/MWh)": 9.9976
		},
		"15:00:00": {
			"DAM_lmp($/MWh)": 11.61317,
			"RTM_lmp($/MWh)": 4.9988
		},
		"16:00:00": {
			"DAM_lmp($/MWh)": 15.63596,
			"RTM_lmp($/MWh)": 4.95
		},
		"17:00:00": {
			"DAM_lmp($/MWh)": 26.11587,
			"RTM_lmp($/MWh)": 0.0
		},
		"18:00:00": {
			"DAM_lmp($/MWh)": 45.72846,
			"RTM_lmp($/MWh)": 14.70148
		},
		"19:00:00": {
			"DAM_lmp($/MWh)": 66.81892,
			"RTM_lmp($/MWh)": 28.61091
		},
		"20:00:00": {
			"DAM_lmp($/MWh)": 67.92833,
			"RTM_lmp($/MWh)": 40.0
		},
		"21:00:00": {
			"DAM_lmp($/MWh)": 51.42772,
			"RTM_lmp($/MWh)": 43.79879
		},
		"22:00:00": {
			"DAM_lmp($/MWh)": 39.98363,
			"RTM_lmp($/MWh)": 32.62286
		},
		"23:00:00": {
			"DAM_lmp($/MWh)": 29.80674,
			"RTM_lmp($/MWh)": 33.47427
		}
	}
}