{
	"2023-05-22": {
		"00:00:00": {
			"DAM_lmp($/MWh)": 28.95554,
			"RTM_lmp($/MWh)": 28.23786
		},
		"01:00:00": {
			"DAM_lmp($/MWh)": 25.37951,
			"RTM_lmp($/MWh)": 24.56942
		},
		"02:00:00": {
			"DAM_lmp($/MWh)": 24.10915,
			"RTM_lmp($/MWh)": 20.37767
		},
		"03:00:00": {
			"DAM_lmp($/MWh)": 22.37693,
			"RTM_lmp($/MWh)": 24.00201
		},
		"04:00:00": {
			"DAM_lmp($/MWh)": 25.85335,
			"RTM_lmp($/MWh)": 20.92957
		},
		"05:00:00": {
			"DAM_lmp($/MWh)": 33.57111,
			"RTM_lmp($/MWh)": 30.81135
		},
		"06:00:00": {
			"DAM_lmp($/MWh)": 34.96073,
			"RTM_lmp($/MWh)": 72.0
		},
		"07:00:00": {
			"DAM_lmp($/MWh)": 24.72137,
			"RTM_lmp($/MWh)": 18.0208
		},
		"08:00:00": {
			"DAM_lmp($/MWh)": 10.4308,
			"RTM_lmp($/MWh)": 12.8688
		},
		"09:00:00": {
			"DAM_lmp($/MWh)": 7.71462,
			"RTM_lmp($/MWh)": 12.94
		},
		"10:00:00": {
			"DAM_lmp($/MWh)": 5.61368,
			"RTM_lmp($/MWh)": 15.4
		},
		"11:00:00": {
			"DAM_lmp($/MWh)": 4.23005,
			"RTM_lmp($/MWh)": 14.7764
		},
		"12:00:00": {
			"DAM_lmp($/MWh)": 2.21258,
			"RTM_lmp($/MWh)": 14.50785
		},
		"13:00:00": {
			"DAM_lmp($/MWh)": 1.76866,
			"RTM_lmp($/MWh)": 14.696
		},
		"14:00:00": {
			"DAM_lmp($/MWh)": 2.84905,
			"RTM_lmp($/MWh)": 9.9976
		},
		"15:00:00": {
			"DAM_lmp($/MWh)": 5.64661,
			"RTM_lmp($/MWh)": 4.9988
		},
		"16:00:00": {
			"DAM_lmp($/MWh)": 9.86237,
			"RTM_lmp($/MWh)": 4.95
		},
		"17:00:00": {
			"DAM_lmp($/MWh)": 23.34495,
			"RTM_lmp($/MWh)": 0.0
		},
		"18:00:00": {
			"DAM_lmp($/MWh)": 41.9068,
			"RTM_lmp($/MWh)": 13.46909
		},
		"19:00:00": {
			"DAM_lmp($/MWh)": 62.35915,
			"RTM_lmp($/MWh)": 26.45175
		},
		"20:00:00": {
			"DAM_lmp($/MWh)": 62.52332,
			"RTM_lmp($/MWh)": 40.0
		},
		"21:00:00": {
			"DAM_lmp($/MWh)": 48.25779,
			"RTM_lmp($/MWh)": 40.34961
		},
		"22:00:00": {
			"DAM_lmp($/MWh)": 39.34658,
			"RTM_lmp($/MWh)": 31.12351
		},
		"23:00:00": {
			"DAM_lmp($/MWh)": 31.07132,
			"RTM_lmp($/MWh)": 32.45778
		}
	},
	"2023-05-23": {
		"00:00:00": {
			"DAM_lmp($/MWh)": 28.95554,
			"RTM_lmp($/MWh)": 28.23786
		},
		"01:00:00": {
			"DAM_lmp($/MWh)": 25.37951,
			"RTM_lmp($/MWh)": 24.56942
		},
		"02:00:00": {
			"DAM_lmp($/MWh)": 24.10915,
			"RTM_lmp($/MWh)": 20.37767
		},
		"03:00:00": {
			"DAM_lmp($/MWh)": 22.37693,
			"RTM_lmp($/MWh)": 24.00201
		},
		"04:00:00": {
			"DAM_lmp($/MWh)": 25.85335,
			"RTM_lmp($/MWh)": 20.92957
		},
		"05:00:00": {
			"DAM_lmp($/MWh)": 33.57111,
			"RTM_lmp($/MWh)": 30.81135
		},
		"06:00:00": {
			"DAM_lmp($/MWh)": 34.96073,
			"RTM_lmp($/MWh)": 72.0
		},
		"07:00:00": {
			"DAM_lmp($/MWh)": 24.72137,
			"RTM_lmp($/MWh)": 18.0208
		},
		"08:00:00": {
			"DAM_lmp($/MWh)": 10.4308,
			"RTM_lmp($/MWh)": 12.8688
		},
		"09:00:00": {
			"DAM_lmp($/MWh)": 7.71462,
			"RTM_lmp($/MWh)": 12.94
		},
		"10:00:00": {
			"DAM_lmp($/MWh)": 5.61368,
			"RTM_lmp($/MWh)": 15.4
		},
		"11:00:00": {
			"DAM_lmp($/MWh)": 4.23005,
			"RTM_lmp($/MWh)": 14.7764
		},
		"12:00:00": {
			"DAM_lmp($/MWh)": 2.21258,
			"RTM_lmp($/MWh)": 14.50785
		},
		"13:00:00": {
			"DAM_lmp($/MWh)": 1.76866,
			"RTM_lmp($/MWh)": 14.696
		},
		"14:00:00": {
			"DAM_lmp($/MWh)": 2.84905,
			"RTM_lmp($/MWh)": 9.9976
		},
		"15:00:00": {
			"DAM_lmp($/MWh)": 5.64661,
			"RTM_lmp($/MWh)": 4.9988
		},
		"16:00:00": {
			"DAM_lmp($/MWh)": 9.86237,
			"RTM_lmp($/MWh)": 4.95
		},
		"17:00:00": {
			"DAM_lmp($/MWh)": 23.34495,
			"RTM_lmp($/MWh)": 0.0
		},
		"18:00:00": {
			"DAM_lmp($/MWh)": 41.9068,
			"RTM_lmp($/MWh)": 13.46909
		},
		"19:00:00": {
			"DAM_lmp($/MWh)": 62.35915,
			"RTM_lmp($/MWh)": 26.45175
		},
		"20:00:00": {
			"DAM_lmp($/MWh)": 62.52332,
			"RTM_lmp($/MWh)": 40.0
		},
		"21:00:00": {
			"DAM_lmp($/MWh)": 48.25779,
			"RTM_lmp($/MWh)": 40.34961
		},
		"22:00:00": {
			"DAM_lmp($/MWh)": 39.34658,
			"RTM_lmp($/MWh)": 31.12351
		},
		"23:00:00": {
			"DAM_lmp($/MWh)": 31.07132,
			"RTM_lmp($/MWh)": 32.45778
		}
	}
}