{
	"2023-05-22": {
		"00:00:00": {
			"DAM_lmp($/MWh)": 29.76216,
			"RTM_lmp($/MWh)": 28.74439
		},
		"01:00:00": {
			"DAM_lmp($/MWh)": 26.01826,
			"RTM_lmp($/MWh)": 25.10843
		},
		"02:00:00": {
			"DAM_lmp($/MWh)": 24.72361,
			"RTM_lmp($/MWh)": 20.78407
		},
		"03:00:00": {
			"DAM_lmp($/MWh)": 22.87708,
			"RTM_lmp($/MWh)": 23.02227
		},
		"04:00:00": {
			"DAM_lmp($/MWh)": 26.63814,
			"RTM_lmp($/MWh)": 20.3346
		},
		"05:00:00": {
			"DAM_lmp($/MWh)": 34.59652,
			"RTM_lmp($/MWh)": 30.81135
		},
		"06:00:00": {
			"DAM_lmp($/MWh)": 35.89609,
			"RTM_lmp($/MWh)": 72.0
		},
		"07:00:00": {
			"DAM_lmp($/MWh)": 25.21569,
			"RTM_lmp($/MWh)": 18.0208
		},
		"08:00:00": {
			"DAM_lmp($/MWh)": 11.82538,
			"RTM_lmp($/MWh)": 12.8688
		},
		"09:00:00": {
			"DAM_lmp($/MWh)": 9.7187,
			"RTM_lmp($/MWh)": 12.94
		},
		"10:00:00": {
			"DAM_lmp($/MWh)": 7.09175,
			"RTM_lmp($/MWh)": 15.4
		},
		"11:00:00": {
			"DAM_lmp($/MWh)": 4.96888,
			"RTM_lmp($/MWh)": 14.7764
		},
		"12:00:00": {
			"DAM_lmp($/MWh)": 3.66537,
			"RTM_lmp($/MWh)": 15.15456
		},
		"13:00:00": {
			"DAM_lmp($/MWh)": 3.45604,
			"RTM_lmp($/MWh)": 15.49806
		},
		"14:00:00": {
			"DAM_lmp($/MWh)": 4.62915,
			"RTM_lmp($/MWh)": 9.9976
		},
		"15:00:00": {
			"DAM_lmp($/MWh)": 7.46121,
			"RTM_lmp($/MWh)": 4.9988
		},
		"16:00:00": {
			"DAM_lmp($/MWh)": 11.56722,
			"RTM_lmp($/MWh)": 4.95
		},
		"17:00:00": {
			"DAM_lmp($/MWh)": 24.29597,
			"RTM_lmp($/MWh)": 0.0
		},
		"18:00:00": {
			"DAM_lmp($/MWh)": 43.01102,
			"RTM_lmp($/MWh)": 14.18025
		},
		"19:00:00": {
			"DAM_lmp($/MWh)": 63.49772,
			"RTM_lmp($/MWh)": 26.91384
		},
		"20:00:00": {
			"DAM_lmp($/MWh)": 64.14064,
			"RTM_lmp($/MWh)": 40.0
		},
		"21:00:00": {
			"DAM_lmp($/MWh)": 49.41383,
			"RTM_lmp($/MWh)": 40.87831
		},
		"22:00:00": {
			"DAM_lmp($/MWh)": 40.5132,
			"RTM_lmp($/MWh)": 31.47368
		},
		"23:00:00": {
			"DAM_lmp($/MWh)": 31.83201,
			"RTM_lmp($/MWh)": 33.24838
		}
	},
	"2023-05-23": {
		"00:00:00": {
			"DAM_lmp($/MWh)": 29.76216,
			"RTM_lmp($/MWh)": 28.74439
		},
		"01:00:00": {
			"DAM_lmp($/MWh)": 26.01826,
			"RTM_lmp($/MWh)": 25.10843
		},
		"02:00:00": {
			"DAM_lmp($/MWh)": 24.72361,
			"RTM_lmp($/MWh)": 20.78407
		},
		"03:00:00": {
			"DAM_lmp($/MWh)": 22.87708,
			"RTM_lmp($/MWh)": 23.02227
		},
		"04:00:00": {
			"DAM_lmp($/MWh)": 26.63814,
			"RTM_lmp($/MWh)": 20.3346
		},
		"05:00:00": {
			"DAM_lmp($/MWh)": 34.59652,
			"RTM_lmp($/MWh)": 30.81135
		},
		"06:00:00": {
			"DAM_lmp($/MWh)": 35.89609,
			"RTM_lmp($/MWh)": 72.0
		},
		"07:00:00": {
			"DAM_lmp($/MWh)": 25.21569,
			"RTM_lmp($/MWh)": 18.0208
		},
		"08:00:00": {
			"DAM_lmp($/MWh)": 11.82538,
			"RTM_lmp($/MWh)": 12.8688
		},
		"09:00:00": {
			"DAM_lmp($/MWh)": 9.7187,
			"RTM_lmp($/MWh)": 12.94
		},
		"10:00:00": {
			"DAM_lmp($/MWh)": 7.09175,
			"RTM_lmp($/MWh)": 15.4
		},
		"11:00:00": {
			"DAM_lmp($/MWh)": 4.96888,
			"RTM_lmp($/MWh)": 14.7764
		},
		"12:00:00": {
			"DAM_lmp($/MWh)": 3.66537,
			"RTM_lmp($/MWh)": 15.15456
		},
		"13:00:00": {
			"DAM_lmp($/MWh)": 3.45604,
			"RTM_lmp($/MWh)": 15.49806
		},
		"14:00:00": {
			"DAM_lmp($/MWh)": 4.62915,
			"RTM_lmp($/MWh)": 9.9976
		},
		"15:00:00": {
			"DAM_lmp($/MWh)": 7.46121,
			"RTM_lmp($/MWh)": 4.9988
		},
		"16:00:00": {
			"DAM_lmp($/MWh)": 11.56722,
			"RTM_lmp($/MWh)": 4.95
		},
		"17:00:00": {
			"DAM_lmp($/MWh)": 24.29597,
			"RTM_lmp($/MWh)": 0.0
		},
		"18:00:00": {
			"DAM_lmp($/MWh)": 43.01102,
			"RTM_lmp($/MWh)": 14.18025
		},
		"19:00:00": {
			"DAM_lmp($/MWh)": 63.49772,
			"RTM_lmp($/MWh)": 26.91384
		},
		"20:00:00": {
			"DAM_lmp($/MWh)": 64.14064,
			"RTM_lmp($/MWh)": 40.0
		},
		"21:00:00": {
			"DAM_lmp($/MWh)": 49.41383,
			"RTM_lmp($/MWh)": 40.87831
		},
		"22:00:00": {
			"DAM_lmp($/MWh)": 40.5132,
			"RTM_lmp($/MWh)": 31.47368
		},
		"23:00:00": {
			"DAM_lmp($/MWh)": 31.83201,
			"RTM_lmp($/MWh)": 33.24838
		}
	}
}