{
	"2023-05-22": {
		"00:00:00": {
			"DAM_lmp($/MWh)": 30.8022,
			"RTM_lmp($/MWh)": 29.25662
		},
		"01:00:00": {
			"DAM_lmp($/MWh)": 26.95958,
			"RTM_lmp($/MWh)": 25.74387
		},
		"02:00:00": {
			"DAM_lmp($/MWh)": 25.62564,
			"RTM_lmp($/MWh)": 21.39368
		},
		"03:00:00": {
			"DAM_lmp($/MWh)": 23.74778,
			"RTM_lmp($/MWh)": 23.41169
		},
		"04:00:00": {
			"DAM_lmp($/MWh)": 27.55197,
			"RTM_lmp($/MWh)": 20.64343
		},
		"05:00:00": {
			"DAM_lmp($/MWh)": 35.74883,
			"RTM_lmp($/MWh)": 30.81135
		},
		"06:00:00": {
			"DAM_lmp($/MWh)": 37.38546,
			"RTM_lmp($/MWh)": 72.0
		},
		"07:00:00": {
			"DAM_lmp($/MWh)": 26.54855,
			"RTM_lmp($/MWh)": 18.0208
		},
		"08:00:00": {
			"DAM_lmp($/MWh)": 19.08873,
			"RTM_lmp($/MWh)": 12.8688
		},
		"09:00:00": {
			"DAM_lmp($/MWh)": 14.47618,
			"RTM_lmp($/MWh)": 12.94
		},
		"10:00:00": {
			"DAM_lmp($/MWh)": 9.68181,
			"RTM_lmp($/MWh)": 15.4
		},
		"11:00:00": {
			"DAM_lmp($/MWh)": 9.86471,
			"RTM_lmp($/MWh)": 14.7764
		},
		"12:00:00": {
			"DAM_lmp($/MWh)": 5.13697,
			"RTM_lmp($/MWh)": 15.86902
		},
		"13:00:00": {
			"DAM_lmp($/MWh)": 4.52998,
			"RTM_lmp($/MWh)": 16.28442
		},
		"14:00:00": {
			"DAM_lmp($/MWh)": 4.80428,
			"RTM_lmp($/MWh)": 9.9976
		},
		"15:00:00": {
			"DAM_lmp($/MWh)": 7.78363,
			"RTM_lmp($/MWh)": 4.9988
		},
		"16:00:00": {
			"DAM_lmp($/MWh)": 12.12273,
			"RTM_lmp($/MWh)": 4.95
		},
		"17:00:00": {
			"DAM_lmp($/MWh)": 25.29181,
			"RTM_lmp($/MWh)": 0.0
		},
		"18:00:00": {
			"DAM_lmp($/MWh)": 44.1551,
			"RTM_lmp($/MWh)": 14.77288
		},
		"19:00:00": {
			"DAM_lmp($/MWh)": 64.60196,
			"RTM_lmp($/MWh)": 27.61522
		},
		"20:00:00": {
			"DAM_lmp($/MWh)": 64.27752,
			"RTM_lmp($/MWh)": 40.0
		},
		"21:00:00": {
			"DAM_lmp($/MWh)": 50.28954,
			"RTM_lmp($/MWh)": 41.91894
		},
		"22:00:00": {
			"DAM_lmp($/MWh)": 40.91963,
			"RTM_lmp($/MWh)": 32.00211
		},
		"23:00:00": {
			"DAM_lmp($/MWh)": 32.71949,
			"RTM_lmp($/MWh)": 33.83967
		}
	},
	"2023-05-23": {
		"00:00:00": {
			"DAM_lmp($/MWh)": 30.8022,
			"RTM_lmp($/MWh)": 29.25662
		},
		"01:00:00": {
			"DAM_lmp($/MWh)": 26.95958,
			"RTM_lmp($/MWh)": 25.74387
		},
		"02:00:00": {
			"DAM_lmp($/MWh)": 25.62564,
			"RTM_lmp($/MWh)": 21.39368
		},
		"03:00:00": {
			"DAM_lmp($/MWh)": 23.74778,
			"RTM_lmp($/MWh)": 23.41169
		},
		"04:00:00": {
			"DAM_lmp($/MWh)": 27.55197,
			"RTM_lmp($/MWh)": 20.64343
		},
		"05:00:00": {
			"DAM_lmp($/MWh)": 35.74883,
			"RTM_lmp($/MWh)": 30.81135
		},
		"06:00:00": {
			"DAM_lmp($/MWh)": 37.38546,
			"RTM_lmp($/MWh)": 72.0
		},
		"07:00:00": {
			"DAM_lmp($/MWh)": 26.54855,
			"RTM_lmp($/MWh)": 18.0208
		},
		"08:00:00": {
			"DAM_lmp($/MWh)": 19.08873,
			"RTM_lmp($/MWh)": 12.8688
		},
		"09:00:00": {
			"DAM_lmp($/MWh)": 14.47618,
			"RTM_lmp($/MWh)": 12.94
		},
		"10:00:00": {
			"DAM_lmp($/MWh)": 9.68181,
			"RTM_lmp($/MWh)": 15.4
		},
		"11:00:00": {
			"DAM_lmp($/MWh)": 9.86471,
			"RTM_lmp($/MWh)": 14.7764
		},
		"12:00:00": {
			"DAM_lmp($/MWh)": 5.13697,
			"RTM_lmp($/MWh)": 15.86902
		},
		"13:00:00": {
			"DAM_lmp($/MWh)": 4.52998,
			"RTM_lmp($/MWh)": 16.28442
		},
		"14:00:00": {
			"DAM_lmp($/MWh)": 4.80428,
			"RTM_lmp($/MWh)": 9.9976
		},
		"15:00:00": {
			"DAM_lmp($/MWh)": 7.78363,
			"RTM_lmp($/MWh)": 4.9988
		},
		"16:00:00": {
			"DAM_lmp($/MWh)": 12.12273,
			"RTM_lmp($/MWh)": 4.95
		},
		"17:00:00": {
			"DAM_lmp($/MWh)": 25.29181,
			"RTM_lmp($/MWh)": 0.0
		},
		"18:00:00": {
			"DAM_lmp($/MWh)": 44.1551,
			"RTM_lmp($/MWh)": 14.77288
		},
		"19:00:00": {
			"DAM_lmp($/MWh)": 64.60196,
			"RTM_lmp($/MWh)": 27.61522
		},
		"20:00:00": {
			"DAM_lmp($/MWh)": 64.27752,
			"RTM_lmp($/MWh)": 40.0
		},
		"21:00:00": {
			"DAM_lmp($/MWh)": 50.28954,
			"RTM_lmp($/MWh)": 41.91894
		},
		"22:00:00": {
			"DAM_lmp($/MWh)": 40.91963,
			"RTM_lmp($/MWh)": 32.00211
		},
		"23:00:00": {
			"DAM_lmp($/MWh)": 32.71949,
			"RTM_lmp($/MWh)": 33.83967
		}
	}
}