{
	"2023-05-22": {
		"00:00:00": {
			"DAM_lmp($/MWh)": 61.19616,
			"RTM_lmp($/MWh)": 27.70287
		},
		"01:00:00": {
			"DAM_lmp($/MWh)": 60.82742,
			"RTM_lmp($/MWh)": 23.82766
		},
		"02:00:00": {
			"DAM_lmp($/MWh)": 67.65682,
			"RTM_lmp($/MWh)": 19.89943
		},
		"03:00:00": {
			"DAM_lmp($/MWh)": 69.69395,
			"RTM_lmp($/MWh)": 6.28163
		},
		"04:00:00": {
			"DAM_lmp($/MWh)": 69.12,
			"RTM_lmp($/MWh)": 1.49736
		},
		"05:00:00": {
			"DAM_lmp($/MWh)": 52.42734,
			"RTM_lmp($/MWh)": 30.81135
		},
		"06:00:00": {
			"DAM_lmp($/MWh)": 69.50354,
			"RTM_lmp($/MWh)": 72.0
		},
		"07:00:00": {
			"DAM_lmp($/MWh)": 25.89377,
			"RTM_lmp($/MWh)": 18.0208
		},
		"08:00:00": {
			"DAM_lmp($/MWh)": 7.71045,
			"RTM_lmp($/MWh)": 12.8688
		},
		"09:00:00": {
			"DAM_lmp($/MWh)": 4.37705,
			"RTM_lmp($/MWh)": 12.94
		},
		"10:00:00": {
			"DAM_lmp($/MWh)": 3.62341,
			"RTM_lmp($/MWh)": 15.4
		},
		"11:00:00": {
			"DAM_lmp($/MWh)": 2.40605,
			"RTM_lmp($/MWh)": 4.08387
		},
		"12:00:00": {
			"DAM_lmp($/MWh)": 0.20849,
			"RTM_lmp($/MWh)": 14.72804
		},
		"13:00:00": {
			"DAM_lmp($/MWh)": -0.41764,
			"RTM_lmp($/MWh)": 14.93301
		},
		"14:00:00": {
			"DAM_lmp($/MWh)": 0.63713,
			"RTM_lmp($/MWh)": 9.9976
		},
		"15:00:00": {
			"DAM_lmp($/MWh)": 3.79448,
			"RTM_lmp($/MWh)": 4.9988
		},
		"16:00:00": {
			"DAM_lmp($/MWh)": 8.83239,
			"RTM_lmp($/MWh)": 4.95
		},
		"17:00:00": {
			"DAM_lmp($/MWh)": 24.408,
			"RTM_lmp($/MWh)": 0.0
		},
		"18:00:00": {
			"DAM_lmp($/MWh)": 43.58535,
			"RTM_lmp($/MWh)": 13.33914
		},
		"19:00:00": {
			"DAM_lmp($/MWh)": 62.42379,
			"RTM_lmp($/MWh)": 26.4325
		},
		"20:00:00": {
			"DAM_lmp($/MWh)": 62.35502,
			"RTM_lmp($/MWh)": 40.0
		},
		"21:00:00": {
			"DAM_lmp($/MWh)": 49.73542,
			"RTM_lmp($/MWh)": 41.90216
		},
		"22:00:00": {
			"DAM_lmp($/MWh)": 52.8388,
			"RTM_lmp($/MWh)": 31.67741
		},
		"23:00:00": {
			"DAM_lmp($/MWh)": 58.21773,
			"RTM_lmp($/MWh)": 32.88962
		}
	},
	"2023-05-23": {
		"00:00:00": {
			"DAM_lmp($/MWh)": 61.19616,
			"RTM_lmp($/MWh)": 27.70287
		},
		"01:00:00": {
			"DAM_lmp($/MWh)": 60.82742,
			"RTM_lmp($/MWh)": 23.82766
		},
		"02:00:00": {
			"DAM_lmp($/MWh)": 67.65682,
			"RTM_lmp($/MWh)": 19.89943
		},
		"03:00:00": {
			"DAM_lmp($/MWh)": 69.69395,
			"RTM_lmp($/MWh)": 6.28163
		},
		"04:00:00": {
			"DAM_lmp($/MWh)": 69.12,
			"RTM_lmp($/MWh)": 1.49736
		},
		"05:00:00": {
			"DAM_lmp($/MWh)": 52.42734,
			"RTM_lmp($/MWh)": 30.81135
		},
		"06:00:00": {
			"DAM_lmp($/MWh)": 69.50354,
			"RTM_lmp($/MWh)": 72.0
		},
		"07:00:00": {
			"DAM_lmp($/MWh)": 25.89377,
			"RTM_lmp($/MWh)": 18.0208
		},
		"08:00:00": {
			"DAM_lmp($/MWh)": 7.71045,
			"RTM_lmp($/MWh)": 12.8688
		},
		"09:00:00": {
			"DAM_lmp($/MWh)": 4.37705,
			"RTM_lmp($/MWh)": 12.94
		},
		"10:00:00": {
			"DAM_lmp($/MWh)": 3.62341,
			"RTM_lmp($/MWh)": 15.4
		},
		"11:00:00": {
			"DAM_lmp($/MWh)": 2.40605,
			"RTM_lmp($/MWh)": 4.08387
		},
		"12:00:00": {
			"DAM_lmp($/MWh)": 0.20849,
			"RTM_lmp($/MWh)": 14.72804
		},
		"13:00:00": {
			"DAM_lmp($/MWh)": -0.41764,
			"RTM_lmp($/MWh)": 14.93301
		},
		"14:00:00": {
			"DAM_lmp($/MWh)": 0.63713,
			"RTM_lmp($/MWh)": 9.9976
		},
		"15:00:00": {
			"DAM_lmp($/MWh)": 3.79448,
			"RTM_lmp($/MWh)": 4.9988
		},
		"16:00:00": {
			"DAM_lmp($/MWh)": 8.83239,
			"RTM_lmp($/MWh)": 4.95
		},
		"17:00:00": {
			"DAM_lmp($/MWh)": 24.408,
			"RTM_lmp($/MWh)": 0.0
		},
		"18:00:00": {
			"DAM_lmp($/MWh)": 43.58535,
			"RTM_lmp($/MWh)": 13.33914
		},
		"19:00:00": {
			"DAM_lmp($/MWh)": 62.42379,
			"RTM_lmp($/MWh)": 26.4325
		},
		"20:00:00": {
			"DAM_lmp($/MWh)": 62.35502,
			"RTM_lmp($/MWh)": 40.0
		},
		"21:00:00": {
			"DAM_lmp($/MWh)": 49.73542,
			"RTM_lmp($/MWh)": 41.90216
		},
		"22:00:00": {
			"DAM_lmp($/MWh)": 52.8388,
			"RTM_lmp($/MWh)": 31.67741
		},
		"23:00:00": {
			"DAM_lmp($/MWh)": 58.21773,
			"RTM_lmp($/MWh)": 32.88962
		}
	}
}