{
	"2023-05-22": {
		"00:00:00": {
			"DAM_lmp($/MWh)": 29.09736,
			"RTM_lmp($/MWh)": 28.14395
		},
		"01:00:00": {
			"DAM_lmp($/MWh)": 25.46485,
			"RTM_lmp($/MWh)": 24.72766
		},
		"02:00:00": {
			"DAM_lmp($/MWh)": 24.205,
			"RTM_lmp($/MWh)": 20.47003
		},
		"03:00:00": {
			"DAM_lmp($/MWh)": 22.44286,
			"RTM_lmp($/MWh)": 22.60629
		},
		"04:00:00": {
			"DAM_lmp($/MWh)": 26.02453,
			"RTM_lmp($/MWh)": 20.07191
		},
		"05:00:00": {
			"DAM_lmp($/MWh)": 33.80431,
			"RTM_lmp($/MWh)": 30.81135
		},
		"06:00:00": {
			"DAM_lmp($/MWh)": 34.73049,
			"RTM_lmp($/MWh)": 72.0
		},
		"07:00:00": {
			"DAM_lmp($/MWh)": 25.3011,
			"RTM_lmp($/MWh)": 18.0208
		},
		"08:00:00": {
			"DAM_lmp($/MWh)": 10.99325,
			"RTM_lmp($/MWh)": 12.8688
		},
		"09:00:00": {
			"DAM_lmp($/MWh)": 9.17919,
			"RTM_lmp($/MWh)": 12.94
		},
		"10:00:00": {
			"DAM_lmp($/MWh)": 6.82164,
			"RTM_lmp($/MWh)": 15.4
		},
		"11:00:00": {
			"DAM_lmp($/MWh)": 4.37456,
			"RTM_lmp($/MWh)": 14.7764
		},
		"12:00:00": {
			"DAM_lmp($/MWh)": 3.49957,
			"RTM_lmp($/MWh)": 15.34395
		},
		"13:00:00": {
			"DAM_lmp($/MWh)": 3.20691,
			"RTM_lmp($/MWh)": 15.73663
		},
		"14:00:00": {
			"DAM_lmp($/MWh)": 4.60535,
			"RTM_lmp($/MWh)": 9.9976
		},
		"15:00:00": {
			"DAM_lmp($/MWh)": 7.42187,
			"RTM_lmp($/MWh)": 4.9988
		},
		"16:00:00": {
			"DAM_lmp($/MWh)": 11.33446,
			"RTM_lmp($/MWh)": 4.95
		},
		"17:00:00": {
			"DAM_lmp($/MWh)": 23.8105,
			"RTM_lmp($/MWh)": 0.0
		},
		"18:00:00": {
			"DAM_lmp($/MWh)": 41.74856,
			"RTM_lmp($/MWh)": 14.17596
		},
		"19:00:00": {
			"DAM_lmp($/MWh)": 61.76239,
			"RTM_lmp($/MWh)": 26.4655
		},
		"20:00:00": {
			"DAM_lmp($/MWh)": 61.55883,
			"RTM_lmp($/MWh)": 40.0
		},
		"21:00:00": {
			"DAM_lmp($/MWh)": 47.4391,
			"RTM_lmp($/MWh)": 40.00553
		},
		"22:00:00": {
			"DAM_lmp($/MWh)": 38.64878,
			"RTM_lmp($/MWh)": 30.70968
		},
		"23:00:00": {
			"DAM_lmp($/MWh)": 30.71632,
			"RTM_lmp($/MWh)": 32.69363
		}
	},
	"2023-05-23": {
		"00:00:00": {
			"DAM_lmp($/MWh)": 29.09736,
			"RTM_lmp($/MWh)": 28.14395
		},
		"01:00:00": {
			"DAM_lmp($/MWh)": 25.46485,
			"RTM_lmp($/MWh)": 24.72766
		},
		"02:00:00": {
			"DAM_lmp($/MWh)": 24.205,
			"RTM_lmp($/MWh)": 20.47003
		},
		"03:00:00": {
			"DAM_lmp($/MWh)": 22.44286,
			"RTM_lmp($/MWh)": 22.60629
		},
		"04:00:00": {
			"DAM_lmp($/MWh)": 26.02453,
			"RTM_lmp($/MWh)": 20.07191
		},
		"05:00:00": {
			"DAM_lmp($/MWh)": 33.80431,
			"RTM_lmp($/MWh)": 30.81135
		},
		"06:00:00": {
			"DAM_lmp($/MWh)": 34.73049,
			"RTM_lmp($/MWh)": 72.0
		},
		"07:00:00": {
			"DAM_lmp($/MWh)": 25.3011,
			"RTM_lmp($/MWh)": 18.0208
		},
		"08:00:00": {
			"DAM_lmp($/MWh)": 10.99325,
			"RTM_lmp($/MWh)": 12.8688
		},
		"09:00:00": {
			"DAM_lmp($/MWh)": 9.17919,
			"RTM_lmp($/MWh)": 12.94
		},
		"10:00:00": {
			"DAM_lmp($/MWh)": 6.82164,
			"RTM_lmp($/MWh)": 15.4
		},
		"11:00:00": {
			"DAM_lmp($/MWh)": 4.37456,
			"RTM_lmp($/MWh)": 14.7764
		},
		"12:00:00": {
			"DAM_lmp($/MWh)": 3.49957,
			"RTM_lmp($/MWh)": 15.34395
		},
		"13:00:00": {
			"DAM_lmp($/MWh)": 3.20691,
			"RTM_lmp($/MWh)": 15.73663
		},
		"14:00:00": {
			"DAM_lmp($/MWh)": 4.60535,
			"RTM_lmp($/MWh)": 9.9976
		},
		"15:00:00": {
			"DAM_lmp($/MWh)": 7.42187,
			"RTM_lmp($/MWh)": 4.9988
		},
		"16:00:00": {
			"DAM_lmp($/MWh)": 11.33446,
			"RTM_lmp($/MWh)": 4.95
		},
		"17:00:00": {
			"DAM_lmp($/MWh)": 23.8105,
			"RTM_lmp($/MWh)": 0.0
		},
		"18:00:00": {
			"DAM_lmp($/MWh)": 41.74856,
			"RTM_lmp($/MWh)": 14.17596
		},
		"19:00:00": {
			"DAM_lmp($/MWh)": 61.76239,
			"RTM_lmp($/MWh)": 26.4655
		},
		"20:00:00": {
			"DAM_lmp($/MWh)": 61.55883,
			"RTM_lmp($/MWh)": 40.0
		},
		"21:00:00": {
			"DAM_lmp($/MWh)": 47.4391,
			"RTM_lmp($/MWh)": 40.00553
		},
		"22:00:00": {
			"DAM_lmp($/MWh)": 38.64878,
			"RTM_lmp($/MWh)": 30.70968
		},
		"23:00:00": {
			"DAM_lmp($/MWh)": 30.71632,
			"RTM_lmp($/MWh)": 32.69363
		}
	}
}