{
	"2023-05-22": {
		"00:00:00": {
			"DAM_lmp($/MWh)": 31.87712,
			"RTM_lmp($/MWh)": 29.35053
		},
		"01:00:00": {
			"DAM_lmp($/MWh)": 28.55189,
			"RTM_lmp($/MWh)": 25.21227
		},
		"02:00:00": {
			"DAM_lmp($/MWh)": 27.71652,
			"RTM_lmp($/MWh)": 21.00985
		},
		"03:00:00": {
			"DAM_lmp($/MWh)": 26.25063,
			"RTM_lmp($/MWh)": 6.48983
		},
		"04:00:00": {
			"DAM_lmp($/MWh)": 29.42791,
			"RTM_lmp($/MWh)": 1.8063
		},
		"05:00:00": {
			"DAM_lmp($/MWh)": 35.85333,
			"RTM_lmp($/MWh)": 30.81135
		},
		"06:00:00": {
			"DAM_lmp($/MWh)": 38.58345,
			"RTM_lmp($/MWh)": 72.0
		},
		"07:00:00": {
			"DAM_lmp($/MWh)": 25.40203,
			"RTM_lmp($/MWh)": 18.0208
		},
		"08:00:00": {
			"DAM_lmp($/MWh)": 8.819,
			"RTM_lmp($/MWh)": 12.8688
		},
		"09:00:00": {
			"DAM_lmp($/MWh)": 5.74619,
			"RTM_lmp($/MWh)": 12.94
		},
		"10:00:00": {
			"DAM_lmp($/MWh)": 4.40831,
			"RTM_lmp($/MWh)": 15.4
		},
		"11:00:00": {
			"DAM_lmp($/MWh)": 3.14063,
			"RTM_lmp($/MWh)": 4.76929
		},
		"12:00:00": {
			"DAM_lmp($/MWh)": 1.03042,
			"RTM_lmp($/MWh)": 14.24146
		},
		"13:00:00": {
			"DAM_lmp($/MWh)": 0.47944,
			"RTM_lmp($/MWh)": 14.41662
		},
		"14:00:00": {
			"DAM_lmp($/MWh)": 1.56026,
			"RTM_lmp($/MWh)": 9.9976
		},
		"15:00:00": {
			"DAM_lmp($/MWh)": 4.52264,
			"RTM_lmp($/MWh)": 4.9988
		},
		"16:00:00": {
			"DAM_lmp($/MWh)": 9.07192,
			"RTM_lmp($/MWh)": 4.95
		},
		"17:00:00": {
			"DAM_lmp($/MWh)": 24.01714,
			"RTM_lmp($/MWh)": 0.0
		},
		"18:00:00": {
			"DAM_lmp($/MWh)": 43.35745,
			"RTM_lmp($/MWh)": 13.76898
		},
		"19:00:00": {
			"DAM_lmp($/MWh)": 64.87342,
			"RTM_lmp($/MWh)": 27.81326
		},
		"20:00:00": {
			"DAM_lmp($/MWh)": 64.97661,
			"RTM_lmp($/MWh)": 40.0
		},
		"21:00:00": {
			"DAM_lmp($/MWh)": 49.85523,
			"RTM_lmp($/MWh)": 43.30785
		},
		"22:00:00": {
			"DAM_lmp($/MWh)": 41.32184,
			"RTM_lmp($/MWh)": 32.84251
		},
		"23:00:00": {
			"DAM_lmp($/MWh)": 34.19659,
			"RTM_lmp($/MWh)": 33.83967
		}
	},
	"2023-05-23": {
		"00:00:00": {
			"DAM_lmp($/MWh)": 31.87712,
			"RTM_lmp($/MWh)": 29.35053
		},
		"01:00:00": {
			"DAM_lmp($/MWh)": 28.55189,
			"RTM_lmp($/MWh)": 25.21227
		},
		"02:00:00": {
			"DAM_lmp($/MWh)": 27.71652,
			"RTM_lmp($/MWh)": 21.00985
		},
		"03:00:00": {
			"DAM_lmp($/MWh)": 26.25063,
			"RTM_lmp($/MWh)": 6.48983
		},
		"04:00:00": {
			"DAM_lmp($/MWh)": 29.42791,
			"RTM_lmp($/MWh)": 1.8063
		},
		"05:00:00": {
			"DAM_lmp($/MWh)": 35.85333,
			"RTM_lmp($/MWh)": 30.81135
		},
		"06:00:00": {
			"DAM_lmp($/MWh)": 38.58345,
			"RTM_lmp($/MWh)": 72.0
		},
		"07:00:00": {
			"DAM_lmp($/MWh)": 25.40203,
			"RTM_lmp($/MWh)": 18.0208
		},
		"08:00:00": {
			"DAM_lmp($/MWh)": 8.819,
			"RTM_lmp($/MWh)": 12.8688
		},
		"09:00:00": {
			"DAM_lmp($/MWh)": 5.74619,
			"RTM_lmp($/MWh)": 12.94
		},
		"10:00:00": {
			"DAM_lmp($/MWh)": 4.40831,
			"RTM_lmp($/MWh)": 15.4
		},
		"11:00:00": {
			"DAM_lmp($/MWh)": 3.14063,
			"RTM_lmp($/MWh)": 4.76929
		},
		"12:00:00": {
			"DAM_lmp($/MWh)": 1.03042,
			"RTM_lmp($/MWh)": 14.24146
		},
		"13:00:00": {
			"DAM_lmp($/MWh)": 0.47944,
			"RTM_lmp($/MWh)": 14.41662
		},
		"14:00:00": {
			"DAM_lmp($/MWh)": 1.56026,
			"RTM_lmp($/MWh)": 9.9976
		},
		"15:00:00": {
			"DAM_lmp($/MWh)": 4.52264,
			"RTM_lmp($/MWh)": 4.9988
		},
		"16:00:00": {
			"DAM_lmp($/MWh)": 9.07192,
			"RTM_lmp($/MWh)": 4.95
		},
		"17:00:00": {
			"DAM_lmp($/MWh)": 24.01714,
			"RTM_lmp($/MWh)": 0.0
		},
		"18:00:00": {
			"DAM_lmp($/MWh)": 43.35745,
			"RTM_lmp($/MWh)": 13.76898
		},
		"19:00:00": {
			"DAM_lmp($/MWh)": 64.87342,
			"RTM_lmp($/MWh)": 27.81326
		},
		"20:00:00": {
			"DAM_lmp($/MWh)": 64.97661,
			"RTM_lmp($/MWh)": 40.0
		},
		"21:00:00": {
			"DAM_lmp($/MWh)": 49.85523,
			"RTM_lmp($/MWh)": 43.30785
		},
		"22:00:00": {
			"DAM_lmp($/MWh)": 41.32184,
			"RTM_lmp($/MWh)": 32.84251
		},
		"23:00:00": {
			"DAM_lmp($/MWh)": 34.19659,
			"RTM_lmp($/MWh)": 33.83967
		}
	}
}