{
	"2023-05-22": {
		"00:00:00": {
			"DAM_lmp($/MWh)": 47.39454,
			"RTM_lmp($/MWh)": 27.95898
		},
		"01:00:00": {
			"DAM_lmp($/MWh)": 45.58081,
			"RTM_lmp($/MWh)": 24.10706
		},
		"02:00:00": {
			"DAM_lmp($/MWh)": 48.82163,
			"RTM_lmp($/MWh)": 20.09647
		},
		"03:00:00": {
			"DAM_lmp($/MWh)": 49.07684,
			"RTM_lmp($/MWh)": 6.31133
		},
		"04:00:00": {
			"DAM_lmp($/MWh)": 49.18889,
			"RTM_lmp($/MWh)": 1.53464
		},
		"05:00:00": {
			"DAM_lmp($/MWh)": 44.49849,
			"RTM_lmp($/MWh)": 30.81135
		},
		"06:00:00": {
			"DAM_lmp($/MWh)": 54.47327,
			"RTM_lmp($/MWh)": 72.0
		},
		"07:00:00": {
			"DAM_lmp($/MWh)": 25.64013,
			"RTM_lmp($/MWh)": 18.0208
		},
		"08:00:00": {
			"DAM_lmp($/MWh)": 6.08963,
			"RTM_lmp($/MWh)": 12.8688
		},
		"09:00:00": {
			"DAM_lmp($/MWh)": 2.64599,
			"RTM_lmp($/MWh)": 12.94
		},
		"10:00:00": {
			"DAM_lmp($/MWh)": 2.52157,
			"RTM_lmp($/MWh)": 15.4
		},
		"11:00:00": {
			"DAM_lmp($/MWh)": 1.43024,
			"RTM_lmp($/MWh)": 3.80971
		},
		"12:00:00": {
			"DAM_lmp($/MWh)": -0.81065,
			"RTM_lmp($/MWh)": 14.74343
		},
		"13:00:00": {
			"DAM_lmp($/MWh)": -1.52913,
			"RTM_lmp($/MWh)": 14.97382
		},
		"14:00:00": {
			"DAM_lmp($/MWh)": -0.41318,
			"RTM_lmp($/MWh)": 9.9976
		},
		"15:00:00": {
			"DAM_lmp($/MWh)": 2.66693,
			"RTM_lmp($/MWh)": 4.9988
		},
		"16:00:00": {
			"DAM_lmp($/MWh)": 7.76015,
			"RTM_lmp($/MWh)": 4.95
		},
		"17:00:00": {
			"DAM_lmp($/MWh)": 24.18145,
			"RTM_lmp($/MWh)": 0.0
		},
		"18:00:00": {
			"DAM_lmp($/MWh)": 43.23912,
			"RTM_lmp($/MWh)": 13.34914
		},
		"19:00:00": {
			"DAM_lmp($/MWh)": 61.00829,
			"RTM_lmp($/MWh)": 26.31697
		},
		"20:00:00": {
			"DAM_lmp($/MWh)": 61.21576,
			"RTM_lmp($/MWh)": 40.0
		},
		"21:00:00": {
			"DAM_lmp($/MWh)": 48.8119,
			"RTM_lmp($/MWh)": 41.91055
		},
		"22:00:00": {
			"DAM_lmp($/MWh)": 47.36193,
			"RTM_lmp($/MWh)": 31.76654
		},
		"23:00:00": {
			"DAM_lmp($/MWh)": 46.97559,
			"RTM_lmp($/MWh)": 33.00589
		}
	},
	"2023-05-23": {
		"00:00:00": {
			"DAM_lmp($/MWh)": 47.39454,
			"RTM_lmp($/MWh)": 27.95898
		},
		"01:00:00": {
			"DAM_lmp($/MWh)": 45.58081,
			"RTM_lmp($/MWh)": 24.10706
		},
		"02:00:00": {
			"DAM_lmp($/MWh)": 48.82163,
			"RTM_lmp($/MWh)": 20.09647
		},
		"03:00:00": {
			"DAM_lmp($/MWh)": 49.07684,
			"RTM_lmp($/MWh)": 6.31133
		},
		"04:00:00": {
			"DAM_lmp($/MWh)": 49.18889,
			"RTM_lmp($/MWh)": 1.53464
		},
		"05:00:00": {
			"DAM_lmp($/MWh)": 44.49849,
			"RTM_lmp($/MWh)": 30.81135
		},
		"06:00:00": {
			"DAM_lmp($/MWh)": 54.47327,
			"RTM_lmp($/MWh)": 72.0
		},
		"07:00:00": {
			"DAM_lmp($/MWh)": 25.64013,
			"RTM_lmp($/MWh)": 18.0208
		},
		"08:00:00": {
			"DAM_lmp($/MWh)": 6.08963,
			"RTM_lmp($/MWh)": 12.8688
		},
		"09:00:00": {
			"DAM_lmp($/MWh)": 2.64599,
			"RTM_lmp($/MWh)": 12.94
		},
		"10:00:00": {
			"DAM_lmp($/MWh)": 2.52157,
			"RTM_lmp($/MWh)": 15.4
		},
		"11:00:00": {
			"DAM_lmp($/MWh)": 1.43024,
			"RTM_lmp($/MWh)": 3.80971
		},
		"12:00:00": {
			"DAM_lmp($/MWh)": -0.81065,
			"RTM_lmp($/MWh)": 14.74343
		},
		"13:00:00": {
			"DAM_lmp($/MWh)": -1.52913,
			"RTM_lmp($/MWh)": 14.97382
		},
		"14:00:00": {
			"DAM_lmp($/MWh)": -0.41318,
			"RTM_lmp($/MWh)": 9.9976
		},
		"15:00:00": {
			"DAM_lmp($/MWh)": 2.66693,
			"RTM_lmp($/MWh)": 4.9988
		},
		"16:00:00": {
			"DAM_lmp($/MWh)": 7.76015,
			"RTM_lmp($/MWh)": 4.95
		},
		"17:00:00": {
			"DAM_lmp($/MWh)": 24.18145,
			"RTM_lmp($/MWh)": 0.0
		},
		"18:00:00": {
			"DAM_lmp($/MWh)": 43.23912,
			"RTM_lmp($/MWh)": 13.34914
		},
		"19:00:00": {
			"DAM_lmp($/MWh)": 61.00829,
			"RTM_lmp($/MWh)": 26.31697
		},
		"20:00:00": {
			"DAM_lmp($/MWh)": 61.21576,
			"RTM_lmp($/MWh)": 40.0
		},
		"21:00:00": {
			"DAM_lmp($/MWh)": 48.8119,
			"RTM_lmp($/MWh)": 41.91055
		},
		"22:00:00": {
			"DAM_lmp($/MWh)": 47.36193,
			"RTM_lmp($/MWh)": 31.76654
		},
		"23:00:00": {
			"DAM_lmp($/MWh)": 46.97559,
			"RTM_lmp($/MWh)": 33.00589
		}
	}
}