{
	"2023-05-22": {
		"00:00:00": {
			"DAM_lmp($/MWh)": 31.60339,
			"RTM_lmp($/MWh)": 27.37277
		},
		"01:00:00": {
			"DAM_lmp($/MWh)": 28.48896,
			"RTM_lmp($/MWh)": 23.75596
		},
		"02:00:00": {
			"DAM_lmp($/MWh)": 28.00229,
			"RTM_lmp($/MWh)": 19.7188
		},
		"03:00:00": {
			"DAM_lmp($/MWh)": 26.60662,
			"RTM_lmp($/MWh)": 5.61164
		},
		"04:00:00": {
			"DAM_lmp($/MWh)": 29.44364,
			"RTM_lmp($/MWh)": 1.4305
		},
		"05:00:00": {
			"DAM_lmp($/MWh)": 34.91455,
			"RTM_lmp($/MWh)": 30.81135
		},
		"06:00:00": {
			"DAM_lmp($/MWh)": 37.89938,
			"RTM_lmp($/MWh)": 72.0
		},
		"07:00:00": {
			"DAM_lmp($/MWh)": 24.67737,
			"RTM_lmp($/MWh)": 18.0208
		},
		"08:00:00": {
			"DAM_lmp($/MWh)": 7.54957,
			"RTM_lmp($/MWh)": 12.8688
		},
		"09:00:00": {
			"DAM_lmp($/MWh)": 4.48966,
			"RTM_lmp($/MWh)": 12.94
		},
		"10:00:00": {
			"DAM_lmp($/MWh)": 3.7407,
			"RTM_lmp($/MWh)": 15.4
		},
		"11:00:00": {
			"DAM_lmp($/MWh)": 2.5634,
			"RTM_lmp($/MWh)": 11.21222
		},
		"12:00:00": {
			"DAM_lmp($/MWh)": 0.45122,
			"RTM_lmp($/MWh)": 14.3862
		},
		"13:00:00": {
			"DAM_lmp($/MWh)": -0.14294,
			"RTM_lmp($/MWh)": 14.59555
		},
		"14:00:00": {
			"DAM_lmp($/MWh)": 0.85637,
			"RTM_lmp($/MWh)": 9.9976
		},
		"15:00:00": {
			"DAM_lmp($/MWh)": 3.83052,
			"RTM_lmp($/MWh)": 4.9988
		},
		"16:00:00": {
			"DAM_lmp($/MWh)": 8.31675,
			"RTM_lmp($/MWh)": 4.95
		},
		"17:00:00": {
			"DAM_lmp($/MWh)": 23.39474,
			"RTM_lmp($/MWh)": 0.0
		},
		"18:00:00": {
			"DAM_lmp($/MWh)": 41.77532,
			"RTM_lmp($/MWh)": 13.29202
		},
		"19:00:00": {
			"DAM_lmp($/MWh)": 61.83561,
			"RTM_lmp($/MWh)": 26.15469
		},
		"20:00:00": {
			"DAM_lmp($/MWh)": 62.08315,
			"RTM_lmp($/MWh)": 40.0
		},
		"21:00:00": {
			"DAM_lmp($/MWh)": 48.00819,
			"RTM_lmp($/MWh)": 40.20274
		},
		"22:00:00": {
			"DAM_lmp($/MWh)": 40.19927,
			"RTM_lmp($/MWh)": 30.67148
		},
		"23:00:00": {
			"DAM_lmp($/MWh)": 34.3524,
			"RTM_lmp($/MWh)": 31.95618
		}
	},
	"2023-05-23": {
		"00:00:00": {
			"DAM_lmp($/MWh)": 31.60339,
			"RTM_lmp($/MWh)": 27.37277
		},
		"01:00:00": {
			"DAM_lmp($/MWh)": 28.48896,
			"RTM_lmp($/MWh)": 23.75596
		},
		"02:00:00": {
			"DAM_lmp($/MWh)": 28.00229,
			"RTM_lmp($/MWh)": 19.7188
		},
		"03:00:00": {
			"DAM_lmp($/MWh)": 26.60662,
			"RTM_lmp($/MWh)": 5.61164
		},
		"04:00:00": {
			"DAM_lmp($/MWh)": 29.44364,
			"RTM_lmp($/MWh)": 1.4305
		},
		"05:00:00": {
			"DAM_lmp($/MWh)": 34.91455,
			"RTM_lmp($/MWh)": 30.81135
		},
		"06:00:00": {
			"DAM_lmp($/MWh)": 37.89938,
			"RTM_lmp($/MWh)": 72.0
		},
		"07:00:00": {
			"DAM_lmp($/MWh)": 24.67737,
			"RTM_lmp($/MWh)": 18.0208
		},
		"08:00:00": {
			"DAM_lmp($/MWh)": 7.54957,
			"RTM_lmp($/MWh)": 12.8688
		},
		"09:00:00": {
			"DAM_lmp($/MWh)": 4.48966,
			"RTM_lmp($/MWh)": 12.94
		},
		"10:00:00": {
			"DAM_lmp($/MWh)": 3.7407,
			"RTM_lmp($/MWh)": 15.4
		},
		"11:00:00": {
			"DAM_lmp($/MWh)": 2.5634,
			"RTM_lmp($/MWh)": 11.21222
		},
		"12:00:00": {
			"DAM_lmp($/MWh)": 0.45122,
			"RTM_lmp($/MWh)": 14.3862
		},
		"13:00:00": {
			"DAM_lmp($/MWh)": -0.14294,
			"RTM_lmp($/MWh)": 14.59555
		},
		"14:00:00": {
			"DAM_lmp($/MWh)": 0.85637,
			"RTM_lmp($/MWh)": 9.9976
		},
		"15:00:00": {
			"DAM_lmp($/MWh)": 3.83052,
			"RTM_lmp($/MWh)": 4.9988
		},
		"16:00:00": {
			"DAM_lmp($/MWh)": 8.31675,
			"RTM_lmp($/MWh)": 4.95
		},
		"17:00:00": {
			"DAM_lmp($/MWh)": 23.39474,
			"RTM_lmp($/MWh)": 0.0
		},
		"18:00:00": {
			"DAM_lmp($/MWh)": 41.77532,
			"RTM_lmp($/MWh)": 13.29202
		},
		"19:00:00": {
			"DAM_lmp($/MWh)": 61.83561,
			"RTM_lmp($/MWh)": 26.15469
		},
		"20:00:00": {
			"DAM_lmp($/MWh)": 62.08315,
			"RTM_lmp($/MWh)": 40.0
		},
		"21:00:00": {
			"DAM_lmp($/MWh)": 48.00819,
			"RTM_lmp($/MWh)": 40.20274
		},
		"22:00:00": {
			"DAM_lmp($/MWh)": 40.19927,
			"RTM_lmp($/MWh)": 30.67148
		},
		"23:00:00": {
			"DAM_lmp($/MWh)": 34.3524,
			"RTM_lmp($/MWh)": 31.95618
		}
	}
}