{
	"2023-05-22": {
		"00:00:00": {
			"DAM_lmp($/MWh)": 34.21502,
			"RTM_lmp($/MWh)": 27.91914
		},
		"01:00:00": {
			"DAM_lmp($/MWh)": 29.0604,
			"RTM_lmp($/MWh)": 23.93893
		},
		"02:00:00": {
			"DAM_lmp($/MWh)": 28.44055,
			"RTM_lmp($/MWh)": 19.60591
		},
		"03:00:00": {
			"DAM_lmp($/MWh)": 25.29387,
			"RTM_lmp($/MWh)": 7.06212
		},
		"04:00:00": {
			"DAM_lmp($/MWh)": 26.39381,
			"RTM_lmp($/MWh)": 1.97072
		},
		"05:00:00": {
			"DAM_lmp($/MWh)": 32.65218,
			"RTM_lmp($/MWh)": 30.81135
		},
		"06:00:00": {
			"DAM_lmp($/MWh)": 32.73191,
			"RTM_lmp($/MWh)": 72.0
		},
		"07:00:00": {
			"DAM_lmp($/MWh)": 25.83683,
			"RTM_lmp($/MWh)": 18.0208
		},
		"08:00:00": {
			"DAM_lmp($/MWh)": 16.917,
			"RTM_lmp($/MWh)": 12.8688
		},
		"09:00:00": {
			"DAM_lmp($/MWh)": 14.63575,
			"RTM_lmp($/MWh)": 12.94
		},
		"10:00:00": {
			"DAM_lmp($/MWh)": 9.92435,
			"RTM_lmp($/MWh)": 15.4
		},
		"11:00:00": {
			"DAM_lmp($/MWh)": 8.18805,
			"RTM_lmp($/MWh)": 14.7764
		},
		"12:00:00": {
			"DAM_lmp($/MWh)": 6.24159,
			"RTM_lmp($/MWh)": 15.13916
		},
		"13:00:00": {
			"DAM_lmp($/MWh)": 6.04008,
			"RTM_lmp($/MWh)": 15.45725
		},
		"14:00:00": {
			"DAM_lmp($/MWh)": 7.18557,
			"RTM_lmp($/MWh)": 9.9976
		},
		"15:00:00": {
			"DAM_lmp($/MWh)": 10.28942,
			"RTM_lmp($/MWh)": 4.9988
		},
		"16:00:00": {
			"DAM_lmp($/MWh)": 14.58875,
			"RTM_lmp($/MWh)": 4.95
		},
		"17:00:00": {
			"DAM_lmp($/MWh)": 26.26773,
			"RTM_lmp($/MWh)": 0.0
		},
		"18:00:00": {
			"DAM_lmp($/MWh)": 47.9772,
			"RTM_lmp($/MWh)": 14.36875
		},
		"19:00:00": {
			"DAM_lmp($/MWh)": 71.05246,
			"RTM_lmp($/MWh)": 28.26984
		},
		"20:00:00": {
			"DAM_lmp($/MWh)": 72.71642,
			"RTM_lmp($/MWh)": 40.0
		},
		"21:00:00": {
			"DAM_lmp($/MWh)": 56.28467,
			"RTM_lmp($/MWh)": 43.10224
		},
		"22:00:00": {
			"DAM_lmp($/MWh)": 44.98954,
			"RTM_lmp($/MWh)": 32.21221
		},
		"23:00:00": {
			"DAM_lmp($/MWh)": 32.88555,
			"RTM_lmp($/MWh)": 32.92284
		}
	},
	"2023-05-23": {
		"00:00:00": {
			"DAM_lmp($/MWh)": 34.21502,
			"RTM_lmp($/MWh)": 27.91914
		},
		"01:00:00": {
			"DAM_lmp($/MWh)": 29.0604,
			"RTM_lmp($/MWh)": 23.93893
		},
		"02:00:00": {
			"DAM_lmp($/MWh)": 28.44055,
			"RTM_lmp($/MWh)": 19.60591
		},
		"03:00:00": {
			"DAM_lmp($/MWh)": 25.29387,
			"RTM_lmp($/MWh)": 7.06212
		},
		"04:00:00": {
			"DAM_lmp($/MWh)": 26.39381,
			"RTM_lmp($/MWh)": 1.97072
		},
		"05:00:00": {
			"DAM_lmp($/MWh)": 32.65218,
			"RTM_lmp($/MWh)": 30.81135
		},
		"06:00:00": {
			"DAM_lmp($/MWh)": 32.73191,
			"RTM_lmp($/MWh)": 72.0
		},
		"07:00:00": {
			"DAM_lmp($/MWh)": 25.83683,
			"RTM_lmp($/MWh)": 18.0208
		},
		"08:00:00": {
			"DAM_lmp($/MWh)": 16.917,
			"RTM_lmp($/MWh)": 12.8688
		},
		"09:00:00": {
			"DAM_lmp($/MWh)": 14.63575,
			"RTM_lmp($/MWh)": 12.94
		},
		"10:00:00": {
			"DAM_lmp($/MWh)": 9.92435,
			"RTM_lmp($/MWh)": 15.4
		},
		"11:00:00": {
			"DAM_lmp($/MWh)": 8.18805,
			"RTM_lmp($/MWh)": 14.7764
		},
		"12:00:00": {
			"DAM_lmp($/MWh)": 6.24159,
			"RTM_lmp($/MWh)": 15.13916
		},
		"13:00:00": {
			"DAM_lmp($/MWh)": 6.04008,
			"RTM_lmp($/MWh)": 15.45725
		},
		"14:00:00": {
			"DAM_lmp($/MWh)": 7.18557,
			"RTM_lmp($/MWh)": 9.9976
		},
		"15:00:00": {
			"DAM_lmp($/MWh)": 10.28942,
			"RTM_lmp($/MWh)": 4.9988
		},
		"16:00:00": {
			"DAM_lmp($/MWh)": 14.58875,
			"RTM_lmp($/MWh)": 4.95
		},
		"17:00:00": {
			"DAM_lmp($/MWh)": 26.26773,
			"RTM_lmp($/MWh)": 0.0
		},
		"18:00:00": {
			"DAM_lmp($/MWh)": 47.9772,
			"RTM_lmp($/MWh)": 14.36875
		},
		"19:00:00": {
			"DAM_lmp($/MWh)": 71.05246,
			"RTM_lmp($/MWh)": 28.26984
		},
		"20:00:00": {
			"DAM_lmp($/MWh)": 72.71642,
			"RTM_lmp($/MWh)": 40.0
		},
		"21:00:00": {
			"DAM_lmp($/MWh)": 56.28467,
			"RTM_lmp($/MWh)": 43.10224
		},
		"22:00:00": {
			"DAM_lmp($/MWh)": 44.98954,
			"RTM_lmp($/MWh)": 32.21221
		},
		"23:00:00": {
			"DAM_lmp($/MWh)": 32.88555,
			"RTM_lmp($/MWh)": 32.92284
		}
	}
}