{
	"2023-05-22": {
		"00:00:00": {
			"DAM_lmp($/MWh)": 30.85242,
			"RTM_lmp($/MWh)": 29.12002
		},
		"01:00:00": {
			"DAM_lmp($/MWh)": 26.9932,
			"RTM_lmp($/MWh)": 25.67216
		},
		"02:00:00": {
			"DAM_lmp($/MWh)": 25.6576,
			"RTM_lmp($/MWh)": 21.36289
		},
		"03:00:00": {
			"DAM_lmp($/MWh)": 23.76825,
			"RTM_lmp($/MWh)": 23.30942
		},
		"04:00:00": {
			"DAM_lmp($/MWh)": 27.61781,
			"RTM_lmp($/MWh)": 20.56243
		},
		"05:00:00": {
			"DAM_lmp($/MWh)": 35.83113,
			"RTM_lmp($/MWh)": 30.81135
		},
		"06:00:00": {
			"DAM_lmp($/MWh)": 37.42503,
			"RTM_lmp($/MWh)": 72.0
		},
		"07:00:00": {
			"DAM_lmp($/MWh)": 26.52008,
			"RTM_lmp($/MWh)": 18.0208
		},
		"08:00:00": {
			"DAM_lmp($/MWh)": 20.28606,
			"RTM_lmp($/MWh)": 12.8688
		},
		"09:00:00": {
			"DAM_lmp($/MWh)": 15.238,
			"RTM_lmp($/MWh)": 12.94
		},
		"10:00:00": {
			"DAM_lmp($/MWh)": 10.08713,
			"RTM_lmp($/MWh)": 15.4
		},
		"11:00:00": {
			"DAM_lmp($/MWh)": 10.7276,
			"RTM_lmp($/MWh)": 14.7764
		},
		"12:00:00": {
			"DAM_lmp($/MWh)": 5.37793,
			"RTM_lmp($/MWh)": 15.86902
		},
		"13:00:00": {
			"DAM_lmp($/MWh)": 4.70299,
			"RTM_lmp($/MWh)": 16.32366
		},
		"14:00:00": {
			"DAM_lmp($/MWh)": 4.79191,
			"RTM_lmp($/MWh)": 9.9976
		},
		"15:00:00": {
			"DAM_lmp($/MWh)": 7.74815,
			"RTM_lmp($/MWh)": 4.9988
		},
		"16:00:00": {
			"DAM_lmp($/MWh)": 12.08674,
			"RTM_lmp($/MWh)": 4.95
		},
		"17:00:00": {
			"DAM_lmp($/MWh)": 25.23704,
			"RTM_lmp($/MWh)": 0.0
		},
		"18:00:00": {
			"DAM_lmp($/MWh)": 43.90528,
			"RTM_lmp($/MWh)": 14.75146
		},
		"19:00:00": {
			"DAM_lmp($/MWh)": 64.47269,
			"RTM_lmp($/MWh)": 27.60147
		},
		"20:00:00": {
			"DAM_lmp($/MWh)": 64.0898,
			"RTM_lmp($/MWh)": 40.0
		},
		"21:00:00": {
			"DAM_lmp($/MWh)": 50.06989,
			"RTM_lmp($/MWh)": 41.65879
		},
		"22:00:00": {
			"DAM_lmp($/MWh)": 40.74216,
			"RTM_lmp($/MWh)": 31.80156
		},
		"23:00:00": {
			"DAM_lmp($/MWh)": 32.66878,
			"RTM_lmp($/MWh)": 33.68022
		}
	},
	"2023-05-23": {
		"00:00:00": {
			"DAM_lmp($/MWh)": 30.85242,
			"RTM_lmp($/MWh)": 29.12002
		},
		"01:00:00": {
			"DAM_lmp($/MWh)": 26.9932,
			"RTM_lmp($/MWh)": 25.67216
		},
		"02:00:00": {
			"DAM_lmp($/MWh)": 25.6576,
			"RTM_lmp($/MWh)": 21.36289
		},
		"03:00:00": {
			"DAM_lmp($/MWh)": 23.76825,
			"RTM_lmp($/MWh)": 23.30942
		},
		"04:00:00": {
			"DAM_lmp($/MWh)": 27.61781,
			"RTM_lmp($/MWh)": 20.56243
		},
		"05:00:00": {
			"DAM_lmp($/MWh)": 35.83113,
			"RTM_lmp($/MWh)": 30.81135
		},
		"06:00:00": {
			"DAM_lmp($/MWh)": 37.42503,
			"RTM_lmp($/MWh)": 72.0
		},
		"07:00:00": {
			"DAM_lmp($/MWh)": 26.52008,
			"RTM_lmp($/MWh)": 18.0208
		},
		"08:00:00": {
			"DAM_lmp($/MWh)": 20.28606,
			"RTM_lmp($/MWh)": 12.8688
		},
		"09:00:00": {
			"DAM_lmp($/MWh)": 15.238,
			"RTM_lmp($/MWh)": 12.94
		},
		"10:00:00": {
			"DAM_lmp($/MWh)": 10.08713,
			"RTM_lmp($/MWh)": 15.4
		},
		"11:00:00": {
			"DAM_lmp($/MWh)": 10.7276,
			"RTM_lmp($/MWh)": 14.7764
		},
		"12:00:00": {
			"DAM_lmp($/MWh)": 5.37793,
			"RTM_lmp($/MWh)": 15.86902
		},
		"13:00:00": {
			"DAM_lmp($/MWh)": 4.70299,
			"RTM_lmp($/MWh)": 16.32366
		},
		"14:00:00": {
			"DAM_lmp($/MWh)": 4.79191,
			"RTM_lmp($/MWh)": 9.9976
		},
		"15:00:00": {
			"DAM_lmp($/MWh)": 7.74815,
			"RTM_lmp($/MWh)": 4.9988
		},
		"16:00:00": {
			"DAM_lmp($/MWh)": 12.08674,
			"RTM_lmp($/MWh)": 4.95
		},
		"17:00:00": {
			"DAM_lmp($/MWh)": 25.23704,
			"RTM_lmp($/MWh)": 0.0
		},
		"18:00:00": {
			"DAM_lmp($/MWh)": 43.90528,
			"RTM_lmp($/MWh)": 14.75146
		},
		"19:00:00": {
			"DAM_lmp($/MWh)": 64.47269,
			"RTM_lmp($/MWh)": 27.60147
		},
		"20:00:00": {
			"DAM_lmp($/MWh)": 64.0898,
			"RTM_lmp($/MWh)": 40.0
		},
		"21:00:00": {
			"DAM_lmp($/MWh)": 50.06989,
			"RTM_lmp($/MWh)": 41.65879
		},
		"22:00:00": {
			"DAM_lmp($/MWh)": 40.74216,
			"RTM_lmp($/MWh)": 31.80156
		},
		"23:00:00": {
			"DAM_lmp($/MWh)": 32.66878,
			"RTM_lmp($/MWh)": 33.68022
		}
	}
}