{
	"2023-05-22": {
		"00:00:00": {
			"DAM_lmp($/MWh)": 30.99129,
			"RTM_lmp($/MWh)": 29.23954
		},
		"01:00:00": {
			"DAM_lmp($/MWh)": 27.10699,
			"RTM_lmp($/MWh)": 25.77848
		},
		"02:00:00": {
			"DAM_lmp($/MWh)": 25.77312,
			"RTM_lmp($/MWh)": 21.44499
		},
		"03:00:00": {
			"DAM_lmp($/MWh)": 23.87282,
			"RTM_lmp($/MWh)": 23.36982
		},
		"04:00:00": {
			"DAM_lmp($/MWh)": 27.72842,
			"RTM_lmp($/MWh)": 20.60904
		},
		"05:00:00": {
			"DAM_lmp($/MWh)": 35.96831,
			"RTM_lmp($/MWh)": 30.81135
		},
		"06:00:00": {
			"DAM_lmp($/MWh)": 37.60131,
			"RTM_lmp($/MWh)": 72.0
		},
		"07:00:00": {
			"DAM_lmp($/MWh)": 26.62619,
			"RTM_lmp($/MWh)": 18.0208
		},
		"08:00:00": {
			"DAM_lmp($/MWh)": 20.95431,
			"RTM_lmp($/MWh)": 12.8688
		},
		"09:00:00": {
			"DAM_lmp($/MWh)": 16.49596,
			"RTM_lmp($/MWh)": 12.94
		},
		"10:00:00": {
			"DAM_lmp($/MWh)": 12.7892,
			"RTM_lmp($/MWh)": 15.4
		},
		"11:00:00": {
			"DAM_lmp($/MWh)": 13.98001,
			"RTM_lmp($/MWh)": 14.7764
		},
		"12:00:00": {
			"DAM_lmp($/MWh)": 8.04958,
			"RTM_lmp($/MWh)": 15.94754
		},
		"13:00:00": {
			"DAM_lmp($/MWh)": 7.22776,
			"RTM_lmp($/MWh)": 16.42411
		},
		"14:00:00": {
			"DAM_lmp($/MWh)": 7.18056,
			"RTM_lmp($/MWh)": 9.9976
		},
		"15:00:00": {
			"DAM_lmp($/MWh)": 7.77052,
			"RTM_lmp($/MWh)": 4.9988
		},
		"16:00:00": {
			"DAM_lmp($/MWh)": 14.19043,
			"RTM_lmp($/MWh)": 4.95
		},
		"17:00:00": {
			"DAM_lmp($/MWh)": 25.30675,
			"RTM_lmp($/MWh)": 0.0
		},
		"18:00:00": {
			"DAM_lmp($/MWh)": 44.01923,
			"RTM_lmp($/MWh)": 14.82143
		},
		"19:00:00": {
			"DAM_lmp($/MWh)": 64.67952,
			"RTM_lmp($/MWh)": 27.73899
		},
		"20:00:00": {
			"DAM_lmp($/MWh)": 64.34225,
			"RTM_lmp($/MWh)": 40.0
		},
		"21:00:00": {
			"DAM_lmp($/MWh)": 50.29952,
			"RTM_lmp($/MWh)": 41.87279
		},
		"22:00:00": {
			"DAM_lmp($/MWh)": 40.9035,
			"RTM_lmp($/MWh)": 31.94799
		},
		"23:00:00": {
			"DAM_lmp($/MWh)": 32.79556,
			"RTM_lmp($/MWh)": 33.82306
		}
	},
	"2023-05-23": {
		"00:00:00": {
			"DAM_lmp($/MWh)": 30.99129,
			"RTM_lmp($/MWh)": 29.23954
		},
		"01:00:00": {
			"DAM_lmp($/MWh)": 27.10699,
			"RTM_lmp($/MWh)": 25.77848
		},
		"02:00:00": {
			"DAM_lmp($/MWh)": 25.77312,
			"RTM_lmp($/MWh)": 21.44499
		},
		"03:00:00": {
			"DAM_lmp($/MWh)": 23.87282,
			"RTM_lmp($/MWh)": 23.36982
		},
		"04:00:00": {
			"DAM_lmp($/MWh)": 27.72842,
			"RTM_lmp($/MWh)": 20.60904
		},
		"05:00:00": {
			"DAM_lmp($/MWh)": 35.96831,
			"RTM_lmp($/MWh)": 30.81135
		},
		"06:00:00": {
			"DAM_lmp($/MWh)": 37.60131,
			"RTM_lmp($/MWh)": 72.0
		},
		"07:00:00": {
			"DAM_lmp($/MWh)": 26.62619,
			"RTM_lmp($/MWh)": 18.0208
		},
		"08:00:00": {
			"DAM_lmp($/MWh)": 20.95431,
			"RTM_lmp($/MWh)": 12.8688
		},
		"09:00:00": {
			"DAM_lmp($/MWh)": 16.49596,
			"RTM_lmp($/MWh)": 12.94
		},
		"10:00:00": {
			"DAM_lmp($/MWh)": 12.7892,
			"RTM_lmp($/MWh)": 15.4
		},
		"11:00:00": {
			"DAM_lmp($/MWh)": 13.98001,
			"RTM_lmp($/MWh)": 14.7764
		},
		"12:00:00": {
			"DAM_lmp($/MWh)": 8.04958,
			"RTM_lmp($/MWh)": 15.94754
		},
		"13:00:00": {
			"DAM_lmp($/MWh)": 7.22776,
			"RTM_lmp($/MWh)": 16.42411
		},
		"14:00:00": {
			"DAM_lmp($/MWh)": 7.18056,
			"RTM_lmp($/MWh)": 9.9976
		},
		"15:00:00": {
			"DAM_lmp($/MWh)": 7.77052,
			"RTM_lmp($/MWh)": 4.9988
		},
		"16:00:00": {
			"DAM_lmp($/MWh)": 14.19043,
			"RTM_lmp($/MWh)": 4.95
		},
		"17:00:00": {
			"DAM_lmp($/MWh)": 25.30675,
			"RTM_lmp($/MWh)": 0.0
		},
		"18:00:00": {
			"DAM_lmp($/MWh)": 44.01923,
			"RTM_lmp($/MWh)": 14.82143
		},
		"19:00:00": {
			"DAM_lmp($/MWh)": 64.67952,
			"RTM_lmp($/MWh)": 27.73899
		},
		"20:00:00": {
			"DAM_lmp($/MWh)": 64.34225,
			"RTM_lmp($/MWh)": 40.0
		},
		"21:00:00": {
			"DAM_lmp($/MWh)": 50.29952,
			"RTM_lmp($/MWh)": 41.87279
		},
		"22:00:00": {
			"DAM_lmp($/MWh)": 40.9035,
			"RTM_lmp($/MWh)": 31.94799
		},
		"23:00:00": {
			"DAM_lmp($/MWh)": 32.79556,
			"RTM_lmp($/MWh)": 33.82306
		}
	}
}