{
	"2023-05-22": {
		"00:00:00": {
			"DAM_lmp($/MWh)": 47.13053,
			"RTM_lmp($/MWh)": 28.41429
		},
		"01:00:00": {
			"DAM_lmp($/MWh)": 45.04136,
			"RTM_lmp($/MWh)": 24.44579
		},
		"02:00:00": {
			"DAM_lmp($/MWh)": 47.99268,
			"RTM_lmp($/MWh)": 20.36946
		},
		"03:00:00": {
			"DAM_lmp($/MWh)": 48.02519,
			"RTM_lmp($/MWh)": 6.58044
		},
		"04:00:00": {
			"DAM_lmp($/MWh)": 48.53557,
			"RTM_lmp($/MWh)": 1.7417
		},
		"05:00:00": {
			"DAM_lmp($/MWh)": 44.58274,
			"RTM_lmp($/MWh)": 30.81135
		},
		"06:00:00": {
			"DAM_lmp($/MWh)": 54.22337,
			"RTM_lmp($/MWh)": 72.0
		},
		"07:00:00": {
			"DAM_lmp($/MWh)": 25.5599,
			"RTM_lmp($/MWh)": 18.0208
		},
		"08:00:00": {
			"DAM_lmp($/MWh)": 5.88495,
			"RTM_lmp($/MWh)": 12.8688
		},
		"09:00:00": {
			"DAM_lmp($/MWh)": 2.34456,
			"RTM_lmp($/MWh)": 12.94
		},
		"10:00:00": {
			"DAM_lmp($/MWh)": 2.37378,
			"RTM_lmp($/MWh)": 15.4
		},
		"11:00:00": {
			"DAM_lmp($/MWh)": 1.33301,
			"RTM_lmp($/MWh)": 3.80971
		},
		"12:00:00": {
			"DAM_lmp($/MWh)": -0.86016,
			"RTM_lmp($/MWh)": 14.54788
		},
		"13:00:00": {
			"DAM_lmp($/MWh)": -1.57172,
			"RTM_lmp($/MWh)": 14.7682
		},
		"14:00:00": {
			"DAM_lmp($/MWh)": -0.52872,
			"RTM_lmp($/MWh)": 9.9976
		},
		"15:00:00": {
			"DAM_lmp($/MWh)": 2.53735,
			"RTM_lmp($/MWh)": 4.9988
		},
		"16:00:00": {
			"DAM_lmp($/MWh)": 7.62098,
			"RTM_lmp($/MWh)": 4.95
		},
		"17:00:00": {
			"DAM_lmp($/MWh)": 24.23373,
			"RTM_lmp($/MWh)": 0.0
		},
		"18:00:00": {
			"DAM_lmp($/MWh)": 44.11565,
			"RTM_lmp($/MWh)": 13.52764
		},
		"19:00:00": {
			"DAM_lmp($/MWh)": 63.15415,
			"RTM_lmp($/MWh)": 27.26865
		},
		"20:00:00": {
			"DAM_lmp($/MWh)": 63.56548,
			"RTM_lmp($/MWh)": 40.0
		},
		"21:00:00": {
			"DAM_lmp($/MWh)": 50.27456,
			"RTM_lmp($/MWh)": 43.1484
		},
		"22:00:00": {
			"DAM_lmp($/MWh)": 47.58854,
			"RTM_lmp($/MWh)": 32.34591
		},
		"23:00:00": {
			"DAM_lmp($/MWh)": 46.29639,
			"RTM_lmp($/MWh)": 33.40451
		}
	},
	"2023-05-23": {
		"00:00:00": {
			"DAM_lmp($/MWh)": 47.13053,
			"RTM_lmp($/MWh)": 28.41429
		},
		"01:00:00": {
			"DAM_lmp($/MWh)": 45.04136,
			"RTM_lmp($/MWh)": 24.44579
		},
		"02:00:00": {
			"DAM_lmp($/MWh)": 47.99268,
			"RTM_lmp($/MWh)": 20.36946
		},
		"03:00:00": {
			"DAM_lmp($/MWh)": 48.02519,
			"RTM_lmp($/MWh)": 6.58044
		},
		"04:00:00": {
			"DAM_lmp($/MWh)": 48.53557,
			"RTM_lmp($/MWh)": 1.7417
		},
		"05:00:00": {
			"DAM_lmp($/MWh)": 44.58274,
			"RTM_lmp($/MWh)": 30.81135
		},
		"06:00:00": {
			"DAM_lmp($/MWh)": 54.22337,
			"RTM_lmp($/MWh)": 72.0
		},
		"07:00:00": {
			"DAM_lmp($/MWh)": 25.5599,
			"RTM_lmp($/MWh)": 18.0208
		},
		"08:00:00": {
			"DAM_lmp($/MWh)": 5.88495,
			"RTM_lmp($/MWh)": 12.8688
		},
		"09:00:00": {
			"DAM_lmp($/MWh)": 2.34456,
			"RTM_lmp($/MWh)": 12.94
		},
		"10:00:00": {
			"DAM_lmp($/MWh)": 2.37378,
			"RTM_lmp($/MWh)": 15.4
		},
		"11:00:00": {
			"DAM_lmp($/MWh)": 1.33301,
			"RTM_lmp($/MWh)": 3.80971
		},
		"12:00:00": {
			"DAM_lmp($/MWh)": -0.86016,
			"RTM_lmp($/MWh)": 14.54788
		},
		"13:00:00": {
			"DAM_lmp($/MWh)": -1.57172,
			"RTM_lmp($/MWh)": 14.7682
		},
		"14:00:00": {
			"DAM_lmp($/MWh)": -0.52872,
			"RTM_lmp($/MWh)": 9.9976
		},
		"15:00:00": {
			"DAM_lmp($/MWh)": 2.53735,
			"RTM_lmp($/MWh)": 4.9988
		},
		"16:00:00": {
			"DAM_lmp($/MWh)": 7.62098,
			"RTM_lmp($/MWh)": 4.95
		},
		"17:00:00": {
			"DAM_lmp($/MWh)": 24.23373,
			"RTM_lmp($/MWh)": 0.0
		},
		"18:00:00": {
			"DAM_lmp($/MWh)": 44.11565,
			"RTM_lmp($/MWh)": 13.52764
		},
		"19:00:00": {
			"DAM_lmp($/MWh)": 63.15415,
			"RTM_lmp($/MWh)": 27.26865
		},
		"20:00:00": {
			"DAM_lmp($/MWh)": 63.56548,
			"RTM_lmp($/MWh)": 40.0
		},
		"21:00:00": {
			"DAM_lmp($/MWh)": 50.27456,
			"RTM_lmp($/MWh)": 43.1484
		},
		"22:00:00": {
			"DAM_lmp($/MWh)": 47.58854,
			"RTM_lmp($/MWh)": 32.34591
		},
		"23:00:00": {
			"DAM_lmp($/MWh)": 46.29639,
			"RTM_lmp($/MWh)": 33.40451
		}
	}
}