{
	"2023-05-22": {
		"00:00:00": {
			"DAM_lmp($/MWh)": 25.61799,
			"RTM_lmp($/MWh)": 26.73818
		},
		"01:00:00": {
			"DAM_lmp($/MWh)": 21.83163,
			"RTM_lmp($/MWh)": 23.11558
		},
		"02:00:00": {
			"DAM_lmp($/MWh)": 19.92643,
			"RTM_lmp($/MWh)": 19.19335
		},
		"03:00:00": {
			"DAM_lmp($/MWh)": 17.86355,
			"RTM_lmp($/MWh)": 6.62579
		},
		"04:00:00": {
			"DAM_lmp($/MWh)": 21.64755,
			"RTM_lmp($/MWh)": 1.68271
		},
		"05:00:00": {
			"DAM_lmp($/MWh)": 31.05747,
			"RTM_lmp($/MWh)": 30.81135
		},
		"06:00:00": {
			"DAM_lmp($/MWh)": 31.81592,
			"RTM_lmp($/MWh)": 72.0
		},
		"07:00:00": {
			"DAM_lmp($/MWh)": 25.35286,
			"RTM_lmp($/MWh)": 18.0208
		},
		"08:00:00": {
			"DAM_lmp($/MWh)": 16.78714,
			"RTM_lmp($/MWh)": 12.8688
		},
		"09:00:00": {
			"DAM_lmp($/MWh)": 13.95389,
			"RTM_lmp($/MWh)": 12.94
		},
		"10:00:00": {
			"DAM_lmp($/MWh)": 9.70581,
			"RTM_lmp($/MWh)": 15.4
		},
		"11:00:00": {
			"DAM_lmp($/MWh)": 7.83074,
			"RTM_lmp($/MWh)": 14.7764
		},
		"12:00:00": {
			"DAM_lmp($/MWh)": 5.95584,
			"RTM_lmp($/MWh)": 14.72496
		},
		"13:00:00": {
			"DAM_lmp($/MWh)": 5.78972,
			"RTM_lmp($/MWh)": 14.95184
		},
		"14:00:00": {
			"DAM_lmp($/MWh)": 6.89527,
			"RTM_lmp($/MWh)": 9.9976
		},
		"15:00:00": {
			"DAM_lmp($/MWh)": 9.83818,
			"RTM_lmp($/MWh)": 4.9988
		},
		"16:00:00": {
			"DAM_lmp($/MWh)": 13.76209,
			"RTM_lmp($/MWh)": 4.95
		},
		"17:00:00": {
			"DAM_lmp($/MWh)": 24.39058,
			"RTM_lmp($/MWh)": 0.0
		},
		"18:00:00": {
			"DAM_lmp($/MWh)": 42.87098,
			"RTM_lmp($/MWh)": 13.56334
		},
		"19:00:00": {
			"DAM_lmp($/MWh)": 63.17354,
			"RTM_lmp($/MWh)": 26.45175
		},
		"20:00:00": {
			"DAM_lmp($/MWh)": 63.1771,
			"RTM_lmp($/MWh)": 40.0
		},
		"21:00:00": {
			"DAM_lmp($/MWh)": 48.59225,
			"RTM_lmp($/MWh)": 40.10204
		},
		"22:00:00": {
			"DAM_lmp($/MWh)": 37.92252,
			"RTM_lmp($/MWh)": 30.47411
		},
		"23:00:00": {
			"DAM_lmp($/MWh)": 28.1521,
			"RTM_lmp($/MWh)": 31.60407
		}
	},
	"2023-05-23": {
		"00:00:00": {
			"DAM_lmp($/MWh)": 25.61799,
			"RTM_lmp($/MWh)": 26.73818
		},
		"01:00:00": {
			"DAM_lmp($/MWh)": 21.83163,
			"RTM_lmp($/MWh)": 23.11558
		},
		"02:00:00": {
			"DAM_lmp($/MWh)": 19.92643,
			"RTM_lmp($/MWh)": 19.19335
		},
		"03:00:00": {
			"DAM_lmp($/MWh)": 17.86355,
			"RTM_lmp($/MWh)": 6.62579
		},
		"04:00:00": {
			"DAM_lmp($/MWh)": 21.64755,
			"RTM_lmp($/MWh)": 1.68271
		},
		"05:00:00": {
			"DAM_lmp($/MWh)": 31.05747,
			"RTM_lmp($/MWh)": 30.81135
		},
		"06:00:00": {
			"DAM_lmp($/MWh)": 31.81592,
			"RTM_lmp($/MWh)": 72.0
		},
		"07:00:00": {
			"DAM_lmp($/MWh)": 25.35286,
			"RTM_lmp($/MWh)": 18.0208
		},
		"08:00:00": {
			"DAM_lmp($/MWh)": 16.78714,
			"RTM_lmp($/MWh)": 12.8688
		},
		"09:00:00": {
			"DAM_lmp($/MWh)": 13.95389,
			"RTM_lmp($/MWh)": 12.94
		},
		"10:00:00": {
			"DAM_lmp($/MWh)": 9.70581,
			"RTM_lmp($/MWh)": 15.4
		},
		"11:00:00": {
			"DAM_lmp($/MWh)": 7.83074,
			"RTM_lmp($/MWh)": 14.7764
		},
		"12:00:00": {
			"DAM_lmp($/MWh)": 5.95584,
			"RTM_lmp($/MWh)": 14.72496
		},
		"13:00:00": {
			"DAM_lmp($/MWh)": 5.78972,
			"RTM_lmp($/MWh)": 14.95184
		},
		"14:00:00": {
			"DAM_lmp($/MWh)": 6.89527,
			"RTM_lmp($/MWh)": 9.9976
		},
		"15:00:00": {
			"DAM_lmp($/MWh)": 9.83818,
			"RTM_lmp($/MWh)": 4.9988
		},
		"16:00:00": {
			"DAM_lmp($/MWh)": 13.76209,
			"RTM_lmp($/MWh)": 4.95
		},
		"17:00:00": {
			"DAM_lmp($/MWh)": 24.39058,
			"RTM_lmp($/MWh)": 0.0
		},
		"18:00:00": {
			"DAM_lmp($/MWh)": 42.87098,
			"RTM_lmp($/MWh)": 13.56334
		},
		"19:00:00": {
			"DAM_lmp($/MWh)": 63.17354,
			"RTM_lmp($/MWh)": 26.45175
		},
		"20:00:00": {
			"DAM_lmp($/MWh)": 63.1771,
			"RTM_lmp($/MWh)": 40.0
		},
		"21:00:00": {
			"DAM_lmp($/MWh)": 48.59225,
			"RTM_lmp($/MWh)": 40.10204
		},
		"22:00:00": {
			"DAM_lmp($/MWh)": 37.92252,
			"RTM_lmp($/MWh)": 30.47411
		},
		"23:00:00": {
			"DAM_lmp($/MWh)": 28.1521,
			"RTM_lmp($/MWh)": 31.60407
		}
	}
}