{
	"2023-05-22": {
		"00:00:00": {
			"DAM_lmp($/MWh)": 14.49133,
			"RTM_lmp($/MWh)": 27.55774
		},
		"01:00:00": {
			"DAM_lmp($/MWh)": 11.86816,
			"RTM_lmp($/MWh)": 22.79415
		},
		"02:00:00": {
			"DAM_lmp($/MWh)": 8.26426,
			"RTM_lmp($/MWh)": 19.16051
		},
		"03:00:00": {
			"DAM_lmp($/MWh)": 6.67334,
			"RTM_lmp($/MWh)": 6.68376
		},
		"04:00:00": {
			"DAM_lmp($/MWh)": 14.71116,
			"RTM_lmp($/MWh)": 1.86459
		},
		"05:00:00": {
			"DAM_lmp($/MWh)": 26.81465,
			"RTM_lmp($/MWh)": 30.81135
		},
		"06:00:00": {
			"DAM_lmp($/MWh)": 26.48433,
			"RTM_lmp($/MWh)": 72.0
		},
		"07:00:00": {
			"DAM_lmp($/MWh)": 23.76636,
			"RTM_lmp($/MWh)": 18.0208
		},
		"08:00:00": {
			"DAM_lmp($/MWh)": 15.49008,
			"RTM_lmp($/MWh)": 12.8688
		},
		"09:00:00": {
			"DAM_lmp($/MWh)": 12.96338,
			"RTM_lmp($/MWh)": 12.94
		},
		"10:00:00": {
			"DAM_lmp($/MWh)": 8.81211,
			"RTM_lmp($/MWh)": 15.4
		},
		"11:00:00": {
			"DAM_lmp($/MWh)": 6.84016,
			"RTM_lmp($/MWh)": 14.7764
		},
		"12:00:00": {
			"DAM_lmp($/MWh)": 5.50101,
			"RTM_lmp($/MWh)": 14.20143
		},
		"13:00:00": {
			"DAM_lmp($/MWh)": 5.31199,
			"RTM_lmp($/MWh)": 14.50137
		},
		"14:00:00": {
			"DAM_lmp($/MWh)": 6.38011,
			"RTM_lmp($/MWh)": 9.9976
		},
		"15:00:00": {
			"DAM_lmp($/MWh)": 9.54699,
			"RTM_lmp($/MWh)": 4.9988
		},
		"16:00:00": {
			"DAM_lmp($/MWh)": 13.93808,
			"RTM_lmp($/MWh)": 4.95
		},
		"17:00:00": {
			"DAM_lmp($/MWh)": 24.9582,
			"RTM_lmp($/MWh)": 0.0
		},
		"18:00:00": {
			"DAM_lmp($/MWh)": 41.04229,
			"RTM_lmp($/MWh)": 13.51051
		},
		"19:00:00": {
			"DAM_lmp($/MWh)": 61.82269,
			"RTM_lmp($/MWh)": 25.98691
		},
		"20:00:00": {
			"DAM_lmp($/MWh)": 54.41972,
			"RTM_lmp($/MWh)": 40.0
		},
		"21:00:00": {
			"DAM_lmp($/MWh)": 42.36748,
			"RTM_lmp($/MWh)": 39.12015
		},
		"22:00:00": {
			"DAM_lmp($/MWh)": 30.67112,
			"RTM_lmp($/MWh)": 29.29309
		},
		"23:00:00": {
			"DAM_lmp($/MWh)": 21.89592,
			"RTM_lmp($/MWh)": 30.12584
		}
	},
	"2023-05-23": {
		"00:00:00": {
			"DAM_lmp($/MWh)": 14.49133,
			"RTM_lmp($/MWh)": 27.55774
		},
		"01:00:00": {
			"DAM_lmp($/MWh)": 11.86816,
			"RTM_lmp($/MWh)": 22.79415
		},
		"02:00:00": {
			"DAM_lmp($/MWh)": 8.26426,
			"RTM_lmp($/MWh)": 19.16051
		},
		"03:00:00": {
			"DAM_lmp($/MWh)": 6.67334,
			"RTM_lmp($/MWh)": 6.68376
		},
		"04:00:00": {
			"DAM_lmp($/MWh)": 14.71116,
			"RTM_lmp($/MWh)": 1.86459
		},
		"05:00:00": {
			"DAM_lmp($/MWh)": 26.81465,
			"RTM_lmp($/MWh)": 30.81135
		},
		"06:00:00": {
			"DAM_lmp($/MWh)": 26.48433,
			"RTM_lmp($/MWh)": 72.0
		},
		"07:00:00": {
			"DAM_lmp($/MWh)": 23.76636,
			"RTM_lmp($/MWh)": 18.0208
		},
		"08:00:00": {
			"DAM_lmp($/MWh)": 15.49008,
			"RTM_lmp($/MWh)": 12.8688
		},
		"09:00:00": {
			"DAM_lmp($/MWh)": 12.96338,
			"RTM_lmp($/MWh)": 12.94
		},
		"10:00:00": {
			"DAM_lmp($/MWh)": 8.81211,
			"RTM_lmp($/MWh)": 15.4
		},
		"11:00:00": {
			"DAM_lmp($/MWh)": 6.84016,
			"RTM_lmp($/MWh)": 14.7764
		},
		"12:00:00": {
			"DAM_lmp($/MWh)": 5.50101,
			"RTM_lmp($/MWh)": 14.20143
		},
		"13:00:00": {
			"DAM_lmp($/MWh)": 5.31199,
			"RTM_lmp($/MWh)": 14.50137
		},
		"14:00:00": {
			"DAM_lmp($/MWh)": 6.38011,
			"RTM_lmp($/MWh)": 9.9976
		},
		"15:00:00": {
			"DAM_lmp($/MWh)": 9.54699,
			"RTM_lmp($/MWh)": 4.9988
		},
		"16:00:00": {
			"DAM_lmp($/MWh)": 13.93808,
			"RTM_lmp($/MWh)": 4.95
		},
		"17:00:00": {
			"DAM_lmp($/MWh)": 24.9582,
			"RTM_lmp($/MWh)": 0.0
		},
		"18:00:00": {
			"DAM_lmp($/MWh)": 41.04229,
			"RTM_lmp($/MWh)": 13.51051
		},
		"19:00:00": {
			"DAM_lmp($/MWh)": 61.82269,
			"RTM_lmp($/MWh)": 25.98691
		},
		"20:00:00": {
			"DAM_lmp($/MWh)": 54.41972,
			"RTM_lmp($/MWh)": 40.0
		},
		"21:00:00": {
			"DAM_lmp($/MWh)": 42.36748,
			"RTM_lmp($/MWh)": 39.12015
		},
		"22:00:00": {
			"DAM_lmp($/MWh)": 30.67112,
			"RTM_lmp($/MWh)": 29.29309
		},
		"23:00:00": {
			"DAM_lmp($/MWh)": 21.89592,
			"RTM_lmp($/MWh)": 30.12584
		}
	}
}