{
	"2023-05-22": {
		"00:00:00": {
			"DAM_lmp($/MWh)": 44.53427,
			"RTM_lmp($/MWh)": 43.09211
		},
		"01:00:00": {
			"DAM_lmp($/MWh)": 37.06291,
			"RTM_lmp($/MWh)": 37.42762
		},
		"02:00:00": {
			"DAM_lmp($/MWh)": 34.87584,
			"RTM_lmp($/MWh)": 31.75889
		},
		"03:00:00": {
			"DAM_lmp($/MWh)": 30.21066,
			"RTM_lmp($/MWh)": 10.14552
		},
		"04:00:00": {
			"DAM_lmp($/MWh)": 34.55213,
			"RTM_lmp($/MWh)": 1.35233
		},
		"05:00:00": {
			"DAM_lmp($/MWh)": 52.3968,
			"RTM_lmp($/MWh)": 54.87072
		},
		"06:00:00": {
			"DAM_lmp($/MWh)": 48.26182,
			"RTM_lmp($/MWh)": 129.30083
		},
		"07:00:00": {
			"DAM_lmp($/MWh)": 45.90861,
			"RTM_lmp($/MWh)": 18.0208
		},
		"08:00:00": {
			"DAM_lmp($/MWh)": 26.74887,
			"RTM_lmp($/MWh)": 12.8688
		},
		"09:00:00": {
			"DAM_lmp($/MWh)": 24.48438,
			"RTM_lmp($/MWh)": 22.59626
		},
		"10:00:00": {
			"DAM_lmp($/MWh)": 27.33035,
			"RTM_lmp($/MWh)": 27.84638
		},
		"11:00:00": {
			"DAM_lmp($/MWh)": 26.09219,
			"RTM_lmp($/MWh)": 26.71846
		},
		"12:00:00": {
			"DAM_lmp($/MWh)": 38.52009,
			"RTM_lmp($/MWh)": 24.63317
		},
		"13:00:00": {
			"DAM_lmp($/MWh)": 33.83011,
			"RTM_lmp($/MWh)": 24.90579
		},
		"14:00:00": {
			"DAM_lmp($/MWh)": 18.03755,
			"RTM_lmp($/MWh)": 9.9976
		},
		"15:00:00": {
			"DAM_lmp($/MWh)": 24.1801,
			"RTM_lmp($/MWh)": 4.9988
		},
		"16:00:00": {
			"DAM_lmp($/MWh)": 23.20385,
			"RTM_lmp($/MWh)": 4.95
		},
		"17:00:00": {
			"DAM_lmp($/MWh)": 39.83755,
			"RTM_lmp($/MWh)": 0.0
		},
		"18:00:00": {
			"DAM_lmp($/MWh)": 2.05049,
			"RTM_lmp($/MWh)": 12.76508
		},
		"19:00:00": {
			"DAM_lmp($/MWh)": 41.24999,
			"RTM_lmp($/MWh)": 24.96372
		},
		"20:00:00": {
			"DAM_lmp($/MWh)": 32.64437,
			"RTM_lmp($/MWh)": 40.0
		},
		"21:00:00": {
			"DAM_lmp($/MWh)": 12.90511,
			"RTM_lmp($/MWh)": 37.63054
		},
		"22:00:00": {
			"DAM_lmp($/MWh)": 25.54,
			"RTM_lmp($/MWh)": 28.53545
		},
		"23:00:00": {
			"DAM_lmp($/MWh)": 46.76123,
			"RTM_lmp($/MWh)": 174.27968
		}
	},
	"2023-05-23": {
		"00:00:00": {
			"DAM_lmp($/MWh)": 44.53427,
			"RTM_lmp($/MWh)": 43.09211
		},
		"01:00:00": {
			"DAM_lmp($/MWh)": 37.06291,
			"RTM_lmp($/MWh)": 37.42762
		},
		"02:00:00": {
			"DAM_lmp($/MWh)": 34.87584,
			"RTM_lmp($/MWh)": 31.75889
		},
		"03:00:00": {
			"DAM_lmp($/MWh)": 30.21066,
			"RTM_lmp($/MWh)": 10.14552
		},
		"04:00:00": {
			"DAM_lmp($/MWh)": 34.55213,
			"RTM_lmp($/MWh)": 1.35233
		},
		"05:00:00": {
			"DAM_lmp($/MWh)": 52.3968,
			"RTM_lmp($/MWh)": 54.87072
		},
		"06:00:00": {
			"DAM_lmp($/MWh)": 48.26182,
			"RTM_lmp($/MWh)": 129.30083
		},
		"07:00:00": {
			"DAM_lmp($/MWh)": 45.90861,
			"RTM_lmp($/MWh)": 18.0208
		},
		"08:00:00": {
			"DAM_lmp($/MWh)": 26.74887,
			"RTM_lmp($/MWh)": 12.8688
		},
		"09:00:00": {
			"DAM_lmp($/MWh)": 24.48438,
			"RTM_lmp($/MWh)": 22.59626
		},
		"10:00:00": {
			"DAM_lmp($/MWh)": 27.33035,
			"RTM_lmp($/MWh)": 27.84638
		},
		"11:00:00": {
			"DAM_lmp($/MWh)": 26.09219,
			"RTM_lmp($/MWh)": 26.71846
		},
		"12:00:00": {
			"DAM_lmp($/MWh)": 38.52009,
			"RTM_lmp($/MWh)": 24.63317
		},
		"13:00:00": {
			"DAM_lmp($/MWh)": 33.83011,
			"RTM_lmp($/MWh)": 24.90579
		},
		"14:00:00": {
			"DAM_lmp($/MWh)": 18.03755,
			"RTM_lmp($/MWh)": 9.9976
		},
		"15:00:00": {
			"DAM_lmp($/MWh)": 24.1801,
			"RTM_lmp($/MWh)": 4.9988
		},
		"16:00:00": {
			"DAM_lmp($/MWh)": 23.20385,
			"RTM_lmp($/MWh)": 4.95
		},
		"17:00:00": {
			"DAM_lmp($/MWh)": 39.83755,
			"RTM_lmp($/MWh)": 0.0
		},
		"18:00:00": {
			"DAM_lmp($/MWh)": 2.05049,
			"RTM_lmp($/MWh)": 12.76508
		},
		"19:00:00": {
			"DAM_lmp($/MWh)": 41.24999,
			"RTM_lmp($/MWh)": 24.96372
		},
		"20:00:00": {
			"DAM_lmp($/MWh)": 32.64437,
			"RTM_lmp($/MWh)": 40.0
		},
		"21:00:00": {
			"DAM_lmp($/MWh)": 12.90511,
			"RTM_lmp($/MWh)": 37.63054
		},
		"22:00:00": {
			"DAM_lmp($/MWh)": 25.54,
			"RTM_lmp($/MWh)": 28.53545
		},
		"23:00:00": {
			"DAM_lmp($/MWh)": 46.76123,
			"RTM_lmp($/MWh)": 174.27968
		}
	}
}