{
	"2023-05-22": {
		"00:00:00": {
			"DAM_lmp($/MWh)": 26.71571,
			"RTM_lmp($/MWh)": 27.85084
		},
		"01:00:00": {
			"DAM_lmp($/MWh)": 22.8276,
			"RTM_lmp($/MWh)": 24.05514
		},
		"02:00:00": {
			"DAM_lmp($/MWh)": 20.90479,
			"RTM_lmp($/MWh)": 19.93432
		},
		"03:00:00": {
			"DAM_lmp($/MWh)": 18.76363,
			"RTM_lmp($/MWh)": 7.05634
		},
		"04:00:00": {
			"DAM_lmp($/MWh)": 22.63721,
			"RTM_lmp($/MWh)": 2.02215
		},
		"05:00:00": {
			"DAM_lmp($/MWh)": 32.17429,
			"RTM_lmp($/MWh)": 66.38748
		},
		"06:00:00": {
			"DAM_lmp($/MWh)": 33.21813,
			"RTM_lmp($/MWh)": 72.0
		},
		"07:00:00": {
			"DAM_lmp($/MWh)": 26.28716,
			"RTM_lmp($/MWh)": 18.0208
		},
		"08:00:00": {
			"DAM_lmp($/MWh)": 19.88144,
			"RTM_lmp($/MWh)": 12.8688
		},
		"09:00:00": {
			"DAM_lmp($/MWh)": 17.32865,
			"RTM_lmp($/MWh)": 12.94
		},
		"10:00:00": {
			"DAM_lmp($/MWh)": 11.60479,
			"RTM_lmp($/MWh)": 15.4
		},
		"11:00:00": {
			"DAM_lmp($/MWh)": 9.56304,
			"RTM_lmp($/MWh)": 18.47766
		},
		"12:00:00": {
			"DAM_lmp($/MWh)": 7.7055,
			"RTM_lmp($/MWh)": 15.43172
		},
		"13:00:00": {
			"DAM_lmp($/MWh)": 7.66089,
			"RTM_lmp($/MWh)": 15.65345
		},
		"14:00:00": {
			"DAM_lmp($/MWh)": 8.82364,
			"RTM_lmp($/MWh)": 9.9976
		},
		"15:00:00": {
			"DAM_lmp($/MWh)": 11.85146,
			"RTM_lmp($/MWh)": 4.9988
		},
		"16:00:00": {
			"DAM_lmp($/MWh)": 15.68297,
			"RTM_lmp($/MWh)": 4.95
		},
		"17:00:00": {
			"DAM_lmp($/MWh)": 25.61795,
			"RTM_lmp($/MWh)": 0.0
		},
		"18:00:00": {
			"DAM_lmp($/MWh)": 44.91329,
			"RTM_lmp($/MWh)": 14.47728
		},
		"19:00:00": {
			"DAM_lmp($/MWh)": 66.15965,
			"RTM_lmp($/MWh)": 28.24509
		},
		"20:00:00": {
			"DAM_lmp($/MWh)": 66.49778,
			"RTM_lmp($/MWh)": 40.0
		},
		"21:00:00": {
			"DAM_lmp($/MWh)": 50.82368,
			"RTM_lmp($/MWh)": 43.08126
		},
		"22:00:00": {
			"DAM_lmp($/MWh)": 39.60342,
			"RTM_lmp($/MWh)": 32.22495
		},
		"23:00:00": {
			"DAM_lmp($/MWh)": 29.37641,
			"RTM_lmp($/MWh)": 33.13544
		}
	},
	"2023-05-23": {
		"00:00:00": {
			"DAM_lmp($/MWh)": 26.71571,
			"RTM_lmp($/MWh)": 27.85084
		},
		"01:00:00": {
			"DAM_lmp($/MWh)": 22.8276,
			"RTM_lmp($/MWh)": 24.05514
		},
		"02:00:00": {
			"DAM_lmp($/MWh)": 20.90479,
			"RTM_lmp($/MWh)": 19.93432
		},
		"03:00:00": {
			"DAM_lmp($/MWh)": 18.76363,
			"RTM_lmp($/MWh)": 7.05634
		},
		"04:00:00": {
			"DAM_lmp($/MWh)": 22.63721,
			"RTM_lmp($/MWh)": 2.02215
		},
		"05:00:00": {
			"DAM_lmp($/MWh)": 32.17429,
			"RTM_lmp($/MWh)": 66.38748
		},
		"06:00:00": {
			"DAM_lmp($/MWh)": 33.21813,
			"RTM_lmp($/MWh)": 72.0
		},
		"07:00:00": {
			"DAM_lmp($/MWh)": 26.28716,
			"RTM_lmp($/MWh)": 18.0208
		},
		"08:00:00": {
			"DAM_lmp($/MWh)": 19.88144,
			"RTM_lmp($/MWh)": 12.8688
		},
		"09:00:00": {
			"DAM_lmp($/MWh)": 17.32865,
			"RTM_lmp($/MWh)": 12.94
		},
		"10:00:00": {
			"DAM_lmp($/MWh)": 11.60479,
			"RTM_lmp($/MWh)": 15.4
		},
		"11:00:00": {
			"DAM_lmp($/MWh)": 9.56304,
			"RTM_lmp($/MWh)": 18.47766
		},
		"12:00:00": {
			"DAM_lmp($/MWh)": 7.7055,
			"RTM_lmp($/MWh)": 15.43172
		},
		"13:00:00": {
			"DAM_lmp($/MWh)": 7.66089,
			"RTM_lmp($/MWh)": 15.65345
		},
		"14:00:00": {
			"DAM_lmp($/MWh)": 8.82364,
			"RTM_lmp($/MWh)": 9.9976
		},
		"15:00:00": {
			"DAM_lmp($/MWh)": 11.85146,
			"RTM_lmp($/MWh)": 4.9988
		},
		"16:00:00": {
			"DAM_lmp($/MWh)": 15.68297,
			"RTM_lmp($/MWh)": 4.95
		},
		"17:00:00": {
			"DAM_lmp($/MWh)": 25.61795,
			"RTM_lmp($/MWh)": 0.0
		},
		"18:00:00": {
			"DAM_lmp($/MWh)": 44.91329,
			"RTM_lmp($/MWh)": 14.47728
		},
		"19:00:00": {
			"DAM_lmp($/MWh)": 66.15965,
			"RTM_lmp($/MWh)": 28.24509
		},
		"20:00:00": {
			"DAM_lmp($/MWh)": 66.49778,
			"RTM_lmp($/MWh)": 40.0
		},
		"21:00:00": {
			"DAM_lmp($/MWh)": 50.82368,
			"RTM_lmp($/MWh)": 43.08126
		},
		"22:00:00": {
			"DAM_lmp($/MWh)": 39.60342,
			"RTM_lmp($/MWh)": 32.22495
		},
		"23:00:00": {
			"DAM_lmp($/MWh)": 29.37641,
			"RTM_lmp($/MWh)": 33.13544
		}
	}
}