{
	"2023-05-22": {
		"00:00:00": {
			"DAM_lmp($/MWh)": 29.26308,
			"RTM_lmp($/MWh)": 26.75525
		},
		"01:00:00": {
			"DAM_lmp($/MWh)": 25.0518,
			"RTM_lmp($/MWh)": 23.05871
		},
		"02:00:00": {
			"DAM_lmp($/MWh)": 23.61086,
			"RTM_lmp($/MWh)": 19.09278
		},
		"03:00:00": {
			"DAM_lmp($/MWh)": 21.35785,
			"RTM_lmp($/MWh)": 6.65403
		},
		"04:00:00": {
			"DAM_lmp($/MWh)": 23.58357,
			"RTM_lmp($/MWh)": 1.69522
		},
		"05:00:00": {
			"DAM_lmp($/MWh)": 30.83456,
			"RTM_lmp($/MWh)": 30.81135
		},
		"06:00:00": {
			"DAM_lmp($/MWh)": 31.74397,
			"RTM_lmp($/MWh)": 72.0
		},
		"07:00:00": {
			"DAM_lmp($/MWh)": 25.47967,
			"RTM_lmp($/MWh)": 18.0208
		},
		"08:00:00": {
			"DAM_lmp($/MWh)": 16.36195,
			"RTM_lmp($/MWh)": 12.8688
		},
		"09:00:00": {
			"DAM_lmp($/MWh)": 14.06935,
			"RTM_lmp($/MWh)": 12.94
		},
		"10:00:00": {
			"DAM_lmp($/MWh)": 9.57925,
			"RTM_lmp($/MWh)": 15.4
		},
		"11:00:00": {
			"DAM_lmp($/MWh)": 7.93708,
			"RTM_lmp($/MWh)": 14.7764
		},
		"12:00:00": {
			"DAM_lmp($/MWh)": 5.98562,
			"RTM_lmp($/MWh)": 14.70494
		},
		"13:00:00": {
			"DAM_lmp($/MWh)": 5.82313,
			"RTM_lmp($/MWh)": 14.92673
		},
		"14:00:00": {
			"DAM_lmp($/MWh)": 7.02985,
			"RTM_lmp($/MWh)": 9.9976
		},
		"15:00:00": {
			"DAM_lmp($/MWh)": 9.93923,
			"RTM_lmp($/MWh)": 4.9988
		},
		"16:00:00": {
			"DAM_lmp($/MWh)": 13.91806,
			"RTM_lmp($/MWh)": 4.95
		},
		"17:00:00": {
			"DAM_lmp($/MWh)": 24.75655,
			"RTM_lmp($/MWh)": 0.0
		},
		"18:00:00": {
			"DAM_lmp($/MWh)": 43.99137,
			"RTM_lmp($/MWh)": 13.75184
		},
		"19:00:00": {
			"DAM_lmp($/MWh)": 64.27233,
			"RTM_lmp($/MWh)": 26.88633
		},
		"20:00:00": {
			"DAM_lmp($/MWh)": 66.32348,
			"RTM_lmp($/MWh)": 40.0
		},
		"21:00:00": {
			"DAM_lmp($/MWh)": 50.67746,
			"RTM_lmp($/MWh)": 40.85314
		},
		"22:00:00": {
			"DAM_lmp($/MWh)": 40.79371,
			"RTM_lmp($/MWh)": 30.75424
		},
		"23:00:00": {
			"DAM_lmp($/MWh)": 30.18242,
			"RTM_lmp($/MWh)": 31.69708
		}
	},
	"2023-05-23": {
		"00:00:00": {
			"DAM_lmp($/MWh)": 29.26308,
			"RTM_lmp($/MWh)": 26.75525
		},
		"01:00:00": {
			"DAM_lmp($/MWh)": 25.0518,
			"RTM_lmp($/MWh)": 23.05871
		},
		"02:00:00": {
			"DAM_lmp($/MWh)": 23.61086,
			"RTM_lmp($/MWh)": 19.09278
		},
		"03:00:00": {
			"DAM_lmp($/MWh)": 21.35785,
			"RTM_lmp($/MWh)": 6.65403
		},
		"04:00:00": {
			"DAM_lmp($/MWh)": 23.58357,
			"RTM_lmp($/MWh)": 1.69522
		},
		"05:00:00": {
			"DAM_lmp($/MWh)": 30.83456,
			"RTM_lmp($/MWh)": 30.81135
		},
		"06:00:00": {
			"DAM_lmp($/MWh)": 31.74397,
			"RTM_lmp($/MWh)": 72.0
		},
		"07:00:00": {
			"DAM_lmp($/MWh)": 25.47967,
			"RTM_lmp($/MWh)": 18.0208
		},
		"08:00:00": {
			"DAM_lmp($/MWh)": 16.36195,
			"RTM_lmp($/MWh)": 12.8688
		},
		"09:00:00": {
			"DAM_lmp($/MWh)": 14.06935,
			"RTM_lmp($/MWh)": 12.94
		},
		"10:00:00": {
			"DAM_lmp($/MWh)": 9.57925,
			"RTM_lmp($/MWh)": 15.4
		},
		"11:00:00": {
			"DAM_lmp($/MWh)": 7.93708,
			"RTM_lmp($/MWh)": 14.7764
		},
		"12:00:00": {
			"DAM_lmp($/MWh)": 5.98562,
			"RTM_lmp($/MWh)": 14.70494
		},
		"13:00:00": {
			"DAM_lmp($/MWh)": 5.82313,
			"RTM_lmp($/MWh)": 14.92673
		},
		"14:00:00": {
			"DAM_lmp($/MWh)": 7.02985,
			"RTM_lmp($/MWh)": 9.9976
		},
		"15:00:00": {
			"DAM_lmp($/MWh)": 9.93923,
			"RTM_lmp($/MWh)": 4.9988
		},
		"16:00:00": {
			"DAM_lmp($/MWh)": 13.91806,
			"RTM_lmp($/MWh)": 4.95
		},
		"17:00:00": {
			"DAM_lmp($/MWh)": 24.75655,
			"RTM_lmp($/MWh)": 0.0
		},
		"18:00:00": {
			"DAM_lmp($/MWh)": 43.99137,
			"RTM_lmp($/MWh)": 13.75184
		},
		"19:00:00": {
			"DAM_lmp($/MWh)": 64.27233,
			"RTM_lmp($/MWh)": 26.88633
		},
		"20:00:00": {
			"DAM_lmp($/MWh)": 66.32348,
			"RTM_lmp($/MWh)": 40.0
		},
		"21:00:00": {
			"DAM_lmp($/MWh)": 50.67746,
			"RTM_lmp($/MWh)": 40.85314
		},
		"22:00:00": {
			"DAM_lmp($/MWh)": 40.79371,
			"RTM_lmp($/MWh)": 30.75424
		},
		"23:00:00": {
			"DAM_lmp($/MWh)": 30.18242,
			"RTM_lmp($/MWh)": 31.69708
		}
	}
}