{
	"2023-05-22": {
		"00:00:00": {
			"DAM_lmp($/MWh)": 26.12324,
			"RTM_lmp($/MWh)": 27.33293
		},
		"01:00:00": {
			"DAM_lmp($/MWh)": 22.24022,
			"RTM_lmp($/MWh)": 23.5903
		},
		"02:00:00": {
			"DAM_lmp($/MWh)": 20.30248,
			"RTM_lmp($/MWh)": 19.59154
		},
		"03:00:00": {
			"DAM_lmp($/MWh)": 18.21138,
			"RTM_lmp($/MWh)": 6.94364
		},
		"04:00:00": {
			"DAM_lmp($/MWh)": 22.02414,
			"RTM_lmp($/MWh)": 1.91649
		},
		"05:00:00": {
			"DAM_lmp($/MWh)": 31.55132,
			"RTM_lmp($/MWh)": 30.81135
		},
		"06:00:00": {
			"DAM_lmp($/MWh)": 32.48147,
			"RTM_lmp($/MWh)": 72.0
		},
		"07:00:00": {
			"DAM_lmp($/MWh)": 25.97141,
			"RTM_lmp($/MWh)": 18.0208
		},
		"08:00:00": {
			"DAM_lmp($/MWh)": 17.86016,
			"RTM_lmp($/MWh)": 12.8688
		},
		"09:00:00": {
			"DAM_lmp($/MWh)": 14.86412,
			"RTM_lmp($/MWh)": 12.94
		},
		"10:00:00": {
			"DAM_lmp($/MWh)": 10.28227,
			"RTM_lmp($/MWh)": 15.4
		},
		"11:00:00": {
			"DAM_lmp($/MWh)": 8.38672,
			"RTM_lmp($/MWh)": 14.7764
		},
		"12:00:00": {
			"DAM_lmp($/MWh)": 6.47948,
			"RTM_lmp($/MWh)": 15.11452
		},
		"13:00:00": {
			"DAM_lmp($/MWh)": 6.34158,
			"RTM_lmp($/MWh)": 15.32697
		},
		"14:00:00": {
			"DAM_lmp($/MWh)": 7.49524,
			"RTM_lmp($/MWh)": 9.9976
		},
		"15:00:00": {
			"DAM_lmp($/MWh)": 10.5368,
			"RTM_lmp($/MWh)": 4.9988
		},
		"16:00:00": {
			"DAM_lmp($/MWh)": 14.49664,
			"RTM_lmp($/MWh)": 4.95
		},
		"17:00:00": {
			"DAM_lmp($/MWh)": 25.25696,
			"RTM_lmp($/MWh)": 0.0
		},
		"18:00:00": {
			"DAM_lmp($/MWh)": 44.11565,
			"RTM_lmp($/MWh)": 14.13741
		},
		"19:00:00": {
			"DAM_lmp($/MWh)": 65.2483,
			"RTM_lmp($/MWh)": 27.60972
		},
		"20:00:00": {
			"DAM_lmp($/MWh)": 65.01545,
			"RTM_lmp($/MWh)": 40.0
		},
		"21:00:00": {
			"DAM_lmp($/MWh)": 50.09984,
			"RTM_lmp($/MWh)": 41.56228
		},
		"22:00:00": {
			"DAM_lmp($/MWh)": 38.98332,
			"RTM_lmp($/MWh)": 31.42911
		},
		"23:00:00": {
			"DAM_lmp($/MWh)": 28.79235,
			"RTM_lmp($/MWh)": 32.46775
		}
	},
	"2023-05-23": {
		"00:00:00": {
			"DAM_lmp($/MWh)": 26.12324,
			"RTM_lmp($/MWh)": 27.33293
		},
		"01:00:00": {
			"DAM_lmp($/MWh)": 22.24022,
			"RTM_lmp($/MWh)": 23.5903
		},
		"02:00:00": {
			"DAM_lmp($/MWh)": 20.30248,
			"RTM_lmp($/MWh)": 19.59154
		},
		"03:00:00": {
			"DAM_lmp($/MWh)": 18.21138,
			"RTM_lmp($/MWh)": 6.94364
		},
		"04:00:00": {
			"DAM_lmp($/MWh)": 22.02414,
			"RTM_lmp($/MWh)": 1.91649
		},
		"05:00:00": {
			"DAM_lmp($/MWh)": 31.55132,
			"RTM_lmp($/MWh)": 30.81135
		},
		"06:00:00": {
			"DAM_lmp($/MWh)": 32.48147,
			"RTM_lmp($/MWh)": 72.0
		},
		"07:00:00": {
			"DAM_lmp($/MWh)": 25.97141,
			"RTM_lmp($/MWh)": 18.0208
		},
		"08:00:00": {
			"DAM_lmp($/MWh)": 17.86016,
			"RTM_lmp($/MWh)": 12.8688
		},
		"09:00:00": {
			"DAM_lmp($/MWh)": 14.86412,
			"RTM_lmp($/MWh)": 12.94
		},
		"10:00:00": {
			"DAM_lmp($/MWh)": 10.28227,
			"RTM_lmp($/MWh)": 15.4
		},
		"11:00:00": {
			"DAM_lmp($/MWh)": 8.38672,
			"RTM_lmp($/MWh)": 14.7764
		},
		"12:00:00": {
			"DAM_lmp($/MWh)": 6.47948,
			"RTM_lmp($/MWh)": 15.11452
		},
		"13:00:00": {
			"DAM_lmp($/MWh)": 6.34158,
			"RTM_lmp($/MWh)": 15.32697
		},
		"14:00:00": {
			"DAM_lmp($/MWh)": 7.49524,
			"RTM_lmp($/MWh)": 9.9976
		},
		"15:00:00": {
			"DAM_lmp($/MWh)": 10.5368,
			"RTM_lmp($/MWh)": 4.9988
		},
		"16:00:00": {
			"DAM_lmp($/MWh)": 14.49664,
			"RTM_lmp($/MWh)": 4.95
		},
		"17:00:00": {
			"DAM_lmp($/MWh)": 25.25696,
			"RTM_lmp($/MWh)": 0.0
		},
		"18:00:00": {
			"DAM_lmp($/MWh)": 44.11565,
			"RTM_lmp($/MWh)": 14.13741
		},
		"19:00:00": {
			"DAM_lmp($/MWh)": 65.2483,
			"RTM_lmp($/MWh)": 27.60972
		},
		"20:00:00": {
			"DAM_lmp($/MWh)": 65.01545,
			"RTM_lmp($/MWh)": 40.0
		},
		"21:00:00": {
			"DAM_lmp($/MWh)": 50.09984,
			"RTM_lmp($/MWh)": 41.56228
		},
		"22:00:00": {
			"DAM_lmp($/MWh)": 38.98332,
			"RTM_lmp($/MWh)": 31.42911
		},
		"23:00:00": {
			"DAM_lmp($/MWh)": 28.79235,
			"RTM_lmp($/MWh)": 32.46775
		}
	}
}