{
	"2023-05-22": {
		"00:00:00": {
			"DAM_lmp($/MWh)": 26.97354,
			"RTM_lmp($/MWh)": 28.09842
		},
		"01:00:00": {
			"DAM_lmp($/MWh)": 23.08121,
			"RTM_lmp($/MWh)": 24.26035
		},
		"02:00:00": {
			"DAM_lmp($/MWh)": 21.29081,
			"RTM_lmp($/MWh)": 20.10057
		},
		"03:00:00": {
			"DAM_lmp($/MWh)": 19.16129,
			"RTM_lmp($/MWh)": 7.13922
		},
		"04:00:00": {
			"DAM_lmp($/MWh)": 22.90556,
			"RTM_lmp($/MWh)": 2.10549
		},
		"05:00:00": {
			"DAM_lmp($/MWh)": 32.45834,
			"RTM_lmp($/MWh)": 61.22321
		},
		"06:00:00": {
			"DAM_lmp($/MWh)": 33.57927,
			"RTM_lmp($/MWh)": 72.0
		},
		"07:00:00": {
			"DAM_lmp($/MWh)": 26.43468,
			"RTM_lmp($/MWh)": 18.0208
		},
		"08:00:00": {
			"DAM_lmp($/MWh)": 20.74286,
			"RTM_lmp($/MWh)": 12.8688
		},
		"09:00:00": {
			"DAM_lmp($/MWh)": 18.22958,
			"RTM_lmp($/MWh)": 12.94
		},
		"10:00:00": {
			"DAM_lmp($/MWh)": 12.16747,
			"RTM_lmp($/MWh)": 15.4
		},
		"11:00:00": {
			"DAM_lmp($/MWh)": 10.06432,
			"RTM_lmp($/MWh)": 19.02599
		},
		"12:00:00": {
			"DAM_lmp($/MWh)": 8.22232,
			"RTM_lmp($/MWh)": 15.62111
		},
		"13:00:00": {
			"DAM_lmp($/MWh)": 8.20763,
			"RTM_lmp($/MWh)": 15.84807
		},
		"14:00:00": {
			"DAM_lmp($/MWh)": 9.38163,
			"RTM_lmp($/MWh)": 9.9976
		},
		"15:00:00": {
			"DAM_lmp($/MWh)": 12.41647,
			"RTM_lmp($/MWh)": 4.9988
		},
		"16:00:00": {
			"DAM_lmp($/MWh)": 16.21606,
			"RTM_lmp($/MWh)": 4.95
		},
		"17:00:00": {
			"DAM_lmp($/MWh)": 25.85197,
			"RTM_lmp($/MWh)": 0.0
		},
		"18:00:00": {
			"DAM_lmp($/MWh)": 45.2902,
			"RTM_lmp($/MWh)": 14.66578
		},
		"19:00:00": {
			"DAM_lmp($/MWh)": 66.67026,
			"RTM_lmp($/MWh)": 28.57515
		},
		"20:00:00": {
			"DAM_lmp($/MWh)": 66.93148,
			"RTM_lmp($/MWh)": 40.0
		},
		"21:00:00": {
			"DAM_lmp($/MWh)": 51.10823,
			"RTM_lmp($/MWh)": 43.52605
		},
		"22:00:00": {
			"DAM_lmp($/MWh)": 39.8691,
			"RTM_lmp($/MWh)": 32.49235
		},
		"23:00:00": {
			"DAM_lmp($/MWh)": 29.68216,
			"RTM_lmp($/MWh)": 33.37793
		}
	},
	"2023-05-23": {
		"00:00:00": {
			"DAM_lmp($/MWh)": 26.97354,
			"RTM_lmp($/MWh)": 28.09842
		},
		"01:00:00": {
			"DAM_lmp($/MWh)": 23.08121,
			"RTM_lmp($/MWh)": 24.26035
		},
		"02:00:00": {
			"DAM_lmp($/MWh)": 21.29081,
			"RTM_lmp($/MWh)": 20.10057
		},
		"03:00:00": {
			"DAM_lmp($/MWh)": 19.16129,
			"RTM_lmp($/MWh)": 7.13922
		},
		"04:00:00": {
			"DAM_lmp($/MWh)": 22.90556,
			"RTM_lmp($/MWh)": 2.10549
		},
		"05:00:00": {
			"DAM_lmp($/MWh)": 32.45834,
			"RTM_lmp($/MWh)": 61.22321
		},
		"06:00:00": {
			"DAM_lmp($/MWh)": 33.57927,
			"RTM_lmp($/MWh)": 72.0
		},
		"07:00:00": {
			"DAM_lmp($/MWh)": 26.43468,
			"RTM_lmp($/MWh)": 18.0208
		},
		"08:00:00": {
			"DAM_lmp($/MWh)": 20.74286,
			"RTM_lmp($/MWh)": 12.8688
		},
		"09:00:00": {
			"DAM_lmp($/MWh)": 18.22958,
			"RTM_lmp($/MWh)": 12.94
		},
		"10:00:00": {
			"DAM_lmp($/MWh)": 12.16747,
			"RTM_lmp($/MWh)": 15.4
		},
		"11:00:00": {
			"DAM_lmp($/MWh)": 10.06432,
			"RTM_lmp($/MWh)": 19.02599
		},
		"12:00:00": {
			"DAM_lmp($/MWh)": 8.22232,
			"RTM_lmp($/MWh)": 15.62111
		},
		"13:00:00": {
			"DAM_lmp($/MWh)": 8.20763,
			"RTM_lmp($/MWh)": 15.84807
		},
		"14:00:00": {
			"DAM_lmp($/MWh)": 9.38163,
			"RTM_lmp($/MWh)": 9.9976
		},
		"15:00:00": {
			"DAM_lmp($/MWh)": 12.41647,
			"RTM_lmp($/MWh)": 4.9988
		},
		"16:00:00": {
			"DAM_lmp($/MWh)": 16.21606,
			"RTM_lmp($/MWh)": 4.95
		},
		"17:00:00": {
			"DAM_lmp($/MWh)": 25.85197,
			"RTM_lmp($/MWh)": 0.0
		},
		"18:00:00": {
			"DAM_lmp($/MWh)": 45.2902,
			"RTM_lmp($/MWh)": 14.66578
		},
		"19:00:00": {
			"DAM_lmp($/MWh)": 66.67026,
			"RTM_lmp($/MWh)": 28.57515
		},
		"20:00:00": {
			"DAM_lmp($/MWh)": 66.93148,
			"RTM_lmp($/MWh)": 40.0
		},
		"21:00:00": {
			"DAM_lmp($/MWh)": 51.10823,
			"RTM_lmp($/MWh)": 43.52605
		},
		"22:00:00": {
			"DAM_lmp($/MWh)": 39.8691,
			"RTM_lmp($/MWh)": 32.49235
		},
		"23:00:00": {
			"DAM_lmp($/MWh)": 29.68216,
			"RTM_lmp($/MWh)": 33.37793
		}
	}
}