{
	"2023-05-22": {
		"00:00:00": {
			"DAM_lmp($/MWh)": 28.71031,
			"RTM_lmp($/MWh)": 28.05004
		},
		"01:00:00": {
			"DAM_lmp($/MWh)": 25.24245,
			"RTM_lmp($/MWh)": 24.44085
		},
		"02:00:00": {
			"DAM_lmp($/MWh)": 23.94693,
			"RTM_lmp($/MWh)": 20.25452
		},
		"03:00:00": {
			"DAM_lmp($/MWh)": 22.14959,
			"RTM_lmp($/MWh)": 5.91674
		},
		"04:00:00": {
			"DAM_lmp($/MWh)": 25.61633,
			"RTM_lmp($/MWh)": 1.63018
		},
		"05:00:00": {
			"DAM_lmp($/MWh)": 33.31047,
			"RTM_lmp($/MWh)": 30.81135
		},
		"06:00:00": {
			"DAM_lmp($/MWh)": 34.64055,
			"RTM_lmp($/MWh)": 72.0
		},
		"07:00:00": {
			"DAM_lmp($/MWh)": 24.66702,
			"RTM_lmp($/MWh)": 18.0208
		},
		"08:00:00": {
			"DAM_lmp($/MWh)": 9.3151,
			"RTM_lmp($/MWh)": 12.8688
		},
		"09:00:00": {
			"DAM_lmp($/MWh)": 6.51691,
			"RTM_lmp($/MWh)": 12.94
		},
		"10:00:00": {
			"DAM_lmp($/MWh)": 4.89454,
			"RTM_lmp($/MWh)": 15.4
		},
		"11:00:00": {
			"DAM_lmp($/MWh)": 3.58842,
			"RTM_lmp($/MWh)": 11.21222
		},
		"12:00:00": {
			"DAM_lmp($/MWh)": 1.56254,
			"RTM_lmp($/MWh)": 14.34001
		},
		"13:00:00": {
			"DAM_lmp($/MWh)": 1.06917,
			"RTM_lmp($/MWh)": 14.55474
		},
		"14:00:00": {
			"DAM_lmp($/MWh)": 2.07531,
			"RTM_lmp($/MWh)": 9.9976
		},
		"15:00:00": {
			"DAM_lmp($/MWh)": 5.00865,
			"RTM_lmp($/MWh)": 4.9988
		},
		"16:00:00": {
			"DAM_lmp($/MWh)": 9.31117,
			"RTM_lmp($/MWh)": 4.95
		},
		"17:00:00": {
			"DAM_lmp($/MWh)": 23.29515,
			"RTM_lmp($/MWh)": 0.0
		},
		"18:00:00": {
			"DAM_lmp($/MWh)": 41.82791,
			"RTM_lmp($/MWh)": 13.48623
		},
		"19:00:00": {
			"DAM_lmp($/MWh)": 62.88269,
			"RTM_lmp($/MWh)": 26.76531
		},
		"20:00:00": {
			"DAM_lmp($/MWh)": 62.98938,
			"RTM_lmp($/MWh)": 40.0
		},
		"21:00:00": {
			"DAM_lmp($/MWh)": 48.44249,
			"RTM_lmp($/MWh)": 40.90769
		},
		"22:00:00": {
			"DAM_lmp($/MWh)": 39.22961,
			"RTM_lmp($/MWh)": 31.23174
		},
		"23:00:00": {
			"DAM_lmp($/MWh)": 31.46466,
			"RTM_lmp($/MWh)": 32.5973
		}
	},
	"2023-05-23": {
		"00:00:00": {
			"DAM_lmp($/MWh)": 28.71031,
			"RTM_lmp($/MWh)": 28.05004
		},
		"01:00:00": {
			"DAM_lmp($/MWh)": 25.24245,
			"RTM_lmp($/MWh)": 24.44085
		},
		"02:00:00": {
			"DAM_lmp($/MWh)": 23.94693,
			"RTM_lmp($/MWh)": 20.25452
		},
		"03:00:00": {
			"DAM_lmp($/MWh)": 22.14959,
			"RTM_lmp($/MWh)": 5.91674
		},
		"04:00:00": {
			"DAM_lmp($/MWh)": 25.61633,
			"RTM_lmp($/MWh)": 1.63018
		},
		"05:00:00": {
			"DAM_lmp($/MWh)": 33.31047,
			"RTM_lmp($/MWh)": 30.81135
		},
		"06:00:00": {
			"DAM_lmp($/MWh)": 34.64055,
			"RTM_lmp($/MWh)": 72.0
		},
		"07:00:00": {
			"DAM_lmp($/MWh)": 24.66702,
			"RTM_lmp($/MWh)": 18.0208
		},
		"08:00:00": {
			"DAM_lmp($/MWh)": 9.3151,
			"RTM_lmp($/MWh)": 12.8688
		},
		"09:00:00": {
			"DAM_lmp($/MWh)": 6.51691,
			"RTM_lmp($/MWh)": 12.94
		},
		"10:00:00": {
			"DAM_lmp($/MWh)": 4.89454,
			"RTM_lmp($/MWh)": 15.4
		},
		"11:00:00": {
			"DAM_lmp($/MWh)": 3.58842,
			"RTM_lmp($/MWh)": 11.21222
		},
		"12:00:00": {
			"DAM_lmp($/MWh)": 1.56254,
			"RTM_lmp($/MWh)": 14.34001
		},
		"13:00:00": {
			"DAM_lmp($/MWh)": 1.06917,
			"RTM_lmp($/MWh)": 14.55474
		},
		"14:00:00": {
			"DAM_lmp($/MWh)": 2.07531,
			"RTM_lmp($/MWh)": 9.9976
		},
		"15:00:00": {
			"DAM_lmp($/MWh)": 5.00865,
			"RTM_lmp($/MWh)": 4.9988
		},
		"16:00:00": {
			"DAM_lmp($/MWh)": 9.31117,
			"RTM_lmp($/MWh)": 4.95
		},
		"17:00:00": {
			"DAM_lmp($/MWh)": 23.29515,
			"RTM_lmp($/MWh)": 0.0
		},
		"18:00:00": {
			"DAM_lmp($/MWh)": 41.82791,
			"RTM_lmp($/MWh)": 13.48623
		},
		"19:00:00": {
			"DAM_lmp($/MWh)": 62.88269,
			"RTM_lmp($/MWh)": 26.76531
		},
		"20:00:00": {
			"DAM_lmp($/MWh)": 62.98938,
			"RTM_lmp($/MWh)": 40.0
		},
		"21:00:00": {
			"DAM_lmp($/MWh)": 48.44249,
			"RTM_lmp($/MWh)": 40.90769
		},
		"22:00:00": {
			"DAM_lmp($/MWh)": 39.22961,
			"RTM_lmp($/MWh)": 31.23174
		},
		"23:00:00": {
			"DAM_lmp($/MWh)": 31.46466,
			"RTM_lmp($/MWh)": 32.5973
		}
	}
}