{
	"2023-05-22": {
		"00:00:00": {
			"DAM_lmp($/MWh)": 29.7267,
			"RTM_lmp($/MWh)": 28.70171
		},
		"01:00:00": {
			"DAM_lmp($/MWh)": 25.98464,
			"RTM_lmp($/MWh)": 25.07629
		},
		"02:00:00": {
			"DAM_lmp($/MWh)": 24.69412,
			"RTM_lmp($/MWh)": 20.75328
		},
		"03:00:00": {
			"DAM_lmp($/MWh)": 22.8407,
			"RTM_lmp($/MWh)": 22.99722
		},
		"04:00:00": {
			"DAM_lmp($/MWh)": 26.61707,
			"RTM_lmp($/MWh)": 20.31292
		},
		"05:00:00": {
			"DAM_lmp($/MWh)": 34.57937,
			"RTM_lmp($/MWh)": 30.81135
		},
		"06:00:00": {
			"DAM_lmp($/MWh)": 35.8709,
			"RTM_lmp($/MWh)": 72.0
		},
		"07:00:00": {
			"DAM_lmp($/MWh)": 25.18722,
			"RTM_lmp($/MWh)": 18.0208
		},
		"08:00:00": {
			"DAM_lmp($/MWh)": 11.80633,
			"RTM_lmp($/MWh)": 12.8688
		},
		"09:00:00": {
			"DAM_lmp($/MWh)": 9.70236,
			"RTM_lmp($/MWh)": 12.94
		},
		"10:00:00": {
			"DAM_lmp($/MWh)": 7.07627,
			"RTM_lmp($/MWh)": 15.4
		},
		"11:00:00": {
			"DAM_lmp($/MWh)": 4.95976,
			"RTM_lmp($/MWh)": 14.7764
		},
		"12:00:00": {
			"DAM_lmp($/MWh)": 3.65973,
			"RTM_lmp($/MWh)": 15.12838
		},
		"13:00:00": {
			"DAM_lmp($/MWh)": 3.45017,
			"RTM_lmp($/MWh)": 15.46824
		},
		"14:00:00": {
			"DAM_lmp($/MWh)": 4.61678,
			"RTM_lmp($/MWh)": 9.9976
		},
		"15:00:00": {
			"DAM_lmp($/MWh)": 7.43961,
			"RTM_lmp($/MWh)": 4.9988
		},
		"16:00:00": {
			"DAM_lmp($/MWh)": 11.53963,
			"RTM_lmp($/MWh)": 4.95
		},
		"17:00:00": {
			"DAM_lmp($/MWh)": 24.23871,
			"RTM_lmp($/MWh)": 0.0
		},
		"18:00:00": {
			"DAM_lmp($/MWh)": 42.93652,
			"RTM_lmp($/MWh)": 14.14312
		},
		"19:00:00": {
			"DAM_lmp($/MWh)": 63.37492,
			"RTM_lmp($/MWh)": 26.85883
		},
		"20:00:00": {
			"DAM_lmp($/MWh)": 63.99176,
			"RTM_lmp($/MWh)": 40.0
		},
		"21:00:00": {
			"DAM_lmp($/MWh)": 49.32398,
			"RTM_lmp($/MWh)": 40.7818
		},
		"22:00:00": {
			"DAM_lmp($/MWh)": 40.44463,
			"RTM_lmp($/MWh)": 31.41001
		},
		"23:00:00": {
			"DAM_lmp($/MWh)": 31.80349,
			"RTM_lmp($/MWh)": 33.18194
		}
	},
	"2023-05-23": {
		"00:00:00": {
			"DAM_lmp($/MWh)": 29.7267,
			"RTM_lmp($/MWh)": 28.70171
		},
		"01:00:00": {
			"DAM_lmp($/MWh)": 25.98464,
			"RTM_lmp($/MWh)": 25.07629
		},
		"02:00:00": {
			"DAM_lmp($/MWh)": 24.69412,
			"RTM_lmp($/MWh)": 20.75328
		},
		"03:00:00": {
			"DAM_lmp($/MWh)": 22.8407,
			"RTM_lmp($/MWh)": 22.99722
		},
		"04:00:00": {
			"DAM_lmp($/MWh)": 26.61707,
			"RTM_lmp($/MWh)": 20.31292
		},
		"05:00:00": {
			"DAM_lmp($/MWh)": 34.57937,
			"RTM_lmp($/MWh)": 30.81135
		},
		"06:00:00": {
			"DAM_lmp($/MWh)": 35.8709,
			"RTM_lmp($/MWh)": 72.0
		},
		"07:00:00": {
			"DAM_lmp($/MWh)": 25.18722,
			"RTM_lmp($/MWh)": 18.0208
		},
		"08:00:00": {
			"DAM_lmp($/MWh)": 11.80633,
			"RTM_lmp($/MWh)": 12.8688
		},
		"09:00:00": {
			"DAM_lmp($/MWh)": 9.70236,
			"RTM_lmp($/MWh)": 12.94
		},
		"10:00:00": {
			"DAM_lmp($/MWh)": 7.07627,
			"RTM_lmp($/MWh)": 15.4
		},
		"11:00:00": {
			"DAM_lmp($/MWh)": 4.95976,
			"RTM_lmp($/MWh)": 14.7764
		},
		"12:00:00": {
			"DAM_lmp($/MWh)": 3.65973,
			"RTM_lmp($/MWh)": 15.12838
		},
		"13:00:00": {
			"DAM_lmp($/MWh)": 3.45017,
			"RTM_lmp($/MWh)": 15.46824
		},
		"14:00:00": {
			"DAM_lmp($/MWh)": 4.61678,
			"RTM_lmp($/MWh)": 9.9976
		},
		"15:00:00": {
			"DAM_lmp($/MWh)": 7.43961,
			"RTM_lmp($/MWh)": 4.9988
		},
		"16:00:00": {
			"DAM_lmp($/MWh)": 11.53963,
			"RTM_lmp($/MWh)": 4.95
		},
		"17:00:00": {
			"DAM_lmp($/MWh)": 24.23871,
			"RTM_lmp($/MWh)": 0.0
		},
		"18:00:00": {
			"DAM_lmp($/MWh)": 42.93652,
			"RTM_lmp($/MWh)": 14.14312
		},
		"19:00:00": {
			"DAM_lmp($/MWh)": 63.37492,
			"RTM_lmp($/MWh)": 26.85883
		},
		"20:00:00": {
			"DAM_lmp($/MWh)": 63.99176,
			"RTM_lmp($/MWh)": 40.0
		},
		"21:00:00": {
			"DAM_lmp($/MWh)": 49.32398,
			"RTM_lmp($/MWh)": 40.7818
		},
		"22:00:00": {
			"DAM_lmp($/MWh)": 40.44463,
			"RTM_lmp($/MWh)": 31.41001
		},
		"23:00:00": {
			"DAM_lmp($/MWh)": 31.80349,
			"RTM_lmp($/MWh)": 33.18194
		}
	}
}