{
	"2023-05-22": {
		"00:00:00": {
			"DAM_lmp($/MWh)": 19.11389,
			"RTM_lmp($/MWh)": 25.48891
		},
		"01:00:00": {
			"DAM_lmp($/MWh)": 16.27152,
			"RTM_lmp($/MWh)": 21.28591
		},
		"02:00:00": {
			"DAM_lmp($/MWh)": 14.18488,
			"RTM_lmp($/MWh)": 18.01929
		},
		"03:00:00": {
			"DAM_lmp($/MWh)": 11.69264,
			"RTM_lmp($/MWh)": 6.40113
		},
		"04:00:00": {
			"DAM_lmp($/MWh)": 16.82897,
			"RTM_lmp($/MWh)": 1.33844
		},
		"05:00:00": {
			"DAM_lmp($/MWh)": 26.81023,
			"RTM_lmp($/MWh)": 30.81135
		},
		"06:00:00": {
			"DAM_lmp($/MWh)": 26.66822,
			"RTM_lmp($/MWh)": 72.0
		},
		"07:00:00": {
			"DAM_lmp($/MWh)": 22.90453,
			"RTM_lmp($/MWh)": 18.0208
		},
		"08:00:00": {
			"DAM_lmp($/MWh)": 14.90658,
			"RTM_lmp($/MWh)": 12.8688
		},
		"09:00:00": {
			"DAM_lmp($/MWh)": 12.92882,
			"RTM_lmp($/MWh)": 12.94
		},
		"10:00:00": {
			"DAM_lmp($/MWh)": 8.55352,
			"RTM_lmp($/MWh)": 15.4
		},
		"11:00:00": {
			"DAM_lmp($/MWh)": 6.67732,
			"RTM_lmp($/MWh)": 14.7764
		},
		"12:00:00": {
			"DAM_lmp($/MWh)": 5.21972,
			"RTM_lmp($/MWh)": 13.48389
		},
		"13:00:00": {
			"DAM_lmp($/MWh)": 5.10895,
			"RTM_lmp($/MWh)": 13.7464
		},
		"14:00:00": {
			"DAM_lmp($/MWh)": 6.19413,
			"RTM_lmp($/MWh)": 9.9976
		},
		"15:00:00": {
			"DAM_lmp($/MWh)": 9.43317,
			"RTM_lmp($/MWh)": 4.9988
		},
		"16:00:00": {
			"DAM_lmp($/MWh)": 13.59243,
			"RTM_lmp($/MWh)": 4.95
		},
		"17:00:00": {
			"DAM_lmp($/MWh)": 23.96735,
			"RTM_lmp($/MWh)": 0.0
		},
		"18:00:00": {
			"DAM_lmp($/MWh)": 39.48145,
			"RTM_lmp($/MWh)": 12.24671
		},
		"19:00:00": {
			"DAM_lmp($/MWh)": 57.74426,
			"RTM_lmp($/MWh)": 23.11262
		},
		"20:00:00": {
			"DAM_lmp($/MWh)": 53.01998,
			"RTM_lmp($/MWh)": 40.0
		},
		"21:00:00": {
			"DAM_lmp($/MWh)": 43.1069,
			"RTM_lmp($/MWh)": 34.19394
		},
		"22:00:00": {
			"DAM_lmp($/MWh)": 33.00934,
			"RTM_lmp($/MWh)": 26.06518
		},
		"23:00:00": {
			"DAM_lmp($/MWh)": 23.56269,
			"RTM_lmp($/MWh)": 27.34213
		}
	},
	"2023-05-23": {
		"00:00:00": {
			"DAM_lmp($/MWh)": 19.11389,
			"RTM_lmp($/MWh)": 25.48891
		},
		"01:00:00": {
			"DAM_lmp($/MWh)": 16.27152,
			"RTM_lmp($/MWh)": 21.28591
		},
		"02:00:00": {
			"DAM_lmp($/MWh)": 14.18488,
			"RTM_lmp($/MWh)": 18.01929
		},
		"03:00:00": {
			"DAM_lmp($/MWh)": 11.69264,
			"RTM_lmp($/MWh)": 6.40113
		},
		"04:00:00": {
			"DAM_lmp($/MWh)": 16.82897,
			"RTM_lmp($/MWh)": 1.33844
		},
		"05:00:00": {
			"DAM_lmp($/MWh)": 26.81023,
			"RTM_lmp($/MWh)": 30.81135
		},
		"06:00:00": {
			"DAM_lmp($/MWh)": 26.66822,
			"RTM_lmp($/MWh)": 72.0
		},
		"07:00:00": {
			"DAM_lmp($/MWh)": 22.90453,
			"RTM_lmp($/MWh)": 18.0208
		},
		"08:00:00": {
			"DAM_lmp($/MWh)": 14.90658,
			"RTM_lmp($/MWh)": 12.8688
		},
		"09:00:00": {
			"DAM_lmp($/MWh)": 12.92882,
			"RTM_lmp($/MWh)": 12.94
		},
		"10:00:00": {
			"DAM_lmp($/MWh)": 8.55352,
			"RTM_lmp($/MWh)": 15.4
		},
		"11:00:00": {
			"DAM_lmp($/MWh)": 6.67732,
			"RTM_lmp($/MWh)": 14.7764
		},
		"12:00:00": {
			"DAM_lmp($/MWh)": 5.21972,
			"RTM_lmp($/MWh)": 13.48389
		},
		"13:00:00": {
			"DAM_lmp($/MWh)": 5.10895,
			"RTM_lmp($/MWh)": 13.7464
		},
		"14:00:00": {
			"DAM_lmp($/MWh)": 6.19413,
			"RTM_lmp($/MWh)": 9.9976
		},
		"15:00:00": {
			"DAM_lmp($/MWh)": 9.43317,
			"RTM_lmp($/MWh)": 4.9988
		},
		"16:00:00": {
			"DAM_lmp($/MWh)": 13.59243,
			"RTM_lmp($/MWh)": 4.95
		},
		"17:00:00": {
			"DAM_lmp($/MWh)": 23.96735,
			"RTM_lmp($/MWh)": 0.0
		},
		"18:00:00": {
			"DAM_lmp($/MWh)": 39.48145,
			"RTM_lmp($/MWh)": 12.24671
		},
		"19:00:00": {
			"DAM_lmp($/MWh)": 57.74426,
			"RTM_lmp($/MWh)": 23.11262
		},
		"20:00:00": {
			"DAM_lmp($/MWh)": 53.01998,
			"RTM_lmp($/MWh)": 40.0
		},
		"21:00:00": {
			"DAM_lmp($/MWh)": 43.1069,
			"RTM_lmp($/MWh)": 34.19394
		},
		"22:00:00": {
			"DAM_lmp($/MWh)": 33.00934,
			"RTM_lmp($/MWh)": 26.06518
		},
		"23:00:00": {
			"DAM_lmp($/MWh)": 23.56269,
			"RTM_lmp($/MWh)": 27.34213
		}
	}
}