{
	"2023-05-22": {
		"00:00:00": {
			"DAM_lmp($/MWh)": 29.01463,
			"RTM_lmp($/MWh)": 28.26347
		},
		"01:00:00": {
			"DAM_lmp($/MWh)": 25.56312,
			"RTM_lmp($/MWh)": 24.69799
		},
		"02:00:00": {
			"DAM_lmp($/MWh)": 24.27136,
			"RTM_lmp($/MWh)": 20.51519
		},
		"03:00:00": {
			"DAM_lmp($/MWh)": 22.45423,
			"RTM_lmp($/MWh)": 5.86601
		},
		"04:00:00": {
			"DAM_lmp($/MWh)": 25.93762,
			"RTM_lmp($/MWh)": 1.49068
		},
		"05:00:00": {
			"DAM_lmp($/MWh)": 33.7563,
			"RTM_lmp($/MWh)": 30.81135
		},
		"06:00:00": {
			"DAM_lmp($/MWh)": 35.23055,
			"RTM_lmp($/MWh)": 72.0
		},
		"07:00:00": {
			"DAM_lmp($/MWh)": 24.99053,
			"RTM_lmp($/MWh)": 18.0208
		},
		"08:00:00": {
			"DAM_lmp($/MWh)": 9.66127,
			"RTM_lmp($/MWh)": 12.8688
		},
		"09:00:00": {
			"DAM_lmp($/MWh)": 6.67485,
			"RTM_lmp($/MWh)": 12.94
		},
		"10:00:00": {
			"DAM_lmp($/MWh)": 4.99049,
			"RTM_lmp($/MWh)": 15.4
		},
		"11:00:00": {
			"DAM_lmp($/MWh)": 3.72817,
			"RTM_lmp($/MWh)": 11.34931
		},
		"12:00:00": {
			"DAM_lmp($/MWh)": 1.61405,
			"RTM_lmp($/MWh)": 14.3785
		},
		"13:00:00": {
			"DAM_lmp($/MWh)": 1.11579,
			"RTM_lmp($/MWh)": 14.59712
		},
		"14:00:00": {
			"DAM_lmp($/MWh)": 2.20894,
			"RTM_lmp($/MWh)": 9.9976
		},
		"15:00:00": {
			"DAM_lmp($/MWh)": 5.0827,
			"RTM_lmp($/MWh)": 4.9988
		},
		"16:00:00": {
			"DAM_lmp($/MWh)": 9.49354,
			"RTM_lmp($/MWh)": 4.95
		},
		"17:00:00": {
			"DAM_lmp($/MWh)": 23.86278,
			"RTM_lmp($/MWh)": 0.0
		},
		"18:00:00": {
			"DAM_lmp($/MWh)": 42.5642,
			"RTM_lmp($/MWh)": 13.70186
		},
		"19:00:00": {
			"DAM_lmp($/MWh)": 63.49025,
			"RTM_lmp($/MWh)": 27.03211
		},
		"20:00:00": {
			"DAM_lmp($/MWh)": 63.74026,
			"RTM_lmp($/MWh)": 40.0
		},
		"21:00:00": {
			"DAM_lmp($/MWh)": 49.04653,
			"RTM_lmp($/MWh)": 41.42381
		},
		"22:00:00": {
			"DAM_lmp($/MWh)": 39.64505,
			"RTM_lmp($/MWh)": 31.53734
		},
		"23:00:00": {
			"DAM_lmp($/MWh)": 31.7086,
			"RTM_lmp($/MWh)": 32.82983
		}
	},
	"2023-05-23": {
		"00:00:00": {
			"DAM_lmp($/MWh)": 29.01463,
			"RTM_lmp($/MWh)": 28.26347
		},
		"01:00:00": {
			"DAM_lmp($/MWh)": 25.56312,
			"RTM_lmp($/MWh)": 24.69799
		},
		"02:00:00": {
			"DAM_lmp($/MWh)": 24.27136,
			"RTM_lmp($/MWh)": 20.51519
		},
		"03:00:00": {
			"DAM_lmp($/MWh)": 22.45423,
			"RTM_lmp($/MWh)": 5.86601
		},
		"04:00:00": {
			"DAM_lmp($/MWh)": 25.93762,
			"RTM_lmp($/MWh)": 1.49068
		},
		"05:00:00": {
			"DAM_lmp($/MWh)": 33.7563,
			"RTM_lmp($/MWh)": 30.81135
		},
		"06:00:00": {
			"DAM_lmp($/MWh)": 35.23055,
			"RTM_lmp($/MWh)": 72.0
		},
		"07:00:00": {
			"DAM_lmp($/MWh)": 24.99053,
			"RTM_lmp($/MWh)": 18.0208
		},
		"08:00:00": {
			"DAM_lmp($/MWh)": 9.66127,
			"RTM_lmp($/MWh)": 12.8688
		},
		"09:00:00": {
			"DAM_lmp($/MWh)": 6.67485,
			"RTM_lmp($/MWh)": 12.94
		},
		"10:00:00": {
			"DAM_lmp($/MWh)": 4.99049,
			"RTM_lmp($/MWh)": 15.4
		},
		"11:00:00": {
			"DAM_lmp($/MWh)": 3.72817,
			"RTM_lmp($/MWh)": 11.34931
		},
		"12:00:00": {
			"DAM_lmp($/MWh)": 1.61405,
			"RTM_lmp($/MWh)": 14.3785
		},
		"13:00:00": {
			"DAM_lmp($/MWh)": 1.11579,
			"RTM_lmp($/MWh)": 14.59712
		},
		"14:00:00": {
			"DAM_lmp($/MWh)": 2.20894,
			"RTM_lmp($/MWh)": 9.9976
		},
		"15:00:00": {
			"DAM_lmp($/MWh)": 5.0827,
			"RTM_lmp($/MWh)": 4.9988
		},
		"16:00:00": {
			"DAM_lmp($/MWh)": 9.49354,
			"RTM_lmp($/MWh)": 4.95
		},
		"17:00:00": {
			"DAM_lmp($/MWh)": 23.86278,
			"RTM_lmp($/MWh)": 0.0
		},
		"18:00:00": {
			"DAM_lmp($/MWh)": 42.5642,
			"RTM_lmp($/MWh)": 13.70186
		},
		"19:00:00": {
			"DAM_lmp($/MWh)": 63.49025,
			"RTM_lmp($/MWh)": 27.03211
		},
		"20:00:00": {
			"DAM_lmp($/MWh)": 63.74026,
			"RTM_lmp($/MWh)": 40.0
		},
		"21:00:00": {
			"DAM_lmp($/MWh)": 49.04653,
			"RTM_lmp($/MWh)": 41.42381
		},
		"22:00:00": {
			"DAM_lmp($/MWh)": 39.64505,
			"RTM_lmp($/MWh)": 31.53734
		},
		"23:00:00": {
			"DAM_lmp($/MWh)": 31.7086,
			"RTM_lmp($/MWh)": 32.82983
		}
	}
}