{
	"2023-05-22": {
		"00:00:00": {
			"DAM_lmp($/MWh)": 21.49042,
			"RTM_lmp($/MWh)": 23.68474
		},
		"01:00:00": {
			"DAM_lmp($/MWh)": 17.84584,
			"RTM_lmp($/MWh)": 20.44031
		},
		"02:00:00": {
			"DAM_lmp($/MWh)": 15.63131,
			"RTM_lmp($/MWh)": 16.97455
		},
		"03:00:00": {
			"DAM_lmp($/MWh)": 7.77,
			"RTM_lmp($/MWh)": 5.52662
		},
		"04:00:00": {
			"DAM_lmp($/MWh)": 17.40481,
			"RTM_lmp($/MWh)": 1.07912
		},
		"05:00:00": {
			"DAM_lmp($/MWh)": 27.38899,
			"RTM_lmp($/MWh)": 30.81135
		},
		"06:00:00": {
			"DAM_lmp($/MWh)": 27.27473,
			"RTM_lmp($/MWh)": 72.0
		},
		"07:00:00": {
			"DAM_lmp($/MWh)": 23.55673,
			"RTM_lmp($/MWh)": 18.0208
		},
		"08:00:00": {
			"DAM_lmp($/MWh)": 11.84617,
			"RTM_lmp($/MWh)": 12.8688
		},
		"09:00:00": {
			"DAM_lmp($/MWh)": 9.59645,
			"RTM_lmp($/MWh)": 12.94
		},
		"10:00:00": {
			"DAM_lmp($/MWh)": 6.87522,
			"RTM_lmp($/MWh)": 15.4
		},
		"11:00:00": {
			"DAM_lmp($/MWh)": 5.14285,
			"RTM_lmp($/MWh)": 14.7764
		},
		"12:00:00": {
			"DAM_lmp($/MWh)": 3.6785,
			"RTM_lmp($/MWh)": 13.51623
		},
		"13:00:00": {
			"DAM_lmp($/MWh)": 3.36338,
			"RTM_lmp($/MWh)": 13.74326
		},
		"14:00:00": {
			"DAM_lmp($/MWh)": 4.3812,
			"RTM_lmp($/MWh)": 9.9976
		},
		"15:00:00": {
			"DAM_lmp($/MWh)": 7.11719,
			"RTM_lmp($/MWh)": 4.9988
		},
		"16:00:00": {
			"DAM_lmp($/MWh)": 11.05602,
			"RTM_lmp($/MWh)": 4.95
		},
		"17:00:00": {
			"DAM_lmp($/MWh)": 22.50097,
			"RTM_lmp($/MWh)": 0.0
		},
		"18:00:00": {
			"DAM_lmp($/MWh)": 40.58058,
			"RTM_lmp($/MWh)": 12.42378
		},
		"19:00:00": {
			"DAM_lmp($/MWh)": 59.92769,
			"RTM_lmp($/MWh)": 24.34485
		},
		"20:00:00": {
			"DAM_lmp($/MWh)": 59.8251,
			"RTM_lmp($/MWh)": 40.0
		},
		"21:00:00": {
			"DAM_lmp($/MWh)": 45.46807,
			"RTM_lmp($/MWh)": 36.71579
		},
		"22:00:00": {
			"DAM_lmp($/MWh)": 34.72049,
			"RTM_lmp($/MWh)": 27.85104
		},
		"23:00:00": {
			"DAM_lmp($/MWh)": 24.51881,
			"RTM_lmp($/MWh)": 28.77385
		}
	},
	"2023-05-23": {
		"00:00:00": {
			"DAM_lmp($/MWh)": 21.49042,
			"RTM_lmp($/MWh)": 23.68474
		},
		"01:00:00": {
			"DAM_lmp($/MWh)": 17.84584,
			"RTM_lmp($/MWh)": 20.44031
		},
		"02:00:00": {
			"DAM_lmp($/MWh)": 15.63131,
			"RTM_lmp($/MWh)": 16.97455
		},
		"03:00:00": {
			"DAM_lmp($/MWh)": 7.77,
			"RTM_lmp($/MWh)": 5.52662
		},
		"04:00:00": {
			"DAM_lmp($/MWh)": 17.40481,
			"RTM_lmp($/MWh)": 1.07912
		},
		"05:00:00": {
			"DAM_lmp($/MWh)": 27.38899,
			"RTM_lmp($/MWh)": 30.81135
		},
		"06:00:00": {
			"DAM_lmp($/MWh)": 27.27473,
			"RTM_lmp($/MWh)": 72.0
		},
		"07:00:00": {
			"DAM_lmp($/MWh)": 23.55673,
			"RTM_lmp($/MWh)": 18.0208
		},
		"08:00:00": {
			"DAM_lmp($/MWh)": 11.84617,
			"RTM_lmp($/MWh)": 12.8688
		},
		"09:00:00": {
			"DAM_lmp($/MWh)": 9.59645,
			"RTM_lmp($/MWh)": 12.94
		},
		"10:00:00": {
			"DAM_lmp($/MWh)": 6.87522,
			"RTM_lmp($/MWh)": 15.4
		},
		"11:00:00": {
			"DAM_lmp($/MWh)": 5.14285,
			"RTM_lmp($/MWh)": 14.7764
		},
		"12:00:00": {
			"DAM_lmp($/MWh)": 3.6785,
			"RTM_lmp($/MWh)": 13.51623
		},
		"13:00:00": {
			"DAM_lmp($/MWh)": 3.36338,
			"RTM_lmp($/MWh)": 13.74326
		},
		"14:00:00": {
			"DAM_lmp($/MWh)": 4.3812,
			"RTM_lmp($/MWh)": 9.9976
		},
		"15:00:00": {
			"DAM_lmp($/MWh)": 7.11719,
			"RTM_lmp($/MWh)": 4.9988
		},
		"16:00:00": {
			"DAM_lmp($/MWh)": 11.05602,
			"RTM_lmp($/MWh)": 4.95
		},
		"17:00:00": {
			"DAM_lmp($/MWh)": 22.50097,
			"RTM_lmp($/MWh)": 0.0
		},
		"18:00:00": {
			"DAM_lmp($/MWh)": 40.58058,
			"RTM_lmp($/MWh)": 12.42378
		},
		"19:00:00": {
			"DAM_lmp($/MWh)": 59.92769,
			"RTM_lmp($/MWh)": 24.34485
		},
		"20:00:00": {
			"DAM_lmp($/MWh)": 59.8251,
			"RTM_lmp($/MWh)": 40.0
		},
		"21:00:00": {
			"DAM_lmp($/MWh)": 45.46807,
			"RTM_lmp($/MWh)": 36.71579
		},
		"22:00:00": {
			"DAM_lmp($/MWh)": 34.72049,
			"RTM_lmp($/MWh)": 27.85104
		},
		"23:00:00": {
			"DAM_lmp($/MWh)": 24.51881,
			"RTM_lmp($/MWh)": 28.77385
		}
	}
}