{
	"2023-05-22": {
		"00:00:00": {
			"DAM_lmp($/MWh)": 44.15412,
			"RTM_lmp($/MWh)": 27.16503
		},
		"01:00:00": {
			"DAM_lmp($/MWh)": 115.3,
			"RTM_lmp($/MWh)": 23.41228
		},
		"02:00:00": {
			"DAM_lmp($/MWh)": 38.75607,
			"RTM_lmp($/MWh)": 19.3555
		},
		"03:00:00": {
			"DAM_lmp($/MWh)": 35.73232,
			"RTM_lmp($/MWh)": 6.85194
		},
		"04:00:00": {
			"DAM_lmp($/MWh)": 32.22249,
			"RTM_lmp($/MWh)": 1.83846
		},
		"05:00:00": {
			"DAM_lmp($/MWh)": 32.31609,
			"RTM_lmp($/MWh)": 30.81135
		},
		"06:00:00": {
			"DAM_lmp($/MWh)": 33.30751,
			"RTM_lmp($/MWh)": 72.0
		},
		"07:00:00": {
			"DAM_lmp($/MWh)": 26.79701,
			"RTM_lmp($/MWh)": 18.0208
		},
		"08:00:00": {
			"DAM_lmp($/MWh)": 17.08841,
			"RTM_lmp($/MWh)": 12.8688
		},
		"09:00:00": {
			"DAM_lmp($/MWh)": 14.4985,
			"RTM_lmp($/MWh)": 12.94
		},
		"10:00:00": {
			"DAM_lmp($/MWh)": 9.8462,
			"RTM_lmp($/MWh)": 15.4
		},
		"11:00:00": {
			"DAM_lmp($/MWh)": 8.07259,
			"RTM_lmp($/MWh)": 14.7764
		},
		"12:00:00": {
			"DAM_lmp($/MWh)": 6.10394,
			"RTM_lmp($/MWh)": 14.90049
		},
		"13:00:00": {
			"DAM_lmp($/MWh)": 5.93766,
			"RTM_lmp($/MWh)": 15.11194
		},
		"14:00:00": {
			"DAM_lmp($/MWh)": 7.13322,
			"RTM_lmp($/MWh)": 9.9976
		},
		"15:00:00": {
			"DAM_lmp($/MWh)": 10.22154,
			"RTM_lmp($/MWh)": 4.9988
		},
		"16:00:00": {
			"DAM_lmp($/MWh)": 14.38119,
			"RTM_lmp($/MWh)": 4.95
		},
		"17:00:00": {
			"DAM_lmp($/MWh)": 25.93662,
			"RTM_lmp($/MWh)": 0.0
		},
		"18:00:00": {
			"DAM_lmp($/MWh)": 47.51072,
			"RTM_lmp($/MWh)": 14.00746
		},
		"19:00:00": {
			"DAM_lmp($/MWh)": 66.49574,
			"RTM_lmp($/MWh)": 27.42543
		},
		"20:00:00": {
			"DAM_lmp($/MWh)": 76.34672,
			"RTM_lmp($/MWh)": 40.0
		},
		"21:00:00": {
			"DAM_lmp($/MWh)": 58.01105,
			"RTM_lmp($/MWh)": 41.73432
		},
		"22:00:00": {
			"DAM_lmp($/MWh)": 51.88845,
			"RTM_lmp($/MWh)": 31.33998
		},
		"23:00:00": {
			"DAM_lmp($/MWh)": 38.37102,
			"RTM_lmp($/MWh)": 32.21861
		}
	},
	"2023-05-23": {
		"00:00:00": {
			"DAM_lmp($/MWh)": 44.15412,
			"RTM_lmp($/MWh)": 27.16503
		},
		"01:00:00": {
			"DAM_lmp($/MWh)": 115.3,
			"RTM_lmp($/MWh)": 23.41228
		},
		"02:00:00": {
			"DAM_lmp($/MWh)": 38.75607,
			"RTM_lmp($/MWh)": 19.3555
		},
		"03:00:00": {
			"DAM_lmp($/MWh)": 35.73232,
			"RTM_lmp($/MWh)": 6.85194
		},
		"04:00:00": {
			"DAM_lmp($/MWh)": 32.22249,
			"RTM_lmp($/MWh)": 1.83846
		},
		"05:00:00": {
			"DAM_lmp($/MWh)": 32.31609,
			"RTM_lmp($/MWh)": 30.81135
		},
		"06:00:00": {
			"DAM_lmp($/MWh)": 33.30751,
			"RTM_lmp($/MWh)": 72.0
		},
		"07:00:00": {
			"DAM_lmp($/MWh)": 26.79701,
			"RTM_lmp($/MWh)": 18.0208
		},
		"08:00:00": {
			"DAM_lmp($/MWh)": 17.08841,
			"RTM_lmp($/MWh)": 12.8688
		},
		"09:00:00": {
			"DAM_lmp($/MWh)": 14.4985,
			"RTM_lmp($/MWh)": 12.94
		},
		"10:00:00": {
			"DAM_lmp($/MWh)": 9.8462,
			"RTM_lmp($/MWh)": 15.4
		},
		"11:00:00": {
			"DAM_lmp($/MWh)": 8.07259,
			"RTM_lmp($/MWh)": 14.7764
		},
		"12:00:00": {
			"DAM_lmp($/MWh)": 6.10394,
			"RTM_lmp($/MWh)": 14.90049
		},
		"13:00:00": {
			"DAM_lmp($/MWh)": 5.93766,
			"RTM_lmp($/MWh)": 15.11194
		},
		"14:00:00": {
			"DAM_lmp($/MWh)": 7.13322,
			"RTM_lmp($/MWh)": 9.9976
		},
		"15:00:00": {
			"DAM_lmp($/MWh)": 10.22154,
			"RTM_lmp($/MWh)": 4.9988
		},
		"16:00:00": {
			"DAM_lmp($/MWh)": 14.38119,
			"RTM_lmp($/MWh)": 4.95
		},
		"17:00:00": {
			"DAM_lmp($/MWh)": 25.93662,
			"RTM_lmp($/MWh)": 0.0
		},
		"18:00:00": {
			"DAM_lmp($/MWh)": 47.51072,
			"RTM_lmp($/MWh)": 14.00746
		},
		"19:00:00": {
			"DAM_lmp($/MWh)": 66.49574,
			"RTM_lmp($/MWh)": 27.42543
		},
		"20:00:00": {
			"DAM_lmp($/MWh)": 76.34672,
			"RTM_lmp($/MWh)": 40.0
		},
		"21:00:00": {
			"DAM_lmp($/MWh)": 58.01105,
			"RTM_lmp($/MWh)": 41.73432
		},
		"22:00:00": {
			"DAM_lmp($/MWh)": 51.88845,
			"RTM_lmp($/MWh)": 31.33998
		},
		"23:00:00": {
			"DAM_lmp($/MWh)": 38.37102,
			"RTM_lmp($/MWh)": 32.21861
		}
	}
}