{
	"2023-05-22": {
		"00:00:00": {
			"DAM_lmp($/MWh)": 30.94993,
			"RTM_lmp($/MWh)": 29.31638
		},
		"01:00:00": {
			"DAM_lmp($/MWh)": 27.15612,
			"RTM_lmp($/MWh)": 25.85018
		},
		"02:00:00": {
			"DAM_lmp($/MWh)": 25.81736,
			"RTM_lmp($/MWh)": 21.51478
		},
		"03:00:00": {
			"DAM_lmp($/MWh)": 23.91602,
			"RTM_lmp($/MWh)": 23.46216
		},
		"04:00:00": {
			"DAM_lmp($/MWh)": 27.72842,
			"RTM_lmp($/MWh)": 20.68576
		},
		"05:00:00": {
			"DAM_lmp($/MWh)": 35.93745,
			"RTM_lmp($/MWh)": 30.81135
		},
		"06:00:00": {
			"DAM_lmp($/MWh)": 37.65528,
			"RTM_lmp($/MWh)": 72.0
		},
		"07:00:00": {
			"DAM_lmp($/MWh)": 26.74266,
			"RTM_lmp($/MWh)": 18.0208
		},
		"08:00:00": {
			"DAM_lmp($/MWh)": 19.33821,
			"RTM_lmp($/MWh)": 12.8688
		},
		"09:00:00": {
			"DAM_lmp($/MWh)": 14.57261,
			"RTM_lmp($/MWh)": 12.94
		},
		"10:00:00": {
			"DAM_lmp($/MWh)": 9.73049,
			"RTM_lmp($/MWh)": 15.4
		},
		"11:00:00": {
			"DAM_lmp($/MWh)": 9.96517,
			"RTM_lmp($/MWh)": 14.7764
		},
		"12:00:00": {
			"DAM_lmp($/MWh)": 5.17584,
			"RTM_lmp($/MWh)": 15.89673
		},
		"13:00:00": {
			"DAM_lmp($/MWh)": 4.56336,
			"RTM_lmp($/MWh)": 20.45766
		},
		"14:00:00": {
			"DAM_lmp($/MWh)": 4.80619,
			"RTM_lmp($/MWh)": 9.9976
		},
		"15:00:00": {
			"DAM_lmp($/MWh)": 7.8168,
			"RTM_lmp($/MWh)": 4.9988
		},
		"16:00:00": {
			"DAM_lmp($/MWh)": 12.17792,
			"RTM_lmp($/MWh)": 4.95
		},
		"17:00:00": {
			"DAM_lmp($/MWh)": 25.38144,
			"RTM_lmp($/MWh)": 0.0
		},
		"18:00:00": {
			"DAM_lmp($/MWh)": 44.22083,
			"RTM_lmp($/MWh)": 14.81572
		},
		"19:00:00": {
			"DAM_lmp($/MWh)": 64.63428,
			"RTM_lmp($/MWh)": 27.70049
		},
		"20:00:00": {
			"DAM_lmp($/MWh)": 64.34872,
			"RTM_lmp($/MWh)": 40.0
		},
		"21:00:00": {
			"DAM_lmp($/MWh)": 50.33446,
			"RTM_lmp($/MWh)": 41.94412
		},
		"22:00:00": {
			"DAM_lmp($/MWh)": 41.01644,
			"RTM_lmp($/MWh)": 32.07533
		},
		"23:00:00": {
			"DAM_lmp($/MWh)": 32.85578,
			"RTM_lmp($/MWh)": 33.93933
		}
	},
	"2023-05-23": {
		"00:00:00": {
			"DAM_lmp($/MWh)": 30.94993,
			"RTM_lmp($/MWh)": 29.31638
		},
		"01:00:00": {
			"DAM_lmp($/MWh)": 27.15612,
			"RTM_lmp($/MWh)": 25.85018
		},
		"02:00:00": {
			"DAM_lmp($/MWh)": 25.81736,
			"RTM_lmp($/MWh)": 21.51478
		},
		"03:00:00": {
			"DAM_lmp($/MWh)": 23.91602,
			"RTM_lmp($/MWh)": 23.46216
		},
		"04:00:00": {
			"DAM_lmp($/MWh)": 27.72842,
			"RTM_lmp($/MWh)": 20.68576
		},
		"05:00:00": {
			"DAM_lmp($/MWh)": 35.93745,
			"RTM_lmp($/MWh)": 30.81135
		},
		"06:00:00": {
			"DAM_lmp($/MWh)": 37.65528,
			"RTM_lmp($/MWh)": 72.0
		},
		"07:00:00": {
			"DAM_lmp($/MWh)": 26.74266,
			"RTM_lmp($/MWh)": 18.0208
		},
		"08:00:00": {
			"DAM_lmp($/MWh)": 19.33821,
			"RTM_lmp($/MWh)": 12.8688
		},
		"09:00:00": {
			"DAM_lmp($/MWh)": 14.57261,
			"RTM_lmp($/MWh)": 12.94
		},
		"10:00:00": {
			"DAM_lmp($/MWh)": 9.73049,
			"RTM_lmp($/MWh)": 15.4
		},
		"11:00:00": {
			"DAM_lmp($/MWh)": 9.96517,
			"RTM_lmp($/MWh)": 14.7764
		},
		"12:00:00": {
			"DAM_lmp($/MWh)": 5.17584,
			"RTM_lmp($/MWh)": 15.89673
		},
		"13:00:00": {
			"DAM_lmp($/MWh)": 4.56336,
			"RTM_lmp($/MWh)": 20.45766
		},
		"14:00:00": {
			"DAM_lmp($/MWh)": 4.80619,
			"RTM_lmp($/MWh)": 9.9976
		},
		"15:00:00": {
			"DAM_lmp($/MWh)": 7.8168,
			"RTM_lmp($/MWh)": 4.9988
		},
		"16:00:00": {
			"DAM_lmp($/MWh)": 12.17792,
			"RTM_lmp($/MWh)": 4.95
		},
		"17:00:00": {
			"DAM_lmp($/MWh)": 25.38144,
			"RTM_lmp($/MWh)": 0.0
		},
		"18:00:00": {
			"DAM_lmp($/MWh)": 44.22083,
			"RTM_lmp($/MWh)": 14.81572
		},
		"19:00:00": {
			"DAM_lmp($/MWh)": 64.63428,
			"RTM_lmp($/MWh)": 27.70049
		},
		"20:00:00": {
			"DAM_lmp($/MWh)": 64.34872,
			"RTM_lmp($/MWh)": 40.0
		},
		"21:00:00": {
			"DAM_lmp($/MWh)": 50.33446,
			"RTM_lmp($/MWh)": 41.94412
		},
		"22:00:00": {
			"DAM_lmp($/MWh)": 41.01644,
			"RTM_lmp($/MWh)": 32.07533
		},
		"23:00:00": {
			"DAM_lmp($/MWh)": 32.85578,
			"RTM_lmp($/MWh)": 33.93933
		}
	}
}