{
	"2023-05-22": {
		"00:00:00": {
			"DAM_lmp($/MWh)": 27.39552,
			"RTM_lmp($/MWh)": 28.78333
		},
		"01:00:00": {
			"DAM_lmp($/MWh)": 23.22691,
			"RTM_lmp($/MWh)": 24.90415
		},
		"02:00:00": {
			"DAM_lmp($/MWh)": 21.29936,
			"RTM_lmp($/MWh)": 20.70282
		},
		"03:00:00": {
			"DAM_lmp($/MWh)": 19.01521,
			"RTM_lmp($/MWh)": 7.02317
		},
		"04:00:00": {
			"DAM_lmp($/MWh)": 22.83069,
			"RTM_lmp($/MWh)": 1.67238
		},
		"05:00:00": {
			"DAM_lmp($/MWh)": 33.38925,
			"RTM_lmp($/MWh)": 33.65642
		},
		"06:00:00": {
			"DAM_lmp($/MWh)": 33.76941,
			"RTM_lmp($/MWh)": 78.77593
		},
		"07:00:00": {
			"DAM_lmp($/MWh)": 27.67177,
			"RTM_lmp($/MWh)": 18.0208
		},
		"08:00:00": {
			"DAM_lmp($/MWh)": 17.47214,
			"RTM_lmp($/MWh)": 12.8688
		},
		"09:00:00": {
			"DAM_lmp($/MWh)": 14.58821,
			"RTM_lmp($/MWh)": 14.10669
		},
		"10:00:00": {
			"DAM_lmp($/MWh)": 11.36969,
			"RTM_lmp($/MWh)": 16.9038
		},
		"11:00:00": {
			"DAM_lmp($/MWh)": 9.65958,
			"RTM_lmp($/MWh)": 16.21927
		},
		"12:00:00": {
			"DAM_lmp($/MWh)": 9.32374,
			"RTM_lmp($/MWh)": 15.92856
		},
		"13:00:00": {
			"DAM_lmp($/MWh)": 8.6162,
			"RTM_lmp($/MWh)": 16.16347
		},
		"14:00:00": {
			"DAM_lmp($/MWh)": 7.86939,
			"RTM_lmp($/MWh)": 9.9976
		},
		"15:00:00": {
			"DAM_lmp($/MWh)": 11.12871,
			"RTM_lmp($/MWh)": 4.9988
		},
		"16:00:00": {
			"DAM_lmp($/MWh)": 14.52893,
			"RTM_lmp($/MWh)": 4.95
		},
		"17:00:00": {
			"DAM_lmp($/MWh)": 26.08697,
			"RTM_lmp($/MWh)": 0.0
		},
		"18:00:00": {
			"DAM_lmp($/MWh)": 45.82351,
			"RTM_lmp($/MWh)": 13.44482
		},
		"19:00:00": {
			"DAM_lmp($/MWh)": 64.25472,
			"RTM_lmp($/MWh)": 26.21245
		},
		"20:00:00": {
			"DAM_lmp($/MWh)": 64.88749,
			"RTM_lmp($/MWh)": 40.0
		},
		"21:00:00": {
			"DAM_lmp($/MWh)": 50.98765,
			"RTM_lmp($/MWh)": 39.76635
		},
		"22:00:00": {
			"DAM_lmp($/MWh)": 40.72326,
			"RTM_lmp($/MWh)": 30.27356
		},
		"23:00:00": {
			"DAM_lmp($/MWh)": 30.08787,
			"RTM_lmp($/MWh)": 49.10977
		}
	},
	"2023-05-23": {
		"00:00:00": {
			"DAM_lmp($/MWh)": 27.39552,
			"RTM_lmp($/MWh)": 28.78333
		},
		"01:00:00": {
			"DAM_lmp($/MWh)": 23.22691,
			"RTM_lmp($/MWh)": 24.90415
		},
		"02:00:00": {
			"DAM_lmp($/MWh)": 21.29936,
			"RTM_lmp($/MWh)": 20.70282
		},
		"03:00:00": {
			"DAM_lmp($/MWh)": 19.01521,
			"RTM_lmp($/MWh)": 7.02317
		},
		"04:00:00": {
			"DAM_lmp($/MWh)": 22.83069,
			"RTM_lmp($/MWh)": 1.67238
		},
		"05:00:00": {
			"DAM_lmp($/MWh)": 33.38925,
			"RTM_lmp($/MWh)": 33.65642
		},
		"06:00:00": {
			"DAM_lmp($/MWh)": 33.76941,
			"RTM_lmp($/MWh)": 78.77593
		},
		"07:00:00": {
			"DAM_lmp($/MWh)": 27.67177,
			"RTM_lmp($/MWh)": 18.0208
		},
		"08:00:00": {
			"DAM_lmp($/MWh)": 17.47214,
			"RTM_lmp($/MWh)": 12.8688
		},
		"09:00:00": {
			"DAM_lmp($/MWh)": 14.58821,
			"RTM_lmp($/MWh)": 14.10669
		},
		"10:00:00": {
			"DAM_lmp($/MWh)": 11.36969,
			"RTM_lmp($/MWh)": 16.9038
		},
		"11:00:00": {
			"DAM_lmp($/MWh)": 9.65958,
			"RTM_lmp($/MWh)": 16.21927
		},
		"12:00:00": {
			"DAM_lmp($/MWh)": 9.32374,
			"RTM_lmp($/MWh)": 15.92856
		},
		"13:00:00": {
			"DAM_lmp($/MWh)": 8.6162,
			"RTM_lmp($/MWh)": 16.16347
		},
		"14:00:00": {
			"DAM_lmp($/MWh)": 7.86939,
			"RTM_lmp($/MWh)": 9.9976
		},
		"15:00:00": {
			"DAM_lmp($/MWh)": 11.12871,
			"RTM_lmp($/MWh)": 4.9988
		},
		"16:00:00": {
			"DAM_lmp($/MWh)": 14.52893,
			"RTM_lmp($/MWh)": 4.95
		},
		"17:00:00": {
			"DAM_lmp($/MWh)": 26.08697,
			"RTM_lmp($/MWh)": 0.0
		},
		"18:00:00": {
			"DAM_lmp($/MWh)": 45.82351,
			"RTM_lmp($/MWh)": 13.44482
		},
		"19:00:00": {
			"DAM_lmp($/MWh)": 64.25472,
			"RTM_lmp($/MWh)": 26.21245
		},
		"20:00:00": {
			"DAM_lmp($/MWh)": 64.88749,
			"RTM_lmp($/MWh)": 40.0
		},
		"21:00:00": {
			"DAM_lmp($/MWh)": 50.98765,
			"RTM_lmp($/MWh)": 39.76635
		},
		"22:00:00": {
			"DAM_lmp($/MWh)": 40.72326,
			"RTM_lmp($/MWh)": 30.27356
		},
		"23:00:00": {
			"DAM_lmp($/MWh)": 30.08787,
			"RTM_lmp($/MWh)": 49.10977
		}
	}
}