{
	"2023-05-22": {
		"00:00:00": {
			"DAM_lmp($/MWh)": 28.52121,
			"RTM_lmp($/MWh)": 28.13541
		},
		"01:00:00": {
			"DAM_lmp($/MWh)": 25.17004,
			"RTM_lmp($/MWh)": 24.59909
		},
		"02:00:00": {
			"DAM_lmp($/MWh)": 23.89531,
			"RTM_lmp($/MWh)": 20.43103
		},
		"03:00:00": {
			"DAM_lmp($/MWh)": 22.13368,
			"RTM_lmp($/MWh)": 6.01948
		},
		"04:00:00": {
			"DAM_lmp($/MWh)": 25.56893,
			"RTM_lmp($/MWh)": 1.73296
		},
		"05:00:00": {
			"DAM_lmp($/MWh)": 33.24531,
			"RTM_lmp($/MWh)": 30.81135
		},
		"06:00:00": {
			"DAM_lmp($/MWh)": 34.7089,
			"RTM_lmp($/MWh)": 72.0
		},
		"07:00:00": {
			"DAM_lmp($/MWh)": 24.68513,
			"RTM_lmp($/MWh)": 18.0208
		},
		"08:00:00": {
			"DAM_lmp($/MWh)": 9.49257,
			"RTM_lmp($/MWh)": 12.8688
		},
		"09:00:00": {
			"DAM_lmp($/MWh)": 6.54632,
			"RTM_lmp($/MWh)": 12.94
		},
		"10:00:00": {
			"DAM_lmp($/MWh)": 4.91543,
			"RTM_lmp($/MWh)": 15.4
		},
		"11:00:00": {
			"DAM_lmp($/MWh)": 3.59936,
			"RTM_lmp($/MWh)": 11.21222
		},
		"12:00:00": {
			"DAM_lmp($/MWh)": 1.56535,
			"RTM_lmp($/MWh)": 14.50169
		},
		"13:00:00": {
			"DAM_lmp($/MWh)": 1.0677,
			"RTM_lmp($/MWh)": 14.69286
		},
		"14:00:00": {
			"DAM_lmp($/MWh)": 2.14755,
			"RTM_lmp($/MWh)": 9.9976
		},
		"15:00:00": {
			"DAM_lmp($/MWh)": 4.99245,
			"RTM_lmp($/MWh)": 4.9988
		},
		"16:00:00": {
			"DAM_lmp($/MWh)": 9.30397,
			"RTM_lmp($/MWh)": 4.95
		},
		"17:00:00": {
			"DAM_lmp($/MWh)": 23.32503,
			"RTM_lmp($/MWh)": 0.0
		},
		"18:00:00": {
			"DAM_lmp($/MWh)": 41.7052,
			"RTM_lmp($/MWh)": 13.56763
		},
		"19:00:00": {
			"DAM_lmp($/MWh)": 62.55305,
			"RTM_lmp($/MWh)": 26.88083
		},
		"20:00:00": {
			"DAM_lmp($/MWh)": 62.7693,
			"RTM_lmp($/MWh)": 40.0
		},
		"21:00:00": {
			"DAM_lmp($/MWh)": 48.3776,
			"RTM_lmp($/MWh)": 41.34828
		},
		"22:00:00": {
			"DAM_lmp($/MWh)": 39.12877,
			"RTM_lmp($/MWh)": 31.55644
		},
		"23:00:00": {
			"DAM_lmp($/MWh)": 31.26486,
			"RTM_lmp($/MWh)": 32.87633
		}
	},
	"2023-05-23": {
		"00:00:00": {
			"DAM_lmp($/MWh)": 28.52121,
			"RTM_lmp($/MWh)": 28.13541
		},
		"01:00:00": {
			"DAM_lmp($/MWh)": 25.17004,
			"RTM_lmp($/MWh)": 24.59909
		},
		"02:00:00": {
			"DAM_lmp($/MWh)": 23.89531,
			"RTM_lmp($/MWh)": 20.43103
		},
		"03:00:00": {
			"DAM_lmp($/MWh)": 22.13368,
			"RTM_lmp($/MWh)": 6.01948
		},
		"04:00:00": {
			"DAM_lmp($/MWh)": 25.56893,
			"RTM_lmp($/MWh)": 1.73296
		},
		"05:00:00": {
			"DAM_lmp($/MWh)": 33.24531,
			"RTM_lmp($/MWh)": 30.81135
		},
		"06:00:00": {
			"DAM_lmp($/MWh)": 34.7089,
			"RTM_lmp($/MWh)": 72.0
		},
		"07:00:00": {
			"DAM_lmp($/MWh)": 24.68513,
			"RTM_lmp($/MWh)": 18.0208
		},
		"08:00:00": {
			"DAM_lmp($/MWh)": 9.49257,
			"RTM_lmp($/MWh)": 12.8688
		},
		"09:00:00": {
			"DAM_lmp($/MWh)": 6.54632,
			"RTM_lmp($/MWh)": 12.94
		},
		"10:00:00": {
			"DAM_lmp($/MWh)": 4.91543,
			"RTM_lmp($/MWh)": 15.4
		},
		"11:00:00": {
			"DAM_lmp($/MWh)": 3.59936,
			"RTM_lmp($/MWh)": 11.21222
		},
		"12:00:00": {
			"DAM_lmp($/MWh)": 1.56535,
			"RTM_lmp($/MWh)": 14.50169
		},
		"13:00:00": {
			"DAM_lmp($/MWh)": 1.0677,
			"RTM_lmp($/MWh)": 14.69286
		},
		"14:00:00": {
			"DAM_lmp($/MWh)": 2.14755,
			"RTM_lmp($/MWh)": 9.9976
		},
		"15:00:00": {
			"DAM_lmp($/MWh)": 4.99245,
			"RTM_lmp($/MWh)": 4.9988
		},
		"16:00:00": {
			"DAM_lmp($/MWh)": 9.30397,
			"RTM_lmp($/MWh)": 4.95
		},
		"17:00:00": {
			"DAM_lmp($/MWh)": 23.32503,
			"RTM_lmp($/MWh)": 0.0
		},
		"18:00:00": {
			"DAM_lmp($/MWh)": 41.7052,
			"RTM_lmp($/MWh)": 13.56763
		},
		"19:00:00": {
			"DAM_lmp($/MWh)": 62.55305,
			"RTM_lmp($/MWh)": 26.88083
		},
		"20:00:00": {
			"DAM_lmp($/MWh)": 62.7693,
			"RTM_lmp($/MWh)": 40.0
		},
		"21:00:00": {
			"DAM_lmp($/MWh)": 48.3776,
			"RTM_lmp($/MWh)": 41.34828
		},
		"22:00:00": {
			"DAM_lmp($/MWh)": 39.12877,
			"RTM_lmp($/MWh)": 31.55644
		},
		"23:00:00": {
			"DAM_lmp($/MWh)": 31.26486,
			"RTM_lmp($/MWh)": 32.87633
		}
	}
}