{
	"2023-05-22": {
		"00:00:00": {
			"DAM_lmp($/MWh)": 22.80461,
			"RTM_lmp($/MWh)": 25.85885
		},
		"01:00:00": {
			"DAM_lmp($/MWh)": 18.86009,
			"RTM_lmp($/MWh)": 21.93866
		},
		"02:00:00": {
			"DAM_lmp($/MWh)": 17.04238,
			"RTM_lmp($/MWh)": 18.2266
		},
		"03:00:00": {
			"DAM_lmp($/MWh)": 14.42646,
			"RTM_lmp($/MWh)": 8.61283
		},
		"04:00:00": {
			"DAM_lmp($/MWh)": 18.05448,
			"RTM_lmp($/MWh)": 4.91487
		},
		"05:00:00": {
			"DAM_lmp($/MWh)": 28.48463,
			"RTM_lmp($/MWh)": 30.81135
		},
		"06:00:00": {
			"DAM_lmp($/MWh)": 29.27689,
			"RTM_lmp($/MWh)": 72.0
		},
		"07:00:00": {
			"DAM_lmp($/MWh)": 25.41497,
			"RTM_lmp($/MWh)": 18.0208
		},
		"08:00:00": {
			"DAM_lmp($/MWh)": 11.66081,
			"RTM_lmp($/MWh)": 12.8688
		},
		"09:00:00": {
			"DAM_lmp($/MWh)": 9.63376,
			"RTM_lmp($/MWh)": 12.94
		},
		"10:00:00": {
			"DAM_lmp($/MWh)": 6.89651,
			"RTM_lmp($/MWh)": 15.4
		},
		"11:00:00": {
			"DAM_lmp($/MWh)": 5.01222,
			"RTM_lmp($/MWh)": 14.7764
		},
		"12:00:00": {
			"DAM_lmp($/MWh)": 3.75061,
			"RTM_lmp($/MWh)": 15.01751
		},
		"13:00:00": {
			"DAM_lmp($/MWh)": 3.51587,
			"RTM_lmp($/MWh)": 15.35836
		},
		"14:00:00": {
			"DAM_lmp($/MWh)": 4.57156,
			"RTM_lmp($/MWh)": 9.9976
		},
		"15:00:00": {
			"DAM_lmp($/MWh)": 7.46738,
			"RTM_lmp($/MWh)": 4.9988
		},
		"16:00:00": {
			"DAM_lmp($/MWh)": 10.56079,
			"RTM_lmp($/MWh)": 4.95
		},
		"17:00:00": {
			"DAM_lmp($/MWh)": 22.24454,
			"RTM_lmp($/MWh)": 0.0
		},
		"18:00:00": {
			"DAM_lmp($/MWh)": 30.47,
			"RTM_lmp($/MWh)": 12.89789
		},
		"19:00:00": {
			"DAM_lmp($/MWh)": 33.1942,
			"RTM_lmp($/MWh)": 24.41637
		},
		"20:00:00": {
			"DAM_lmp($/MWh)": 42.85195,
			"RTM_lmp($/MWh)": 40.0
		},
		"21:00:00": {
			"DAM_lmp($/MWh)": 33.38092,
			"RTM_lmp($/MWh)": 36.28779
		},
		"22:00:00": {
			"DAM_lmp($/MWh)": 23.84012,
			"RTM_lmp($/MWh)": 28.03567
		},
		"23:00:00": {
			"DAM_lmp($/MWh)": 22.17632,
			"RTM_lmp($/MWh)": 29.5412
		}
	},
	"2023-05-23": {
		"00:00:00": {
			"DAM_lmp($/MWh)": 22.80461,
			"RTM_lmp($/MWh)": 25.85885
		},
		"01:00:00": {
			"DAM_lmp($/MWh)": 18.86009,
			"RTM_lmp($/MWh)": 21.93866
		},
		"02:00:00": {
			"DAM_lmp($/MWh)": 17.04238,
			"RTM_lmp($/MWh)": 18.2266
		},
		"03:00:00": {
			"DAM_lmp($/MWh)": 14.42646,
			"RTM_lmp($/MWh)": 8.61283
		},
		"04:00:00": {
			"DAM_lmp($/MWh)": 18.05448,
			"RTM_lmp($/MWh)": 4.91487
		},
		"05:00:00": {
			"DAM_lmp($/MWh)": 28.48463,
			"RTM_lmp($/MWh)": 30.81135
		},
		"06:00:00": {
			"DAM_lmp($/MWh)": 29.27689,
			"RTM_lmp($/MWh)": 72.0
		},
		"07:00:00": {
			"DAM_lmp($/MWh)": 25.41497,
			"RTM_lmp($/MWh)": 18.0208
		},
		"08:00:00": {
			"DAM_lmp($/MWh)": 11.66081,
			"RTM_lmp($/MWh)": 12.8688
		},
		"09:00:00": {
			"DAM_lmp($/MWh)": 9.63376,
			"RTM_lmp($/MWh)": 12.94
		},
		"10:00:00": {
			"DAM_lmp($/MWh)": 6.89651,
			"RTM_lmp($/MWh)": 15.4
		},
		"11:00:00": {
			"DAM_lmp($/MWh)": 5.01222,
			"RTM_lmp($/MWh)": 14.7764
		},
		"12:00:00": {
			"DAM_lmp($/MWh)": 3.75061,
			"RTM_lmp($/MWh)": 15.01751
		},
		"13:00:00": {
			"DAM_lmp($/MWh)": 3.51587,
			"RTM_lmp($/MWh)": 15.35836
		},
		"14:00:00": {
			"DAM_lmp($/MWh)": 4.57156,
			"RTM_lmp($/MWh)": 9.9976
		},
		"15:00:00": {
			"DAM_lmp($/MWh)": 7.46738,
			"RTM_lmp($/MWh)": 4.9988
		},
		"16:00:00": {
			"DAM_lmp($/MWh)": 10.56079,
			"RTM_lmp($/MWh)": 4.95
		},
		"17:00:00": {
			"DAM_lmp($/MWh)": 22.24454,
			"RTM_lmp($/MWh)": 0.0
		},
		"18:00:00": {
			"DAM_lmp($/MWh)": 30.47,
			"RTM_lmp($/MWh)": 12.89789
		},
		"19:00:00": {
			"DAM_lmp($/MWh)": 33.1942,
			"RTM_lmp($/MWh)": 24.41637
		},
		"20:00:00": {
			"DAM_lmp($/MWh)": 42.85195,
			"RTM_lmp($/MWh)": 40.0
		},
		"21:00:00": {
			"DAM_lmp($/MWh)": 33.38092,
			"RTM_lmp($/MWh)": 36.28779
		},
		"22:00:00": {
			"DAM_lmp($/MWh)": 23.84012,
			"RTM_lmp($/MWh)": 28.03567
		},
		"23:00:00": {
			"DAM_lmp($/MWh)": 22.17632,
			"RTM_lmp($/MWh)": 29.5412
		}
	}
}