{
	"2023-05-22": {
		"00:00:00": {
			"DAM_lmp($/MWh)": 26.81462,
			"RTM_lmp($/MWh)": 28.10411
		},
		"01:00:00": {
			"DAM_lmp($/MWh)": 22.80915,
			"RTM_lmp($/MWh)": 24.24057
		},
		"02:00:00": {
			"DAM_lmp($/MWh)": 20.81372,
			"RTM_lmp($/MWh)": 20.07594
		},
		"03:00:00": {
			"DAM_lmp($/MWh)": 18.67515,
			"RTM_lmp($/MWh)": 7.29575
		},
		"04:00:00": {
			"DAM_lmp($/MWh)": 22.55611,
			"RTM_lmp($/MWh)": 2.17898
		},
		"05:00:00": {
			"DAM_lmp($/MWh)": 32.28522,
			"RTM_lmp($/MWh)": 30.81135
		},
		"06:00:00": {
			"DAM_lmp($/MWh)": 33.37365,
			"RTM_lmp($/MWh)": 72.0
		},
		"07:00:00": {
			"DAM_lmp($/MWh)": 26.52526,
			"RTM_lmp($/MWh)": 18.0208
		},
		"08:00:00": {
			"DAM_lmp($/MWh)": 17.37115,
			"RTM_lmp($/MWh)": 12.8688
		},
		"09:00:00": {
			"DAM_lmp($/MWh)": 14.85707,
			"RTM_lmp($/MWh)": 12.94
		},
		"10:00:00": {
			"DAM_lmp($/MWh)": 10.37776,
			"RTM_lmp($/MWh)": 15.4
		},
		"11:00:00": {
			"DAM_lmp($/MWh)": 8.37579,
			"RTM_lmp($/MWh)": 14.7764
		},
		"12:00:00": {
			"DAM_lmp($/MWh)": 6.41588,
			"RTM_lmp($/MWh)": 15.38244
		},
		"13:00:00": {
			"DAM_lmp($/MWh)": 6.26262,
			"RTM_lmp($/MWh)": 15.57026
		},
		"14:00:00": {
			"DAM_lmp($/MWh)": 7.44024,
			"RTM_lmp($/MWh)": 9.9976
		},
		"15:00:00": {
			"DAM_lmp($/MWh)": 10.5595,
			"RTM_lmp($/MWh)": 4.9988
		},
		"16:00:00": {
			"DAM_lmp($/MWh)": 14.72575,
			"RTM_lmp($/MWh)": 4.95
		},
		"17:00:00": {
			"DAM_lmp($/MWh)": 25.87687,
			"RTM_lmp($/MWh)": 0.0
		},
		"18:00:00": {
			"DAM_lmp($/MWh)": 45.36909,
			"RTM_lmp($/MWh)": 14.44443
		},
		"19:00:00": {
			"DAM_lmp($/MWh)": 67.29075,
			"RTM_lmp($/MWh)": 28.3166
		},
		"20:00:00": {
			"DAM_lmp($/MWh)": 67.25513,
			"RTM_lmp($/MWh)": 40.0
		},
		"21:00:00": {
			"DAM_lmp($/MWh)": 51.60743,
			"RTM_lmp($/MWh)": 43.20295
		},
		"22:00:00": {
			"DAM_lmp($/MWh)": 40.04009,
			"RTM_lmp($/MWh)": 32.39685
		},
		"23:00:00": {
			"DAM_lmp($/MWh)": 29.5372,
			"RTM_lmp($/MWh)": 33.27496
		}
	},
	"2023-05-23": {
		"00:00:00": {
			"DAM_lmp($/MWh)": 26.81462,
			"RTM_lmp($/MWh)": 28.10411
		},
		"01:00:00": {
			"DAM_lmp($/MWh)": 22.80915,
			"RTM_lmp($/MWh)": 24.24057
		},
		"02:00:00": {
			"DAM_lmp($/MWh)": 20.81372,
			"RTM_lmp($/MWh)": 20.07594
		},
		"03:00:00": {
			"DAM_lmp($/MWh)": 18.67515,
			"RTM_lmp($/MWh)": 7.29575
		},
		"04:00:00": {
			"DAM_lmp($/MWh)": 22.55611,
			"RTM_lmp($/MWh)": 2.17898
		},
		"05:00:00": {
			"DAM_lmp($/MWh)": 32.28522,
			"RTM_lmp($/MWh)": 30.81135
		},
		"06:00:00": {
			"DAM_lmp($/MWh)": 33.37365,
			"RTM_lmp($/MWh)": 72.0
		},
		"07:00:00": {
			"DAM_lmp($/MWh)": 26.52526,
			"RTM_lmp($/MWh)": 18.0208
		},
		"08:00:00": {
			"DAM_lmp($/MWh)": 17.37115,
			"RTM_lmp($/MWh)": 12.8688
		},
		"09:00:00": {
			"DAM_lmp($/MWh)": 14.85707,
			"RTM_lmp($/MWh)": 12.94
		},
		"10:00:00": {
			"DAM_lmp($/MWh)": 10.37776,
			"RTM_lmp($/MWh)": 15.4
		},
		"11:00:00": {
			"DAM_lmp($/MWh)": 8.37579,
			"RTM_lmp($/MWh)": 14.7764
		},
		"12:00:00": {
			"DAM_lmp($/MWh)": 6.41588,
			"RTM_lmp($/MWh)": 15.38244
		},
		"13:00:00": {
			"DAM_lmp($/MWh)": 6.26262,
			"RTM_lmp($/MWh)": 15.57026
		},
		"14:00:00": {
			"DAM_lmp($/MWh)": 7.44024,
			"RTM_lmp($/MWh)": 9.9976
		},
		"15:00:00": {
			"DAM_lmp($/MWh)": 10.5595,
			"RTM_lmp($/MWh)": 4.9988
		},
		"16:00:00": {
			"DAM_lmp($/MWh)": 14.72575,
			"RTM_lmp($/MWh)": 4.95
		},
		"17:00:00": {
			"DAM_lmp($/MWh)": 25.87687,
			"RTM_lmp($/MWh)": 0.0
		},
		"18:00:00": {
			"DAM_lmp($/MWh)": 45.36909,
			"RTM_lmp($/MWh)": 14.44443
		},
		"19:00:00": {
			"DAM_lmp($/MWh)": 67.29075,
			"RTM_lmp($/MWh)": 28.3166
		},
		"20:00:00": {
			"DAM_lmp($/MWh)": 67.25513,
			"RTM_lmp($/MWh)": 40.0
		},
		"21:00:00": {
			"DAM_lmp($/MWh)": 51.60743,
			"RTM_lmp($/MWh)": 43.20295
		},
		"22:00:00": {
			"DAM_lmp($/MWh)": 40.04009,
			"RTM_lmp($/MWh)": 32.39685
		},
		"23:00:00": {
			"DAM_lmp($/MWh)": 29.5372,
			"RTM_lmp($/MWh)": 33.27496
		}
	}
}