{
	"2023-05-22": {
		"00:00:00": {
			"DAM_lmp($/MWh)": 23.76015,
			"RTM_lmp($/MWh)": 24.32502
		},
		"01:00:00": {
			"DAM_lmp($/MWh)": 20.25362,
			"RTM_lmp($/MWh)": 20.79388
		},
		"02:00:00": {
			"DAM_lmp($/MWh)": 18.48593,
			"RTM_lmp($/MWh)": 17.46305
		},
		"03:00:00": {
			"DAM_lmp($/MWh)": 16.21904,
			"RTM_lmp($/MWh)": 6.106
		},
		"04:00:00": {
			"DAM_lmp($/MWh)": 19.97607,
			"RTM_lmp($/MWh)": 1.16295
		},
		"05:00:00": {
			"DAM_lmp($/MWh)": 29.17648,
			"RTM_lmp($/MWh)": 30.81135
		},
		"06:00:00": {
			"DAM_lmp($/MWh)": 29.54893,
			"RTM_lmp($/MWh)": 72.0
		},
		"07:00:00": {
			"DAM_lmp($/MWh)": 24.17528,
			"RTM_lmp($/MWh)": 18.0208
		},
		"08:00:00": {
			"DAM_lmp($/MWh)": 14.91474,
			"RTM_lmp($/MWh)": 12.8688
		},
		"09:00:00": {
			"DAM_lmp($/MWh)": 12.54679,
			"RTM_lmp($/MWh)": 12.94
		},
		"10:00:00": {
			"DAM_lmp($/MWh)": 7.15919,
			"RTM_lmp($/MWh)": 15.4
		},
		"11:00:00": {
			"DAM_lmp($/MWh)": 6.64876,
			"RTM_lmp($/MWh)": 14.7764
		},
		"12:00:00": {
			"DAM_lmp($/MWh)": 5.14486,
			"RTM_lmp($/MWh)": 13.81648
		},
		"13:00:00": {
			"DAM_lmp($/MWh)": 3.5418,
			"RTM_lmp($/MWh)": 14.08229
		},
		"14:00:00": {
			"DAM_lmp($/MWh)": 6.09097,
			"RTM_lmp($/MWh)": 9.9976
		},
		"15:00:00": {
			"DAM_lmp($/MWh)": 9.08297,
			"RTM_lmp($/MWh)": 4.9988
		},
		"16:00:00": {
			"DAM_lmp($/MWh)": 13.01053,
			"RTM_lmp($/MWh)": 4.95
		},
		"17:00:00": {
			"DAM_lmp($/MWh)": 23.57648,
			"RTM_lmp($/MWh)": 0.0
		},
		"18:00:00": {
			"DAM_lmp($/MWh)": 40.76293,
			"RTM_lmp($/MWh)": 12.17816
		},
		"19:00:00": {
			"DAM_lmp($/MWh)": 59.56049,
			"RTM_lmp($/MWh)": 23.16213
		},
		"20:00:00": {
			"DAM_lmp($/MWh)": 58.78836,
			"RTM_lmp($/MWh)": 40.0
		},
		"21:00:00": {
			"DAM_lmp($/MWh)": 45.82169,
			"RTM_lmp($/MWh)": 34.60096
		},
		"22:00:00": {
			"DAM_lmp($/MWh)": 35.88317,
			"RTM_lmp($/MWh)": 26.58088
		},
		"23:00:00": {
			"DAM_lmp($/MWh)": 26.29569,
			"RTM_lmp($/MWh)": 27.86699
		}
	},
	"2023-05-23": {
		"00:00:00": {
			"DAM_lmp($/MWh)": 23.76015,
			"RTM_lmp($/MWh)": 24.32502
		},
		"01:00:00": {
			"DAM_lmp($/MWh)": 20.25362,
			"RTM_lmp($/MWh)": 20.79388
		},
		"02:00:00": {
			"DAM_lmp($/MWh)": 18.48593,
			"RTM_lmp($/MWh)": 17.46305
		},
		"03:00:00": {
			"DAM_lmp($/MWh)": 16.21904,
			"RTM_lmp($/MWh)": 6.106
		},
		"04:00:00": {
			"DAM_lmp($/MWh)": 19.97607,
			"RTM_lmp($/MWh)": 1.16295
		},
		"05:00:00": {
			"DAM_lmp($/MWh)": 29.17648,
			"RTM_lmp($/MWh)": 30.81135
		},
		"06:00:00": {
			"DAM_lmp($/MWh)": 29.54893,
			"RTM_lmp($/MWh)": 72.0
		},
		"07:00:00": {
			"DAM_lmp($/MWh)": 24.17528,
			"RTM_lmp($/MWh)": 18.0208
		},
		"08:00:00": {
			"DAM_lmp($/MWh)": 14.91474,
			"RTM_lmp($/MWh)": 12.8688
		},
		"09:00:00": {
			"DAM_lmp($/MWh)": 12.54679,
			"RTM_lmp($/MWh)": 12.94
		},
		"10:00:00": {
			"DAM_lmp($/MWh)": 7.15919,
			"RTM_lmp($/MWh)": 15.4
		},
		"11:00:00": {
			"DAM_lmp($/MWh)": 6.64876,
			"RTM_lmp($/MWh)": 14.7764
		},
		"12:00:00": {
			"DAM_lmp($/MWh)": 5.14486,
			"RTM_lmp($/MWh)": 13.81648
		},
		"13:00:00": {
			"DAM_lmp($/MWh)": 3.5418,
			"RTM_lmp($/MWh)": 14.08229
		},
		"14:00:00": {
			"DAM_lmp($/MWh)": 6.09097,
			"RTM_lmp($/MWh)": 9.9976
		},
		"15:00:00": {
			"DAM_lmp($/MWh)": 9.08297,
			"RTM_lmp($/MWh)": 4.9988
		},
		"16:00:00": {
			"DAM_lmp($/MWh)": 13.01053,
			"RTM_lmp($/MWh)": 4.95
		},
		"17:00:00": {
			"DAM_lmp($/MWh)": 23.57648,
			"RTM_lmp($/MWh)": 0.0
		},
		"18:00:00": {
			"DAM_lmp($/MWh)": 40.76293,
			"RTM_lmp($/MWh)": 12.17816
		},
		"19:00:00": {
			"DAM_lmp($/MWh)": 59.56049,
			"RTM_lmp($/MWh)": 23.16213
		},
		"20:00:00": {
			"DAM_lmp($/MWh)": 58.78836,
			"RTM_lmp($/MWh)": 40.0
		},
		"21:00:00": {
			"DAM_lmp($/MWh)": 45.82169,
			"RTM_lmp($/MWh)": 34.60096
		},
		"22:00:00": {
			"DAM_lmp($/MWh)": 35.88317,
			"RTM_lmp($/MWh)": 26.58088
		},
		"23:00:00": {
			"DAM_lmp($/MWh)": 26.29569,
			"RTM_lmp($/MWh)": 27.86699
		}
	}
}