{
	"2023-05-22": {
		"00:00:00": {
			"DAM_lmp($/MWh)": 39.80189,
			"RTM_lmp($/MWh)": 28.01874
		},
		"01:00:00": {
			"DAM_lmp($/MWh)": 37.28082,
			"RTM_lmp($/MWh)": 24.0675
		},
		"02:00:00": {
			"DAM_lmp($/MWh)": 38.47101,
			"RTM_lmp($/MWh)": 20.01642
		},
		"03:00:00": {
			"DAM_lmp($/MWh)": 38.01205,
			"RTM_lmp($/MWh)": 6.32729
		},
		"04:00:00": {
			"DAM_lmp($/MWh)": 39.38828,
			"RTM_lmp($/MWh)": 1.59551
		},
		"05:00:00": {
			"DAM_lmp($/MWh)": 39.84623,
			"RTM_lmp($/MWh)": 30.81135
		},
		"06:00:00": {
			"DAM_lmp($/MWh)": 46.30352,
			"RTM_lmp($/MWh)": 72.0
		},
		"07:00:00": {
			"DAM_lmp($/MWh)": 24.62043,
			"RTM_lmp($/MWh)": 18.0208
		},
		"08:00:00": {
			"DAM_lmp($/MWh)": 4.65202,
			"RTM_lmp($/MWh)": 12.8688
		},
		"09:00:00": {
			"DAM_lmp($/MWh)": 1.2655,
			"RTM_lmp($/MWh)": 12.94
		},
		"10:00:00": {
			"DAM_lmp($/MWh)": 1.73619,
			"RTM_lmp($/MWh)": 15.4
		},
		"11:00:00": {
			"DAM_lmp($/MWh)": 0.77096,
			"RTM_lmp($/MWh)": 3.94679
		},
		"12:00:00": {
			"DAM_lmp($/MWh)": -1.35281,
			"RTM_lmp($/MWh)": 13.94429
		},
		"13:00:00": {
			"DAM_lmp($/MWh)": -2.08281,
			"RTM_lmp($/MWh)": 14.14979
		},
		"14:00:00": {
			"DAM_lmp($/MWh)": -1.11119,
			"RTM_lmp($/MWh)": 9.9976
		},
		"15:00:00": {
			"DAM_lmp($/MWh)": 1.87867,
			"RTM_lmp($/MWh)": 4.9988
		},
		"16:00:00": {
			"DAM_lmp($/MWh)": 6.78205,
			"RTM_lmp($/MWh)": 4.95
		},
		"17:00:00": {
			"DAM_lmp($/MWh)": 23.19059,
			"RTM_lmp($/MWh)": 0.0
		},
		"18:00:00": {
			"DAM_lmp($/MWh)": 42.38013,
			"RTM_lmp($/MWh)": 13.08067
		},
		"19:00:00": {
			"DAM_lmp($/MWh)": 62.10061,
			"RTM_lmp($/MWh)": 26.58378
		},
		"20:00:00": {
			"DAM_lmp($/MWh)": 62.45859,
			"RTM_lmp($/MWh)": 40.0
		},
		"21:00:00": {
			"DAM_lmp($/MWh)": 48.6272,
			"RTM_lmp($/MWh)": 41.78887
		},
		"22:00:00": {
			"DAM_lmp($/MWh)": 43.98954,
			"RTM_lmp($/MWh)": 31.52143
		},
		"23:00:00": {
			"DAM_lmp($/MWh)": 40.57271,
			"RTM_lmp($/MWh)": 32.45778
		}
	},
	"2023-05-23": {
		"00:00:00": {
			"DAM_lmp($/MWh)": 39.80189,
			"RTM_lmp($/MWh)": 28.01874
		},
		"01:00:00": {
			"DAM_lmp($/MWh)": 37.28082,
			"RTM_lmp($/MWh)": 24.0675
		},
		"02:00:00": {
			"DAM_lmp($/MWh)": 38.47101,
			"RTM_lmp($/MWh)": 20.01642
		},
		"03:00:00": {
			"DAM_lmp($/MWh)": 38.01205,
			"RTM_lmp($/MWh)": 6.32729
		},
		"04:00:00": {
			"DAM_lmp($/MWh)": 39.38828,
			"RTM_lmp($/MWh)": 1.59551
		},
		"05:00:00": {
			"DAM_lmp($/MWh)": 39.84623,
			"RTM_lmp($/MWh)": 30.81135
		},
		"06:00:00": {
			"DAM_lmp($/MWh)": 46.30352,
			"RTM_lmp($/MWh)": 72.0
		},
		"07:00:00": {
			"DAM_lmp($/MWh)": 24.62043,
			"RTM_lmp($/MWh)": 18.0208
		},
		"08:00:00": {
			"DAM_lmp($/MWh)": 4.65202,
			"RTM_lmp($/MWh)": 12.8688
		},
		"09:00:00": {
			"DAM_lmp($/MWh)": 1.2655,
			"RTM_lmp($/MWh)": 12.94
		},
		"10:00:00": {
			"DAM_lmp($/MWh)": 1.73619,
			"RTM_lmp($/MWh)": 15.4
		},
		"11:00:00": {
			"DAM_lmp($/MWh)": 0.77096,
			"RTM_lmp($/MWh)": 3.94679
		},
		"12:00:00": {
			"DAM_lmp($/MWh)": -1.35281,
			"RTM_lmp($/MWh)": 13.94429
		},
		"13:00:00": {
			"DAM_lmp($/MWh)": -2.08281,
			"RTM_lmp($/MWh)": 14.14979
		},
		"14:00:00": {
			"DAM_lmp($/MWh)": -1.11119,
			"RTM_lmp($/MWh)": 9.9976
		},
		"15:00:00": {
			"DAM_lmp($/MWh)": 1.87867,
			"RTM_lmp($/MWh)": 4.9988
		},
		"16:00:00": {
			"DAM_lmp($/MWh)": 6.78205,
			"RTM_lmp($/MWh)": 4.95
		},
		"17:00:00": {
			"DAM_lmp($/MWh)": 23.19059,
			"RTM_lmp($/MWh)": 0.0
		},
		"18:00:00": {
			"DAM_lmp($/MWh)": 42.38013,
			"RTM_lmp($/MWh)": 13.08067
		},
		"19:00:00": {
			"DAM_lmp($/MWh)": 62.10061,
			"RTM_lmp($/MWh)": 26.58378
		},
		"20:00:00": {
			"DAM_lmp($/MWh)": 62.45859,
			"RTM_lmp($/MWh)": 40.0
		},
		"21:00:00": {
			"DAM_lmp($/MWh)": 48.6272,
			"RTM_lmp($/MWh)": 41.78887
		},
		"22:00:00": {
			"DAM_lmp($/MWh)": 43.98954,
			"RTM_lmp($/MWh)": 31.52143
		},
		"23:00:00": {
			"DAM_lmp($/MWh)": 40.57271,
			"RTM_lmp($/MWh)": 32.45778
		}
	}
}