{
	"2023-05-22": {
		"00:00:00": {
			"DAM_lmp($/MWh)": 29.88625,
			"RTM_lmp($/MWh)": 29.3989
		},
		"01:00:00": {
			"DAM_lmp($/MWh)": 26.14498,
			"RTM_lmp($/MWh)": 25.64744
		},
		"02:00:00": {
			"DAM_lmp($/MWh)": 24.8465,
			"RTM_lmp($/MWh)": 21.25821
		},
		"03:00:00": {
			"DAM_lmp($/MWh)": 23.01575,
			"RTM_lmp($/MWh)": 23.89822
		},
		"04:00:00": {
			"DAM_lmp($/MWh)": 26.73821,
			"RTM_lmp($/MWh)": 20.98415
		},
		"05:00:00": {
			"DAM_lmp($/MWh)": 34.75428,
			"RTM_lmp($/MWh)": 30.81135
		},
		"06:00:00": {
			"DAM_lmp($/MWh)": 36.1623,
			"RTM_lmp($/MWh)": 72.0
		},
		"07:00:00": {
			"DAM_lmp($/MWh)": 25.60131,
			"RTM_lmp($/MWh)": 18.0208
		},
		"08:00:00": {
			"DAM_lmp($/MWh)": 13.40414,
			"RTM_lmp($/MWh)": 12.8688
		},
		"09:00:00": {
			"DAM_lmp($/MWh)": 10.75071,
			"RTM_lmp($/MWh)": 12.94
		},
		"10:00:00": {
			"DAM_lmp($/MWh)": 6.17869,
			"RTM_lmp($/MWh)": 15.4
		},
		"11:00:00": {
			"DAM_lmp($/MWh)": 6.00064,
			"RTM_lmp($/MWh)": 14.7764
		},
		"12:00:00": {
			"DAM_lmp($/MWh)": 2.58728,
			"RTM_lmp($/MWh)": 15.65037
		},
		"13:00:00": {
			"DAM_lmp($/MWh)": 2.11671,
			"RTM_lmp($/MWh)": 15.98777
		},
		"14:00:00": {
			"DAM_lmp($/MWh)": 4.69958,
			"RTM_lmp($/MWh)": 9.9976
		},
		"15:00:00": {
			"DAM_lmp($/MWh)": 7.59851,
			"RTM_lmp($/MWh)": 4.9988
		},
		"16:00:00": {
			"DAM_lmp($/MWh)": 11.81198,
			"RTM_lmp($/MWh)": 4.95
		},
		"17:00:00": {
			"DAM_lmp($/MWh)": 24.67439,
			"RTM_lmp($/MWh)": 0.0
		},
		"18:00:00": {
			"DAM_lmp($/MWh)": 43.58535,
			"RTM_lmp($/MWh)": 14.57438
		},
		"19:00:00": {
			"DAM_lmp($/MWh)": 64.4533,
			"RTM_lmp($/MWh)": 27.7885
		},
		"20:00:00": {
			"DAM_lmp($/MWh)": 64.43935,
			"RTM_lmp($/MWh)": 40.0
		},
		"21:00:00": {
			"DAM_lmp($/MWh)": 49.85024,
			"RTM_lmp($/MWh)": 42.38051
		},
		"22:00:00": {
			"DAM_lmp($/MWh)": 40.50015,
			"RTM_lmp($/MWh)": 32.33
		},
		"23:00:00": {
			"DAM_lmp($/MWh)": 32.01902,
			"RTM_lmp($/MWh)": 33.97254
		}
	},
	"2023-05-23": {
		"00:00:00": {
			"DAM_lmp($/MWh)": 29.88625,
			"RTM_lmp($/MWh)": 29.3989
		},
		"01:00:00": {
			"DAM_lmp($/MWh)": 26.14498,
			"RTM_lmp($/MWh)": 25.64744
		},
		"02:00:00": {
			"DAM_lmp($/MWh)": 24.8465,
			"RTM_lmp($/MWh)": 21.25821
		},
		"03:00:00": {
			"DAM_lmp($/MWh)": 23.01575,
			"RTM_lmp($/MWh)": 23.89822
		},
		"04:00:00": {
			"DAM_lmp($/MWh)": 26.73821,
			"RTM_lmp($/MWh)": 20.98415
		},
		"05:00:00": {
			"DAM_lmp($/MWh)": 34.75428,
			"RTM_lmp($/MWh)": 30.81135
		},
		"06:00:00": {
			"DAM_lmp($/MWh)": 36.1623,
			"RTM_lmp($/MWh)": 72.0
		},
		"07:00:00": {
			"DAM_lmp($/MWh)": 25.60131,
			"RTM_lmp($/MWh)": 18.0208
		},
		"08:00:00": {
			"DAM_lmp($/MWh)": 13.40414,
			"RTM_lmp($/MWh)": 12.8688
		},
		"09:00:00": {
			"DAM_lmp($/MWh)": 10.75071,
			"RTM_lmp($/MWh)": 12.94
		},
		"10:00:00": {
			"DAM_lmp($/MWh)": 6.17869,
			"RTM_lmp($/MWh)": 15.4
		},
		"11:00:00": {
			"DAM_lmp($/MWh)": 6.00064,
			"RTM_lmp($/MWh)": 14.7764
		},
		"12:00:00": {
			"DAM_lmp($/MWh)": 2.58728,
			"RTM_lmp($/MWh)": 15.65037
		},
		"13:00:00": {
			"DAM_lmp($/MWh)": 2.11671,
			"RTM_lmp($/MWh)": 15.98777
		},
		"14:00:00": {
			"DAM_lmp($/MWh)": 4.69958,
			"RTM_lmp($/MWh)": 9.9976
		},
		"15:00:00": {
			"DAM_lmp($/MWh)": 7.59851,
			"RTM_lmp($/MWh)": 4.9988
		},
		"16:00:00": {
			"DAM_lmp($/MWh)": 11.81198,
			"RTM_lmp($/MWh)": 4.95
		},
		"17:00:00": {
			"DAM_lmp($/MWh)": 24.67439,
			"RTM_lmp($/MWh)": 0.0
		},
		"18:00:00": {
			"DAM_lmp($/MWh)": 43.58535,
			"RTM_lmp($/MWh)": 14.57438
		},
		"19:00:00": {
			"DAM_lmp($/MWh)": 64.4533,
			"RTM_lmp($/MWh)": 27.7885
		},
		"20:00:00": {
			"DAM_lmp($/MWh)": 64.43935,
			"RTM_lmp($/MWh)": 40.0
		},
		"21:00:00": {
			"DAM_lmp($/MWh)": 49.85024,
			"RTM_lmp($/MWh)": 42.38051
		},
		"22:00:00": {
			"DAM_lmp($/MWh)": 40.50015,
			"RTM_lmp($/MWh)": 32.33
		},
		"23:00:00": {
			"DAM_lmp($/MWh)": 32.01902,
			"RTM_lmp($/MWh)": 33.97254
		}
	}
}