{
	"2023-05-22": {
		"00:00:00": {
			"DAM_lmp($/MWh)": 1.74305,
			"RTM_lmp($/MWh)": 24.74903
		},
		"01:00:00": {
			"DAM_lmp($/MWh)": 0.20752,
			"RTM_lmp($/MWh)": 21.23894
		},
		"02:00:00": {
			"DAM_lmp($/MWh)": -4.23695,
			"RTM_lmp($/MWh)": 17.61084
		},
		"03:00:00": {
			"DAM_lmp($/MWh)": -5.10189,
			"RTM_lmp($/MWh)": 5.66363
		},
		"04:00:00": {
			"DAM_lmp($/MWh)": 7.25113,
			"RTM_lmp($/MWh)": 0.95805
		},
		"05:00:00": {
			"DAM_lmp($/MWh)": 20.67894,
			"RTM_lmp($/MWh)": 18.76137
		},
		"06:00:00": {
			"DAM_lmp($/MWh)": 20.90884,
			"RTM_lmp($/MWh)": 72.0
		},
		"07:00:00": {
			"DAM_lmp($/MWh)": 23.64213,
			"RTM_lmp($/MWh)": 18.0208
		},
		"08:00:00": {
			"DAM_lmp($/MWh)": 15.23292,
			"RTM_lmp($/MWh)": 12.8688
		},
		"09:00:00": {
			"DAM_lmp($/MWh)": 13.10461,
			"RTM_lmp($/MWh)": 12.94
		},
		"10:00:00": {
			"DAM_lmp($/MWh)": 8.99644,
			"RTM_lmp($/MWh)": 15.4
		},
		"11:00:00": {
			"DAM_lmp($/MWh)": 7.42301,
			"RTM_lmp($/MWh)": 14.7764
		},
		"12:00:00": {
			"DAM_lmp($/MWh)": 5.68054,
			"RTM_lmp($/MWh)": 13.8288
		},
		"13:00:00": {
			"DAM_lmp($/MWh)": 5.54593,
			"RTM_lmp($/MWh)": 14.06503
		},
		"14:00:00": {
			"DAM_lmp($/MWh)": 6.65038,
			"RTM_lmp($/MWh)": 9.9976
		},
		"15:00:00": {
			"DAM_lmp($/MWh)": 9.38959,
			"RTM_lmp($/MWh)": 4.9988
		},
		"16:00:00": {
			"DAM_lmp($/MWh)": 13.02405,
			"RTM_lmp($/MWh)": 4.95
		},
		"17:00:00": {
			"DAM_lmp($/MWh)": 23.39474,
			"RTM_lmp($/MWh)": 0.0
		},
		"18:00:00": {
			"DAM_lmp($/MWh)": 37.22945,
			"RTM_lmp($/MWh)": 12.82648
		},
		"19:00:00": {
			"DAM_lmp($/MWh)": 60.37488,
			"RTM_lmp($/MWh)": 25.20852
		},
		"20:00:00": {
			"DAM_lmp($/MWh)": 48.26575,
			"RTM_lmp($/MWh)": 40.0
		},
		"21:00:00": {
			"DAM_lmp($/MWh)": 37.20013,
			"RTM_lmp($/MWh)": 38.34807
		},
		"22:00:00": {
			"DAM_lmp($/MWh)": 20.53641,
			"RTM_lmp($/MWh)": 28.68507
		},
		"23:00:00": {
			"DAM_lmp($/MWh)": 14.91638,
			"RTM_lmp($/MWh)": 29.39504
		}
	},
	"2023-05-23": {
		"00:00:00": {
			"DAM_lmp($/MWh)": 1.74305,
			"RTM_lmp($/MWh)": 24.74903
		},
		"01:00:00": {
			"DAM_lmp($/MWh)": 0.20752,
			"RTM_lmp($/MWh)": 21.23894
		},
		"02:00:00": {
			"DAM_lmp($/MWh)": -4.23695,
			"RTM_lmp($/MWh)": 17.61084
		},
		"03:00:00": {
			"DAM_lmp($/MWh)": -5.10189,
			"RTM_lmp($/MWh)": 5.66363
		},
		"04:00:00": {
			"DAM_lmp($/MWh)": 7.25113,
			"RTM_lmp($/MWh)": 0.95805
		},
		"05:00:00": {
			"DAM_lmp($/MWh)": 20.67894,
			"RTM_lmp($/MWh)": 18.76137
		},
		"06:00:00": {
			"DAM_lmp($/MWh)": 20.90884,
			"RTM_lmp($/MWh)": 72.0
		},
		"07:00:00": {
			"DAM_lmp($/MWh)": 23.64213,
			"RTM_lmp($/MWh)": 18.0208
		},
		"08:00:00": {
			"DAM_lmp($/MWh)": 15.23292,
			"RTM_lmp($/MWh)": 12.8688
		},
		"09:00:00": {
			"DAM_lmp($/MWh)": 13.10461,
			"RTM_lmp($/MWh)": 12.94
		},
		"10:00:00": {
			"DAM_lmp($/MWh)": 8.99644,
			"RTM_lmp($/MWh)": 15.4
		},
		"11:00:00": {
			"DAM_lmp($/MWh)": 7.42301,
			"RTM_lmp($/MWh)": 14.7764
		},
		"12:00:00": {
			"DAM_lmp($/MWh)": 5.68054,
			"RTM_lmp($/MWh)": 13.8288
		},
		"13:00:00": {
			"DAM_lmp($/MWh)": 5.54593,
			"RTM_lmp($/MWh)": 14.06503
		},
		"14:00:00": {
			"DAM_lmp($/MWh)": 6.65038,
			"RTM_lmp($/MWh)": 9.9976
		},
		"15:00:00": {
			"DAM_lmp($/MWh)": 9.38959,
			"RTM_lmp($/MWh)": 4.9988
		},
		"16:00:00": {
			"DAM_lmp($/MWh)": 13.02405,
			"RTM_lmp($/MWh)": 4.95
		},
		"17:00:00": {
			"DAM_lmp($/MWh)": 23.39474,
			"RTM_lmp($/MWh)": 0.0
		},
		"18:00:00": {
			"DAM_lmp($/MWh)": 37.22945,
			"RTM_lmp($/MWh)": 12.82648
		},
		"19:00:00": {
			"DAM_lmp($/MWh)": 60.37488,
			"RTM_lmp($/MWh)": 25.20852
		},
		"20:00:00": {
			"DAM_lmp($/MWh)": 48.26575,
			"RTM_lmp($/MWh)": 40.0
		},
		"21:00:00": {
			"DAM_lmp($/MWh)": 37.20013,
			"RTM_lmp($/MWh)": 38.34807
		},
		"22:00:00": {
			"DAM_lmp($/MWh)": 20.53641,
			"RTM_lmp($/MWh)": 28.68507
		},
		"23:00:00": {
			"DAM_lmp($/MWh)": 14.91638,
			"RTM_lmp($/MWh)": 29.39504
		}
	}
}