{
	"2023-05-22": {
		"00:00:00": {
			"DAM_lmp($/MWh)": 26.71712,
			"RTM_lmp($/MWh)": 27.96752
		},
		"01:00:00": {
			"DAM_lmp($/MWh)": 22.78329,
			"RTM_lmp($/MWh)": 24.14909
		},
		"02:00:00": {
			"DAM_lmp($/MWh)": 20.8088,
			"RTM_lmp($/MWh)": 20.01642
		},
		"03:00:00": {
			"DAM_lmp($/MWh)": 18.62059,
			"RTM_lmp($/MWh)": 7.1531
		},
		"04:00:00": {
			"DAM_lmp($/MWh)": 22.56138,
			"RTM_lmp($/MWh)": 2.11711
		},
		"05:00:00": {
			"DAM_lmp($/MWh)": 32.25779,
			"RTM_lmp($/MWh)": 56.63274
		},
		"06:00:00": {
			"DAM_lmp($/MWh)": 33.26573,
			"RTM_lmp($/MWh)": 72.0
		},
		"07:00:00": {
			"DAM_lmp($/MWh)": 26.51232,
			"RTM_lmp($/MWh)": 18.0208
		},
		"08:00:00": {
			"DAM_lmp($/MWh)": 18.94259,
			"RTM_lmp($/MWh)": 12.8688
		},
		"09:00:00": {
			"DAM_lmp($/MWh)": 16.06073,
			"RTM_lmp($/MWh)": 12.94
		},
		"10:00:00": {
			"DAM_lmp($/MWh)": 11.06795,
			"RTM_lmp($/MWh)": 15.4
		},
		"11:00:00": {
			"DAM_lmp($/MWh)": 9.02106,
			"RTM_lmp($/MWh)": 17.79224
		},
		"12:00:00": {
			"DAM_lmp($/MWh)": 7.10899,
			"RTM_lmp($/MWh)": 15.49793
		},
		"13:00:00": {
			"DAM_lmp($/MWh)": 7.01169,
			"RTM_lmp($/MWh)": 15.70367
		},
		"14:00:00": {
			"DAM_lmp($/MWh)": 8.25338,
			"RTM_lmp($/MWh)": 9.9976
		},
		"15:00:00": {
			"DAM_lmp($/MWh)": 11.25284,
			"RTM_lmp($/MWh)": 4.9988
		},
		"16:00:00": {
			"DAM_lmp($/MWh)": 15.2722,
			"RTM_lmp($/MWh)": 4.95
		},
		"17:00:00": {
			"DAM_lmp($/MWh)": 25.80467,
			"RTM_lmp($/MWh)": 0.0
		},
		"18:00:00": {
			"DAM_lmp($/MWh)": 45.17625,
			"RTM_lmp($/MWh)": 14.55011
		},
		"19:00:00": {
			"DAM_lmp($/MWh)": 66.49574,
			"RTM_lmp($/MWh)": 28.38262
		},
		"20:00:00": {
			"DAM_lmp($/MWh)": 66.95089,
			"RTM_lmp($/MWh)": 40.0
		},
		"21:00:00": {
			"DAM_lmp($/MWh)": 51.11821,
			"RTM_lmp($/MWh)": 43.28267
		},
		"22:00:00": {
			"DAM_lmp($/MWh)": 39.74968,
			"RTM_lmp($/MWh)": 32.3682
		},
		"23:00:00": {
			"DAM_lmp($/MWh)": 29.4643,
			"RTM_lmp($/MWh)": 33.26831
		}
	},
	"2023-05-23": {
		"00:00:00": {
			"DAM_lmp($/MWh)": 26.71712,
			"RTM_lmp($/MWh)": 27.96752
		},
		"01:00:00": {
			"DAM_lmp($/MWh)": 22.78329,
			"RTM_lmp($/MWh)": 24.14909
		},
		"02:00:00": {
			"DAM_lmp($/MWh)": 20.8088,
			"RTM_lmp($/MWh)": 20.01642
		},
		"03:00:00": {
			"DAM_lmp($/MWh)": 18.62059,
			"RTM_lmp($/MWh)": 7.1531
		},
		"04:00:00": {
			"DAM_lmp($/MWh)": 22.56138,
			"RTM_lmp($/MWh)": 2.11711
		},
		"05:00:00": {
			"DAM_lmp($/MWh)": 32.25779,
			"RTM_lmp($/MWh)": 56.63274
		},
		"06:00:00": {
			"DAM_lmp($/MWh)": 33.26573,
			"RTM_lmp($/MWh)": 72.0
		},
		"07:00:00": {
			"DAM_lmp($/MWh)": 26.51232,
			"RTM_lmp($/MWh)": 18.0208
		},
		"08:00:00": {
			"DAM_lmp($/MWh)": 18.94259,
			"RTM_lmp($/MWh)": 12.8688
		},
		"09:00:00": {
			"DAM_lmp($/MWh)": 16.06073,
			"RTM_lmp($/MWh)": 12.94
		},
		"10:00:00": {
			"DAM_lmp($/MWh)": 11.06795,
			"RTM_lmp($/MWh)": 15.4
		},
		"11:00:00": {
			"DAM_lmp($/MWh)": 9.02106,
			"RTM_lmp($/MWh)": 17.79224
		},
		"12:00:00": {
			"DAM_lmp($/MWh)": 7.10899,
			"RTM_lmp($/MWh)": 15.49793
		},
		"13:00:00": {
			"DAM_lmp($/MWh)": 7.01169,
			"RTM_lmp($/MWh)": 15.70367
		},
		"14:00:00": {
			"DAM_lmp($/MWh)": 8.25338,
			"RTM_lmp($/MWh)": 9.9976
		},
		"15:00:00": {
			"DAM_lmp($/MWh)": 11.25284,
			"RTM_lmp($/MWh)": 4.9988
		},
		"16:00:00": {
			"DAM_lmp($/MWh)": 15.2722,
			"RTM_lmp($/MWh)": 4.95
		},
		"17:00:00": {
			"DAM_lmp($/MWh)": 25.80467,
			"RTM_lmp($/MWh)": 0.0
		},
		"18:00:00": {
			"DAM_lmp($/MWh)": 45.17625,
			"RTM_lmp($/MWh)": 14.55011
		},
		"19:00:00": {
			"DAM_lmp($/MWh)": 66.49574,
			"RTM_lmp($/MWh)": 28.38262
		},
		"20:00:00": {
			"DAM_lmp($/MWh)": 66.95089,
			"RTM_lmp($/MWh)": 40.0
		},
		"21:00:00": {
			"DAM_lmp($/MWh)": 51.11821,
			"RTM_lmp($/MWh)": 43.28267
		},
		"22:00:00": {
			"DAM_lmp($/MWh)": 39.74968,
			"RTM_lmp($/MWh)": 32.3682
		},
		"23:00:00": {
			"DAM_lmp($/MWh)": 29.4643,
			"RTM_lmp($/MWh)": 33.26831
		}
	}
}