{
	"2023-05-22": {
		"00:00:00": {
			"DAM_lmp($/MWh)": 28.41335,
			"RTM_lmp($/MWh)": 26.75525
		},
		"01:00:00": {
			"DAM_lmp($/MWh)": 24.31059,
			"RTM_lmp($/MWh)": 23.05871
		},
		"02:00:00": {
			"DAM_lmp($/MWh)": 22.78453,
			"RTM_lmp($/MWh)": 19.09278
		},
		"03:00:00": {
			"DAM_lmp($/MWh)": 20.57299,
			"RTM_lmp($/MWh)": 6.65403
		},
		"04:00:00": {
			"DAM_lmp($/MWh)": 23.08262,
			"RTM_lmp($/MWh)": 1.69522
		},
		"05:00:00": {
			"DAM_lmp($/MWh)": 30.71452,
			"RTM_lmp($/MWh)": 30.81135
		},
		"06:00:00": {
			"DAM_lmp($/MWh)": 31.60367,
			"RTM_lmp($/MWh)": 72.0
		},
		"07:00:00": {
			"DAM_lmp($/MWh)": 25.39168,
			"RTM_lmp($/MWh)": 18.0208
		},
		"08:00:00": {
			"DAM_lmp($/MWh)": 16.32386,
			"RTM_lmp($/MWh)": 12.8688
		},
		"09:00:00": {
			"DAM_lmp($/MWh)": 14.04212,
			"RTM_lmp($/MWh)": 12.94
		},
		"10:00:00": {
			"DAM_lmp($/MWh)": 9.55836,
			"RTM_lmp($/MWh)": 15.4
		},
		"11:00:00": {
			"DAM_lmp($/MWh)": 7.92128,
			"RTM_lmp($/MWh)": 14.7764
		},
		"12:00:00": {
			"DAM_lmp($/MWh)": 5.97395,
			"RTM_lmp($/MWh)": 14.70494
		},
		"13:00:00": {
			"DAM_lmp($/MWh)": 5.81175,
			"RTM_lmp($/MWh)": 14.92673
		},
		"14:00:00": {
			"DAM_lmp($/MWh)": 7.01462,
			"RTM_lmp($/MWh)": 9.9976
		},
		"15:00:00": {
			"DAM_lmp($/MWh)": 9.91686,
			"RTM_lmp($/MWh)": 4.9988
		},
		"16:00:00": {
			"DAM_lmp($/MWh)": 13.87967,
			"RTM_lmp($/MWh)": 4.95
		},
		"17:00:00": {
			"DAM_lmp($/MWh)": 24.65945,
			"RTM_lmp($/MWh)": 0.0
		},
		"18:00:00": {
			"DAM_lmp($/MWh)": 43.6701,
			"RTM_lmp($/MWh)": 13.75184
		},
		"19:00:00": {
			"DAM_lmp($/MWh)": 63.9233,
			"RTM_lmp($/MWh)": 26.88633
		},
		"20:00:00": {
			"DAM_lmp($/MWh)": 65.56341,
			"RTM_lmp($/MWh)": 40.0
		},
		"21:00:00": {
			"DAM_lmp($/MWh)": 50.13156,
			"RTM_lmp($/MWh)": 40.85314
		},
		"22:00:00": {
			"DAM_lmp($/MWh)": 40.09618,
			"RTM_lmp($/MWh)": 30.75424
		},
		"23:00:00": {
			"DAM_lmp($/MWh)": 29.65981,
			"RTM_lmp($/MWh)": 31.69708
		}
	},
	"2023-05-23": {
		"00:00:00": {
			"DAM_lmp($/MWh)": 28.41335,
			"RTM_lmp($/MWh)": 26.75525
		},
		"01:00:00": {
			"DAM_lmp($/MWh)": 24.31059,
			"RTM_lmp($/MWh)": 23.05871
		},
		"02:00:00": {
			"DAM_lmp($/MWh)": 22.78453,
			"RTM_lmp($/MWh)": 19.09278
		},
		"03:00:00": {
			"DAM_lmp($/MWh)": 20.57299,
			"RTM_lmp($/MWh)": 6.65403
		},
		"04:00:00": {
			"DAM_lmp($/MWh)": 23.08262,
			"RTM_lmp($/MWh)": 1.69522
		},
		"05:00:00": {
			"DAM_lmp($/MWh)": 30.71452,
			"RTM_lmp($/MWh)": 30.81135
		},
		"06:00:00": {
			"DAM_lmp($/MWh)": 31.60367,
			"RTM_lmp($/MWh)": 72.0
		},
		"07:00:00": {
			"DAM_lmp($/MWh)": 25.39168,
			"RTM_lmp($/MWh)": 18.0208
		},
		"08:00:00": {
			"DAM_lmp($/MWh)": 16.32386,
			"RTM_lmp($/MWh)": 12.8688
		},
		"09:00:00": {
			"DAM_lmp($/MWh)": 14.04212,
			"RTM_lmp($/MWh)": 12.94
		},
		"10:00:00": {
			"DAM_lmp($/MWh)": 9.55836,
			"RTM_lmp($/MWh)": 15.4
		},
		"11:00:00": {
			"DAM_lmp($/MWh)": 7.92128,
			"RTM_lmp($/MWh)": 14.7764
		},
		"12:00:00": {
			"DAM_lmp($/MWh)": 5.97395,
			"RTM_lmp($/MWh)": 14.70494
		},
		"13:00:00": {
			"DAM_lmp($/MWh)": 5.81175,
			"RTM_lmp($/MWh)": 14.92673
		},
		"14:00:00": {
			"DAM_lmp($/MWh)": 7.01462,
			"RTM_lmp($/MWh)": 9.9976
		},
		"15:00:00": {
			"DAM_lmp($/MWh)": 9.91686,
			"RTM_lmp($/MWh)": 4.9988
		},
		"16:00:00": {
			"DAM_lmp($/MWh)": 13.87967,
			"RTM_lmp($/MWh)": 4.95
		},
		"17:00:00": {
			"DAM_lmp($/MWh)": 24.65945,
			"RTM_lmp($/MWh)": 0.0
		},
		"18:00:00": {
			"DAM_lmp($/MWh)": 43.6701,
			"RTM_lmp($/MWh)": 13.75184
		},
		"19:00:00": {
			"DAM_lmp($/MWh)": 63.9233,
			"RTM_lmp($/MWh)": 26.88633
		},
		"20:00:00": {
			"DAM_lmp($/MWh)": 65.56341,
			"RTM_lmp($/MWh)": 40.0
		},
		"21:00:00": {
			"DAM_lmp($/MWh)": 50.13156,
			"RTM_lmp($/MWh)": 40.85314
		},
		"22:00:00": {
			"DAM_lmp($/MWh)": 40.09618,
			"RTM_lmp($/MWh)": 30.75424
		},
		"23:00:00": {
			"DAM_lmp($/MWh)": 29.65981,
			"RTM_lmp($/MWh)": 31.69708
		}
	}
}