{
	"2023-05-22": {
		"00:00:00": {
			"DAM_lmp($/MWh)": 31.62112,
			"RTM_lmp($/MWh)": 27.93906
		},
		"01:00:00": {
			"DAM_lmp($/MWh)": 28.49413,
			"RTM_lmp($/MWh)": 24.17382
		},
		"02:00:00": {
			"DAM_lmp($/MWh)": 28.0072,
			"RTM_lmp($/MWh)": 20.06568
		},
		"03:00:00": {
			"DAM_lmp($/MWh)": 26.61117,
			"RTM_lmp($/MWh)": 6.11992
		},
		"04:00:00": {
			"DAM_lmp($/MWh)": 29.44627,
			"RTM_lmp($/MWh)": 1.44679
		},
		"05:00:00": {
			"DAM_lmp($/MWh)": 34.92827,
			"RTM_lmp($/MWh)": 30.81135
		},
		"06:00:00": {
			"DAM_lmp($/MWh)": 37.89938,
			"RTM_lmp($/MWh)": 72.0
		},
		"07:00:00": {
			"DAM_lmp($/MWh)": 24.67737,
			"RTM_lmp($/MWh)": 18.0208
		},
		"08:00:00": {
			"DAM_lmp($/MWh)": 7.54413,
			"RTM_lmp($/MWh)": 12.8688
		},
		"09:00:00": {
			"DAM_lmp($/MWh)": 4.48748,
			"RTM_lmp($/MWh)": 12.94
		},
		"10:00:00": {
			"DAM_lmp($/MWh)": 3.73916,
			"RTM_lmp($/MWh)": 15.4
		},
		"11:00:00": {
			"DAM_lmp($/MWh)": 2.55975,
			"RTM_lmp($/MWh)": 2.71304
		},
		"12:00:00": {
			"DAM_lmp($/MWh)": 0.4484,
			"RTM_lmp($/MWh)": 13.99356
		},
		"13:00:00": {
			"DAM_lmp($/MWh)": -0.14441,
			"RTM_lmp($/MWh)": 14.18432
		},
		"14:00:00": {
			"DAM_lmp($/MWh)": 0.85447,
			"RTM_lmp($/MWh)": 9.9976
		},
		"15:00:00": {
			"DAM_lmp($/MWh)": 3.82743,
			"RTM_lmp($/MWh)": 4.9988
		},
		"16:00:00": {
			"DAM_lmp($/MWh)": 8.31315,
			"RTM_lmp($/MWh)": 4.95
		},
		"17:00:00": {
			"DAM_lmp($/MWh)": 23.38478,
			"RTM_lmp($/MWh)": 0.0
		},
		"18:00:00": {
			"DAM_lmp($/MWh)": 41.79723,
			"RTM_lmp($/MWh)": 13.21062
		},
		"19:00:00": {
			"DAM_lmp($/MWh)": 61.84854,
			"RTM_lmp($/MWh)": 26.449
		},
		"20:00:00": {
			"DAM_lmp($/MWh)": 62.08315,
			"RTM_lmp($/MWh)": 40.0
		},
		"21:00:00": {
			"DAM_lmp($/MWh)": 48.00819,
			"RTM_lmp($/MWh)": 41.06714
		},
		"22:00:00": {
			"DAM_lmp($/MWh)": 40.19927,
			"RTM_lmp($/MWh)": 31.36226
		},
		"23:00:00": {
			"DAM_lmp($/MWh)": 34.35557,
			"RTM_lmp($/MWh)": 32.48436
		}
	},
	"2023-05-23": {
		"00:00:00": {
			"DAM_lmp($/MWh)": 31.62112,
			"RTM_lmp($/MWh)": 27.93906
		},
		"01:00:00": {
			"DAM_lmp($/MWh)": 28.49413,
			"RTM_lmp($/MWh)": 24.17382
		},
		"02:00:00": {
			"DAM_lmp($/MWh)": 28.0072,
			"RTM_lmp($/MWh)": 20.06568
		},
		"03:00:00": {
			"DAM_lmp($/MWh)": 26.61117,
			"RTM_lmp($/MWh)": 6.11992
		},
		"04:00:00": {
			"DAM_lmp($/MWh)": 29.44627,
			"RTM_lmp($/MWh)": 1.44679
		},
		"05:00:00": {
			"DAM_lmp($/MWh)": 34.92827,
			"RTM_lmp($/MWh)": 30.81135
		},
		"06:00:00": {
			"DAM_lmp($/MWh)": 37.89938,
			"RTM_lmp($/MWh)": 72.0
		},
		"07:00:00": {
			"DAM_lmp($/MWh)": 24.67737,
			"RTM_lmp($/MWh)": 18.0208
		},
		"08:00:00": {
			"DAM_lmp($/MWh)": 7.54413,
			"RTM_lmp($/MWh)": 12.8688
		},
		"09:00:00": {
			"DAM_lmp($/MWh)": 4.48748,
			"RTM_lmp($/MWh)": 12.94
		},
		"10:00:00": {
			"DAM_lmp($/MWh)": 3.73916,
			"RTM_lmp($/MWh)": 15.4
		},
		"11:00:00": {
			"DAM_lmp($/MWh)": 2.55975,
			"RTM_lmp($/MWh)": 2.71304
		},
		"12:00:00": {
			"DAM_lmp($/MWh)": 0.4484,
			"RTM_lmp($/MWh)": 13.99356
		},
		"13:00:00": {
			"DAM_lmp($/MWh)": -0.14441,
			"RTM_lmp($/MWh)": 14.18432
		},
		"14:00:00": {
			"DAM_lmp($/MWh)": 0.85447,
			"RTM_lmp($/MWh)": 9.9976
		},
		"15:00:00": {
			"DAM_lmp($/MWh)": 3.82743,
			"RTM_lmp($/MWh)": 4.9988
		},
		"16:00:00": {
			"DAM_lmp($/MWh)": 8.31315,
			"RTM_lmp($/MWh)": 4.95
		},
		"17:00:00": {
			"DAM_lmp($/MWh)": 23.38478,
			"RTM_lmp($/MWh)": 0.0
		},
		"18:00:00": {
			"DAM_lmp($/MWh)": 41.79723,
			"RTM_lmp($/MWh)": 13.21062
		},
		"19:00:00": {
			"DAM_lmp($/MWh)": 61.84854,
			"RTM_lmp($/MWh)": 26.449
		},
		"20:00:00": {
			"DAM_lmp($/MWh)": 62.08315,
			"RTM_lmp($/MWh)": 40.0
		},
		"21:00:00": {
			"DAM_lmp($/MWh)": 48.00819,
			"RTM_lmp($/MWh)": 41.06714
		},
		"22:00:00": {
			"DAM_lmp($/MWh)": 40.19927,
			"RTM_lmp($/MWh)": 31.36226
		},
		"23:00:00": {
			"DAM_lmp($/MWh)": 34.35557,
			"RTM_lmp($/MWh)": 32.48436
		}
	}
}