{
	"2023-05-22": {
		"00:00:00": {
			"DAM_lmp($/MWh)": 29.39874,
			"RTM_lmp($/MWh)": 28.51389
		},
		"01:00:00": {
			"DAM_lmp($/MWh)": 25.72087,
			"RTM_lmp($/MWh)": 24.40376
		},
		"02:00:00": {
			"DAM_lmp($/MWh)": 24.43113,
			"RTM_lmp($/MWh)": 20.22989
		},
		"03:00:00": {
			"DAM_lmp($/MWh)": 22.70657,
			"RTM_lmp($/MWh)": 6.99139
		},
		"04:00:00": {
			"DAM_lmp($/MWh)": 26.11407,
			"RTM_lmp($/MWh)": 2.03275
		},
		"05:00:00": {
			"DAM_lmp($/MWh)": 34.32902,
			"RTM_lmp($/MWh)": 30.81135
		},
		"06:00:00": {
			"DAM_lmp($/MWh)": 36.32419,
			"RTM_lmp($/MWh)": 72.0
		},
		"07:00:00": {
			"DAM_lmp($/MWh)": 26.14222,
			"RTM_lmp($/MWh)": 18.0208
		},
		"08:00:00": {
			"DAM_lmp($/MWh)": 32.37451,
			"RTM_lmp($/MWh)": 12.8688
		},
		"09:00:00": {
			"DAM_lmp($/MWh)": 30.90859,
			"RTM_lmp($/MWh)": 12.94
		},
		"10:00:00": {
			"DAM_lmp($/MWh)": 19.80854,
			"RTM_lmp($/MWh)": 15.4
		},
		"11:00:00": {
			"DAM_lmp($/MWh)": 16.75706,
			"RTM_lmp($/MWh)": 30.26685
		},
		"12:00:00": {
			"DAM_lmp($/MWh)": 15.42352,
			"RTM_lmp($/MWh)": 15.19767
		},
		"13:00:00": {
			"DAM_lmp($/MWh)": 16.01744,
			"RTM_lmp($/MWh)": 15.37563
		},
		"14:00:00": {
			"DAM_lmp($/MWh)": 17.29106,
			"RTM_lmp($/MWh)": 9.9976
		},
		"15:00:00": {
			"DAM_lmp($/MWh)": 19.84943,
			"RTM_lmp($/MWh)": 4.9988
		},
		"16:00:00": {
			"DAM_lmp($/MWh)": 22.46205,
			"RTM_lmp($/MWh)": 4.95
		},
		"17:00:00": {
			"DAM_lmp($/MWh)": 25.17231,
			"RTM_lmp($/MWh)": 0.0
		},
		"18:00:00": {
			"DAM_lmp($/MWh)": 44.49694,
			"RTM_lmp($/MWh)": 14.11599
		},
		"19:00:00": {
			"DAM_lmp($/MWh)": 65.53916,
			"RTM_lmp($/MWh)": 27.76375
		},
		"20:00:00": {
			"DAM_lmp($/MWh)": 65.63039,
			"RTM_lmp($/MWh)": 40.0
		},
		"21:00:00": {
			"DAM_lmp($/MWh)": 50.41933,
			"RTM_lmp($/MWh)": 42.77495
		},
		"22:00:00": {
			"DAM_lmp($/MWh)": 40.55662,
			"RTM_lmp($/MWh)": 32.15491
		},
		"23:00:00": {
			"DAM_lmp($/MWh)": 31.7401,
			"RTM_lmp($/MWh)": 33.11551
		}
	},
	"2023-05-23": {
		"00:00:00": {
			"DAM_lmp($/MWh)": 29.39874,
			"RTM_lmp($/MWh)": 28.51389
		},
		"01:00:00": {
			"DAM_lmp($/MWh)": 25.72087,
			"RTM_lmp($/MWh)": 24.40376
		},
		"02:00:00": {
			"DAM_lmp($/MWh)": 24.43113,
			"RTM_lmp($/MWh)": 20.22989
		},
		"03:00:00": {
			"DAM_lmp($/MWh)": 22.70657,
			"RTM_lmp($/MWh)": 6.99139
		},
		"04:00:00": {
			"DAM_lmp($/MWh)": 26.11407,
			"RTM_lmp($/MWh)": 2.03275
		},
		"05:00:00": {
			"DAM_lmp($/MWh)": 34.32902,
			"RTM_lmp($/MWh)": 30.81135
		},
		"06:00:00": {
			"DAM_lmp($/MWh)": 36.32419,
			"RTM_lmp($/MWh)": 72.0
		},
		"07:00:00": {
			"DAM_lmp($/MWh)": 26.14222,
			"RTM_lmp($/MWh)": 18.0208
		},
		"08:00:00": {
			"DAM_lmp($/MWh)": 32.37451,
			"RTM_lmp($/MWh)": 12.8688
		},
		"09:00:00": {
			"DAM_lmp($/MWh)": 30.90859,
			"RTM_lmp($/MWh)": 12.94
		},
		"10:00:00": {
			"DAM_lmp($/MWh)": 19.80854,
			"RTM_lmp($/MWh)": 15.4
		},
		"11:00:00": {
			"DAM_lmp($/MWh)": 16.75706,
			"RTM_lmp($/MWh)": 30.26685
		},
		"12:00:00": {
			"DAM_lmp($/MWh)": 15.42352,
			"RTM_lmp($/MWh)": 15.19767
		},
		"13:00:00": {
			"DAM_lmp($/MWh)": 16.01744,
			"RTM_lmp($/MWh)": 15.37563
		},
		"14:00:00": {
			"DAM_lmp($/MWh)": 17.29106,
			"RTM_lmp($/MWh)": 9.9976
		},
		"15:00:00": {
			"DAM_lmp($/MWh)": 19.84943,
			"RTM_lmp($/MWh)": 4.9988
		},
		"16:00:00": {
			"DAM_lmp($/MWh)": 22.46205,
			"RTM_lmp($/MWh)": 4.95
		},
		"17:00:00": {
			"DAM_lmp($/MWh)": 25.17231,
			"RTM_lmp($/MWh)": 0.0
		},
		"18:00:00": {
			"DAM_lmp($/MWh)": 44.49694,
			"RTM_lmp($/MWh)": 14.11599
		},
		"19:00:00": {
			"DAM_lmp($/MWh)": 65.53916,
			"RTM_lmp($/MWh)": 27.76375
		},
		"20:00:00": {
			"DAM_lmp($/MWh)": 65.63039,
			"RTM_lmp($/MWh)": 40.0
		},
		"21:00:00": {
			"DAM_lmp($/MWh)": 50.41933,
			"RTM_lmp($/MWh)": 42.77495
		},
		"22:00:00": {
			"DAM_lmp($/MWh)": 40.55662,
			"RTM_lmp($/MWh)": 32.15491
		},
		"23:00:00": {
			"DAM_lmp($/MWh)": 31.7401,
			"RTM_lmp($/MWh)": 33.11551
		}
	}
}