{
	"2023-05-22": {
		"00:00:00": {
			"DAM_lmp($/MWh)": 31.4361,
			"RTM_lmp($/MWh)": 28.92936
		},
		"01:00:00": {
			"DAM_lmp($/MWh)": 28.06554,
			"RTM_lmp($/MWh)": 24.91804
		},
		"02:00:00": {
			"DAM_lmp($/MWh)": 27.34041,
			"RTM_lmp($/MWh)": 20.67323
		},
		"03:00:00": {
			"DAM_lmp($/MWh)": 25.80173,
			"RTM_lmp($/MWh)": 6.31341
		},
		"04:00:00": {
			"DAM_lmp($/MWh)": 28.91991,
			"RTM_lmp($/MWh)": 1.94762
		},
		"05:00:00": {
			"DAM_lmp($/MWh)": 35.20919,
			"RTM_lmp($/MWh)": 30.81135
		},
		"06:00:00": {
			"DAM_lmp($/MWh)": 37.82659,
			"RTM_lmp($/MWh)": 72.0
		},
		"07:00:00": {
			"DAM_lmp($/MWh)": 25.05005,
			"RTM_lmp($/MWh)": 18.0208
		},
		"08:00:00": {
			"DAM_lmp($/MWh)": 8.63263,
			"RTM_lmp($/MWh)": 12.8688
		},
		"09:00:00": {
			"DAM_lmp($/MWh)": 5.65004,
			"RTM_lmp($/MWh)": 12.94
		},
		"10:00:00": {
			"DAM_lmp($/MWh)": 4.34223,
			"RTM_lmp($/MWh)": 15.4
		},
		"11:00:00": {
			"DAM_lmp($/MWh)": 3.09444,
			"RTM_lmp($/MWh)": 5.31763
		},
		"12:00:00": {
			"DAM_lmp($/MWh)": 1.02559,
			"RTM_lmp($/MWh)": 13.9874
		},
		"13:00:00": {
			"DAM_lmp($/MWh)": 0.4868,
			"RTM_lmp($/MWh)": 14.1545
		},
		"14:00:00": {
			"DAM_lmp($/MWh)": 1.48269,
			"RTM_lmp($/MWh)": 9.9976
		},
		"15:00:00": {
			"DAM_lmp($/MWh)": 4.43377,
			"RTM_lmp($/MWh)": 4.9988
		},
		"16:00:00": {
			"DAM_lmp($/MWh)": 8.8944,
			"RTM_lmp($/MWh)": 4.95
		},
		"17:00:00": {
			"DAM_lmp($/MWh)": 23.51175,
			"RTM_lmp($/MWh)": 0.0
		},
		"18:00:00": {
			"DAM_lmp($/MWh)": 42.61241,
			"RTM_lmp($/MWh)": 13.47766
		},
		"19:00:00": {
			"DAM_lmp($/MWh)": 63.60659,
			"RTM_lmp($/MWh)": 27.32917
		},
		"20:00:00": {
			"DAM_lmp($/MWh)": 63.84382,
			"RTM_lmp($/MWh)": 40.0
		},
		"21:00:00": {
			"DAM_lmp($/MWh)": 49.16633,
			"RTM_lmp($/MWh)": 42.43087
		},
		"22:00:00": {
			"DAM_lmp($/MWh)": 40.70524,
			"RTM_lmp($/MWh)": 32.32363
		},
		"23:00:00": {
			"DAM_lmp($/MWh)": 33.73347,
			"RTM_lmp($/MWh)": 33.3879
		}
	},
	"2023-05-23": {
		"00:00:00": {
			"DAM_lmp($/MWh)": 31.4361,
			"RTM_lmp($/MWh)": 28.92936
		},
		"01:00:00": {
			"DAM_lmp($/MWh)": 28.06554,
			"RTM_lmp($/MWh)": 24.91804
		},
		"02:00:00": {
			"DAM_lmp($/MWh)": 27.34041,
			"RTM_lmp($/MWh)": 20.67323
		},
		"03:00:00": {
			"DAM_lmp($/MWh)": 25.80173,
			"RTM_lmp($/MWh)": 6.31341
		},
		"04:00:00": {
			"DAM_lmp($/MWh)": 28.91991,
			"RTM_lmp($/MWh)": 1.94762
		},
		"05:00:00": {
			"DAM_lmp($/MWh)": 35.20919,
			"RTM_lmp($/MWh)": 30.81135
		},
		"06:00:00": {
			"DAM_lmp($/MWh)": 37.82659,
			"RTM_lmp($/MWh)": 72.0
		},
		"07:00:00": {
			"DAM_lmp($/MWh)": 25.05005,
			"RTM_lmp($/MWh)": 18.0208
		},
		"08:00:00": {
			"DAM_lmp($/MWh)": 8.63263,
			"RTM_lmp($/MWh)": 12.8688
		},
		"09:00:00": {
			"DAM_lmp($/MWh)": 5.65004,
			"RTM_lmp($/MWh)": 12.94
		},
		"10:00:00": {
			"DAM_lmp($/MWh)": 4.34223,
			"RTM_lmp($/MWh)": 15.4
		},
		"11:00:00": {
			"DAM_lmp($/MWh)": 3.09444,
			"RTM_lmp($/MWh)": 5.31763
		},
		"12:00:00": {
			"DAM_lmp($/MWh)": 1.02559,
			"RTM_lmp($/MWh)": 13.9874
		},
		"13:00:00": {
			"DAM_lmp($/MWh)": 0.4868,
			"RTM_lmp($/MWh)": 14.1545
		},
		"14:00:00": {
			"DAM_lmp($/MWh)": 1.48269,
			"RTM_lmp($/MWh)": 9.9976
		},
		"15:00:00": {
			"DAM_lmp($/MWh)": 4.43377,
			"RTM_lmp($/MWh)": 4.9988
		},
		"16:00:00": {
			"DAM_lmp($/MWh)": 8.8944,
			"RTM_lmp($/MWh)": 4.95
		},
		"17:00:00": {
			"DAM_lmp($/MWh)": 23.51175,
			"RTM_lmp($/MWh)": 0.0
		},
		"18:00:00": {
			"DAM_lmp($/MWh)": 42.61241,
			"RTM_lmp($/MWh)": 13.47766
		},
		"19:00:00": {
			"DAM_lmp($/MWh)": 63.60659,
			"RTM_lmp($/MWh)": 27.32917
		},
		"20:00:00": {
			"DAM_lmp($/MWh)": 63.84382,
			"RTM_lmp($/MWh)": 40.0
		},
		"21:00:00": {
			"DAM_lmp($/MWh)": 49.16633,
			"RTM_lmp($/MWh)": 42.43087
		},
		"22:00:00": {
			"DAM_lmp($/MWh)": 40.70524,
			"RTM_lmp($/MWh)": 32.32363
		},
		"23:00:00": {
			"DAM_lmp($/MWh)": 33.73347,
			"RTM_lmp($/MWh)": 33.3879
		}
	}
}