{
	"2023-05-22": {
		"00:00:00": {
			"DAM_lmp($/MWh)": 20.35331,
			"RTM_lmp($/MWh)": 25.92146
		},
		"01:00:00": {
			"DAM_lmp($/MWh)": 16.29439,
			"RTM_lmp($/MWh)": 22.30212
		},
		"02:00:00": {
			"DAM_lmp($/MWh)": 13.34361,
			"RTM_lmp($/MWh)": 18.47906
		},
		"03:00:00": {
			"DAM_lmp($/MWh)": 10.82735,
			"RTM_lmp($/MWh)": 6.43489
		},
		"04:00:00": {
			"DAM_lmp($/MWh)": 15.19259,
			"RTM_lmp($/MWh)": 1.73933
		},
		"05:00:00": {
			"DAM_lmp($/MWh)": 27.348,
			"RTM_lmp($/MWh)": 30.81135
		},
		"06:00:00": {
			"DAM_lmp($/MWh)": 26.04602,
			"RTM_lmp($/MWh)": 72.0
		},
		"07:00:00": {
			"DAM_lmp($/MWh)": 24.73431,
			"RTM_lmp($/MWh)": 18.0208
		},
		"08:00:00": {
			"DAM_lmp($/MWh)": 12.49465,
			"RTM_lmp($/MWh)": 12.8688
		},
		"09:00:00": {
			"DAM_lmp($/MWh)": 10.06155,
			"RTM_lmp($/MWh)": 12.94
		},
		"10:00:00": {
			"DAM_lmp($/MWh)": 7.20812,
			"RTM_lmp($/MWh)": 15.4
		},
		"11:00:00": {
			"DAM_lmp($/MWh)": 5.40049,
			"RTM_lmp($/MWh)": 14.7764
		},
		"12:00:00": {
			"DAM_lmp($/MWh)": 3.85156,
			"RTM_lmp($/MWh)": 14.31229
		},
		"13:00:00": {
			"DAM_lmp($/MWh)": 3.53629,
			"RTM_lmp($/MWh)": 14.52806
		},
		"14:00:00": {
			"DAM_lmp($/MWh)": 4.60821,
			"RTM_lmp($/MWh)": 9.9976
		},
		"15:00:00": {
			"DAM_lmp($/MWh)": 7.48049,
			"RTM_lmp($/MWh)": 4.9988
		},
		"16:00:00": {
			"DAM_lmp($/MWh)": 11.68497,
			"RTM_lmp($/MWh)": 4.95
		},
		"17:00:00": {
			"DAM_lmp($/MWh)": 24.00718,
			"RTM_lmp($/MWh)": 0.0
		},
		"18:00:00": {
			"DAM_lmp($/MWh)": 43.40401,
			"RTM_lmp($/MWh)": 13.29202
		},
		"19:00:00": {
			"DAM_lmp($/MWh)": 63.97372,
			"RTM_lmp($/MWh)": 25.89339
		},
		"20:00:00": {
			"DAM_lmp($/MWh)": 63.96045,
			"RTM_lmp($/MWh)": 40.0
		},
		"21:00:00": {
			"DAM_lmp($/MWh)": 48.61215,
			"RTM_lmp($/MWh)": 38.97748
		},
		"22:00:00": {
			"DAM_lmp($/MWh)": 35.8997,
			"RTM_lmp($/MWh)": 29.70056
		},
		"23:00:00": {
			"DAM_lmp($/MWh)": 24.10342,
			"RTM_lmp($/MWh)": 30.65402
		}
	},
	"2023-05-23": {
		"00:00:00": {
			"DAM_lmp($/MWh)": 20.35331,
			"RTM_lmp($/MWh)": 25.92146
		},
		"01:00:00": {
			"DAM_lmp($/MWh)": 16.29439,
			"RTM_lmp($/MWh)": 22.30212
		},
		"02:00:00": {
			"DAM_lmp($/MWh)": 13.34361,
			"RTM_lmp($/MWh)": 18.47906
		},
		"03:00:00": {
			"DAM_lmp($/MWh)": 10.82735,
			"RTM_lmp($/MWh)": 6.43489
		},
		"04:00:00": {
			"DAM_lmp($/MWh)": 15.19259,
			"RTM_lmp($/MWh)": 1.73933
		},
		"05:00:00": {
			"DAM_lmp($/MWh)": 27.348,
			"RTM_lmp($/MWh)": 30.81135
		},
		"06:00:00": {
			"DAM_lmp($/MWh)": 26.04602,
			"RTM_lmp($/MWh)": 72.0
		},
		"07:00:00": {
			"DAM_lmp($/MWh)": 24.73431,
			"RTM_lmp($/MWh)": 18.0208
		},
		"08:00:00": {
			"DAM_lmp($/MWh)": 12.49465,
			"RTM_lmp($/MWh)": 12.8688
		},
		"09:00:00": {
			"DAM_lmp($/MWh)": 10.06155,
			"RTM_lmp($/MWh)": 12.94
		},
		"10:00:00": {
			"DAM_lmp($/MWh)": 7.20812,
			"RTM_lmp($/MWh)": 15.4
		},
		"11:00:00": {
			"DAM_lmp($/MWh)": 5.40049,
			"RTM_lmp($/MWh)": 14.7764
		},
		"12:00:00": {
			"DAM_lmp($/MWh)": 3.85156,
			"RTM_lmp($/MWh)": 14.31229
		},
		"13:00:00": {
			"DAM_lmp($/MWh)": 3.53629,
			"RTM_lmp($/MWh)": 14.52806
		},
		"14:00:00": {
			"DAM_lmp($/MWh)": 4.60821,
			"RTM_lmp($/MWh)": 9.9976
		},
		"15:00:00": {
			"DAM_lmp($/MWh)": 7.48049,
			"RTM_lmp($/MWh)": 4.9988
		},
		"16:00:00": {
			"DAM_lmp($/MWh)": 11.68497,
			"RTM_lmp($/MWh)": 4.95
		},
		"17:00:00": {
			"DAM_lmp($/MWh)": 24.00718,
			"RTM_lmp($/MWh)": 0.0
		},
		"18:00:00": {
			"DAM_lmp($/MWh)": 43.40401,
			"RTM_lmp($/MWh)": 13.29202
		},
		"19:00:00": {
			"DAM_lmp($/MWh)": 63.97372,
			"RTM_lmp($/MWh)": 25.89339
		},
		"20:00:00": {
			"DAM_lmp($/MWh)": 63.96045,
			"RTM_lmp($/MWh)": 40.0
		},
		"21:00:00": {
			"DAM_lmp($/MWh)": 48.61215,
			"RTM_lmp($/MWh)": 38.97748
		},
		"22:00:00": {
			"DAM_lmp($/MWh)": 35.8997,
			"RTM_lmp($/MWh)": 29.70056
		},
		"23:00:00": {
			"DAM_lmp($/MWh)": 24.10342,
			"RTM_lmp($/MWh)": 30.65402
		}
	}
}