{
	"2023-05-22": {
		"00:00:00": {
			"DAM_lmp($/MWh)": 26.97586,
			"RTM_lmp($/MWh)": 27.83946
		},
		"01:00:00": {
			"DAM_lmp($/MWh)": 23.08172,
			"RTM_lmp($/MWh)": 24.0675
		},
		"02:00:00": {
			"DAM_lmp($/MWh)": 21.42127,
			"RTM_lmp($/MWh)": 19.92816
		},
		"03:00:00": {
			"DAM_lmp($/MWh)": 19.35311,
			"RTM_lmp($/MWh)": 6.98354
		},
		"04:00:00": {
			"DAM_lmp($/MWh)": 23.1257,
			"RTM_lmp($/MWh)": 1.95727
		},
		"05:00:00": {
			"DAM_lmp($/MWh)": 32.2302,
			"RTM_lmp($/MWh)": 50.32084
		},
		"06:00:00": {
			"DAM_lmp($/MWh)": 33.37117,
			"RTM_lmp($/MWh)": 72.0
		},
		"07:00:00": {
			"DAM_lmp($/MWh)": 25.93,
			"RTM_lmp($/MWh)": 18.0208
		},
		"08:00:00": {
			"DAM_lmp($/MWh)": 21.92636,
			"RTM_lmp($/MWh)": 12.8688
		},
		"09:00:00": {
			"DAM_lmp($/MWh)": 19.60802,
			"RTM_lmp($/MWh)": 12.94
		},
		"10:00:00": {
			"DAM_lmp($/MWh)": 12.9988,
			"RTM_lmp($/MWh)": 15.4
		},
		"11:00:00": {
			"DAM_lmp($/MWh)": 10.73753,
			"RTM_lmp($/MWh)": 20.25975
		},
		"12:00:00": {
			"DAM_lmp($/MWh)": 9.00882,
			"RTM_lmp($/MWh)": 15.13146
		},
		"13:00:00": {
			"DAM_lmp($/MWh)": 9.08157,
			"RTM_lmp($/MWh)": 15.36464
		},
		"14:00:00": {
			"DAM_lmp($/MWh)": 10.23787,
			"RTM_lmp($/MWh)": 9.9976
		},
		"15:00:00": {
			"DAM_lmp($/MWh)": 13.13245,
			"RTM_lmp($/MWh)": 4.9988
		},
		"16:00:00": {
			"DAM_lmp($/MWh)": 16.75913,
			"RTM_lmp($/MWh)": 4.95
		},
		"17:00:00": {
			"DAM_lmp($/MWh)": 25.18476,
			"RTM_lmp($/MWh)": 0.0
		},
		"18:00:00": {
			"DAM_lmp($/MWh)": 44.28219,
			"RTM_lmp($/MWh)": 14.24308
		},
		"19:00:00": {
			"DAM_lmp($/MWh)": 65.34525,
			"RTM_lmp($/MWh)": 27.86277
		},
		"20:00:00": {
			"DAM_lmp($/MWh)": 65.50093,
			"RTM_lmp($/MWh)": 40.0
		},
		"21:00:00": {
			"DAM_lmp($/MWh)": 50.22464,
			"RTM_lmp($/MWh)": 42.67424
		},
		"22:00:00": {
			"DAM_lmp($/MWh)": 39.40769,
			"RTM_lmp($/MWh)": 32.04668
		},
		"23:00:00": {
			"DAM_lmp($/MWh)": 29.51639,
			"RTM_lmp($/MWh)": 33.00256
		}
	},
	"2023-05-23": {
		"00:00:00": {
			"DAM_lmp($/MWh)": 26.97586,
			"RTM_lmp($/MWh)": 27.83946
		},
		"01:00:00": {
			"DAM_lmp($/MWh)": 23.08172,
			"RTM_lmp($/MWh)": 24.0675
		},
		"02:00:00": {
			"DAM_lmp($/MWh)": 21.42127,
			"RTM_lmp($/MWh)": 19.92816
		},
		"03:00:00": {
			"DAM_lmp($/MWh)": 19.35311,
			"RTM_lmp($/MWh)": 6.98354
		},
		"04:00:00": {
			"DAM_lmp($/MWh)": 23.1257,
			"RTM_lmp($/MWh)": 1.95727
		},
		"05:00:00": {
			"DAM_lmp($/MWh)": 32.2302,
			"RTM_lmp($/MWh)": 50.32084
		},
		"06:00:00": {
			"DAM_lmp($/MWh)": 33.37117,
			"RTM_lmp($/MWh)": 72.0
		},
		"07:00:00": {
			"DAM_lmp($/MWh)": 25.93,
			"RTM_lmp($/MWh)": 18.0208
		},
		"08:00:00": {
			"DAM_lmp($/MWh)": 21.92636,
			"RTM_lmp($/MWh)": 12.8688
		},
		"09:00:00": {
			"DAM_lmp($/MWh)": 19.60802,
			"RTM_lmp($/MWh)": 12.94
		},
		"10:00:00": {
			"DAM_lmp($/MWh)": 12.9988,
			"RTM_lmp($/MWh)": 15.4
		},
		"11:00:00": {
			"DAM_lmp($/MWh)": 10.73753,
			"RTM_lmp($/MWh)": 20.25975
		},
		"12:00:00": {
			"DAM_lmp($/MWh)": 9.00882,
			"RTM_lmp($/MWh)": 15.13146
		},
		"13:00:00": {
			"DAM_lmp($/MWh)": 9.08157,
			"RTM_lmp($/MWh)": 15.36464
		},
		"14:00:00": {
			"DAM_lmp($/MWh)": 10.23787,
			"RTM_lmp($/MWh)": 9.9976
		},
		"15:00:00": {
			"DAM_lmp($/MWh)": 13.13245,
			"RTM_lmp($/MWh)": 4.9988
		},
		"16:00:00": {
			"DAM_lmp($/MWh)": 16.75913,
			"RTM_lmp($/MWh)": 4.95
		},
		"17:00:00": {
			"DAM_lmp($/MWh)": 25.18476,
			"RTM_lmp($/MWh)": 0.0
		},
		"18:00:00": {
			"DAM_lmp($/MWh)": 44.28219,
			"RTM_lmp($/MWh)": 14.24308
		},
		"19:00:00": {
			"DAM_lmp($/MWh)": 65.34525,
			"RTM_lmp($/MWh)": 27.86277
		},
		"20:00:00": {
			"DAM_lmp($/MWh)": 65.50093,
			"RTM_lmp($/MWh)": 40.0
		},
		"21:00:00": {
			"DAM_lmp($/MWh)": 50.22464,
			"RTM_lmp($/MWh)": 42.67424
		},
		"22:00:00": {
			"DAM_lmp($/MWh)": 39.40769,
			"RTM_lmp($/MWh)": 32.04668
		},
		"23:00:00": {
			"DAM_lmp($/MWh)": 29.51639,
			"RTM_lmp($/MWh)": 33.00256
		}
	}
}