{
	"2023-05-22": {
		"00:00:00": {
			"DAM_lmp($/MWh)": 25.08383,
			"RTM_lmp($/MWh)": 24.7348
		},
		"01:00:00": {
			"DAM_lmp($/MWh)": 21.332,
			"RTM_lmp($/MWh)": 21.39223
		},
		"02:00:00": {
			"DAM_lmp($/MWh)": 19.40025,
			"RTM_lmp($/MWh)": 17.91461
		},
		"03:00:00": {
			"DAM_lmp($/MWh)": 17.31936,
			"RTM_lmp($/MWh)": 6.41833
		},
		"04:00:00": {
			"DAM_lmp($/MWh)": 21.20329,
			"RTM_lmp($/MWh)": 1.41031
		},
		"05:00:00": {
			"DAM_lmp($/MWh)": 31.22731,
			"RTM_lmp($/MWh)": 30.81135
		},
		"06:00:00": {
			"DAM_lmp($/MWh)": 31.74342,
			"RTM_lmp($/MWh)": 72.0
		},
		"07:00:00": {
			"DAM_lmp($/MWh)": 25.81871,
			"RTM_lmp($/MWh)": 18.0208
		},
		"08:00:00": {
			"DAM_lmp($/MWh)": 15.11472,
			"RTM_lmp($/MWh)": 12.8688
		},
		"09:00:00": {
			"DAM_lmp($/MWh)": 12.58273,
			"RTM_lmp($/MWh)": 12.94
		},
		"10:00:00": {
			"DAM_lmp($/MWh)": 7.17158,
			"RTM_lmp($/MWh)": 15.4
		},
		"11:00:00": {
			"DAM_lmp($/MWh)": 5.34606,
			"RTM_lmp($/MWh)": 14.7764
		},
		"12:00:00": {
			"DAM_lmp($/MWh)": 3.71799,
			"RTM_lmp($/MWh)": 14.04745
		},
		"13:00:00": {
			"DAM_lmp($/MWh)": 3.49517,
			"RTM_lmp($/MWh)": 14.2628
		},
		"14:00:00": {
			"DAM_lmp($/MWh)": 4.53968,
			"RTM_lmp($/MWh)": 9.9976
		},
		"15:00:00": {
			"DAM_lmp($/MWh)": 9.00507,
			"RTM_lmp($/MWh)": 4.9988
		},
		"16:00:00": {
			"DAM_lmp($/MWh)": 12.79331,
			"RTM_lmp($/MWh)": 4.95
		},
		"17:00:00": {
			"DAM_lmp($/MWh)": 23.76569,
			"RTM_lmp($/MWh)": 0.0
		},
		"18:00:00": {
			"DAM_lmp($/MWh)": 42.68253,
			"RTM_lmp($/MWh)": 12.29954
		},
		"19:00:00": {
			"DAM_lmp($/MWh)": 62.84391,
			"RTM_lmp($/MWh)": 23.95153
		},
		"20:00:00": {
			"DAM_lmp($/MWh)": 62.35502,
			"RTM_lmp($/MWh)": 40.0
		},
		"21:00:00": {
			"DAM_lmp($/MWh)": 49.24121,
			"RTM_lmp($/MWh)": 37.00113
		},
		"22:00:00": {
			"DAM_lmp($/MWh)": 38.10561,
			"RTM_lmp($/MWh)": 28.48134
		},
		"23:00:00": {
			"DAM_lmp($/MWh)": 28.00409,
			"RTM_lmp($/MWh)": 29.694
		}
	},
	"2023-05-23": {
		"00:00:00": {
			"DAM_lmp($/MWh)": 25.08383,
			"RTM_lmp($/MWh)": 24.7348
		},
		"01:00:00": {
			"DAM_lmp($/MWh)": 21.332,
			"RTM_lmp($/MWh)": 21.39223
		},
		"02:00:00": {
			"DAM_lmp($/MWh)": 19.40025,
			"RTM_lmp($/MWh)": 17.91461
		},
		"03:00:00": {
			"DAM_lmp($/MWh)": 17.31936,
			"RTM_lmp($/MWh)": 6.41833
		},
		"04:00:00": {
			"DAM_lmp($/MWh)": 21.20329,
			"RTM_lmp($/MWh)": 1.41031
		},
		"05:00:00": {
			"DAM_lmp($/MWh)": 31.22731,
			"RTM_lmp($/MWh)": 30.81135
		},
		"06:00:00": {
			"DAM_lmp($/MWh)": 31.74342,
			"RTM_lmp($/MWh)": 72.0
		},
		"07:00:00": {
			"DAM_lmp($/MWh)": 25.81871,
			"RTM_lmp($/MWh)": 18.0208
		},
		"08:00:00": {
			"DAM_lmp($/MWh)": 15.11472,
			"RTM_lmp($/MWh)": 12.8688
		},
		"09:00:00": {
			"DAM_lmp($/MWh)": 12.58273,
			"RTM_lmp($/MWh)": 12.94
		},
		"10:00:00": {
			"DAM_lmp($/MWh)": 7.17158,
			"RTM_lmp($/MWh)": 15.4
		},
		"11:00:00": {
			"DAM_lmp($/MWh)": 5.34606,
			"RTM_lmp($/MWh)": 14.7764
		},
		"12:00:00": {
			"DAM_lmp($/MWh)": 3.71799,
			"RTM_lmp($/MWh)": 14.04745
		},
		"13:00:00": {
			"DAM_lmp($/MWh)": 3.49517,
			"RTM_lmp($/MWh)": 14.2628
		},
		"14:00:00": {
			"DAM_lmp($/MWh)": 4.53968,
			"RTM_lmp($/MWh)": 9.9976
		},
		"15:00:00": {
			"DAM_lmp($/MWh)": 9.00507,
			"RTM_lmp($/MWh)": 4.9988
		},
		"16:00:00": {
			"DAM_lmp($/MWh)": 12.79331,
			"RTM_lmp($/MWh)": 4.95
		},
		"17:00:00": {
			"DAM_lmp($/MWh)": 23.76569,
			"RTM_lmp($/MWh)": 0.0
		},
		"18:00:00": {
			"DAM_lmp($/MWh)": 42.68253,
			"RTM_lmp($/MWh)": 12.29954
		},
		"19:00:00": {
			"DAM_lmp($/MWh)": 62.84391,
			"RTM_lmp($/MWh)": 23.95153
		},
		"20:00:00": {
			"DAM_lmp($/MWh)": 62.35502,
			"RTM_lmp($/MWh)": 40.0
		},
		"21:00:00": {
			"DAM_lmp($/MWh)": 49.24121,
			"RTM_lmp($/MWh)": 37.00113
		},
		"22:00:00": {
			"DAM_lmp($/MWh)": 38.10561,
			"RTM_lmp($/MWh)": 28.48134
		},
		"23:00:00": {
			"DAM_lmp($/MWh)": 28.00409,
			"RTM_lmp($/MWh)": 29.694
		}
	}
}