{
	"2023-05-22": {
		"00:00:00": {
			"DAM_lmp($/MWh)": 29.25101,
			"RTM_lmp($/MWh)": 28.34884
		},
		"01:00:00": {
			"DAM_lmp($/MWh)": 25.65621,
			"RTM_lmp($/MWh)": 24.35184
		},
		"02:00:00": {
			"DAM_lmp($/MWh)": 24.31069,
			"RTM_lmp($/MWh)": 20.25657
		},
		"03:00:00": {
			"DAM_lmp($/MWh)": 22.5338,
			"RTM_lmp($/MWh)": 6.96487
		},
		"04:00:00": {
			"DAM_lmp($/MWh)": 25.91919,
			"RTM_lmp($/MWh)": 1.97204
		},
		"05:00:00": {
			"DAM_lmp($/MWh)": 33.98608,
			"RTM_lmp($/MWh)": 30.81135
		},
		"06:00:00": {
			"DAM_lmp($/MWh)": 35.92846,
			"RTM_lmp($/MWh)": 72.0
		},
		"07:00:00": {
			"DAM_lmp($/MWh)": 26.35703,
			"RTM_lmp($/MWh)": 18.0208
		},
		"08:00:00": {
			"DAM_lmp($/MWh)": 32.4058,
			"RTM_lmp($/MWh)": 12.8688
		},
		"09:00:00": {
			"DAM_lmp($/MWh)": 30.999,
			"RTM_lmp($/MWh)": 12.94
		},
		"10:00:00": {
			"DAM_lmp($/MWh)": 19.83794,
			"RTM_lmp($/MWh)": 15.4
		},
		"11:00:00": {
			"DAM_lmp($/MWh)": 16.74126,
			"RTM_lmp($/MWh)": 30.26685
		},
		"12:00:00": {
			"DAM_lmp($/MWh)": 15.45371,
			"RTM_lmp($/MWh)": 15.07757
		},
		"13:00:00": {
			"DAM_lmp($/MWh)": 16.05232,
			"RTM_lmp($/MWh)": 15.47137
		},
		"14:00:00": {
			"DAM_lmp($/MWh)": 17.33532,
			"RTM_lmp($/MWh)": 9.9976
		},
		"15:00:00": {
			"DAM_lmp($/MWh)": 19.90497,
			"RTM_lmp($/MWh)": 4.9988
		},
		"16:00:00": {
			"DAM_lmp($/MWh)": 22.57003,
			"RTM_lmp($/MWh)": 4.95
		},
		"17:00:00": {
			"DAM_lmp($/MWh)": 25.10509,
			"RTM_lmp($/MWh)": 0.0
		},
		"18:00:00": {
			"DAM_lmp($/MWh)": 44.84317,
			"RTM_lmp($/MWh)": 14.14026
		},
		"19:00:00": {
			"DAM_lmp($/MWh)": 65.68135,
			"RTM_lmp($/MWh)": 28.24234
		},
		"20:00:00": {
			"DAM_lmp($/MWh)": 65.94757,
			"RTM_lmp($/MWh)": 40.0
		},
		"21:00:00": {
			"DAM_lmp($/MWh)": 50.55411,
			"RTM_lmp($/MWh)": 43.23232
		},
		"22:00:00": {
			"DAM_lmp($/MWh)": 40.52435,
			"RTM_lmp($/MWh)": 32.26951
		},
		"23:00:00": {
			"DAM_lmp($/MWh)": 31.35024,
			"RTM_lmp($/MWh)": 33.29489
		}
	},
	"2023-05-23": {
		"00:00:00": {
			"DAM_lmp($/MWh)": 29.25101,
			"RTM_lmp($/MWh)": 28.34884
		},
		"01:00:00": {
			"DAM_lmp($/MWh)": 25.65621,
			"RTM_lmp($/MWh)": 24.35184
		},
		"02:00:00": {
			"DAM_lmp($/MWh)": 24.31069,
			"RTM_lmp($/MWh)": 20.25657
		},
		"03:00:00": {
			"DAM_lmp($/MWh)": 22.5338,
			"RTM_lmp($/MWh)": 6.96487
		},
		"04:00:00": {
			"DAM_lmp($/MWh)": 25.91919,
			"RTM_lmp($/MWh)": 1.97204
		},
		"05:00:00": {
			"DAM_lmp($/MWh)": 33.98608,
			"RTM_lmp($/MWh)": 30.81135
		},
		"06:00:00": {
			"DAM_lmp($/MWh)": 35.92846,
			"RTM_lmp($/MWh)": 72.0
		},
		"07:00:00": {
			"DAM_lmp($/MWh)": 26.35703,
			"RTM_lmp($/MWh)": 18.0208
		},
		"08:00:00": {
			"DAM_lmp($/MWh)": 32.4058,
			"RTM_lmp($/MWh)": 12.8688
		},
		"09:00:00": {
			"DAM_lmp($/MWh)": 30.999,
			"RTM_lmp($/MWh)": 12.94
		},
		"10:00:00": {
			"DAM_lmp($/MWh)": 19.83794,
			"RTM_lmp($/MWh)": 15.4
		},
		"11:00:00": {
			"DAM_lmp($/MWh)": 16.74126,
			"RTM_lmp($/MWh)": 30.26685
		},
		"12:00:00": {
			"DAM_lmp($/MWh)": 15.45371,
			"RTM_lmp($/MWh)": 15.07757
		},
		"13:00:00": {
			"DAM_lmp($/MWh)": 16.05232,
			"RTM_lmp($/MWh)": 15.47137
		},
		"14:00:00": {
			"DAM_lmp($/MWh)": 17.33532,
			"RTM_lmp($/MWh)": 9.9976
		},
		"15:00:00": {
			"DAM_lmp($/MWh)": 19.90497,
			"RTM_lmp($/MWh)": 4.9988
		},
		"16:00:00": {
			"DAM_lmp($/MWh)": 22.57003,
			"RTM_lmp($/MWh)": 4.95
		},
		"17:00:00": {
			"DAM_lmp($/MWh)": 25.10509,
			"RTM_lmp($/MWh)": 0.0
		},
		"18:00:00": {
			"DAM_lmp($/MWh)": 44.84317,
			"RTM_lmp($/MWh)": 14.14026
		},
		"19:00:00": {
			"DAM_lmp($/MWh)": 65.68135,
			"RTM_lmp($/MWh)": 28.24234
		},
		"20:00:00": {
			"DAM_lmp($/MWh)": 65.94757,
			"RTM_lmp($/MWh)": 40.0
		},
		"21:00:00": {
			"DAM_lmp($/MWh)": 50.55411,
			"RTM_lmp($/MWh)": 43.23232
		},
		"22:00:00": {
			"DAM_lmp($/MWh)": 40.52435,
			"RTM_lmp($/MWh)": 32.26951
		},
		"23:00:00": {
			"DAM_lmp($/MWh)": 31.35024,
			"RTM_lmp($/MWh)": 33.29489
		}
	}
}