{
	"2023-05-22": {
		"00:00:00": {
			"DAM_lmp($/MWh)": 28.93216,
			"RTM_lmp($/MWh)": 26.43369
		},
		"01:00:00": {
			"DAM_lmp($/MWh)": 24.77768,
			"RTM_lmp($/MWh)": 22.78179
		},
		"02:00:00": {
			"DAM_lmp($/MWh)": 23.35032,
			"RTM_lmp($/MWh)": 18.86289
		},
		"03:00:00": {
			"DAM_lmp($/MWh)": 21.11005,
			"RTM_lmp($/MWh)": 6.49197
		},
		"04:00:00": {
			"DAM_lmp($/MWh)": 23.29915,
			"RTM_lmp($/MWh)": 1.57488
		},
		"05:00:00": {
			"DAM_lmp($/MWh)": 30.46074,
			"RTM_lmp($/MWh)": 30.81135
		},
		"06:00:00": {
			"DAM_lmp($/MWh)": 31.35184,
			"RTM_lmp($/MWh)": 72.0
		},
		"07:00:00": {
			"DAM_lmp($/MWh)": 25.23381,
			"RTM_lmp($/MWh)": 18.0208
		},
		"08:00:00": {
			"DAM_lmp($/MWh)": 16.24767,
			"RTM_lmp($/MWh)": 12.8688
		},
		"09:00:00": {
			"DAM_lmp($/MWh)": 13.98221,
			"RTM_lmp($/MWh)": 12.94
		},
		"10:00:00": {
			"DAM_lmp($/MWh)": 9.51193,
			"RTM_lmp($/MWh)": 15.4
		},
		"11:00:00": {
			"DAM_lmp($/MWh)": 7.88543,
			"RTM_lmp($/MWh)": 14.7764
		},
		"12:00:00": {
			"DAM_lmp($/MWh)": 5.95181,
			"RTM_lmp($/MWh)": 14.54172
		},
		"13:00:00": {
			"DAM_lmp($/MWh)": 5.79192,
			"RTM_lmp($/MWh)": 14.76349
		},
		"14:00:00": {
			"DAM_lmp($/MWh)": 6.99177,
			"RTM_lmp($/MWh)": 9.9976
		},
		"15:00:00": {
			"DAM_lmp($/MWh)": 9.88061,
			"RTM_lmp($/MWh)": 4.9988
		},
		"16:00:00": {
			"DAM_lmp($/MWh)": 13.81248,
			"RTM_lmp($/MWh)": 4.95
		},
		"17:00:00": {
			"DAM_lmp($/MWh)": 24.52999,
			"RTM_lmp($/MWh)": 0.0
		},
		"18:00:00": {
			"DAM_lmp($/MWh)": 43.53557,
			"RTM_lmp($/MWh)": 13.58191
		},
		"19:00:00": {
			"DAM_lmp($/MWh)": 63.5872,
			"RTM_lmp($/MWh)": 26.53977
		},
		"20:00:00": {
			"DAM_lmp($/MWh)": 65.62439,
			"RTM_lmp($/MWh)": 40.0
		},
		"21:00:00": {
			"DAM_lmp($/MWh)": 50.12833,
			"RTM_lmp($/MWh)": 40.29925
		},
		"22:00:00": {
			"DAM_lmp($/MWh)": 40.33792,
			"RTM_lmp($/MWh)": 30.36269
		},
		"23:00:00": {
			"DAM_lmp($/MWh)": 29.8306,
			"RTM_lmp($/MWh)": 31.30842
		}
	},
	"2023-05-23": {
		"00:00:00": {
			"DAM_lmp($/MWh)": 28.93216,
			"RTM_lmp($/MWh)": 26.43369
		},
		"01:00:00": {
			"DAM_lmp($/MWh)": 24.77768,
			"RTM_lmp($/MWh)": 22.78179
		},
		"02:00:00": {
			"DAM_lmp($/MWh)": 23.35032,
			"RTM_lmp($/MWh)": 18.86289
		},
		"03:00:00": {
			"DAM_lmp($/MWh)": 21.11005,
			"RTM_lmp($/MWh)": 6.49197
		},
		"04:00:00": {
			"DAM_lmp($/MWh)": 23.29915,
			"RTM_lmp($/MWh)": 1.57488
		},
		"05:00:00": {
			"DAM_lmp($/MWh)": 30.46074,
			"RTM_lmp($/MWh)": 30.81135
		},
		"06:00:00": {
			"DAM_lmp($/MWh)": 31.35184,
			"RTM_lmp($/MWh)": 72.0
		},
		"07:00:00": {
			"DAM_lmp($/MWh)": 25.23381,
			"RTM_lmp($/MWh)": 18.0208
		},
		"08:00:00": {
			"DAM_lmp($/MWh)": 16.24767,
			"RTM_lmp($/MWh)": 12.8688
		},
		"09:00:00": {
			"DAM_lmp($/MWh)": 13.98221,
			"RTM_lmp($/MWh)": 12.94
		},
		"10:00:00": {
			"DAM_lmp($/MWh)": 9.51193,
			"RTM_lmp($/MWh)": 15.4
		},
		"11:00:00": {
			"DAM_lmp($/MWh)": 7.88543,
			"RTM_lmp($/MWh)": 14.7764
		},
		"12:00:00": {
			"DAM_lmp($/MWh)": 5.95181,
			"RTM_lmp($/MWh)": 14.54172
		},
		"13:00:00": {
			"DAM_lmp($/MWh)": 5.79192,
			"RTM_lmp($/MWh)": 14.76349
		},
		"14:00:00": {
			"DAM_lmp($/MWh)": 6.99177,
			"RTM_lmp($/MWh)": 9.9976
		},
		"15:00:00": {
			"DAM_lmp($/MWh)": 9.88061,
			"RTM_lmp($/MWh)": 4.9988
		},
		"16:00:00": {
			"DAM_lmp($/MWh)": 13.81248,
			"RTM_lmp($/MWh)": 4.95
		},
		"17:00:00": {
			"DAM_lmp($/MWh)": 24.52999,
			"RTM_lmp($/MWh)": 0.0
		},
		"18:00:00": {
			"DAM_lmp($/MWh)": 43.53557,
			"RTM_lmp($/MWh)": 13.58191
		},
		"19:00:00": {
			"DAM_lmp($/MWh)": 63.5872,
			"RTM_lmp($/MWh)": 26.53977
		},
		"20:00:00": {
			"DAM_lmp($/MWh)": 65.62439,
			"RTM_lmp($/MWh)": 40.0
		},
		"21:00:00": {
			"DAM_lmp($/MWh)": 50.12833,
			"RTM_lmp($/MWh)": 40.29925
		},
		"22:00:00": {
			"DAM_lmp($/MWh)": 40.33792,
			"RTM_lmp($/MWh)": 30.36269
		},
		"23:00:00": {
			"DAM_lmp($/MWh)": 29.8306,
			"RTM_lmp($/MWh)": 31.30842
		}
	}
}