{
	"2023-05-22": {
		"00:00:00": {
			"DAM_lmp($/MWh)": 26.82053,
			"RTM_lmp($/MWh)": 27.99028
		},
		"01:00:00": {
			"DAM_lmp($/MWh)": 22.86087,
			"RTM_lmp($/MWh)": 24.17382
		},
		"02:00:00": {
			"DAM_lmp($/MWh)": 20.90712,
			"RTM_lmp($/MWh)": 20.01847
		},
		"03:00:00": {
			"DAM_lmp($/MWh)": 18.70243,
			"RTM_lmp($/MWh)": 7.13934
		},
		"04:00:00": {
			"DAM_lmp($/MWh)": 22.63512,
			"RTM_lmp($/MWh)": 2.07324
		},
		"05:00:00": {
			"DAM_lmp($/MWh)": 32.35381,
			"RTM_lmp($/MWh)": 61.79701
		},
		"06:00:00": {
			"DAM_lmp($/MWh)": 33.46359,
			"RTM_lmp($/MWh)": 72.0
		},
		"07:00:00": {
			"DAM_lmp($/MWh)": 27.07393,
			"RTM_lmp($/MWh)": 18.0208
		},
		"08:00:00": {
			"DAM_lmp($/MWh)": 21.30522,
			"RTM_lmp($/MWh)": 12.8688
		},
		"09:00:00": {
			"DAM_lmp($/MWh)": 18.76025,
			"RTM_lmp($/MWh)": 12.94
		},
		"10:00:00": {
			"DAM_lmp($/MWh)": 12.61347,
			"RTM_lmp($/MWh)": 15.4
		},
		"11:00:00": {
			"DAM_lmp($/MWh)": 10.37299,
			"RTM_lmp($/MWh)": 19.30016
		},
		"12:00:00": {
			"DAM_lmp($/MWh)": 8.45657,
			"RTM_lmp($/MWh)": 15.97218
		},
		"13:00:00": {
			"DAM_lmp($/MWh)": 8.46062,
			"RTM_lmp($/MWh)": 15.9705
		},
		"14:00:00": {
			"DAM_lmp($/MWh)": 9.70303,
			"RTM_lmp($/MWh)": 9.9976
		},
		"15:00:00": {
			"DAM_lmp($/MWh)": 12.72143,
			"RTM_lmp($/MWh)": 4.9988
		},
		"16:00:00": {
			"DAM_lmp($/MWh)": 16.61461,
			"RTM_lmp($/MWh)": 4.95
		},
		"17:00:00": {
			"DAM_lmp($/MWh)": 26.17811,
			"RTM_lmp($/MWh)": 0.0
		},
		"18:00:00": {
			"DAM_lmp($/MWh)": 46.56993,
			"RTM_lmp($/MWh)": 14.66006
		},
		"19:00:00": {
			"DAM_lmp($/MWh)": 66.76721,
			"RTM_lmp($/MWh)": 28.59991
		},
		"20:00:00": {
			"DAM_lmp($/MWh)": 67.25513,
			"RTM_lmp($/MWh)": 40.0
		},
		"21:00:00": {
			"DAM_lmp($/MWh)": 51.32288,
			"RTM_lmp($/MWh)": 43.67711
		},
		"22:00:00": {
			"DAM_lmp($/MWh)": 39.91909,
			"RTM_lmp($/MWh)": 32.56875
		},
		"23:00:00": {
			"DAM_lmp($/MWh)": 29.50806,
			"RTM_lmp($/MWh)": 33.42776
		}
	},
	"2023-05-23": {
		"00:00:00": {
			"DAM_lmp($/MWh)": 26.82053,
			"RTM_lmp($/MWh)": 27.99028
		},
		"01:00:00": {
			"DAM_lmp($/MWh)": 22.86087,
			"RTM_lmp($/MWh)": 24.17382
		},
		"02:00:00": {
			"DAM_lmp($/MWh)": 20.90712,
			"RTM_lmp($/MWh)": 20.01847
		},
		"03:00:00": {
			"DAM_lmp($/MWh)": 18.70243,
			"RTM_lmp($/MWh)": 7.13934
		},
		"04:00:00": {
			"DAM_lmp($/MWh)": 22.63512,
			"RTM_lmp($/MWh)": 2.07324
		},
		"05:00:00": {
			"DAM_lmp($/MWh)": 32.35381,
			"RTM_lmp($/MWh)": 61.79701
		},
		"06:00:00": {
			"DAM_lmp($/MWh)": 33.46359,
			"RTM_lmp($/MWh)": 72.0
		},
		"07:00:00": {
			"DAM_lmp($/MWh)": 27.07393,
			"RTM_lmp($/MWh)": 18.0208
		},
		"08:00:00": {
			"DAM_lmp($/MWh)": 21.30522,
			"RTM_lmp($/MWh)": 12.8688
		},
		"09:00:00": {
			"DAM_lmp($/MWh)": 18.76025,
			"RTM_lmp($/MWh)": 12.94
		},
		"10:00:00": {
			"DAM_lmp($/MWh)": 12.61347,
			"RTM_lmp($/MWh)": 15.4
		},
		"11:00:00": {
			"DAM_lmp($/MWh)": 10.37299,
			"RTM_lmp($/MWh)": 19.30016
		},
		"12:00:00": {
			"DAM_lmp($/MWh)": 8.45657,
			"RTM_lmp($/MWh)": 15.97218
		},
		"13:00:00": {
			"DAM_lmp($/MWh)": 8.46062,
			"RTM_lmp($/MWh)": 15.9705
		},
		"14:00:00": {
			"DAM_lmp($/MWh)": 9.70303,
			"RTM_lmp($/MWh)": 9.9976
		},
		"15:00:00": {
			"DAM_lmp($/MWh)": 12.72143,
			"RTM_lmp($/MWh)": 4.9988
		},
		"16:00:00": {
			"DAM_lmp($/MWh)": 16.61461,
			"RTM_lmp($/MWh)": 4.95
		},
		"17:00:00": {
			"DAM_lmp($/MWh)": 26.17811,
			"RTM_lmp($/MWh)": 0.0
		},
		"18:00:00": {
			"DAM_lmp($/MWh)": 46.56993,
			"RTM_lmp($/MWh)": 14.66006
		},
		"19:00:00": {
			"DAM_lmp($/MWh)": 66.76721,
			"RTM_lmp($/MWh)": 28.59991
		},
		"20:00:00": {
			"DAM_lmp($/MWh)": 67.25513,
			"RTM_lmp($/MWh)": 40.0
		},
		"21:00:00": {
			"DAM_lmp($/MWh)": 51.32288,
			"RTM_lmp($/MWh)": 43.67711
		},
		"22:00:00": {
			"DAM_lmp($/MWh)": 39.91909,
			"RTM_lmp($/MWh)": 32.56875
		},
		"23:00:00": {
			"DAM_lmp($/MWh)": 29.50806,
			"RTM_lmp($/MWh)": 33.42776
		}
	}
}