{
	"2023-05-22": {
		"00:00:00": {
			"DAM_lmp($/MWh)": 29.28942,
			"RTM_lmp($/MWh)": 28.67325
		},
		"01:00:00": {
			"DAM_lmp($/MWh)": 25.73897,
			"RTM_lmp($/MWh)": 24.94772
		},
		"02:00:00": {
			"DAM_lmp($/MWh)": 24.93499,
			"RTM_lmp($/MWh)": 20.88875
		},
		"03:00:00": {
			"DAM_lmp($/MWh)": 23.10669,
			"RTM_lmp($/MWh)": 23.81953
		},
		"04:00:00": {
			"DAM_lmp($/MWh)": 26.81985,
			"RTM_lmp($/MWh)": 20.93403
		},
		"05:00:00": {
			"DAM_lmp($/MWh)": 34.84344,
			"RTM_lmp($/MWh)": 30.81135
		},
		"06:00:00": {
			"DAM_lmp($/MWh)": 36.38175,
			"RTM_lmp($/MWh)": 72.0
		},
		"07:00:00": {
			"DAM_lmp($/MWh)": 25.886,
			"RTM_lmp($/MWh)": 18.0208
		},
		"08:00:00": {
			"DAM_lmp($/MWh)": 14.94273,
			"RTM_lmp($/MWh)": 12.8688
		},
		"09:00:00": {
			"DAM_lmp($/MWh)": 31.50904,
			"RTM_lmp($/MWh)": 12.94
		},
		"10:00:00": {
			"DAM_lmp($/MWh)": 30.4813,
			"RTM_lmp($/MWh)": 15.4
		},
		"11:00:00": {
			"DAM_lmp($/MWh)": 32.7807,
			"RTM_lmp($/MWh)": 14.7764
		},
		"12:00:00": {
			"DAM_lmp($/MWh)": 30.26792,
			"RTM_lmp($/MWh)": 127.03308
		},
		"13:00:00": {
			"DAM_lmp($/MWh)": 26.9944,
			"RTM_lmp($/MWh)": 87.01197
		},
		"14:00:00": {
			"DAM_lmp($/MWh)": 26.5061,
			"RTM_lmp($/MWh)": 99.9976
		},
		"15:00:00": {
			"DAM_lmp($/MWh)": 26.26167,
			"RTM_lmp($/MWh)": 88.71722
		},
		"16:00:00": {
			"DAM_lmp($/MWh)": 17.94233,
			"RTM_lmp($/MWh)": 88.56628
		},
		"17:00:00": {
			"DAM_lmp($/MWh)": 24.59223,
			"RTM_lmp($/MWh)": 0.0
		},
		"18:00:00": {
			"DAM_lmp($/MWh)": 43.12079,
			"RTM_lmp($/MWh)": 14.46728
		},
		"19:00:00": {
			"DAM_lmp($/MWh)": 63.50964,
			"RTM_lmp($/MWh)": 27.57671
		},
		"20:00:00": {
			"DAM_lmp($/MWh)": 63.37129,
			"RTM_lmp($/MWh)": 40.0
		},
		"21:00:00": {
			"DAM_lmp($/MWh)": 48.84185,
			"RTM_lmp($/MWh)": 41.71753
		},
		"22:00:00": {
			"DAM_lmp($/MWh)": 39.56842,
			"RTM_lmp($/MWh)": 31.49914
		},
		"23:00:00": {
			"DAM_lmp($/MWh)": 31.11886,
			"RTM_lmp($/MWh)": 33.16533
		}
	},
	"2023-05-23": {
		"00:00:00": {
			"DAM_lmp($/MWh)": 29.28942,
			"RTM_lmp($/MWh)": 28.67325
		},
		"01:00:00": {
			"DAM_lmp($/MWh)": 25.73897,
			"RTM_lmp($/MWh)": 24.94772
		},
		"02:00:00": {
			"DAM_lmp($/MWh)": 24.93499,
			"RTM_lmp($/MWh)": 20.88875
		},
		"03:00:00": {
			"DAM_lmp($/MWh)": 23.10669,
			"RTM_lmp($/MWh)": 23.81953
		},
		"04:00:00": {
			"DAM_lmp($/MWh)": 26.81985,
			"RTM_lmp($/MWh)": 20.93403
		},
		"05:00:00": {
			"DAM_lmp($/MWh)": 34.84344,
			"RTM_lmp($/MWh)": 30.81135
		},
		"06:00:00": {
			"DAM_lmp($/MWh)": 36.38175,
			"RTM_lmp($/MWh)": 72.0
		},
		"07:00:00": {
			"DAM_lmp($/MWh)": 25.886,
			"RTM_lmp($/MWh)": 18.0208
		},
		"08:00:00": {
			"DAM_lmp($/MWh)": 14.94273,
			"RTM_lmp($/MWh)": 12.8688
		},
		"09:00:00": {
			"DAM_lmp($/MWh)": 31.50904,
			"RTM_lmp($/MWh)": 12.94
		},
		"10:00:00": {
			"DAM_lmp($/MWh)": 30.4813,
			"RTM_lmp($/MWh)": 15.4
		},
		"11:00:00": {
			"DAM_lmp($/MWh)": 32.7807,
			"RTM_lmp($/MWh)": 14.7764
		},
		"12:00:00": {
			"DAM_lmp($/MWh)": 30.26792,
			"RTM_lmp($/MWh)": 127.03308
		},
		"13:00:00": {
			"DAM_lmp($/MWh)": 26.9944,
			"RTM_lmp($/MWh)": 87.01197
		},
		"14:00:00": {
			"DAM_lmp($/MWh)": 26.5061,
			"RTM_lmp($/MWh)": 99.9976
		},
		"15:00:00": {
			"DAM_lmp($/MWh)": 26.26167,
			"RTM_lmp($/MWh)": 88.71722
		},
		"16:00:00": {
			"DAM_lmp($/MWh)": 17.94233,
			"RTM_lmp($/MWh)": 88.56628
		},
		"17:00:00": {
			"DAM_lmp($/MWh)": 24.59223,
			"RTM_lmp($/MWh)": 0.0
		},
		"18:00:00": {
			"DAM_lmp($/MWh)": 43.12079,
			"RTM_lmp($/MWh)": 14.46728
		},
		"19:00:00": {
			"DAM_lmp($/MWh)": 63.50964,
			"RTM_lmp($/MWh)": 27.57671
		},
		"20:00:00": {
			"DAM_lmp($/MWh)": 63.37129,
			"RTM_lmp($/MWh)": 40.0
		},
		"21:00:00": {
			"DAM_lmp($/MWh)": 48.84185,
			"RTM_lmp($/MWh)": 41.71753
		},
		"22:00:00": {
			"DAM_lmp($/MWh)": 39.56842,
			"RTM_lmp($/MWh)": 31.49914
		},
		"23:00:00": {
			"DAM_lmp($/MWh)": 31.11886,
			"RTM_lmp($/MWh)": 33.16533
		}
	}
}