{
	"2023-05-22": {
		"00:00:00": {
			"DAM_lmp($/MWh)": 24.38654,
			"RTM_lmp($/MWh)": 24.22827
		},
		"01:00:00": {
			"DAM_lmp($/MWh)": 20.72169,
			"RTM_lmp($/MWh)": 20.95212
		},
		"02:00:00": {
			"DAM_lmp($/MWh)": 18.81528,
			"RTM_lmp($/MWh)": 17.48974
		},
		"03:00:00": {
			"DAM_lmp($/MWh)": 16.84195,
			"RTM_lmp($/MWh)": 6.13841
		},
		"04:00:00": {
			"DAM_lmp($/MWh)": 20.57125,
			"RTM_lmp($/MWh)": 1.19132
		},
		"05:00:00": {
			"DAM_lmp($/MWh)": 29.75263,
			"RTM_lmp($/MWh)": 30.81135
		},
		"06:00:00": {
			"DAM_lmp($/MWh)": 30.58502,
			"RTM_lmp($/MWh)": 72.0
		},
		"07:00:00": {
			"DAM_lmp($/MWh)": 24.78089,
			"RTM_lmp($/MWh)": 18.0208
		},
		"08:00:00": {
			"DAM_lmp($/MWh)": 14.89978,
			"RTM_lmp($/MWh)": 12.8688
		},
		"09:00:00": {
			"DAM_lmp($/MWh)": 12.49995,
			"RTM_lmp($/MWh)": 12.94
		},
		"10:00:00": {
			"DAM_lmp($/MWh)": 7.18086,
			"RTM_lmp($/MWh)": 15.4
		},
		"11:00:00": {
			"DAM_lmp($/MWh)": 5.36186,
			"RTM_lmp($/MWh)": 14.7764
		},
		"12:00:00": {
			"DAM_lmp($/MWh)": 3.72966,
			"RTM_lmp($/MWh)": 13.9951
		},
		"13:00:00": {
			"DAM_lmp($/MWh)": 3.51023,
			"RTM_lmp($/MWh)": 14.25652
		},
		"14:00:00": {
			"DAM_lmp($/MWh)": 4.58251,
			"RTM_lmp($/MWh)": 9.9976
		},
		"15:00:00": {
			"DAM_lmp($/MWh)": 8.98039,
			"RTM_lmp($/MWh)": 4.9988
		},
		"16:00:00": {
			"DAM_lmp($/MWh)": 12.80891,
			"RTM_lmp($/MWh)": 4.95
		},
		"17:00:00": {
			"DAM_lmp($/MWh)": 23.68602,
			"RTM_lmp($/MWh)": 0.0
		},
		"18:00:00": {
			"DAM_lmp($/MWh)": 41.55619,
			"RTM_lmp($/MWh)": 12.36095
		},
		"19:00:00": {
			"DAM_lmp($/MWh)": 60.88549,
			"RTM_lmp($/MWh)": 23.74524
		},
		"20:00:00": {
			"DAM_lmp($/MWh)": 60.92447,
			"RTM_lmp($/MWh)": 40.0
		},
		"21:00:00": {
			"DAM_lmp($/MWh)": 46.79513,
			"RTM_lmp($/MWh)": 35.69195
		},
		"22:00:00": {
			"DAM_lmp($/MWh)": 36.40349,
			"RTM_lmp($/MWh)": 27.36399
		},
		"23:00:00": {
			"DAM_lmp($/MWh)": 26.92009,
			"RTM_lmp($/MWh)": 28.55793
		}
	},
	"2023-05-23": {
		"00:00:00": {
			"DAM_lmp($/MWh)": 24.38654,
			"RTM_lmp($/MWh)": 24.22827
		},
		"01:00:00": {
			"DAM_lmp($/MWh)": 20.72169,
			"RTM_lmp($/MWh)": 20.95212
		},
		"02:00:00": {
			"DAM_lmp($/MWh)": 18.81528,
			"RTM_lmp($/MWh)": 17.48974
		},
		"03:00:00": {
			"DAM_lmp($/MWh)": 16.84195,
			"RTM_lmp($/MWh)": 6.13841
		},
		"04:00:00": {
			"DAM_lmp($/MWh)": 20.57125,
			"RTM_lmp($/MWh)": 1.19132
		},
		"05:00:00": {
			"DAM_lmp($/MWh)": 29.75263,
			"RTM_lmp($/MWh)": 30.81135
		},
		"06:00:00": {
			"DAM_lmp($/MWh)": 30.58502,
			"RTM_lmp($/MWh)": 72.0
		},
		"07:00:00": {
			"DAM_lmp($/MWh)": 24.78089,
			"RTM_lmp($/MWh)": 18.0208
		},
		"08:00:00": {
			"DAM_lmp($/MWh)": 14.89978,
			"RTM_lmp($/MWh)": 12.8688
		},
		"09:00:00": {
			"DAM_lmp($/MWh)": 12.49995,
			"RTM_lmp($/MWh)": 12.94
		},
		"10:00:00": {
			"DAM_lmp($/MWh)": 7.18086,
			"RTM_lmp($/MWh)": 15.4
		},
		"11:00:00": {
			"DAM_lmp($/MWh)": 5.36186,
			"RTM_lmp($/MWh)": 14.7764
		},
		"12:00:00": {
			"DAM_lmp($/MWh)": 3.72966,
			"RTM_lmp($/MWh)": 13.9951
		},
		"13:00:00": {
			"DAM_lmp($/MWh)": 3.51023,
			"RTM_lmp($/MWh)": 14.25652
		},
		"14:00:00": {
			"DAM_lmp($/MWh)": 4.58251,
			"RTM_lmp($/MWh)": 9.9976
		},
		"15:00:00": {
			"DAM_lmp($/MWh)": 8.98039,
			"RTM_lmp($/MWh)": 4.9988
		},
		"16:00:00": {
			"DAM_lmp($/MWh)": 12.80891,
			"RTM_lmp($/MWh)": 4.95
		},
		"17:00:00": {
			"DAM_lmp($/MWh)": 23.68602,
			"RTM_lmp($/MWh)": 0.0
		},
		"18:00:00": {
			"DAM_lmp($/MWh)": 41.55619,
			"RTM_lmp($/MWh)": 12.36095
		},
		"19:00:00": {
			"DAM_lmp($/MWh)": 60.88549,
			"RTM_lmp($/MWh)": 23.74524
		},
		"20:00:00": {
			"DAM_lmp($/MWh)": 60.92447,
			"RTM_lmp($/MWh)": 40.0
		},
		"21:00:00": {
			"DAM_lmp($/MWh)": 46.79513,
			"RTM_lmp($/MWh)": 35.69195
		},
		"22:00:00": {
			"DAM_lmp($/MWh)": 36.40349,
			"RTM_lmp($/MWh)": 27.36399
		},
		"23:00:00": {
			"DAM_lmp($/MWh)": 26.92009,
			"RTM_lmp($/MWh)": 28.55793
		}
	}
}