{
	"2023-05-22": {
		"00:00:00": {
			"DAM_lmp($/MWh)": 29.25691,
			"RTM_lmp($/MWh)": 28.32607
		},
		"01:00:00": {
			"DAM_lmp($/MWh)": 25.61225,
			"RTM_lmp($/MWh)": 24.83892
		},
		"02:00:00": {
			"DAM_lmp($/MWh)": 24.34018,
			"RTM_lmp($/MWh)": 20.57471
		},
		"03:00:00": {
			"DAM_lmp($/MWh)": 22.53834,
			"RTM_lmp($/MWh)": 22.12968
		},
		"04:00:00": {
			"DAM_lmp($/MWh)": 26.21677,
			"RTM_lmp($/MWh)": 19.78158
		},
		"05:00:00": {
			"DAM_lmp($/MWh)": 34.05809,
			"RTM_lmp($/MWh)": 30.81135
		},
		"06:00:00": {
			"DAM_lmp($/MWh)": 35.36365,
			"RTM_lmp($/MWh)": 72.0
		},
		"07:00:00": {
			"DAM_lmp($/MWh)": 24.96206,
			"RTM_lmp($/MWh)": 18.0208
		},
		"08:00:00": {
			"DAM_lmp($/MWh)": 10.28602,
			"RTM_lmp($/MWh)": 12.8688
		},
		"09:00:00": {
			"DAM_lmp($/MWh)": 8.697,
			"RTM_lmp($/MWh)": 12.94
		},
		"10:00:00": {
			"DAM_lmp($/MWh)": 6.53121,
			"RTM_lmp($/MWh)": 15.4
		},
		"11:00:00": {
			"DAM_lmp($/MWh)": 3.91149,
			"RTM_lmp($/MWh)": 14.7764
		},
		"12:00:00": {
			"DAM_lmp($/MWh)": 3.34975,
			"RTM_lmp($/MWh)": 15.28852
		},
		"13:00:00": {
			"DAM_lmp($/MWh)": 3.11984,
			"RTM_lmp($/MWh)": 15.67542
		},
		"14:00:00": {
			"DAM_lmp($/MWh)": 4.58584,
			"RTM_lmp($/MWh)": 9.9976
		},
		"15:00:00": {
			"DAM_lmp($/MWh)": 7.40182,
			"RTM_lmp($/MWh)": 4.9988
		},
		"16:00:00": {
			"DAM_lmp($/MWh)": 11.47724,
			"RTM_lmp($/MWh)": 4.95
		},
		"17:00:00": {
			"DAM_lmp($/MWh)": 24.11672,
			"RTM_lmp($/MWh)": 0.0
		},
		"18:00:00": {
			"DAM_lmp($/MWh)": 42.58564,
			"RTM_lmp($/MWh)": 14.18025
		},
		"19:00:00": {
			"DAM_lmp($/MWh)": 63.09386,
			"RTM_lmp($/MWh)": 26.50676
		},
		"20:00:00": {
			"DAM_lmp($/MWh)": 62.78224,
			"RTM_lmp($/MWh)": 40.0
		},
		"21:00:00": {
			"DAM_lmp($/MWh)": 48.30771,
			"RTM_lmp($/MWh)": 40.00133
		},
		"22:00:00": {
			"DAM_lmp($/MWh)": 39.27397,
			"RTM_lmp($/MWh)": 30.79881
		},
		"23:00:00": {
			"DAM_lmp($/MWh)": 31.13788,
			"RTM_lmp($/MWh)": 32.87633
		}
	},
	"2023-05-23": {
		"00:00:00": {
			"DAM_lmp($/MWh)": 29.25691,
			"RTM_lmp($/MWh)": 28.32607
		},
		"01:00:00": {
			"DAM_lmp($/MWh)": 25.61225,
			"RTM_lmp($/MWh)": 24.83892
		},
		"02:00:00": {
			"DAM_lmp($/MWh)": 24.34018,
			"RTM_lmp($/MWh)": 20.57471
		},
		"03:00:00": {
			"DAM_lmp($/MWh)": 22.53834,
			"RTM_lmp($/MWh)": 22.12968
		},
		"04:00:00": {
			"DAM_lmp($/MWh)": 26.21677,
			"RTM_lmp($/MWh)": 19.78158
		},
		"05:00:00": {
			"DAM_lmp($/MWh)": 34.05809,
			"RTM_lmp($/MWh)": 30.81135
		},
		"06:00:00": {
			"DAM_lmp($/MWh)": 35.36365,
			"RTM_lmp($/MWh)": 72.0
		},
		"07:00:00": {
			"DAM_lmp($/MWh)": 24.96206,
			"RTM_lmp($/MWh)": 18.0208
		},
		"08:00:00": {
			"DAM_lmp($/MWh)": 10.28602,
			"RTM_lmp($/MWh)": 12.8688
		},
		"09:00:00": {
			"DAM_lmp($/MWh)": 8.697,
			"RTM_lmp($/MWh)": 12.94
		},
		"10:00:00": {
			"DAM_lmp($/MWh)": 6.53121,
			"RTM_lmp($/MWh)": 15.4
		},
		"11:00:00": {
			"DAM_lmp($/MWh)": 3.91149,
			"RTM_lmp($/MWh)": 14.7764
		},
		"12:00:00": {
			"DAM_lmp($/MWh)": 3.34975,
			"RTM_lmp($/MWh)": 15.28852
		},
		"13:00:00": {
			"DAM_lmp($/MWh)": 3.11984,
			"RTM_lmp($/MWh)": 15.67542
		},
		"14:00:00": {
			"DAM_lmp($/MWh)": 4.58584,
			"RTM_lmp($/MWh)": 9.9976
		},
		"15:00:00": {
			"DAM_lmp($/MWh)": 7.40182,
			"RTM_lmp($/MWh)": 4.9988
		},
		"16:00:00": {
			"DAM_lmp($/MWh)": 11.47724,
			"RTM_lmp($/MWh)": 4.95
		},
		"17:00:00": {
			"DAM_lmp($/MWh)": 24.11672,
			"RTM_lmp($/MWh)": 0.0
		},
		"18:00:00": {
			"DAM_lmp($/MWh)": 42.58564,
			"RTM_lmp($/MWh)": 14.18025
		},
		"19:00:00": {
			"DAM_lmp($/MWh)": 63.09386,
			"RTM_lmp($/MWh)": 26.50676
		},
		"20:00:00": {
			"DAM_lmp($/MWh)": 62.78224,
			"RTM_lmp($/MWh)": 40.0
		},
		"21:00:00": {
			"DAM_lmp($/MWh)": 48.30771,
			"RTM_lmp($/MWh)": 40.00133
		},
		"22:00:00": {
			"DAM_lmp($/MWh)": 39.27397,
			"RTM_lmp($/MWh)": 30.79881
		},
		"23:00:00": {
			"DAM_lmp($/MWh)": 31.13788,
			"RTM_lmp($/MWh)": 32.87633
		}
	}
}