{
	"2023-05-22": {
		"00:00:00": {
			"DAM_lmp($/MWh)": 1.42561,
			"RTM_lmp($/MWh)": 24.76042
		},
		"01:00:00": {
			"DAM_lmp($/MWh)": -0.03879,
			"RTM_lmp($/MWh)": 21.24635
		},
		"02:00:00": {
			"DAM_lmp($/MWh)": -4.52226,
			"RTM_lmp($/MWh)": 17.617
		},
		"03:00:00": {
			"DAM_lmp($/MWh)": -5.40811,
			"RTM_lmp($/MWh)": 5.6651
		},
		"04:00:00": {
			"DAM_lmp($/MWh)": 7.02968,
			"RTM_lmp($/MWh)": 0.94848
		},
		"05:00:00": {
			"DAM_lmp($/MWh)": 20.65807,
			"RTM_lmp($/MWh)": 18.76137
		},
		"06:00:00": {
			"DAM_lmp($/MWh)": 21.06575,
			"RTM_lmp($/MWh)": 72.0
		},
		"07:00:00": {
			"DAM_lmp($/MWh)": 23.69131,
			"RTM_lmp($/MWh)": 18.0208
		},
		"08:00:00": {
			"DAM_lmp($/MWh)": 15.26421,
			"RTM_lmp($/MWh)": 12.8688
		},
		"09:00:00": {
			"DAM_lmp($/MWh)": 13.11332,
			"RTM_lmp($/MWh)": 12.94
		},
		"10:00:00": {
			"DAM_lmp($/MWh)": 8.99953,
			"RTM_lmp($/MWh)": 15.4
		},
		"11:00:00": {
			"DAM_lmp($/MWh)": 7.42788,
			"RTM_lmp($/MWh)": 14.7764
		},
		"12:00:00": {
			"DAM_lmp($/MWh)": 5.68175,
			"RTM_lmp($/MWh)": 13.83958
		},
		"13:00:00": {
			"DAM_lmp($/MWh)": 5.5474,
			"RTM_lmp($/MWh)": 14.08072
		},
		"14:00:00": {
			"DAM_lmp($/MWh)": 6.64943,
			"RTM_lmp($/MWh)": 9.9976
		},
		"15:00:00": {
			"DAM_lmp($/MWh)": 9.42738,
			"RTM_lmp($/MWh)": 4.9988
		},
		"16:00:00": {
			"DAM_lmp($/MWh)": 13.07804,
			"RTM_lmp($/MWh)": 4.95
		},
		"17:00:00": {
			"DAM_lmp($/MWh)": 23.43955,
			"RTM_lmp($/MWh)": 0.0
		},
		"18:00:00": {
			"DAM_lmp($/MWh)": 37.52282,
			"RTM_lmp($/MWh)": 12.83648
		},
		"19:00:00": {
			"DAM_lmp($/MWh)": 60.60756,
			"RTM_lmp($/MWh)": 25.24427
		},
		"20:00:00": {
			"DAM_lmp($/MWh)": 48.26909,
			"RTM_lmp($/MWh)": 40.0
		},
		"21:00:00": {
			"DAM_lmp($/MWh)": 37.0906,
			"RTM_lmp($/MWh)": 38.39842
		},
		"22:00:00": {
			"DAM_lmp($/MWh)": 20.2695,
			"RTM_lmp($/MWh)": 28.72327
		},
		"23:00:00": {
			"DAM_lmp($/MWh)": 14.75107,
			"RTM_lmp($/MWh)": 29.42161
		}
	},
	"2023-05-23": {
		"00:00:00": {
			"DAM_lmp($/MWh)": 1.42561,
			"RTM_lmp($/MWh)": 24.76042
		},
		"01:00:00": {
			"DAM_lmp($/MWh)": -0.03879,
			"RTM_lmp($/MWh)": 21.24635
		},
		"02:00:00": {
			"DAM_lmp($/MWh)": -4.52226,
			"RTM_lmp($/MWh)": 17.617
		},
		"03:00:00": {
			"DAM_lmp($/MWh)": -5.40811,
			"RTM_lmp($/MWh)": 5.6651
		},
		"04:00:00": {
			"DAM_lmp($/MWh)": 7.02968,
			"RTM_lmp($/MWh)": 0.94848
		},
		"05:00:00": {
			"DAM_lmp($/MWh)": 20.65807,
			"RTM_lmp($/MWh)": 18.76137
		},
		"06:00:00": {
			"DAM_lmp($/MWh)": 21.06575,
			"RTM_lmp($/MWh)": 72.0
		},
		"07:00:00": {
			"DAM_lmp($/MWh)": 23.69131,
			"RTM_lmp($/MWh)": 18.0208
		},
		"08:00:00": {
			"DAM_lmp($/MWh)": 15.26421,
			"RTM_lmp($/MWh)": 12.8688
		},
		"09:00:00": {
			"DAM_lmp($/MWh)": 13.11332,
			"RTM_lmp($/MWh)": 12.94
		},
		"10:00:00": {
			"DAM_lmp($/MWh)": 8.99953,
			"RTM_lmp($/MWh)": 15.4
		},
		"11:00:00": {
			"DAM_lmp($/MWh)": 7.42788,
			"RTM_lmp($/MWh)": 14.7764
		},
		"12:00:00": {
			"DAM_lmp($/MWh)": 5.68175,
			"RTM_lmp($/MWh)": 13.83958
		},
		"13:00:00": {
			"DAM_lmp($/MWh)": 5.5474,
			"RTM_lmp($/MWh)": 14.08072
		},
		"14:00:00": {
			"DAM_lmp($/MWh)": 6.64943,
			"RTM_lmp($/MWh)": 9.9976
		},
		"15:00:00": {
			"DAM_lmp($/MWh)": 9.42738,
			"RTM_lmp($/MWh)": 4.9988
		},
		"16:00:00": {
			"DAM_lmp($/MWh)": 13.07804,
			"RTM_lmp($/MWh)": 4.95
		},
		"17:00:00": {
			"DAM_lmp($/MWh)": 23.43955,
			"RTM_lmp($/MWh)": 0.0
		},
		"18:00:00": {
			"DAM_lmp($/MWh)": 37.52282,
			"RTM_lmp($/MWh)": 12.83648
		},
		"19:00:00": {
			"DAM_lmp($/MWh)": 60.60756,
			"RTM_lmp($/MWh)": 25.24427
		},
		"20:00:00": {
			"DAM_lmp($/MWh)": 48.26909,
			"RTM_lmp($/MWh)": 40.0
		},
		"21:00:00": {
			"DAM_lmp($/MWh)": 37.0906,
			"RTM_lmp($/MWh)": 38.39842
		},
		"22:00:00": {
			"DAM_lmp($/MWh)": 20.2695,
			"RTM_lmp($/MWh)": 28.72327
		},
		"23:00:00": {
			"DAM_lmp($/MWh)": 14.75107,
			"RTM_lmp($/MWh)": 29.42161
		}
	}
}