{
	"2023-05-22": {
		"00:00:00": {
			"DAM_lmp($/MWh)": 28.96762,
			"RTM_lmp($/MWh)": 26.46783
		},
		"01:00:00": {
			"DAM_lmp($/MWh)": 24.80612,
			"RTM_lmp($/MWh)": 22.81146
		},
		"02:00:00": {
			"DAM_lmp($/MWh)": 23.37736,
			"RTM_lmp($/MWh)": 18.88752
		},
		"03:00:00": {
			"DAM_lmp($/MWh)": 21.13733,
			"RTM_lmp($/MWh)": 6.50817
		},
		"04:00:00": {
			"DAM_lmp($/MWh)": 23.33339,
			"RTM_lmp($/MWh)": 1.58789
		},
		"05:00:00": {
			"DAM_lmp($/MWh)": 30.50533,
			"RTM_lmp($/MWh)": 30.81135
		},
		"06:00:00": {
			"DAM_lmp($/MWh)": 31.39501,
			"RTM_lmp($/MWh)": 72.0
		},
		"07:00:00": {
			"DAM_lmp($/MWh)": 25.26227,
			"RTM_lmp($/MWh)": 18.0208
		},
		"08:00:00": {
			"DAM_lmp($/MWh)": 16.25992,
			"RTM_lmp($/MWh)": 12.8688
		},
		"09:00:00": {
			"DAM_lmp($/MWh)": 13.99201,
			"RTM_lmp($/MWh)": 12.94
		},
		"10:00:00": {
			"DAM_lmp($/MWh)": 9.51889,
			"RTM_lmp($/MWh)": 15.4
		},
		"11:00:00": {
			"DAM_lmp($/MWh)": 7.8915,
			"RTM_lmp($/MWh)": 14.7764
		},
		"12:00:00": {
			"DAM_lmp($/MWh)": 5.95544,
			"RTM_lmp($/MWh)": 14.5602
		},
		"13:00:00": {
			"DAM_lmp($/MWh)": 5.79559,
			"RTM_lmp($/MWh)": 14.78233
		},
		"14:00:00": {
			"DAM_lmp($/MWh)": 6.99653,
			"RTM_lmp($/MWh)": 9.9976
		},
		"15:00:00": {
			"DAM_lmp($/MWh)": 9.88755,
			"RTM_lmp($/MWh)": 4.9988
		},
		"16:00:00": {
			"DAM_lmp($/MWh)": 13.82568,
			"RTM_lmp($/MWh)": 4.95
		},
		"17:00:00": {
			"DAM_lmp($/MWh)": 24.55489,
			"RTM_lmp($/MWh)": 0.0
		},
		"18:00:00": {
			"DAM_lmp($/MWh)": 43.58378,
			"RTM_lmp($/MWh)": 13.60047
		},
		"19:00:00": {
			"DAM_lmp($/MWh)": 63.6583,
			"RTM_lmp($/MWh)": 26.57552
		},
		"20:00:00": {
			"DAM_lmp($/MWh)": 65.6956,
			"RTM_lmp($/MWh)": 40.0
		},
		"21:00:00": {
			"DAM_lmp($/MWh)": 50.18325,
			"RTM_lmp($/MWh)": 40.358
		},
		"22:00:00": {
			"DAM_lmp($/MWh)": 40.38633,
			"RTM_lmp($/MWh)": 30.40408
		},
		"23:00:00": {
			"DAM_lmp($/MWh)": 29.86863,
			"RTM_lmp($/MWh)": 31.34828
		}
	},
	"2023-05-23": {
		"00:00:00": {
			"DAM_lmp($/MWh)": 28.96762,
			"RTM_lmp($/MWh)": 26.46783
		},
		"01:00:00": {
			"DAM_lmp($/MWh)": 24.80612,
			"RTM_lmp($/MWh)": 22.81146
		},
		"02:00:00": {
			"DAM_lmp($/MWh)": 23.37736,
			"RTM_lmp($/MWh)": 18.88752
		},
		"03:00:00": {
			"DAM_lmp($/MWh)": 21.13733,
			"RTM_lmp($/MWh)": 6.50817
		},
		"04:00:00": {
			"DAM_lmp($/MWh)": 23.33339,
			"RTM_lmp($/MWh)": 1.58789
		},
		"05:00:00": {
			"DAM_lmp($/MWh)": 30.50533,
			"RTM_lmp($/MWh)": 30.81135
		},
		"06:00:00": {
			"DAM_lmp($/MWh)": 31.39501,
			"RTM_lmp($/MWh)": 72.0
		},
		"07:00:00": {
			"DAM_lmp($/MWh)": 25.26227,
			"RTM_lmp($/MWh)": 18.0208
		},
		"08:00:00": {
			"DAM_lmp($/MWh)": 16.25992,
			"RTM_lmp($/MWh)": 12.8688
		},
		"09:00:00": {
			"DAM_lmp($/MWh)": 13.99201,
			"RTM_lmp($/MWh)": 12.94
		},
		"10:00:00": {
			"DAM_lmp($/MWh)": 9.51889,
			"RTM_lmp($/MWh)": 15.4
		},
		"11:00:00": {
			"DAM_lmp($/MWh)": 7.8915,
			"RTM_lmp($/MWh)": 14.7764
		},
		"12:00:00": {
			"DAM_lmp($/MWh)": 5.95544,
			"RTM_lmp($/MWh)": 14.5602
		},
		"13:00:00": {
			"DAM_lmp($/MWh)": 5.79559,
			"RTM_lmp($/MWh)": 14.78233
		},
		"14:00:00": {
			"DAM_lmp($/MWh)": 6.99653,
			"RTM_lmp($/MWh)": 9.9976
		},
		"15:00:00": {
			"DAM_lmp($/MWh)": 9.88755,
			"RTM_lmp($/MWh)": 4.9988
		},
		"16:00:00": {
			"DAM_lmp($/MWh)": 13.82568,
			"RTM_lmp($/MWh)": 4.95
		},
		"17:00:00": {
			"DAM_lmp($/MWh)": 24.55489,
			"RTM_lmp($/MWh)": 0.0
		},
		"18:00:00": {
			"DAM_lmp($/MWh)": 43.58378,
			"RTM_lmp($/MWh)": 13.60047
		},
		"19:00:00": {
			"DAM_lmp($/MWh)": 63.6583,
			"RTM_lmp($/MWh)": 26.57552
		},
		"20:00:00": {
			"DAM_lmp($/MWh)": 65.6956,
			"RTM_lmp($/MWh)": 40.0
		},
		"21:00:00": {
			"DAM_lmp($/MWh)": 50.18325,
			"RTM_lmp($/MWh)": 40.358
		},
		"22:00:00": {
			"DAM_lmp($/MWh)": 40.38633,
			"RTM_lmp($/MWh)": 30.40408
		},
		"23:00:00": {
			"DAM_lmp($/MWh)": 29.86863,
			"RTM_lmp($/MWh)": 31.34828
		}
	}
}