{
	"2023-05-22": {
		"00:00:00": {
			"DAM_lmp($/MWh)": 36.79934,
			"RTM_lmp($/MWh)": 27.99597
		},
		"01:00:00": {
			"DAM_lmp($/MWh)": 33.35382,
			"RTM_lmp($/MWh)": 24.12684
		},
		"02:00:00": {
			"DAM_lmp($/MWh)": 33.91412,
			"RTM_lmp($/MWh)": 20.06363
		},
		"03:00:00": {
			"DAM_lmp($/MWh)": 32.86533,
			"RTM_lmp($/MWh)": 6.42576
		},
		"04:00:00": {
			"DAM_lmp($/MWh)": 34.89523,
			"RTM_lmp($/MWh)": 1.65689
		},
		"05:00:00": {
			"DAM_lmp($/MWh)": 37.5163,
			"RTM_lmp($/MWh)": 30.81135
		},
		"06:00:00": {
			"DAM_lmp($/MWh)": 42.45414,
			"RTM_lmp($/MWh)": 72.0
		},
		"07:00:00": {
			"DAM_lmp($/MWh)": 12.99,
			"RTM_lmp($/MWh)": 18.0208
		},
		"08:00:00": {
			"DAM_lmp($/MWh)": 0.01496,
			"RTM_lmp($/MWh)": -0.07464
		},
		"09:00:00": {
			"DAM_lmp($/MWh)": -19.11,
			"RTM_lmp($/MWh)": -0.07505
		},
		"10:00:00": {
			"DAM_lmp($/MWh)": -19.11,
			"RTM_lmp($/MWh)": -0.08932
		},
		"11:00:00": {
			"DAM_lmp($/MWh)": -19.11,
			"RTM_lmp($/MWh)": -1.81072
		},
		"12:00:00": {
			"DAM_lmp($/MWh)": -19.11,
			"RTM_lmp($/MWh)": -0.06313
		},
		"13:00:00": {
			"DAM_lmp($/MWh)": -19.11,
			"RTM_lmp($/MWh)": -0.05337
		},
		"14:00:00": {
			"DAM_lmp($/MWh)": -19.11,
			"RTM_lmp($/MWh)": -0.05799
		},
		"15:00:00": {
			"DAM_lmp($/MWh)": -19.11,
			"RTM_lmp($/MWh)": -0.02899
		},
		"16:00:00": {
			"DAM_lmp($/MWh)": -0.05399,
			"RTM_lmp($/MWh)": -0.02871
		},
		"17:00:00": {
			"DAM_lmp($/MWh)": 17.23,
			"RTM_lmp($/MWh)": 0.0
		},
		"18:00:00": {
			"DAM_lmp($/MWh)": 39.24654,
			"RTM_lmp($/MWh)": 0.00571
		},
		"19:00:00": {
			"DAM_lmp($/MWh)": 60.30378,
			"RTM_lmp($/MWh)": 25.70911
		},
		"20:00:00": {
			"DAM_lmp($/MWh)": 62.60747,
			"RTM_lmp($/MWh)": 40.0
		},
		"21:00:00": {
			"DAM_lmp($/MWh)": 48.06809,
			"RTM_lmp($/MWh)": 41.7553
		},
		"22:00:00": {
			"DAM_lmp($/MWh)": 42.33175,
			"RTM_lmp($/MWh)": 31.62648
		},
		"23:00:00": {
			"DAM_lmp($/MWh)": 37.43366,
			"RTM_lmp($/MWh)": 32.67038
		}
	},
	"2023-05-23": {
		"00:00:00": {
			"DAM_lmp($/MWh)": 36.79934,
			"RTM_lmp($/MWh)": 27.99597
		},
		"01:00:00": {
			"DAM_lmp($/MWh)": 33.35382,
			"RTM_lmp($/MWh)": 24.12684
		},
		"02:00:00": {
			"DAM_lmp($/MWh)": 33.91412,
			"RTM_lmp($/MWh)": 20.06363
		},
		"03:00:00": {
			"DAM_lmp($/MWh)": 32.86533,
			"RTM_lmp($/MWh)": 6.42576
		},
		"04:00:00": {
			"DAM_lmp($/MWh)": 34.89523,
			"RTM_lmp($/MWh)": 1.65689
		},
		"05:00:00": {
			"DAM_lmp($/MWh)": 37.5163,
			"RTM_lmp($/MWh)": 30.81135
		},
		"06:00:00": {
			"DAM_lmp($/MWh)": 42.45414,
			"RTM_lmp($/MWh)": 72.0
		},
		"07:00:00": {
			"DAM_lmp($/MWh)": 12.99,
			"RTM_lmp($/MWh)": 18.0208
		},
		"08:00:00": {
			"DAM_lmp($/MWh)": 0.01496,
			"RTM_lmp($/MWh)": -0.07464
		},
		"09:00:00": {
			"DAM_lmp($/MWh)": -19.11,
			"RTM_lmp($/MWh)": -0.07505
		},
		"10:00:00": {
			"DAM_lmp($/MWh)": -19.11,
			"RTM_lmp($/MWh)": -0.08932
		},
		"11:00:00": {
			"DAM_lmp($/MWh)": -19.11,
			"RTM_lmp($/MWh)": -1.81072
		},
		"12:00:00": {
			"DAM_lmp($/MWh)": -19.11,
			"RTM_lmp($/MWh)": -0.06313
		},
		"13:00:00": {
			"DAM_lmp($/MWh)": -19.11,
			"RTM_lmp($/MWh)": -0.05337
		},
		"14:00:00": {
			"DAM_lmp($/MWh)": -19.11,
			"RTM_lmp($/MWh)": -0.05799
		},
		"15:00:00": {
			"DAM_lmp($/MWh)": -19.11,
			"RTM_lmp($/MWh)": -0.02899
		},
		"16:00:00": {
			"DAM_lmp($/MWh)": -0.05399,
			"RTM_lmp($/MWh)": -0.02871
		},
		"17:00:00": {
			"DAM_lmp($/MWh)": 17.23,
			"RTM_lmp($/MWh)": 0.0
		},
		"18:00:00": {
			"DAM_lmp($/MWh)": 39.24654,
			"RTM_lmp($/MWh)": 0.00571
		},
		"19:00:00": {
			"DAM_lmp($/MWh)": 60.30378,
			"RTM_lmp($/MWh)": 25.70911
		},
		"20:00:00": {
			"DAM_lmp($/MWh)": 62.60747,
			"RTM_lmp($/MWh)": 40.0
		},
		"21:00:00": {
			"DAM_lmp($/MWh)": 48.06809,
			"RTM_lmp($/MWh)": 41.7553
		},
		"22:00:00": {
			"DAM_lmp($/MWh)": 42.33175,
			"RTM_lmp($/MWh)": 31.62648
		},
		"23:00:00": {
			"DAM_lmp($/MWh)": 37.43366,
			"RTM_lmp($/MWh)": 32.67038
		}
	}
}