{
	"2023-05-22": {
		"00:00:00": {
			"DAM_lmp($/MWh)": 28.2863,
			"RTM_lmp($/MWh)": 26.33978
		},
		"01:00:00": {
			"DAM_lmp($/MWh)": 24.20198,
			"RTM_lmp($/MWh)": 22.71503
		},
		"02:00:00": {
			"DAM_lmp($/MWh)": 22.6813,
			"RTM_lmp($/MWh)": 18.83005
		},
		"03:00:00": {
			"DAM_lmp($/MWh)": 20.4775,
			"RTM_lmp($/MWh)": 6.47429
		},
		"04:00:00": {
			"DAM_lmp($/MWh)": 22.97201,
			"RTM_lmp($/MWh)": 1.56296
		},
		"05:00:00": {
			"DAM_lmp($/MWh)": 30.57049,
			"RTM_lmp($/MWh)": 30.81135
		},
		"06:00:00": {
			"DAM_lmp($/MWh)": 31.45258,
			"RTM_lmp($/MWh)": 72.0
		},
		"07:00:00": {
			"DAM_lmp($/MWh)": 25.28816,
			"RTM_lmp($/MWh)": 18.0208
		},
		"08:00:00": {
			"DAM_lmp($/MWh)": 16.27352,
			"RTM_lmp($/MWh)": 12.8688
		},
		"09:00:00": {
			"DAM_lmp($/MWh)": 14.0029,
			"RTM_lmp($/MWh)": 12.94
		},
		"10:00:00": {
			"DAM_lmp($/MWh)": 9.52973,
			"RTM_lmp($/MWh)": 15.4
		},
		"11:00:00": {
			"DAM_lmp($/MWh)": 7.8994,
			"RTM_lmp($/MWh)": 14.7764
		},
		"12:00:00": {
			"DAM_lmp($/MWh)": 5.95906,
			"RTM_lmp($/MWh)": 14.54172
		},
		"13:00:00": {
			"DAM_lmp($/MWh)": 5.79816,
			"RTM_lmp($/MWh)": 14.75721
		},
		"14:00:00": {
			"DAM_lmp($/MWh)": 6.99796,
			"RTM_lmp($/MWh)": 9.9976
		},
		"15:00:00": {
			"DAM_lmp($/MWh)": 9.88909,
			"RTM_lmp($/MWh)": 4.9988
		},
		"16:00:00": {
			"DAM_lmp($/MWh)": 13.83528,
			"RTM_lmp($/MWh)": 4.95
		},
		"17:00:00": {
			"DAM_lmp($/MWh)": 24.56236,
			"RTM_lmp($/MWh)": 0.0
		},
		"18:00:00": {
			"DAM_lmp($/MWh)": 43.48603,
			"RTM_lmp($/MWh)": 13.50908
		},
		"19:00:00": {
			"DAM_lmp($/MWh)": 63.64537,
			"RTM_lmp($/MWh)": 26.34723
		},
		"20:00:00": {
			"DAM_lmp($/MWh)": 65.2786,
			"RTM_lmp($/MWh)": 40.0
		},
		"21:00:00": {
			"DAM_lmp($/MWh)": 49.91191,
			"RTM_lmp($/MWh)": 39.97196
		},
		"22:00:00": {
			"DAM_lmp($/MWh)": 39.91871,
			"RTM_lmp($/MWh)": 30.17806
		},
		"23:00:00": {
			"DAM_lmp($/MWh)": 29.52035,
			"RTM_lmp($/MWh)": 31.17555
		}
	},
	"2023-05-23": {
		"00:00:00": {
			"DAM_lmp($/MWh)": 28.2863,
			"RTM_lmp($/MWh)": 26.33978
		},
		"01:00:00": {
			"DAM_lmp($/MWh)": 24.20198,
			"RTM_lmp($/MWh)": 22.71503
		},
		"02:00:00": {
			"DAM_lmp($/MWh)": 22.6813,
			"RTM_lmp($/MWh)": 18.83005
		},
		"03:00:00": {
			"DAM_lmp($/MWh)": 20.4775,
			"RTM_lmp($/MWh)": 6.47429
		},
		"04:00:00": {
			"DAM_lmp($/MWh)": 22.97201,
			"RTM_lmp($/MWh)": 1.56296
		},
		"05:00:00": {
			"DAM_lmp($/MWh)": 30.57049,
			"RTM_lmp($/MWh)": 30.81135
		},
		"06:00:00": {
			"DAM_lmp($/MWh)": 31.45258,
			"RTM_lmp($/MWh)": 72.0
		},
		"07:00:00": {
			"DAM_lmp($/MWh)": 25.28816,
			"RTM_lmp($/MWh)": 18.0208
		},
		"08:00:00": {
			"DAM_lmp($/MWh)": 16.27352,
			"RTM_lmp($/MWh)": 12.8688
		},
		"09:00:00": {
			"DAM_lmp($/MWh)": 14.0029,
			"RTM_lmp($/MWh)": 12.94
		},
		"10:00:00": {
			"DAM_lmp($/MWh)": 9.52973,
			"RTM_lmp($/MWh)": 15.4
		},
		"11:00:00": {
			"DAM_lmp($/MWh)": 7.8994,
			"RTM_lmp($/MWh)": 14.7764
		},
		"12:00:00": {
			"DAM_lmp($/MWh)": 5.95906,
			"RTM_lmp($/MWh)": 14.54172
		},
		"13:00:00": {
			"DAM_lmp($/MWh)": 5.79816,
			"RTM_lmp($/MWh)": 14.75721
		},
		"14:00:00": {
			"DAM_lmp($/MWh)": 6.99796,
			"RTM_lmp($/MWh)": 9.9976
		},
		"15:00:00": {
			"DAM_lmp($/MWh)": 9.88909,
			"RTM_lmp($/MWh)": 4.9988
		},
		"16:00:00": {
			"DAM_lmp($/MWh)": 13.83528,
			"RTM_lmp($/MWh)": 4.95
		},
		"17:00:00": {
			"DAM_lmp($/MWh)": 24.56236,
			"RTM_lmp($/MWh)": 0.0
		},
		"18:00:00": {
			"DAM_lmp($/MWh)": 43.48603,
			"RTM_lmp($/MWh)": 13.50908
		},
		"19:00:00": {
			"DAM_lmp($/MWh)": 63.64537,
			"RTM_lmp($/MWh)": 26.34723
		},
		"20:00:00": {
			"DAM_lmp($/MWh)": 65.2786,
			"RTM_lmp($/MWh)": 40.0
		},
		"21:00:00": {
			"DAM_lmp($/MWh)": 49.91191,
			"RTM_lmp($/MWh)": 39.97196
		},
		"22:00:00": {
			"DAM_lmp($/MWh)": 39.91871,
			"RTM_lmp($/MWh)": 30.17806
		},
		"23:00:00": {
			"DAM_lmp($/MWh)": 29.52035,
			"RTM_lmp($/MWh)": 31.17555
		}
	}
}