{
	"2023-05-22": {
		"00:00:00": {
			"DAM_lmp($/MWh)": 30.19354,
			"RTM_lmp($/MWh)": 29.86844
		},
		"01:00:00": {
			"DAM_lmp($/MWh)": 26.42168,
			"RTM_lmp($/MWh)": 25.99854
		},
		"02:00:00": {
			"DAM_lmp($/MWh)": 25.18569,
			"RTM_lmp($/MWh)": 21.51478
		},
		"03:00:00": {
			"DAM_lmp($/MWh)": 23.33858,
			"RTM_lmp($/MWh)": 24.27162
		},
		"04:00:00": {
			"DAM_lmp($/MWh)": 27.05424,
			"RTM_lmp($/MWh)": 21.24159
		},
		"05:00:00": {
			"DAM_lmp($/MWh)": 35.19325,
			"RTM_lmp($/MWh)": 30.81135
		},
		"06:00:00": {
			"DAM_lmp($/MWh)": 36.76669,
			"RTM_lmp($/MWh)": 72.0
		},
		"07:00:00": {
			"DAM_lmp($/MWh)": 26.32339,
			"RTM_lmp($/MWh)": 18.0208
		},
		"08:00:00": {
			"DAM_lmp($/MWh)": 13.7769,
			"RTM_lmp($/MWh)": 12.8688
		},
		"09:00:00": {
			"DAM_lmp($/MWh)": 8.69791,
			"RTM_lmp($/MWh)": 12.94
		},
		"10:00:00": {
			"DAM_lmp($/MWh)": 6.36393,
			"RTM_lmp($/MWh)": 15.4
		},
		"11:00:00": {
			"DAM_lmp($/MWh)": 4.92521,
			"RTM_lmp($/MWh)": 14.7764
		},
		"12:00:00": {
			"DAM_lmp($/MWh)": 2.6565,
			"RTM_lmp($/MWh)": 15.95678
		},
		"13:00:00": {
			"DAM_lmp($/MWh)": 2.18497,
			"RTM_lmp($/MWh)": 16.22477
		},
		"14:00:00": {
			"DAM_lmp($/MWh)": 3.37197,
			"RTM_lmp($/MWh)": 9.9976
		},
		"15:00:00": {
			"DAM_lmp($/MWh)": 7.88699,
			"RTM_lmp($/MWh)": 4.9988
		},
		"16:00:00": {
			"DAM_lmp($/MWh)": 12.23191,
			"RTM_lmp($/MWh)": 4.95
		},
		"17:00:00": {
			"DAM_lmp($/MWh)": 25.35405,
			"RTM_lmp($/MWh)": 0.0
		},
		"18:00:00": {
			"DAM_lmp($/MWh)": 44.69854,
			"RTM_lmp($/MWh)": 14.76431
		},
		"19:00:00": {
			"DAM_lmp($/MWh)": 66.25013,
			"RTM_lmp($/MWh)": 28.39087
		},
		"20:00:00": {
			"DAM_lmp($/MWh)": 66.27122,
			"RTM_lmp($/MWh)": 40.0
		},
		"21:00:00": {
			"DAM_lmp($/MWh)": 51.08826,
			"RTM_lmp($/MWh)": 43.34981
		},
		"22:00:00": {
			"DAM_lmp($/MWh)": 41.36735,
			"RTM_lmp($/MWh)": 32.8266
		},
		"23:00:00": {
			"DAM_lmp($/MWh)": 32.48177,
			"RTM_lmp($/MWh)": 34.29808
		}
	},
	"2023-05-23": {
		"00:00:00": {
			"DAM_lmp($/MWh)": 30.19354,
			"RTM_lmp($/MWh)": 29.86844
		},
		"01:00:00": {
			"DAM_lmp($/MWh)": 26.42168,
			"RTM_lmp($/MWh)": 25.99854
		},
		"02:00:00": {
			"DAM_lmp($/MWh)": 25.18569,
			"RTM_lmp($/MWh)": 21.51478
		},
		"03:00:00": {
			"DAM_lmp($/MWh)": 23.33858,
			"RTM_lmp($/MWh)": 24.27162
		},
		"04:00:00": {
			"DAM_lmp($/MWh)": 27.05424,
			"RTM_lmp($/MWh)": 21.24159
		},
		"05:00:00": {
			"DAM_lmp($/MWh)": 35.19325,
			"RTM_lmp($/MWh)": 30.81135
		},
		"06:00:00": {
			"DAM_lmp($/MWh)": 36.76669,
			"RTM_lmp($/MWh)": 72.0
		},
		"07:00:00": {
			"DAM_lmp($/MWh)": 26.32339,
			"RTM_lmp($/MWh)": 18.0208
		},
		"08:00:00": {
			"DAM_lmp($/MWh)": 13.7769,
			"RTM_lmp($/MWh)": 12.8688
		},
		"09:00:00": {
			"DAM_lmp($/MWh)": 8.69791,
			"RTM_lmp($/MWh)": 12.94
		},
		"10:00:00": {
			"DAM_lmp($/MWh)": 6.36393,
			"RTM_lmp($/MWh)": 15.4
		},
		"11:00:00": {
			"DAM_lmp($/MWh)": 4.92521,
			"RTM_lmp($/MWh)": 14.7764
		},
		"12:00:00": {
			"DAM_lmp($/MWh)": 2.6565,
			"RTM_lmp($/MWh)": 15.95678
		},
		"13:00:00": {
			"DAM_lmp($/MWh)": 2.18497,
			"RTM_lmp($/MWh)": 16.22477
		},
		"14:00:00": {
			"DAM_lmp($/MWh)": 3.37197,
			"RTM_lmp($/MWh)": 9.9976
		},
		"15:00:00": {
			"DAM_lmp($/MWh)": 7.88699,
			"RTM_lmp($/MWh)": 4.9988
		},
		"16:00:00": {
			"DAM_lmp($/MWh)": 12.23191,
			"RTM_lmp($/MWh)": 4.95
		},
		"17:00:00": {
			"DAM_lmp($/MWh)": 25.35405,
			"RTM_lmp($/MWh)": 0.0
		},
		"18:00:00": {
			"DAM_lmp($/MWh)": 44.69854,
			"RTM_lmp($/MWh)": 14.76431
		},
		"19:00:00": {
			"DAM_lmp($/MWh)": 66.25013,
			"RTM_lmp($/MWh)": 28.39087
		},
		"20:00:00": {
			"DAM_lmp($/MWh)": 66.27122,
			"RTM_lmp($/MWh)": 40.0
		},
		"21:00:00": {
			"DAM_lmp($/MWh)": 51.08826,
			"RTM_lmp($/MWh)": 43.34981
		},
		"22:00:00": {
			"DAM_lmp($/MWh)": 41.36735,
			"RTM_lmp($/MWh)": 32.8266
		},
		"23:00:00": {
			"DAM_lmp($/MWh)": 32.48177,
			"RTM_lmp($/MWh)": 34.29808
		}
	}
}