{
	"2023-05-22": {
		"00:00:00": {
			"DAM_lmp($/MWh)": 28.8994,
			"RTM_lmp($/MWh)": 29.04319
		},
		"01:00:00": {
			"DAM_lmp($/MWh)": 25.26572,
			"RTM_lmp($/MWh)": 25.77354
		},
		"02:00:00": {
			"DAM_lmp($/MWh)": 24.07965,
			"RTM_lmp($/MWh)": 20.86002
		},
		"03:00:00": {
			"DAM_lmp($/MWh)": 22.31555,
			"RTM_lmp($/MWh)": 23.98728
		},
		"04:00:00": {
			"DAM_lmp($/MWh)": 25.81121,
			"RTM_lmp($/MWh)": 20.92198
		},
		"05:00:00": {
			"DAM_lmp($/MWh)": 33.53339,
			"RTM_lmp($/MWh)": 30.81135
		},
		"06:00:00": {
			"DAM_lmp($/MWh)": 34.91037,
			"RTM_lmp($/MWh)": 72.0
		},
		"07:00:00": {
			"DAM_lmp($/MWh)": 24.73689,
			"RTM_lmp($/MWh)": 18.0208
		},
		"08:00:00": {
			"DAM_lmp($/MWh)": 10.4893,
			"RTM_lmp($/MWh)": 12.8688
		},
		"09:00:00": {
			"DAM_lmp($/MWh)": 7.73423,
			"RTM_lmp($/MWh)": 12.94
		},
		"10:00:00": {
			"DAM_lmp($/MWh)": 5.65701,
			"RTM_lmp($/MWh)": 15.4
		},
		"11:00:00": {
			"DAM_lmp($/MWh)": 4.23188,
			"RTM_lmp($/MWh)": 14.7764
		},
		"12:00:00": {
			"DAM_lmp($/MWh)": 2.22988,
			"RTM_lmp($/MWh)": 14.55866
		},
		"13:00:00": {
			"DAM_lmp($/MWh)": 1.76646,
			"RTM_lmp($/MWh)": 14.78547
		},
		"14:00:00": {
			"DAM_lmp($/MWh)": 2.84667,
			"RTM_lmp($/MWh)": 9.9976
		},
		"15:00:00": {
			"DAM_lmp($/MWh)": 5.68055,
			"RTM_lmp($/MWh)": 4.9988
		},
		"16:00:00": {
			"DAM_lmp($/MWh)": 9.86357,
			"RTM_lmp($/MWh)": 4.95
		},
		"17:00:00": {
			"DAM_lmp($/MWh)": 23.36237,
			"RTM_lmp($/MWh)": 0.0
		},
		"18:00:00": {
			"DAM_lmp($/MWh)": 41.93748,
			"RTM_lmp($/MWh)": 13.52907
		},
		"19:00:00": {
			"DAM_lmp($/MWh)": 62.5983,
			"RTM_lmp($/MWh)": 26.57827
		},
		"20:00:00": {
			"DAM_lmp($/MWh)": 62.78871,
			"RTM_lmp($/MWh)": 40.0
		},
		"21:00:00": {
			"DAM_lmp($/MWh)": 48.48243,
			"RTM_lmp($/MWh)": 40.64333
		},
		"22:00:00": {
			"DAM_lmp($/MWh)": 39.35464,
			"RTM_lmp($/MWh)": 31.05984
		},
		"23:00:00": {
			"DAM_lmp($/MWh)": 30.98257,
			"RTM_lmp($/MWh)": 32.5674
		}
	},
	"2023-05-23": {
		"00:00:00": {
			"DAM_lmp($/MWh)": 28.8994,
			"RTM_lmp($/MWh)": 29.04319
		},
		"01:00:00": {
			"DAM_lmp($/MWh)": 25.26572,
			"RTM_lmp($/MWh)": 25.77354
		},
		"02:00:00": {
			"DAM_lmp($/MWh)": 24.07965,
			"RTM_lmp($/MWh)": 20.86002
		},
		"03:00:00": {
			"DAM_lmp($/MWh)": 22.31555,
			"RTM_lmp($/MWh)": 23.98728
		},
		"04:00:00": {
			"DAM_lmp($/MWh)": 25.81121,
			"RTM_lmp($/MWh)": 20.92198
		},
		"05:00:00": {
			"DAM_lmp($/MWh)": 33.53339,
			"RTM_lmp($/MWh)": 30.81135
		},
		"06:00:00": {
			"DAM_lmp($/MWh)": 34.91037,
			"RTM_lmp($/MWh)": 72.0
		},
		"07:00:00": {
			"DAM_lmp($/MWh)": 24.73689,
			"RTM_lmp($/MWh)": 18.0208
		},
		"08:00:00": {
			"DAM_lmp($/MWh)": 10.4893,
			"RTM_lmp($/MWh)": 12.8688
		},
		"09:00:00": {
			"DAM_lmp($/MWh)": 7.73423,
			"RTM_lmp($/MWh)": 12.94
		},
		"10:00:00": {
			"DAM_lmp($/MWh)": 5.65701,
			"RTM_lmp($/MWh)": 15.4
		},
		"11:00:00": {
			"DAM_lmp($/MWh)": 4.23188,
			"RTM_lmp($/MWh)": 14.7764
		},
		"12:00:00": {
			"DAM_lmp($/MWh)": 2.22988,
			"RTM_lmp($/MWh)": 14.55866
		},
		"13:00:00": {
			"DAM_lmp($/MWh)": 1.76646,
			"RTM_lmp($/MWh)": 14.78547
		},
		"14:00:00": {
			"DAM_lmp($/MWh)": 2.84667,
			"RTM_lmp($/MWh)": 9.9976
		},
		"15:00:00": {
			"DAM_lmp($/MWh)": 5.68055,
			"RTM_lmp($/MWh)": 4.9988
		},
		"16:00:00": {
			"DAM_lmp($/MWh)": 9.86357,
			"RTM_lmp($/MWh)": 4.95
		},
		"17:00:00": {
			"DAM_lmp($/MWh)": 23.36237,
			"RTM_lmp($/MWh)": 0.0
		},
		"18:00:00": {
			"DAM_lmp($/MWh)": 41.93748,
			"RTM_lmp($/MWh)": 13.52907
		},
		"19:00:00": {
			"DAM_lmp($/MWh)": 62.5983,
			"RTM_lmp($/MWh)": 26.57827
		},
		"20:00:00": {
			"DAM_lmp($/MWh)": 62.78871,
			"RTM_lmp($/MWh)": 40.0
		},
		"21:00:00": {
			"DAM_lmp($/MWh)": 48.48243,
			"RTM_lmp($/MWh)": 40.64333
		},
		"22:00:00": {
			"DAM_lmp($/MWh)": 39.35464,
			"RTM_lmp($/MWh)": 31.05984
		},
		"23:00:00": {
			"DAM_lmp($/MWh)": 30.98257,
			"RTM_lmp($/MWh)": 32.5674
		}
	}
}