{
	"2023-05-22": {
		"00:00:00": {
			"DAM_lmp($/MWh)": 28.63939,
			"RTM_lmp($/MWh)": 27.89353
		},
		"01:00:00": {
			"DAM_lmp($/MWh)": 25.24762,
			"RTM_lmp($/MWh)": 24.37409
		},
		"02:00:00": {
			"DAM_lmp($/MWh)": 23.98134,
			"RTM_lmp($/MWh)": 20.23399
		},
		"03:00:00": {
			"DAM_lmp($/MWh)": 22.22007,
			"RTM_lmp($/MWh)": 5.88929
		},
		"04:00:00": {
			"DAM_lmp($/MWh)": 25.65847,
			"RTM_lmp($/MWh)": 1.63235
		},
		"05:00:00": {
			"DAM_lmp($/MWh)": 33.38249,
			"RTM_lmp($/MWh)": 30.81135
		},
		"06:00:00": {
			"DAM_lmp($/MWh)": 34.81683,
			"RTM_lmp($/MWh)": 72.0
		},
		"07:00:00": {
			"DAM_lmp($/MWh)": 24.67478,
			"RTM_lmp($/MWh)": 18.0208
		},
		"08:00:00": {
			"DAM_lmp($/MWh)": 9.37224,
			"RTM_lmp($/MWh)": 12.8688
		},
		"09:00:00": {
			"DAM_lmp($/MWh)": 6.55177,
			"RTM_lmp($/MWh)": 12.94
		},
		"10:00:00": {
			"DAM_lmp($/MWh)": 4.91388,
			"RTM_lmp($/MWh)": 15.4
		},
		"11:00:00": {
			"DAM_lmp($/MWh)": 3.60543,
			"RTM_lmp($/MWh)": 11.21222
		},
		"12:00:00": {
			"DAM_lmp($/MWh)": 1.57541,
			"RTM_lmp($/MWh)": 14.27996
		},
		"13:00:00": {
			"DAM_lmp($/MWh)": 1.07761,
			"RTM_lmp($/MWh)": 14.4998
		},
		"14:00:00": {
			"DAM_lmp($/MWh)": 2.07293,
			"RTM_lmp($/MWh)": 9.9976
		},
		"15:00:00": {
			"DAM_lmp($/MWh)": 4.98165,
			"RTM_lmp($/MWh)": 4.9988
		},
		"16:00:00": {
			"DAM_lmp($/MWh)": 9.29437,
			"RTM_lmp($/MWh)": 4.95
		},
		"17:00:00": {
			"DAM_lmp($/MWh)": 23.39225,
			"RTM_lmp($/MWh)": 0.0
		},
		"18:00:00": {
			"DAM_lmp($/MWh)": 41.77532,
			"RTM_lmp($/MWh)": 13.47481
		},
		"19:00:00": {
			"DAM_lmp($/MWh)": 62.50781,
			"RTM_lmp($/MWh)": 26.61403
		},
		"20:00:00": {
			"DAM_lmp($/MWh)": 62.69162,
			"RTM_lmp($/MWh)": 40.0
		},
		"21:00:00": {
			"DAM_lmp($/MWh)": 48.3726,
			"RTM_lmp($/MWh)": 40.76082
		},
		"22:00:00": {
			"DAM_lmp($/MWh)": 39.17314,
			"RTM_lmp($/MWh)": 31.15534
		},
		"23:00:00": {
			"DAM_lmp($/MWh)": 31.40444,
			"RTM_lmp($/MWh)": 32.491
		}
	},
	"2023-05-23": {
		"00:00:00": {
			"DAM_lmp($/MWh)": 28.63939,
			"RTM_lmp($/MWh)": 27.89353
		},
		"01:00:00": {
			"DAM_lmp($/MWh)": 25.24762,
			"RTM_lmp($/MWh)": 24.37409
		},
		"02:00:00": {
			"DAM_lmp($/MWh)": 23.98134,
			"RTM_lmp($/MWh)": 20.23399
		},
		"03:00:00": {
			"DAM_lmp($/MWh)": 22.22007,
			"RTM_lmp($/MWh)": 5.88929
		},
		"04:00:00": {
			"DAM_lmp($/MWh)": 25.65847,
			"RTM_lmp($/MWh)": 1.63235
		},
		"05:00:00": {
			"DAM_lmp($/MWh)": 33.38249,
			"RTM_lmp($/MWh)": 30.81135
		},
		"06:00:00": {
			"DAM_lmp($/MWh)": 34.81683,
			"RTM_lmp($/MWh)": 72.0
		},
		"07:00:00": {
			"DAM_lmp($/MWh)": 24.67478,
			"RTM_lmp($/MWh)": 18.0208
		},
		"08:00:00": {
			"DAM_lmp($/MWh)": 9.37224,
			"RTM_lmp($/MWh)": 12.8688
		},
		"09:00:00": {
			"DAM_lmp($/MWh)": 6.55177,
			"RTM_lmp($/MWh)": 12.94
		},
		"10:00:00": {
			"DAM_lmp($/MWh)": 4.91388,
			"RTM_lmp($/MWh)": 15.4
		},
		"11:00:00": {
			"DAM_lmp($/MWh)": 3.60543,
			"RTM_lmp($/MWh)": 11.21222
		},
		"12:00:00": {
			"DAM_lmp($/MWh)": 1.57541,
			"RTM_lmp($/MWh)": 14.27996
		},
		"13:00:00": {
			"DAM_lmp($/MWh)": 1.07761,
			"RTM_lmp($/MWh)": 14.4998
		},
		"14:00:00": {
			"DAM_lmp($/MWh)": 2.07293,
			"RTM_lmp($/MWh)": 9.9976
		},
		"15:00:00": {
			"DAM_lmp($/MWh)": 4.98165,
			"RTM_lmp($/MWh)": 4.9988
		},
		"16:00:00": {
			"DAM_lmp($/MWh)": 9.29437,
			"RTM_lmp($/MWh)": 4.95
		},
		"17:00:00": {
			"DAM_lmp($/MWh)": 23.39225,
			"RTM_lmp($/MWh)": 0.0
		},
		"18:00:00": {
			"DAM_lmp($/MWh)": 41.77532,
			"RTM_lmp($/MWh)": 13.47481
		},
		"19:00:00": {
			"DAM_lmp($/MWh)": 62.50781,
			"RTM_lmp($/MWh)": 26.61403
		},
		"20:00:00": {
			"DAM_lmp($/MWh)": 62.69162,
			"RTM_lmp($/MWh)": 40.0
		},
		"21:00:00": {
			"DAM_lmp($/MWh)": 48.3726,
			"RTM_lmp($/MWh)": 40.76082
		},
		"22:00:00": {
			"DAM_lmp($/MWh)": 39.17314,
			"RTM_lmp($/MWh)": 31.15534
		},
		"23:00:00": {
			"DAM_lmp($/MWh)": 31.40444,
			"RTM_lmp($/MWh)": 32.491
		}
	}
}