{
	"2023-05-22": {
		"00:00:00": {
			"DAM_lmp($/MWh)": 31.05039,
			"RTM_lmp($/MWh)": 29.33345
		},
		"01:00:00": {
			"DAM_lmp($/MWh)": 27.1613,
			"RTM_lmp($/MWh)": 25.86007
		},
		"02:00:00": {
			"DAM_lmp($/MWh)": 25.80015,
			"RTM_lmp($/MWh)": 21.50041
		},
		"03:00:00": {
			"DAM_lmp($/MWh)": 23.89101,
			"RTM_lmp($/MWh)": 23.41894
		},
		"04:00:00": {
			"DAM_lmp($/MWh)": 27.73895,
			"RTM_lmp($/MWh)": 20.6491
		},
		"05:00:00": {
			"DAM_lmp($/MWh)": 36.00947,
			"RTM_lmp($/MWh)": 30.81135
		},
		"06:00:00": {
			"DAM_lmp($/MWh)": 37.72003,
			"RTM_lmp($/MWh)": 72.0
		},
		"07:00:00": {
			"DAM_lmp($/MWh)": 27.04288,
			"RTM_lmp($/MWh)": 18.0208
		},
		"08:00:00": {
			"DAM_lmp($/MWh)": 20.55606,
			"RTM_lmp($/MWh)": 12.8688
		},
		"09:00:00": {
			"DAM_lmp($/MWh)": 20.33707,
			"RTM_lmp($/MWh)": 12.94
		},
		"10:00:00": {
			"DAM_lmp($/MWh)": 15.44,
			"RTM_lmp($/MWh)": 15.4
		},
		"11:00:00": {
			"DAM_lmp($/MWh)": 11.11,
			"RTM_lmp($/MWh)": 14.7764
		},
		"12:00:00": {
			"DAM_lmp($/MWh)": 12.08,
			"RTM_lmp($/MWh)": 16.09228
		},
		"13:00:00": {
			"DAM_lmp($/MWh)": 11.55,
			"RTM_lmp($/MWh)": 16.55282
		},
		"14:00:00": {
			"DAM_lmp($/MWh)": 4.8771,
			"RTM_lmp($/MWh)": 9.9976
		},
		"15:00:00": {
			"DAM_lmp($/MWh)": 7.90551,
			"RTM_lmp($/MWh)": 4.9988
		},
		"16:00:00": {
			"DAM_lmp($/MWh)": 12.2919,
			"RTM_lmp($/MWh)": 4.95
		},
		"17:00:00": {
			"DAM_lmp($/MWh)": 25.7001,
			"RTM_lmp($/MWh)": 0.0
		},
		"18:00:00": {
			"DAM_lmp($/MWh)": 44.54515,
			"RTM_lmp($/MWh)": 14.91568
		},
		"19:00:00": {
			"DAM_lmp($/MWh)": 65.30647,
			"RTM_lmp($/MWh)": 27.88752
		},
		"20:00:00": {
			"DAM_lmp($/MWh)": 64.64648,
			"RTM_lmp($/MWh)": 40.0
		},
		"21:00:00": {
			"DAM_lmp($/MWh)": 50.51418,
			"RTM_lmp($/MWh)": 42.09518
		},
		"22:00:00": {
			"DAM_lmp($/MWh)": 41.08501,
			"RTM_lmp($/MWh)": 32.10716
		},
		"23:00:00": {
			"DAM_lmp($/MWh)": 32.88114,
			"RTM_lmp($/MWh)": 33.9659
		}
	},
	"2023-05-23": {
		"00:00:00": {
			"DAM_lmp($/MWh)": 31.05039,
			"RTM_lmp($/MWh)": 29.33345
		},
		"01:00:00": {
			"DAM_lmp($/MWh)": 27.1613,
			"RTM_lmp($/MWh)": 25.86007
		},
		"02:00:00": {
			"DAM_lmp($/MWh)": 25.80015,
			"RTM_lmp($/MWh)": 21.50041
		},
		"03:00:00": {
			"DAM_lmp($/MWh)": 23.89101,
			"RTM_lmp($/MWh)": 23.41894
		},
		"04:00:00": {
			"DAM_lmp($/MWh)": 27.73895,
			"RTM_lmp($/MWh)": 20.6491
		},
		"05:00:00": {
			"DAM_lmp($/MWh)": 36.00947,
			"RTM_lmp($/MWh)": 30.81135
		},
		"06:00:00": {
			"DAM_lmp($/MWh)": 37.72003,
			"RTM_lmp($/MWh)": 72.0
		},
		"07:00:00": {
			"DAM_lmp($/MWh)": 27.04288,
			"RTM_lmp($/MWh)": 18.0208
		},
		"08:00:00": {
			"DAM_lmp($/MWh)": 20.55606,
			"RTM_lmp($/MWh)": 12.8688
		},
		"09:00:00": {
			"DAM_lmp($/MWh)": 20.33707,
			"RTM_lmp($/MWh)": 12.94
		},
		"10:00:00": {
			"DAM_lmp($/MWh)": 15.44,
			"RTM_lmp($/MWh)": 15.4
		},
		"11:00:00": {
			"DAM_lmp($/MWh)": 11.11,
			"RTM_lmp($/MWh)": 14.7764
		},
		"12:00:00": {
			"DAM_lmp($/MWh)": 12.08,
			"RTM_lmp($/MWh)": 16.09228
		},
		"13:00:00": {
			"DAM_lmp($/MWh)": 11.55,
			"RTM_lmp($/MWh)": 16.55282
		},
		"14:00:00": {
			"DAM_lmp($/MWh)": 4.8771,
			"RTM_lmp($/MWh)": 9.9976
		},
		"15:00:00": {
			"DAM_lmp($/MWh)": 7.90551,
			"RTM_lmp($/MWh)": 4.9988
		},
		"16:00:00": {
			"DAM_lmp($/MWh)": 12.2919,
			"RTM_lmp($/MWh)": 4.95
		},
		"17:00:00": {
			"DAM_lmp($/MWh)": 25.7001,
			"RTM_lmp($/MWh)": 0.0
		},
		"18:00:00": {
			"DAM_lmp($/MWh)": 44.54515,
			"RTM_lmp($/MWh)": 14.91568
		},
		"19:00:00": {
			"DAM_lmp($/MWh)": 65.30647,
			"RTM_lmp($/MWh)": 27.88752
		},
		"20:00:00": {
			"DAM_lmp($/MWh)": 64.64648,
			"RTM_lmp($/MWh)": 40.0
		},
		"21:00:00": {
			"DAM_lmp($/MWh)": 50.51418,
			"RTM_lmp($/MWh)": 42.09518
		},
		"22:00:00": {
			"DAM_lmp($/MWh)": 41.08501,
			"RTM_lmp($/MWh)": 32.10716
		},
		"23:00:00": {
			"DAM_lmp($/MWh)": 32.88114,
			"RTM_lmp($/MWh)": 33.9659
		}
	}
}