{
	"2023-05-22": {
		"00:00:00": {
			"DAM_lmp($/MWh)": 31.31039,
			"RTM_lmp($/MWh)": 29.48427
		},
		"01:00:00": {
			"DAM_lmp($/MWh)": 27.35266,
			"RTM_lmp($/MWh)": 25.9837
		},
		"02:00:00": {
			"DAM_lmp($/MWh)": 25.97466,
			"RTM_lmp($/MWh)": 21.60714
		},
		"03:00:00": {
			"DAM_lmp($/MWh)": 24.07743,
			"RTM_lmp($/MWh)": 23.42913
		},
		"04:00:00": {
			"DAM_lmp($/MWh)": 27.96807,
			"RTM_lmp($/MWh)": 20.67612
		},
		"05:00:00": {
			"DAM_lmp($/MWh)": 36.3044,
			"RTM_lmp($/MWh)": 30.81135
		},
		"06:00:00": {
			"DAM_lmp($/MWh)": 37.89991,
			"RTM_lmp($/MWh)": 72.0
		},
		"07:00:00": {
			"DAM_lmp($/MWh)": 26.80477,
			"RTM_lmp($/MWh)": 18.0208
		},
		"08:00:00": {
			"DAM_lmp($/MWh)": 25.78609,
			"RTM_lmp($/MWh)": 12.8688
		},
		"09:00:00": {
			"DAM_lmp($/MWh)": 26.87278,
			"RTM_lmp($/MWh)": 12.94
		},
		"10:00:00": {
			"DAM_lmp($/MWh)": 24.94352,
			"RTM_lmp($/MWh)": 15.4
		},
		"11:00:00": {
			"DAM_lmp($/MWh)": 28.83168,
			"RTM_lmp($/MWh)": 14.7764
		},
		"12:00:00": {
			"DAM_lmp($/MWh)": 20.15542,
			"RTM_lmp($/MWh)": 15.86594
		},
		"13:00:00": {
			"DAM_lmp($/MWh)": 18.7405,
			"RTM_lmp($/MWh)": 16.30168
		},
		"14:00:00": {
			"DAM_lmp($/MWh)": 18.06967,
			"RTM_lmp($/MWh)": 9.9976
		},
		"15:00:00": {
			"DAM_lmp($/MWh)": 7.70727,
			"RTM_lmp($/MWh)": 4.9988
		},
		"16:00:00": {
			"DAM_lmp($/MWh)": 23.61617,
			"RTM_lmp($/MWh)": 4.95
		},
		"17:00:00": {
			"DAM_lmp($/MWh)": 25.41629,
			"RTM_lmp($/MWh)": 0.0
		},
		"18:00:00": {
			"DAM_lmp($/MWh)": 44.11565,
			"RTM_lmp($/MWh)": 14.8914
		},
		"19:00:00": {
			"DAM_lmp($/MWh)": 65.11257,
			"RTM_lmp($/MWh)": 27.88752
		},
		"20:00:00": {
			"DAM_lmp($/MWh)": 64.96366,
			"RTM_lmp($/MWh)": 40.0
		},
		"21:00:00": {
			"DAM_lmp($/MWh)": 50.76378,
			"RTM_lmp($/MWh)": 42.27981
		},
		"22:00:00": {
			"DAM_lmp($/MWh)": 41.16971,
			"RTM_lmp($/MWh)": 32.20585
		},
		"23:00:00": {
			"DAM_lmp($/MWh)": 33.05547,
			"RTM_lmp($/MWh)": 34.01241
		}
	},
	"2023-05-23": {
		"00:00:00": {
			"DAM_lmp($/MWh)": 31.31039,
			"RTM_lmp($/MWh)": 29.48427
		},
		"01:00:00": {
			"DAM_lmp($/MWh)": 27.35266,
			"RTM_lmp($/MWh)": 25.9837
		},
		"02:00:00": {
			"DAM_lmp($/MWh)": 25.97466,
			"RTM_lmp($/MWh)": 21.60714
		},
		"03:00:00": {
			"DAM_lmp($/MWh)": 24.07743,
			"RTM_lmp($/MWh)": 23.42913
		},
		"04:00:00": {
			"DAM_lmp($/MWh)": 27.96807,
			"RTM_lmp($/MWh)": 20.67612
		},
		"05:00:00": {
			"DAM_lmp($/MWh)": 36.3044,
			"RTM_lmp($/MWh)": 30.81135
		},
		"06:00:00": {
			"DAM_lmp($/MWh)": 37.89991,
			"RTM_lmp($/MWh)": 72.0
		},
		"07:00:00": {
			"DAM_lmp($/MWh)": 26.80477,
			"RTM_lmp($/MWh)": 18.0208
		},
		"08:00:00": {
			"DAM_lmp($/MWh)": 25.78609,
			"RTM_lmp($/MWh)": 12.8688
		},
		"09:00:00": {
			"DAM_lmp($/MWh)": 26.87278,
			"RTM_lmp($/MWh)": 12.94
		},
		"10:00:00": {
			"DAM_lmp($/MWh)": 24.94352,
			"RTM_lmp($/MWh)": 15.4
		},
		"11:00:00": {
			"DAM_lmp($/MWh)": 28.83168,
			"RTM_lmp($/MWh)": 14.7764
		},
		"12:00:00": {
			"DAM_lmp($/MWh)": 20.15542,
			"RTM_lmp($/MWh)": 15.86594
		},
		"13:00:00": {
			"DAM_lmp($/MWh)": 18.7405,
			"RTM_lmp($/MWh)": 16.30168
		},
		"14:00:00": {
			"DAM_lmp($/MWh)": 18.06967,
			"RTM_lmp($/MWh)": 9.9976
		},
		"15:00:00": {
			"DAM_lmp($/MWh)": 7.70727,
			"RTM_lmp($/MWh)": 4.9988
		},
		"16:00:00": {
			"DAM_lmp($/MWh)": 23.61617,
			"RTM_lmp($/MWh)": 4.95
		},
		"17:00:00": {
			"DAM_lmp($/MWh)": 25.41629,
			"RTM_lmp($/MWh)": 0.0
		},
		"18:00:00": {
			"DAM_lmp($/MWh)": 44.11565,
			"RTM_lmp($/MWh)": 14.8914
		},
		"19:00:00": {
			"DAM_lmp($/MWh)": 65.11257,
			"RTM_lmp($/MWh)": 27.88752
		},
		"20:00:00": {
			"DAM_lmp($/MWh)": 64.96366,
			"RTM_lmp($/MWh)": 40.0
		},
		"21:00:00": {
			"DAM_lmp($/MWh)": 50.76378,
			"RTM_lmp($/MWh)": 42.27981
		},
		"22:00:00": {
			"DAM_lmp($/MWh)": 41.16971,
			"RTM_lmp($/MWh)": 32.20585
		},
		"23:00:00": {
			"DAM_lmp($/MWh)": 33.05547,
			"RTM_lmp($/MWh)": 34.01241
		}
	}
}