{
	"2023-05-22": {
		"00:00:00": {
			"DAM_lmp($/MWh)": 29.11509,
			"RTM_lmp($/MWh)": 28.25778
		},
		"01:00:00": {
			"DAM_lmp($/MWh)": 25.47778,
			"RTM_lmp($/MWh)": 24.20101
		},
		"02:00:00": {
			"DAM_lmp($/MWh)": 24.16076,
			"RTM_lmp($/MWh)": 20.07389
		},
		"03:00:00": {
			"DAM_lmp($/MWh)": 22.37921,
			"RTM_lmp($/MWh)": 6.85143
		},
		"04:00:00": {
			"DAM_lmp($/MWh)": 25.74801,
			"RTM_lmp($/MWh)": 1.87989
		},
		"05:00:00": {
			"DAM_lmp($/MWh)": 33.80774,
			"RTM_lmp($/MWh)": 30.81135
		},
		"06:00:00": {
			"DAM_lmp($/MWh)": 35.71981,
			"RTM_lmp($/MWh)": 72.0
		},
		"07:00:00": {
			"DAM_lmp($/MWh)": 26.06458,
			"RTM_lmp($/MWh)": 18.0208
		},
		"08:00:00": {
			"DAM_lmp($/MWh)": 32.36635,
			"RTM_lmp($/MWh)": 12.8688
		},
		"09:00:00": {
			"DAM_lmp($/MWh)": 30.95216,
			"RTM_lmp($/MWh)": 12.94
		},
		"10:00:00": {
			"DAM_lmp($/MWh)": 19.81009,
			"RTM_lmp($/MWh)": 15.4
		},
		"11:00:00": {
			"DAM_lmp($/MWh)": 16.76496,
			"RTM_lmp($/MWh)": 30.26685
		},
		"12:00:00": {
			"DAM_lmp($/MWh)": 15.44244,
			"RTM_lmp($/MWh)": 15.11144
		},
		"13:00:00": {
			"DAM_lmp($/MWh)": 16.03433,
			"RTM_lmp($/MWh)": 15.35523
		},
		"14:00:00": {
			"DAM_lmp($/MWh)": 17.30724,
			"RTM_lmp($/MWh)": 9.9976
		},
		"15:00:00": {
			"DAM_lmp($/MWh)": 19.87411,
			"RTM_lmp($/MWh)": 4.9988
		},
		"16:00:00": {
			"DAM_lmp($/MWh)": 22.43565,
			"RTM_lmp($/MWh)": 4.95
		},
		"17:00:00": {
			"DAM_lmp($/MWh)": 24.84617,
			"RTM_lmp($/MWh)": 0.0
		},
		"18:00:00": {
			"DAM_lmp($/MWh)": 44.3041,
			"RTM_lmp($/MWh)": 13.99318
		},
		"19:00:00": {
			"DAM_lmp($/MWh)": 65.10611,
			"RTM_lmp($/MWh)": 27.82426
		},
		"20:00:00": {
			"DAM_lmp($/MWh)": 65.23553,
			"RTM_lmp($/MWh)": 40.0
		},
		"21:00:00": {
			"DAM_lmp($/MWh)": 50.10483,
			"RTM_lmp($/MWh)": 42.78334
		},
		"22:00:00": {
			"DAM_lmp($/MWh)": 40.21781,
			"RTM_lmp($/MWh)": 32.12945
		},
		"23:00:00": {
			"DAM_lmp($/MWh)": 31.22345,
			"RTM_lmp($/MWh)": 33.06568
		}
	},
	"2023-05-23": {
		"00:00:00": {
			"DAM_lmp($/MWh)": 29.11509,
			"RTM_lmp($/MWh)": 28.25778
		},
		"01:00:00": {
			"DAM_lmp($/MWh)": 25.47778,
			"RTM_lmp($/MWh)": 24.20101
		},
		"02:00:00": {
			"DAM_lmp($/MWh)": 24.16076,
			"RTM_lmp($/MWh)": 20.07389
		},
		"03:00:00": {
			"DAM_lmp($/MWh)": 22.37921,
			"RTM_lmp($/MWh)": 6.85143
		},
		"04:00:00": {
			"DAM_lmp($/MWh)": 25.74801,
			"RTM_lmp($/MWh)": 1.87989
		},
		"05:00:00": {
			"DAM_lmp($/MWh)": 33.80774,
			"RTM_lmp($/MWh)": 30.81135
		},
		"06:00:00": {
			"DAM_lmp($/MWh)": 35.71981,
			"RTM_lmp($/MWh)": 72.0
		},
		"07:00:00": {
			"DAM_lmp($/MWh)": 26.06458,
			"RTM_lmp($/MWh)": 18.0208
		},
		"08:00:00": {
			"DAM_lmp($/MWh)": 32.36635,
			"RTM_lmp($/MWh)": 12.8688
		},
		"09:00:00": {
			"DAM_lmp($/MWh)": 30.95216,
			"RTM_lmp($/MWh)": 12.94
		},
		"10:00:00": {
			"DAM_lmp($/MWh)": 19.81009,
			"RTM_lmp($/MWh)": 15.4
		},
		"11:00:00": {
			"DAM_lmp($/MWh)": 16.76496,
			"RTM_lmp($/MWh)": 30.26685
		},
		"12:00:00": {
			"DAM_lmp($/MWh)": 15.44244,
			"RTM_lmp($/MWh)": 15.11144
		},
		"13:00:00": {
			"DAM_lmp($/MWh)": 16.03433,
			"RTM_lmp($/MWh)": 15.35523
		},
		"14:00:00": {
			"DAM_lmp($/MWh)": 17.30724,
			"RTM_lmp($/MWh)": 9.9976
		},
		"15:00:00": {
			"DAM_lmp($/MWh)": 19.87411,
			"RTM_lmp($/MWh)": 4.9988
		},
		"16:00:00": {
			"DAM_lmp($/MWh)": 22.43565,
			"RTM_lmp($/MWh)": 4.95
		},
		"17:00:00": {
			"DAM_lmp($/MWh)": 24.84617,
			"RTM_lmp($/MWh)": 0.0
		},
		"18:00:00": {
			"DAM_lmp($/MWh)": 44.3041,
			"RTM_lmp($/MWh)": 13.99318
		},
		"19:00:00": {
			"DAM_lmp($/MWh)": 65.10611,
			"RTM_lmp($/MWh)": 27.82426
		},
		"20:00:00": {
			"DAM_lmp($/MWh)": 65.23553,
			"RTM_lmp($/MWh)": 40.0
		},
		"21:00:00": {
			"DAM_lmp($/MWh)": 50.10483,
			"RTM_lmp($/MWh)": 42.78334
		},
		"22:00:00": {
			"DAM_lmp($/MWh)": 40.21781,
			"RTM_lmp($/MWh)": 32.12945
		},
		"23:00:00": {
			"DAM_lmp($/MWh)": 31.22345,
			"RTM_lmp($/MWh)": 33.06568
		}
	}
}