{
	"2023-05-22": {
		"00:00:00": {
			"DAM_lmp($/MWh)": 29.63806,
			"RTM_lmp($/MWh)": 29.2054
		},
		"01:00:00": {
			"DAM_lmp($/MWh)": 25.93809,
			"RTM_lmp($/MWh)": 25.49414
		},
		"02:00:00": {
			"DAM_lmp($/MWh)": 24.65971,
			"RTM_lmp($/MWh)": 21.133
		},
		"03:00:00": {
			"DAM_lmp($/MWh)": 22.84525,
			"RTM_lmp($/MWh)": 23.79323
		},
		"04:00:00": {
			"DAM_lmp($/MWh)": 26.53806,
			"RTM_lmp($/MWh)": 20.8913
		},
		"05:00:00": {
			"DAM_lmp($/MWh)": 34.47992,
			"RTM_lmp($/MWh)": 30.81135
		},
		"06:00:00": {
			"DAM_lmp($/MWh)": 35.91048,
			"RTM_lmp($/MWh)": 72.0
		},
		"07:00:00": {
			"DAM_lmp($/MWh)": 25.42532,
			"RTM_lmp($/MWh)": 18.0208
		},
		"08:00:00": {
			"DAM_lmp($/MWh)": 13.3198,
			"RTM_lmp($/MWh)": 12.8688
		},
		"09:00:00": {
			"DAM_lmp($/MWh)": 10.68645,
			"RTM_lmp($/MWh)": 12.94
		},
		"10:00:00": {
			"DAM_lmp($/MWh)": 6.13071,
			"RTM_lmp($/MWh)": 15.4
		},
		"11:00:00": {
			"DAM_lmp($/MWh)": 5.96358,
			"RTM_lmp($/MWh)": 14.7764
		},
		"12:00:00": {
			"DAM_lmp($/MWh)": 3.94775,
			"RTM_lmp($/MWh)": 15.54874
		},
		"13:00:00": {
			"DAM_lmp($/MWh)": 2.09395,
			"RTM_lmp($/MWh)": 15.87633
		},
		"14:00:00": {
			"DAM_lmp($/MWh)": 4.66532,
			"RTM_lmp($/MWh)": 9.9976
		},
		"15:00:00": {
			"DAM_lmp($/MWh)": 7.5422,
			"RTM_lmp($/MWh)": 4.9988
		},
		"16:00:00": {
			"DAM_lmp($/MWh)": 11.7196,
			"RTM_lmp($/MWh)": 4.95
		},
		"17:00:00": {
			"DAM_lmp($/MWh)": 24.49265,
			"RTM_lmp($/MWh)": 0.0
		},
		"18:00:00": {
			"DAM_lmp($/MWh)": 43.29171,
			"RTM_lmp($/MWh)": 14.45443
		},
		"19:00:00": {
			"DAM_lmp($/MWh)": 64.03964,
			"RTM_lmp($/MWh)": 27.61247
		},
		"20:00:00": {
			"DAM_lmp($/MWh)": 64.01212,
			"RTM_lmp($/MWh)": 40.0
		},
		"21:00:00": {
			"DAM_lmp($/MWh)": 49.49081,
			"RTM_lmp($/MWh)": 42.13714
		},
		"22:00:00": {
			"DAM_lmp($/MWh)": 40.17344,
			"RTM_lmp($/MWh)": 32.12945
		},
		"23:00:00": {
			"DAM_lmp($/MWh)": 31.75277,
			"RTM_lmp($/MWh)": 33.77655
		}
	},
	"2023-05-23": {
		"00:00:00": {
			"DAM_lmp($/MWh)": 29.63806,
			"RTM_lmp($/MWh)": 29.2054
		},
		"01:00:00": {
			"DAM_lmp($/MWh)": 25.93809,
			"RTM_lmp($/MWh)": 25.49414
		},
		"02:00:00": {
			"DAM_lmp($/MWh)": 24.65971,
			"RTM_lmp($/MWh)": 21.133
		},
		"03:00:00": {
			"DAM_lmp($/MWh)": 22.84525,
			"RTM_lmp($/MWh)": 23.79323
		},
		"04:00:00": {
			"DAM_lmp($/MWh)": 26.53806,
			"RTM_lmp($/MWh)": 20.8913
		},
		"05:00:00": {
			"DAM_lmp($/MWh)": 34.47992,
			"RTM_lmp($/MWh)": 30.81135
		},
		"06:00:00": {
			"DAM_lmp($/MWh)": 35.91048,
			"RTM_lmp($/MWh)": 72.0
		},
		"07:00:00": {
			"DAM_lmp($/MWh)": 25.42532,
			"RTM_lmp($/MWh)": 18.0208
		},
		"08:00:00": {
			"DAM_lmp($/MWh)": 13.3198,
			"RTM_lmp($/MWh)": 12.8688
		},
		"09:00:00": {
			"DAM_lmp($/MWh)": 10.68645,
			"RTM_lmp($/MWh)": 12.94
		},
		"10:00:00": {
			"DAM_lmp($/MWh)": 6.13071,
			"RTM_lmp($/MWh)": 15.4
		},
		"11:00:00": {
			"DAM_lmp($/MWh)": 5.96358,
			"RTM_lmp($/MWh)": 14.7764
		},
		"12:00:00": {
			"DAM_lmp($/MWh)": 3.94775,
			"RTM_lmp($/MWh)": 15.54874
		},
		"13:00:00": {
			"DAM_lmp($/MWh)": 2.09395,
			"RTM_lmp($/MWh)": 15.87633
		},
		"14:00:00": {
			"DAM_lmp($/MWh)": 4.66532,
			"RTM_lmp($/MWh)": 9.9976
		},
		"15:00:00": {
			"DAM_lmp($/MWh)": 7.5422,
			"RTM_lmp($/MWh)": 4.9988
		},
		"16:00:00": {
			"DAM_lmp($/MWh)": 11.7196,
			"RTM_lmp($/MWh)": 4.95
		},
		"17:00:00": {
			"DAM_lmp($/MWh)": 24.49265,
			"RTM_lmp($/MWh)": 0.0
		},
		"18:00:00": {
			"DAM_lmp($/MWh)": 43.29171,
			"RTM_lmp($/MWh)": 14.45443
		},
		"19:00:00": {
			"DAM_lmp($/MWh)": 64.03964,
			"RTM_lmp($/MWh)": 27.61247
		},
		"20:00:00": {
			"DAM_lmp($/MWh)": 64.01212,
			"RTM_lmp($/MWh)": 40.0
		},
		"21:00:00": {
			"DAM_lmp($/MWh)": 49.49081,
			"RTM_lmp($/MWh)": 42.13714
		},
		"22:00:00": {
			"DAM_lmp($/MWh)": 40.17344,
			"RTM_lmp($/MWh)": 32.12945
		},
		"23:00:00": {
			"DAM_lmp($/MWh)": 31.75277,
			"RTM_lmp($/MWh)": 33.77655
		}
	}
}