{
	"2023-05-22": {
		"00:00:00": {
			"DAM_lmp($/MWh)": 29.7533,
			"RTM_lmp($/MWh)": 28.72447
		},
		"01:00:00": {
			"DAM_lmp($/MWh)": 26.00792,
			"RTM_lmp($/MWh)": 25.10348
		},
		"02:00:00": {
			"DAM_lmp($/MWh)": 24.71132,
			"RTM_lmp($/MWh)": 20.77586
		},
		"03:00:00": {
			"DAM_lmp($/MWh)": 22.84298,
			"RTM_lmp($/MWh)": 23.00901
		},
		"04:00:00": {
			"DAM_lmp($/MWh)": 26.63287,
			"RTM_lmp($/MWh)": 20.31509
		},
		"05:00:00": {
			"DAM_lmp($/MWh)": 34.61024,
			"RTM_lmp($/MWh)": 30.81135
		},
		"06:00:00": {
			"DAM_lmp($/MWh)": 35.89609,
			"RTM_lmp($/MWh)": 72.0
		},
		"07:00:00": {
			"DAM_lmp($/MWh)": 25.18463,
			"RTM_lmp($/MWh)": 18.0208
		},
		"08:00:00": {
			"DAM_lmp($/MWh)": 11.80225,
			"RTM_lmp($/MWh)": 12.8688
		},
		"09:00:00": {
			"DAM_lmp($/MWh)": 9.69692,
			"RTM_lmp($/MWh)": 12.94
		},
		"10:00:00": {
			"DAM_lmp($/MWh)": 7.07008,
			"RTM_lmp($/MWh)": 15.4
		},
		"11:00:00": {
			"DAM_lmp($/MWh)": 4.95672,
			"RTM_lmp($/MWh)": 14.7764
		},
		"12:00:00": {
			"DAM_lmp($/MWh)": 3.65853,
			"RTM_lmp($/MWh)": 15.11914
		},
		"13:00:00": {
			"DAM_lmp($/MWh)": 3.4487,
			"RTM_lmp($/MWh)": 15.47137
		},
		"14:00:00": {
			"DAM_lmp($/MWh)": 4.61297,
			"RTM_lmp($/MWh)": 9.9976
		},
		"15:00:00": {
			"DAM_lmp($/MWh)": 7.43499,
			"RTM_lmp($/MWh)": 4.9988
		},
		"16:00:00": {
			"DAM_lmp($/MWh)": 11.53483,
			"RTM_lmp($/MWh)": 4.95
		},
		"17:00:00": {
			"DAM_lmp($/MWh)": 24.22875,
			"RTM_lmp($/MWh)": 0.0
		},
		"18:00:00": {
			"DAM_lmp($/MWh)": 42.93652,
			"RTM_lmp($/MWh)": 14.14455
		},
		"19:00:00": {
			"DAM_lmp($/MWh)": 63.36199,
			"RTM_lmp($/MWh)": 26.86983
		},
		"20:00:00": {
			"DAM_lmp($/MWh)": 63.98529,
			"RTM_lmp($/MWh)": 40.0
		},
		"21:00:00": {
			"DAM_lmp($/MWh)": 49.33396,
			"RTM_lmp($/MWh)": 40.79439
		},
		"22:00:00": {
			"DAM_lmp($/MWh)": 40.4527,
			"RTM_lmp($/MWh)": 31.42274
		},
		"23:00:00": {
			"DAM_lmp($/MWh)": 31.84469,
			"RTM_lmp($/MWh)": 33.19191
		}
	},
	"2023-05-23": {
		"00:00:00": {
			"DAM_lmp($/MWh)": 29.7533,
			"RTM_lmp($/MWh)": 28.72447
		},
		"01:00:00": {
			"DAM_lmp($/MWh)": 26.00792,
			"RTM_lmp($/MWh)": 25.10348
		},
		"02:00:00": {
			"DAM_lmp($/MWh)": 24.71132,
			"RTM_lmp($/MWh)": 20.77586
		},
		"03:00:00": {
			"DAM_lmp($/MWh)": 22.84298,
			"RTM_lmp($/MWh)": 23.00901
		},
		"04:00:00": {
			"DAM_lmp($/MWh)": 26.63287,
			"RTM_lmp($/MWh)": 20.31509
		},
		"05:00:00": {
			"DAM_lmp($/MWh)": 34.61024,
			"RTM_lmp($/MWh)": 30.81135
		},
		"06:00:00": {
			"DAM_lmp($/MWh)": 35.89609,
			"RTM_lmp($/MWh)": 72.0
		},
		"07:00:00": {
			"DAM_lmp($/MWh)": 25.18463,
			"RTM_lmp($/MWh)": 18.0208
		},
		"08:00:00": {
			"DAM_lmp($/MWh)": 11.80225,
			"RTM_lmp($/MWh)": 12.8688
		},
		"09:00:00": {
			"DAM_lmp($/MWh)": 9.69692,
			"RTM_lmp($/MWh)": 12.94
		},
		"10:00:00": {
			"DAM_lmp($/MWh)": 7.07008,
			"RTM_lmp($/MWh)": 15.4
		},
		"11:00:00": {
			"DAM_lmp($/MWh)": 4.95672,
			"RTM_lmp($/MWh)": 14.7764
		},
		"12:00:00": {
			"DAM_lmp($/MWh)": 3.65853,
			"RTM_lmp($/MWh)": 15.11914
		},
		"13:00:00": {
			"DAM_lmp($/MWh)": 3.4487,
			"RTM_lmp($/MWh)": 15.47137
		},
		"14:00:00": {
			"DAM_lmp($/MWh)": 4.61297,
			"RTM_lmp($/MWh)": 9.9976
		},
		"15:00:00": {
			"DAM_lmp($/MWh)": 7.43499,
			"RTM_lmp($/MWh)": 4.9988
		},
		"16:00:00": {
			"DAM_lmp($/MWh)": 11.53483,
			"RTM_lmp($/MWh)": 4.95
		},
		"17:00:00": {
			"DAM_lmp($/MWh)": 24.22875,
			"RTM_lmp($/MWh)": 0.0
		},
		"18:00:00": {
			"DAM_lmp($/MWh)": 42.93652,
			"RTM_lmp($/MWh)": 14.14455
		},
		"19:00:00": {
			"DAM_lmp($/MWh)": 63.36199,
			"RTM_lmp($/MWh)": 26.86983
		},
		"20:00:00": {
			"DAM_lmp($/MWh)": 63.98529,
			"RTM_lmp($/MWh)": 40.0
		},
		"21:00:00": {
			"DAM_lmp($/MWh)": 49.33396,
			"RTM_lmp($/MWh)": 40.79439
		},
		"22:00:00": {
			"DAM_lmp($/MWh)": 40.4527,
			"RTM_lmp($/MWh)": 31.42274
		},
		"23:00:00": {
			"DAM_lmp($/MWh)": 31.84469,
			"RTM_lmp($/MWh)": 33.19191
		}
	}
}