{
	"2023-05-22": {
		"00:00:00": {
			"DAM_lmp($/MWh)": 0.04774,
			"RTM_lmp($/MWh)": 25.14174
		},
		"01:00:00": {
			"DAM_lmp($/MWh)": -1.32562,
			"RTM_lmp($/MWh)": 21.55047
		},
		"02:00:00": {
			"DAM_lmp($/MWh)": -6.06707,
			"RTM_lmp($/MWh)": 17.87562
		},
		"03:00:00": {
			"DAM_lmp($/MWh)": -6.90632,
			"RTM_lmp($/MWh)": 5.836
		},
		"04:00:00": {
			"DAM_lmp($/MWh)": 6.4251,
			"RTM_lmp($/MWh)": 1.14846
		},
		"05:00:00": {
			"DAM_lmp($/MWh)": 21.60228,
			"RTM_lmp($/MWh)": 18.76137
		},
		"06:00:00": {
			"DAM_lmp($/MWh)": 22.2058,
			"RTM_lmp($/MWh)": 72.0
		},
		"07:00:00": {
			"DAM_lmp($/MWh)": 24.13387,
			"RTM_lmp($/MWh)": 18.0208
		},
		"08:00:00": {
			"DAM_lmp($/MWh)": 15.47779,
			"RTM_lmp($/MWh)": 12.8688
		},
		"09:00:00": {
			"DAM_lmp($/MWh)": 13.28324,
			"RTM_lmp($/MWh)": 12.94
		},
		"10:00:00": {
			"DAM_lmp($/MWh)": 9.05478,
			"RTM_lmp($/MWh)": 15.4
		},
		"11:00:00": {
			"DAM_lmp($/MWh)": 7.13885,
			"RTM_lmp($/MWh)": 14.7764
		},
		"12:00:00": {
			"DAM_lmp($/MWh)": 5.75701,
			"RTM_lmp($/MWh)": 14.08441
		},
		"13:00:00": {
			"DAM_lmp($/MWh)": 5.62449,
			"RTM_lmp($/MWh)": 14.31773
		},
		"14:00:00": {
			"DAM_lmp($/MWh)": 6.74794,
			"RTM_lmp($/MWh)": 9.9976
		},
		"15:00:00": {
			"DAM_lmp($/MWh)": 9.52705,
			"RTM_lmp($/MWh)": 4.9988
		},
		"16:00:00": {
			"DAM_lmp($/MWh)": 13.3456,
			"RTM_lmp($/MWh)": 4.95
		},
		"17:00:00": {
			"DAM_lmp($/MWh)": 23.93,
			"RTM_lmp($/MWh)": 0.0
		},
		"18:00:00": {
			"DAM_lmp($/MWh)": 38.03186,
			"RTM_lmp($/MWh)": 13.07496
		},
		"19:00:00": {
			"DAM_lmp($/MWh)": 62.02952,
			"RTM_lmp($/MWh)": 25.78337
		},
		"20:00:00": {
			"DAM_lmp($/MWh)": 48.39998,
			"RTM_lmp($/MWh)": 40.0
		},
		"21:00:00": {
			"DAM_lmp($/MWh)": 37.26972,
			"RTM_lmp($/MWh)": 39.25023
		},
		"22:00:00": {
			"DAM_lmp($/MWh)": 19.67405,
			"RTM_lmp($/MWh)": 29.31856
		},
		"23:00:00": {
			"DAM_lmp($/MWh)": 14.30259,
			"RTM_lmp($/MWh)": 29.983
		}
	},
	"2023-05-23": {
		"00:00:00": {
			"DAM_lmp($/MWh)": 0.04774,
			"RTM_lmp($/MWh)": 25.14174
		},
		"01:00:00": {
			"DAM_lmp($/MWh)": -1.32562,
			"RTM_lmp($/MWh)": 21.55047
		},
		"02:00:00": {
			"DAM_lmp($/MWh)": -6.06707,
			"RTM_lmp($/MWh)": 17.87562
		},
		"03:00:00": {
			"DAM_lmp($/MWh)": -6.90632,
			"RTM_lmp($/MWh)": 5.836
		},
		"04:00:00": {
			"DAM_lmp($/MWh)": 6.4251,
			"RTM_lmp($/MWh)": 1.14846
		},
		"05:00:00": {
			"DAM_lmp($/MWh)": 21.60228,
			"RTM_lmp($/MWh)": 18.76137
		},
		"06:00:00": {
			"DAM_lmp($/MWh)": 22.2058,
			"RTM_lmp($/MWh)": 72.0
		},
		"07:00:00": {
			"DAM_lmp($/MWh)": 24.13387,
			"RTM_lmp($/MWh)": 18.0208
		},
		"08:00:00": {
			"DAM_lmp($/MWh)": 15.47779,
			"RTM_lmp($/MWh)": 12.8688
		},
		"09:00:00": {
			"DAM_lmp($/MWh)": 13.28324,
			"RTM_lmp($/MWh)": 12.94
		},
		"10:00:00": {
			"DAM_lmp($/MWh)": 9.05478,
			"RTM_lmp($/MWh)": 15.4
		},
		"11:00:00": {
			"DAM_lmp($/MWh)": 7.13885,
			"RTM_lmp($/MWh)": 14.7764
		},
		"12:00:00": {
			"DAM_lmp($/MWh)": 5.75701,
			"RTM_lmp($/MWh)": 14.08441
		},
		"13:00:00": {
			"DAM_lmp($/MWh)": 5.62449,
			"RTM_lmp($/MWh)": 14.31773
		},
		"14:00:00": {
			"DAM_lmp($/MWh)": 6.74794,
			"RTM_lmp($/MWh)": 9.9976
		},
		"15:00:00": {
			"DAM_lmp($/MWh)": 9.52705,
			"RTM_lmp($/MWh)": 4.9988
		},
		"16:00:00": {
			"DAM_lmp($/MWh)": 13.3456,
			"RTM_lmp($/MWh)": 4.95
		},
		"17:00:00": {
			"DAM_lmp($/MWh)": 23.93,
			"RTM_lmp($/MWh)": 0.0
		},
		"18:00:00": {
			"DAM_lmp($/MWh)": 38.03186,
			"RTM_lmp($/MWh)": 13.07496
		},
		"19:00:00": {
			"DAM_lmp($/MWh)": 62.02952,
			"RTM_lmp($/MWh)": 25.78337
		},
		"20:00:00": {
			"DAM_lmp($/MWh)": 48.39998,
			"RTM_lmp($/MWh)": 40.0
		},
		"21:00:00": {
			"DAM_lmp($/MWh)": 37.26972,
			"RTM_lmp($/MWh)": 39.25023
		},
		"22:00:00": {
			"DAM_lmp($/MWh)": 19.67405,
			"RTM_lmp($/MWh)": 29.31856
		},
		"23:00:00": {
			"DAM_lmp($/MWh)": 14.30259,
			"RTM_lmp($/MWh)": 29.983
		}
	}
}