{
	"2023-05-22": {
		"00:00:00": {
			"DAM_lmp($/MWh)": 25.07356,
			"RTM_lmp($/MWh)": 25.97837
		},
		"01:00:00": {
			"DAM_lmp($/MWh)": 21.43596,
			"RTM_lmp($/MWh)": 22.38619
		},
		"02:00:00": {
			"DAM_lmp($/MWh)": 19.55284,
			"RTM_lmp($/MWh)": 18.55706
		},
		"03:00:00": {
			"DAM_lmp($/MWh)": 17.52027,
			"RTM_lmp($/MWh)": 6.27834
		},
		"04:00:00": {
			"DAM_lmp($/MWh)": 21.26305,
			"RTM_lmp($/MWh)": 1.39831
		},
		"05:00:00": {
			"DAM_lmp($/MWh)": 30.60478,
			"RTM_lmp($/MWh)": -7.63383
		},
		"06:00:00": {
			"DAM_lmp($/MWh)": 31.35766,
			"RTM_lmp($/MWh)": 72.0
		},
		"07:00:00": {
			"DAM_lmp($/MWh)": 25.33474,
			"RTM_lmp($/MWh)": 18.0208
		},
		"08:00:00": {
			"DAM_lmp($/MWh)": 16.1627,
			"RTM_lmp($/MWh)": 12.8688
		},
		"09:00:00": {
			"DAM_lmp($/MWh)": 13.77584,
			"RTM_lmp($/MWh)": 12.94
		},
		"10:00:00": {
			"DAM_lmp($/MWh)": 9.48593,
			"RTM_lmp($/MWh)": 15.4
		},
		"11:00:00": {
			"DAM_lmp($/MWh)": 7.80523,
			"RTM_lmp($/MWh)": 14.7764
		},
		"12:00:00": {
			"DAM_lmp($/MWh)": 5.90874,
			"RTM_lmp($/MWh)": 14.54326
		},
		"13:00:00": {
			"DAM_lmp($/MWh)": 5.73317,
			"RTM_lmp($/MWh)": 14.78547
		},
		"14:00:00": {
			"DAM_lmp($/MWh)": 6.84397,
			"RTM_lmp($/MWh)": 9.9976
		},
		"15:00:00": {
			"DAM_lmp($/MWh)": 9.79438,
			"RTM_lmp($/MWh)": 4.9988
		},
		"16:00:00": {
			"DAM_lmp($/MWh)": 13.71164,
			"RTM_lmp($/MWh)": 4.95
		},
		"17:00:00": {
			"DAM_lmp($/MWh)": 24.37066,
			"RTM_lmp($/MWh)": 0.0
		},
		"18:00:00": {
			"DAM_lmp($/MWh)": 42.69129,
			"RTM_lmp($/MWh)": 13.25346
		},
		"19:00:00": {
			"DAM_lmp($/MWh)": 62.75342,
			"RTM_lmp($/MWh)": 25.81363
		},
		"20:00:00": {
			"DAM_lmp($/MWh)": 62.82755,
			"RTM_lmp($/MWh)": 40.0
		},
		"21:00:00": {
			"DAM_lmp($/MWh)": 48.28774,
			"RTM_lmp($/MWh)": 39.14113
		},
		"22:00:00": {
			"DAM_lmp($/MWh)": 37.55951,
			"RTM_lmp($/MWh)": 29.68782
		},
		"23:00:00": {
			"DAM_lmp($/MWh)": 27.80661,
			"RTM_lmp($/MWh)": 30.83007
		}
	},
	"2023-05-23": {
		"00:00:00": {
			"DAM_lmp($/MWh)": 25.07356,
			"RTM_lmp($/MWh)": 25.97837
		},
		"01:00:00": {
			"DAM_lmp($/MWh)": 21.43596,
			"RTM_lmp($/MWh)": 22.38619
		},
		"02:00:00": {
			"DAM_lmp($/MWh)": 19.55284,
			"RTM_lmp($/MWh)": 18.55706
		},
		"03:00:00": {
			"DAM_lmp($/MWh)": 17.52027,
			"RTM_lmp($/MWh)": 6.27834
		},
		"04:00:00": {
			"DAM_lmp($/MWh)": 21.26305,
			"RTM_lmp($/MWh)": 1.39831
		},
		"05:00:00": {
			"DAM_lmp($/MWh)": 30.60478,
			"RTM_lmp($/MWh)": -7.63383
		},
		"06:00:00": {
			"DAM_lmp($/MWh)": 31.35766,
			"RTM_lmp($/MWh)": 72.0
		},
		"07:00:00": {
			"DAM_lmp($/MWh)": 25.33474,
			"RTM_lmp($/MWh)": 18.0208
		},
		"08:00:00": {
			"DAM_lmp($/MWh)": 16.1627,
			"RTM_lmp($/MWh)": 12.8688
		},
		"09:00:00": {
			"DAM_lmp($/MWh)": 13.77584,
			"RTM_lmp($/MWh)": 12.94
		},
		"10:00:00": {
			"DAM_lmp($/MWh)": 9.48593,
			"RTM_lmp($/MWh)": 15.4
		},
		"11:00:00": {
			"DAM_lmp($/MWh)": 7.80523,
			"RTM_lmp($/MWh)": 14.7764
		},
		"12:00:00": {
			"DAM_lmp($/MWh)": 5.90874,
			"RTM_lmp($/MWh)": 14.54326
		},
		"13:00:00": {
			"DAM_lmp($/MWh)": 5.73317,
			"RTM_lmp($/MWh)": 14.78547
		},
		"14:00:00": {
			"DAM_lmp($/MWh)": 6.84397,
			"RTM_lmp($/MWh)": 9.9976
		},
		"15:00:00": {
			"DAM_lmp($/MWh)": 9.79438,
			"RTM_lmp($/MWh)": 4.9988
		},
		"16:00:00": {
			"DAM_lmp($/MWh)": 13.71164,
			"RTM_lmp($/MWh)": 4.95
		},
		"17:00:00": {
			"DAM_lmp($/MWh)": 24.37066,
			"RTM_lmp($/MWh)": 0.0
		},
		"18:00:00": {
			"DAM_lmp($/MWh)": 42.69129,
			"RTM_lmp($/MWh)": 13.25346
		},
		"19:00:00": {
			"DAM_lmp($/MWh)": 62.75342,
			"RTM_lmp($/MWh)": 25.81363
		},
		"20:00:00": {
			"DAM_lmp($/MWh)": 62.82755,
			"RTM_lmp($/MWh)": 40.0
		},
		"21:00:00": {
			"DAM_lmp($/MWh)": 48.28774,
			"RTM_lmp($/MWh)": 39.14113
		},
		"22:00:00": {
			"DAM_lmp($/MWh)": 37.55951,
			"RTM_lmp($/MWh)": 29.68782
		},
		"23:00:00": {
			"DAM_lmp($/MWh)": 27.80661,
			"RTM_lmp($/MWh)": 30.83007
		}
	}
}